{"type": "FeatureCollection", "features": [{"type": "Feature", "properties": {"cell_id": "8843a10481fffff"}, "geometry": {"type": "Point", "coordinates": [55.058335, 25.005316]}}, {"type": "Feature", "properties": {"cell_id": "8843a10483fffff"}, "geometry": {"type": "Point", "coordinates": [55.066744, 25.007358]}}, {"type": "Feature", "properties": {"cell_id": "8843a10489fffff"}, "geometry": {"type": "Point", "coordinates": [55.051477, 25.010708]}}, {"type": "Feature", "properties": {"cell_id": "8843a1048bfffff"}, "geometry": {"type": "Point", "coordinates": [55.059887, 25.012751]}}, {"type": "Feature", "properties": {"cell_id": "8843a10491fffff"}, "geometry": {"type": "Point", "coordinates": [55.076709, 25.016835]}}, {"type": "Feature", "properties": {"cell_id": "8843a10493fffff"}, "geometry": {"type": "Point", "coordinates": [55.085121, 25.018876]}}, {"type": "Feature", "properties": {"cell_id": "8843a10495fffff"}, "geometry": {"type": "Point", "coordinates": [55.075154, 25.009399]}}, {"type": "Feature", "properties": {"cell_id": "8843a10497fffff"}, "geometry": {"type": "Point", "coordinates": [55.083566, 25.01144]}}, {"type": "Feature", "properties": {"cell_id": "8843a1049bfffff"}, "geometry": {"type": "Point", "coordinates": [55.078263, 25.024271]}}, {"type": "Feature", "properties": {"cell_id": "8843a1049dfffff"}, "geometry": {"type": "Point", "coordinates": [55.068297, 25.014793]}}, {"type": "Feature", "properties": {"cell_id": "8843a104b9fffff"}, "geometry": {"type": "Point", "coordinates": [55.073601, 25.001965]}}, {"type": "Feature", "properties": {"cell_id": "8843a104bbfffff"}, "geometry": {"type": "Point", "coordinates": [55.082011, 25.004005]}}, {"type": "Feature", "properties": {"cell_id": "8843a12001fffff"}, "geometry": {"type": "Point", "coordinates": [55.283108, 25.010283]}}, {"type": "Feature", "properties": {"cell_id": "8843a12003fffff"}, "geometry": {"type": "Point", "coordinates": [55.291538, 25.012314]}}, {"type": "Feature", "properties": {"cell_id": "8843a12005fffff"}, "geometry": {"type": "Point", "coordinates": [55.281529, 25.002846]}}, {"type": "Feature", "properties": {"cell_id": "8843a12007fffff"}, "geometry": {"type": "Point", "coordinates": [55.289957, 25.004876]}}, {"type": "Feature", "properties": {"cell_id": "8843a12009fffff"}, "geometry": {"type": "Point", "coordinates": [55.276258, 25.01569]}}, {"type": "Feature", "properties": {"cell_id": "8843a1200bfffff"}, "geometry": {"type": "Point", "coordinates": [55.284688, 25.017722]}}, {"type": "Feature", "properties": {"cell_id": "8843a1200dfffff"}, "geometry": {"type": "Point", "coordinates": [55.274679, 25.008252]}}, {"type": "Feature", "properties": {"cell_id": "8843a12011fffff"}, "geometry": {"type": "Point", "coordinates": [55.301551, 25.021784]}}, {"type": "Feature", "properties": {"cell_id": "8843a12013fffff"}, "geometry": {"type": "Point", "coordinates": [55.309984, 25.023815]}}, {"type": "Feature", "properties": {"cell_id": "8843a12015fffff"}, "geometry": {"type": "Point", "coordinates": [55.299969, 25.014345]}}, {"type": "Feature", "properties": {"cell_id": "8843a12017fffff"}, "geometry": {"type": "Point", "coordinates": [55.308401, 25.016375]}}, {"type": "Feature", "properties": {"cell_id": "8843a12019fffff"}, "geometry": {"type": "Point", "coordinates": [55.294701, 25.027193]}}, {"type": "Feature", "properties": {"cell_id": "8843a1201bfffff"}, "geometry": {"type": "Point", "coordinates": [55.303134, 25.029224]}}, {"type": "Feature", "properties": {"cell_id": "8843a1201dfffff"}, "geometry": {"type": "Point", "coordinates": [55.293119, 25.019753]}}, {"type": "Feature", "properties": {"cell_id": "8843a12031fffff"}, "geometry": {"type": "Point", "coordinates": [55.305235, 25.001498]}}, {"type": "Feature", "properties": {"cell_id": "8843a12033fffff"}, "geometry": {"type": "Point", "coordinates": [55.313666, 25.003528]}}, {"type": "Feature", "properties": {"cell_id": "8843a12039fffff"}, "geometry": {"type": "Point", "coordinates": [55.298387, 25.006906]}}, {"type": "Feature", "properties": {"cell_id": "8843a1203bfffff"}, "geometry": {"type": "Point", "coordinates": [55.306818, 25.008936]}}, {"type": "Feature", "properties": {"cell_id": "8843a12041fffff"}, "geometry": {"type": "Point", "coordinates": [55.260979, 25.019065]}}, {"type": "Feature", "properties": {"cell_id": "8843a12043fffff"}, "geometry": {"type": "Point", "coordinates": [55.269408, 25.021097]}}, {"type": "Feature", "properties": {"cell_id": "8843a12045fffff"}, "geometry": {"type": "Point", "coordinates": [55.259402, 25.011626]}}, {"type": "Feature", "properties": {"cell_id": "8843a12047fffff"}, "geometry": {"type": "Point", "coordinates": [55.26783, 25.013659]}}, {"type": "Feature", "properties": {"cell_id": "8843a12049fffff"}, "geometry": {"type": "Point", "coordinates": [55.254127, 25.024471]}}, {"type": "Feature", "properties": {"cell_id": "8843a1204bfffff"}, "geometry": {"type": "Point", "coordinates": [55.262556, 25.026504]}}, {"type": "Feature", "properties": {"cell_id": "8843a1204dfffff"}, "geometry": {"type": "Point", "coordinates": [55.252551, 25.017032]}}, {"type": "Feature", "properties": {"cell_id": "8843a12051fffff"}, "geometry": {"type": "Point", "coordinates": [55.279418, 25.03057]}}, {"type": "Feature", "properties": {"cell_id": "8843a12053fffff"}, "geometry": {"type": "Point", "coordinates": [55.28785, 25.032602]}}, {"type": "Feature", "properties": {"cell_id": "8843a12055fffff"}, "geometry": {"type": "Point", "coordinates": [55.277838, 25.02313]}}, {"type": "Feature", "properties": {"cell_id": "8843a12057fffff"}, "geometry": {"type": "Point", "coordinates": [55.286269, 25.025161]}}, {"type": "Feature", "properties": {"cell_id": "8843a12059fffff"}, "geometry": {"type": "Point", "coordinates": [55.272565, 25.035977]}}, {"type": "Feature", "properties": {"cell_id": "8843a1205bfffff"}, "geometry": {"type": "Point", "coordinates": [55.280998, 25.03801]}}, {"type": "Feature", "properties": {"cell_id": "8843a1205dfffff"}, "geometry": {"type": "Point", "coordinates": [55.270986, 25.028537]}}, {"type": "Feature", "properties": {"cell_id": "8843a12063fffff"}, "geometry": {"type": "Point", "coordinates": [55.273101, 25.000815]}}, {"type": "Feature", "properties": {"cell_id": "8843a12069fffff"}, "geometry": {"type": "Point", "coordinates": [55.257825, 25.004189]}}, {"type": "Feature", "properties": {"cell_id": "8843a1206bfffff"}, "geometry": {"type": "Point", "coordinates": [55.266252, 25.006221]}}, {"type": "Feature", "properties": {"cell_id": "8843a12081fffff"}, "geometry": {"type": "Point", "coordinates": [55.342138, 25.024493]}}, {"type": "Feature", "properties": {"cell_id": "8843a12083fffff"}, "geometry": {"type": "Point", "coordinates": [55.350575, 25.026522]}}, {"type": "Feature", "properties": {"cell_id": "8843a12085fffff"}, "geometry": {"type": "Point", "coordinates": [55.340551, 25.017053]}}, {"type": "Feature", "properties": {"cell_id": "8843a12087fffff"}, "geometry": {"type": "Point", "coordinates": [55.348987, 25.019082]}}, {"type": "Feature", "properties": {"cell_id": "8843a12089fffff"}, "geometry": {"type": "Point", "coordinates": [55.335289, 25.029905]}}, {"type": "Feature", "properties": {"cell_id": "8843a1208bfffff"}, "geometry": {"type": "Point", "coordinates": [55.343726, 25.031934]}}, {"type": "Feature", "properties": {"cell_id": "8843a1208dfffff"}, "geometry": {"type": "Point", "coordinates": [55.333702, 25.022464]}}, {"type": "Feature", "properties": {"cell_id": "8843a12091fffff"}, "geometry": {"type": "Point", "coordinates": [55.360603, 25.035992]}}, {"type": "Feature", "properties": {"cell_id": "8843a12093fffff"}, "geometry": {"type": "Point", "coordinates": [55.369043, 25.038021]}}, {"type": "Feature", "properties": {"cell_id": "8843a12095fffff"}, "geometry": {"type": "Point", "coordinates": [55.359013, 25.028551]}}, {"type": "Feature", "properties": {"cell_id": "8843a12097fffff"}, "geometry": {"type": "Point", "coordinates": [55.367452, 25.030579]}}, {"type": "Feature", "properties": {"cell_id": "8843a12099fffff"}, "geometry": {"type": "Point", "coordinates": [55.353753, 25.041406]}}, {"type": "Feature", "properties": {"cell_id": "8843a1209bfffff"}, "geometry": {"type": "Point", "coordinates": [55.362193, 25.043435]}}, {"type": "Feature", "properties": {"cell_id": "8843a1209dfffff"}, "geometry": {"type": "Point", "coordinates": [55.352164, 25.033964]}}, {"type": "Feature", "properties": {"cell_id": "8843a120a1fffff"}, "geometry": {"type": "Point", "coordinates": [55.345811, 25.004203]}}, {"type": "Feature", "properties": {"cell_id": "8843a120a3fffff"}, "geometry": {"type": "Point", "coordinates": [55.354245, 25.006231]}}, {"type": "Feature", "properties": {"cell_id": "8843a120a9fffff"}, "geometry": {"type": "Point", "coordinates": [55.338964, 25.009614]}}, {"type": "Feature", "properties": {"cell_id": "8843a120abfffff"}, "geometry": {"type": "Point", "coordinates": [55.347398, 25.011642]}}, {"type": "Feature", "properties": {"cell_id": "8843a120adfffff"}, "geometry": {"type": "Point", "coordinates": [55.337377, 25.002175]}}, {"type": "Feature", "properties": {"cell_id": "8843a120b1fffff"}, "geometry": {"type": "Point", "coordinates": [55.364271, 25.015697]}}, {"type": "Feature", "properties": {"cell_id": "8843a120b3fffff"}, "geometry": {"type": "Point", "coordinates": [55.372708, 25.017724]}}, {"type": "Feature", "properties": {"cell_id": "8843a120b5fffff"}, "geometry": {"type": "Point", "coordinates": [55.362681, 25.008258]}}, {"type": "Feature", "properties": {"cell_id": "8843a120b7fffff"}, "geometry": {"type": "Point", "coordinates": [55.371117, 25.010285]}}, {"type": "Feature", "properties": {"cell_id": "8843a120b9fffff"}, "geometry": {"type": "Point", "coordinates": [55.357423, 25.02111]}}, {"type": "Feature", "properties": {"cell_id": "8843a120bbfffff"}, "geometry": {"type": "Point", "coordinates": [55.365861, 25.023138]}}, {"type": "Feature", "properties": {"cell_id": "8843a120bdfffff"}, "geometry": {"type": "Point", "coordinates": [55.355834, 25.01367]}}, {"type": "Feature", "properties": {"cell_id": "8843a120c1fffff"}, "geometry": {"type": "Point", "coordinates": [55.320003, 25.033286]}}, {"type": "Feature", "properties": {"cell_id": "8843a120c3fffff"}, "geometry": {"type": "Point", "coordinates": [55.328439, 25.035316]}}, {"type": "Feature", "properties": {"cell_id": "8843a120c5fffff"}, "geometry": {"type": "Point", "coordinates": [55.318418, 25.025845]}}, {"type": "Feature", "properties": {"cell_id": "8843a120c7fffff"}, "geometry": {"type": "Point", "coordinates": [55.326853, 25.027875]}}, {"type": "Feature", "properties": {"cell_id": "8843a120c9fffff"}, "geometry": {"type": "Point", "coordinates": [55.313152, 25.038697]}}, {"type": "Feature", "properties": {"cell_id": "8843a120cbfffff"}, "geometry": {"type": "Point", "coordinates": [55.321588, 25.040728]}}, {"type": "Feature", "properties": {"cell_id": "8843a120cdfffff"}, "geometry": {"type": "Point", "coordinates": [55.311568, 25.031255]}}, {"type": "Feature", "properties": {"cell_id": "8843a120d1fffff"}, "geometry": {"type": "Point", "coordinates": [55.338463, 25.044789]}}, {"type": "Feature", "properties": {"cell_id": "8843a120d3fffff"}, "geometry": {"type": "Point", "coordinates": [55.346903, 25.046819]}}, {"type": "Feature", "properties": {"cell_id": "8843a120d5fffff"}, "geometry": {"type": "Point", "coordinates": [55.336876, 25.037347]}}, {"type": "Feature", "properties": {"cell_id": "8843a120d7fffff"}, "geometry": {"type": "Point", "coordinates": [55.345314, 25.039376]}}, {"type": "Feature", "properties": {"cell_id": "8843a120d9fffff"}, "geometry": {"type": "Point", "coordinates": [55.331612, 25.050201]}}, {"type": "Feature", "properties": {"cell_id": "8843a120dbfffff"}, "geometry": {"type": "Point", "coordinates": [55.340051, 25.052232]}}, {"type": "Feature", "properties": {"cell_id": "8843a120ddfffff"}, "geometry": {"type": "Point", "coordinates": [55.330025, 25.042758]}}, {"type": "Feature", "properties": {"cell_id": "8843a120e1fffff"}, "geometry": {"type": "Point", "coordinates": [55.323682, 25.012995]}}, {"type": "Feature", "properties": {"cell_id": "8843a120e3fffff"}, "geometry": {"type": "Point", "coordinates": [55.332116, 25.015024]}}, {"type": "Feature", "properties": {"cell_id": "8843a120e5fffff"}, "geometry": {"type": "Point", "coordinates": [55.322098, 25.005557]}}, {"type": "Feature", "properties": {"cell_id": "8843a120e7fffff"}, "geometry": {"type": "Point", "coordinates": [55.33053, 25.007586]}}, {"type": "Feature", "properties": {"cell_id": "8843a120e9fffff"}, "geometry": {"type": "Point", "coordinates": [55.316834, 25.018405]}}, {"type": "Feature", "properties": {"cell_id": "8843a120ebfffff"}, "geometry": {"type": "Point", "coordinates": [55.325267, 25.020435]}}, {"type": "Feature", "properties": {"cell_id": "8843a120edfffff"}, "geometry": {"type": "Point", "coordinates": [55.31525, 25.010966]}}, {"type": "Feature", "properties": {"cell_id": "8843a121dbfffff"}, "geometry": {"type": "Point", "coordinates": [55.328945, 25.000147]}}, {"type": "Feature", "properties": {"cell_id": "8843a12201fffff"}, "geometry": {"type": "Point", "coordinates": [55.235142, 25.04813]}}, {"type": "Feature", "properties": {"cell_id": "8843a12203fffff"}, "geometry": {"type": "Point", "coordinates": [55.243573, 25.050165]}}, {"type": "Feature", "properties": {"cell_id": "8843a12205fffff"}, "geometry": {"type": "Point", "coordinates": [55.233568, 25.040688]}}, {"type": "Feature", "properties": {"cell_id": "8843a12207fffff"}, "geometry": {"type": "Point", "coordinates": [55.241997, 25.042723]}}, {"type": "Feature", "properties": {"cell_id": "8843a12209fffff"}, "geometry": {"type": "Point", "coordinates": [55.228287, 25.053536]}}, {"type": "Feature", "properties": {"cell_id": "8843a1220bfffff"}, "geometry": {"type": "Point", "coordinates": [55.236717, 25.055572]}}, {"type": "Feature", "properties": {"cell_id": "8843a1220dfffff"}, "geometry": {"type": "Point", "coordinates": [55.226713, 25.046094]}}, {"type": "Feature", "properties": {"cell_id": "8843a12211fffff"}, "geometry": {"type": "Point", "coordinates": [55.253581, 25.059643]}}, {"type": "Feature", "properties": {"cell_id": "8843a12213fffff"}, "geometry": {"type": "Point", "coordinates": [55.262015, 25.061678]}}, {"type": "Feature", "properties": {"cell_id": "8843a12215fffff"}, "geometry": {"type": "Point", "coordinates": [55.252004, 25.0522]}}, {"type": "Feature", "properties": {"cell_id": "8843a12217fffff"}, "geometry": {"type": "Point", "coordinates": [55.260437, 25.054235]}}, {"type": "Feature", "properties": {"cell_id": "8843a12219fffff"}, "geometry": {"type": "Point", "coordinates": [55.246725, 25.065051]}}, {"type": "Feature", "properties": {"cell_id": "8843a1221bfffff"}, "geometry": {"type": "Point", "coordinates": [55.255159, 25.067087]}}, {"type": "Feature", "properties": {"cell_id": "8843a1221dfffff"}, "geometry": {"type": "Point", "coordinates": [55.245149, 25.057608]}}, {"type": "Feature", "properties": {"cell_id": "8843a12221fffff"}, "geometry": {"type": "Point", "coordinates": [55.238847, 25.027843]}}, {"type": "Feature", "properties": {"cell_id": "8843a12223fffff"}, "geometry": {"type": "Point", "coordinates": [55.247275, 25.029877]}}, {"type": "Feature", "properties": {"cell_id": "8843a12225fffff"}, "geometry": {"type": "Point", "coordinates": [55.237272, 25.020404]}}, {"type": "Feature", "properties": {"cell_id": "8843a12227fffff"}, "geometry": {"type": "Point", "coordinates": [55.245699, 25.022437]}}, {"type": "Feature", "properties": {"cell_id": "8843a12229fffff"}, "geometry": {"type": "Point", "coordinates": [55.231993, 25.033248]}}, {"type": "Feature", "properties": {"cell_id": "8843a1222bfffff"}, "geometry": {"type": "Point", "coordinates": [55.240422, 25.035283]}}, {"type": "Feature", "properties": {"cell_id": "8843a1222dfffff"}, "geometry": {"type": "Point", "coordinates": [55.230419, 25.025808]}}, {"type": "Feature", "properties": {"cell_id": "8843a12231fffff"}, "geometry": {"type": "Point", "coordinates": [55.257281, 25.039351]}}, {"type": "Feature", "properties": {"cell_id": "8843a12233fffff"}, "geometry": {"type": "Point", "coordinates": [55.265713, 25.041385]}}, {"type": "Feature", "properties": {"cell_id": "8843a12235fffff"}, "geometry": {"type": "Point", "coordinates": [55.255704, 25.031911]}}, {"type": "Feature", "properties": {"cell_id": "8843a12237fffff"}, "geometry": {"type": "Point", "coordinates": [55.264134, 25.033944]}}, {"type": "Feature", "properties": {"cell_id": "8843a12239fffff"}, "geometry": {"type": "Point", "coordinates": [55.250427, 25.044758]}}, {"type": "Feature", "properties": {"cell_id": "8843a1223bfffff"}, "geometry": {"type": "Point", "coordinates": [55.258859, 25.046793]}}, {"type": "Feature", "properties": {"cell_id": "8843a1223dfffff"}, "geometry": {"type": "Point", "coordinates": [55.248851, 25.037317]}}, {"type": "Feature", "properties": {"cell_id": "8843a12241fffff"}, "geometry": {"type": "Point", "coordinates": [55.213001, 25.056904]}}, {"type": "Feature", "properties": {"cell_id": "8843a12243fffff"}, "geometry": {"type": "Point", "coordinates": [55.22143, 25.058941]}}, {"type": "Feature", "properties": {"cell_id": "8843a12245fffff"}, "geometry": {"type": "Point", "coordinates": [55.211429, 25.049462]}}, {"type": "Feature", "properties": {"cell_id": "8843a12247fffff"}, "geometry": {"type": "Point", "coordinates": [55.219857, 25.051499]}}, {"type": "Feature", "properties": {"cell_id": "8843a12249fffff"}, "geometry": {"type": "Point", "coordinates": [55.206143, 25.062309]}}, {"type": "Feature", "properties": {"cell_id": "8843a1224bfffff"}, "geometry": {"type": "Point", "coordinates": [55.214573, 25.064347]}}, {"type": "Feature", "properties": {"cell_id": "8843a1224dfffff"}, "geometry": {"type": "Point", "coordinates": [55.204572, 25.054867]}}, {"type": "Feature", "properties": {"cell_id": "8843a12251fffff"}, "geometry": {"type": "Point", "coordinates": [55.231436, 25.068422]}}, {"type": "Feature", "properties": {"cell_id": "8843a12253fffff"}, "geometry": {"type": "Point", "coordinates": [55.239868, 25.070458]}}, {"type": "Feature", "properties": {"cell_id": "8843a12255fffff"}, "geometry": {"type": "Point", "coordinates": [55.229861, 25.060978]}}, {"type": "Feature", "properties": {"cell_id": "8843a12257fffff"}, "geometry": {"type": "Point", "coordinates": [55.238293, 25.063015]}}, {"type": "Feature", "properties": {"cell_id": "8843a12259fffff"}, "geometry": {"type": "Point", "coordinates": [55.224578, 25.073829]}}, {"type": "Feature", "properties": {"cell_id": "8843a1225bfffff"}, "geometry": {"type": "Point", "coordinates": [55.233011, 25.075866]}}, {"type": "Feature", "properties": {"cell_id": "8843a1225dfffff"}, "geometry": {"type": "Point", "coordinates": [55.223004, 25.066385]}}, {"type": "Feature", "properties": {"cell_id": "8843a12261fffff"}, "geometry": {"type": "Point", "coordinates": [55.216712, 25.036617]}}, {"type": "Feature", "properties": {"cell_id": "8843a12263fffff"}, "geometry": {"type": "Point", "coordinates": [55.225139, 25.038653]}}, {"type": "Feature", "properties": {"cell_id": "8843a12265fffff"}, "geometry": {"type": "Point", "coordinates": [55.21514, 25.029178]}}, {"type": "Feature", "properties": {"cell_id": "8843a12267fffff"}, "geometry": {"type": "Point", "coordinates": [55.223566, 25.031213]}}, {"type": "Feature", "properties": {"cell_id": "8843a12269fffff"}, "geometry": {"type": "Point", "coordinates": [55.209857, 25.042021]}}, {"type": "Feature", "properties": {"cell_id": "8843a1226bfffff"}, "geometry": {"type": "Point", "coordinates": [55.218284, 25.044058]}}, {"type": "Feature", "properties": {"cell_id": "8843a1226dfffff"}, "geometry": {"type": "Point", "coordinates": [55.208286, 25.034581]}}, {"type": "Feature", "properties": {"cell_id": "8843a12281fffff"}, "geometry": {"type": "Point", "coordinates": [55.294177, 25.062371]}}, {"type": "Feature", "properties": {"cell_id": "8843a12283fffff"}, "geometry": {"type": "Point", "coordinates": [55.302614, 25.064405]}}, {"type": "Feature", "properties": {"cell_id": "8843a12285fffff"}, "geometry": {"type": "Point", "coordinates": [55.292594, 25.054928]}}, {"type": "Feature", "properties": {"cell_id": "8843a12287fffff"}, "geometry": {"type": "Point", "coordinates": [55.301031, 25.056961]}}, {"type": "Feature", "properties": {"cell_id": "8843a12289fffff"}, "geometry": {"type": "Point", "coordinates": [55.287322, 25.067782]}}, {"type": "Feature", "properties": {"cell_id": "8843a1228bfffff"}, "geometry": {"type": "Point", "coordinates": [55.295759, 25.069816]}}, {"type": "Feature", "properties": {"cell_id": "8843a1228dfffff"}, "geometry": {"type": "Point", "coordinates": [55.28574, 25.060338]}}, {"type": "Feature", "properties": {"cell_id": "8843a12291fffff"}, "geometry": {"type": "Point", "coordinates": [55.312638, 25.073883]}}, {"type": "Feature", "properties": {"cell_id": "8843a12293fffff"}, "geometry": {"type": "Point", "coordinates": [55.321078, 25.075916]}}, {"type": "Feature", "properties": {"cell_id": "8843a12295fffff"}, "geometry": {"type": "Point", "coordinates": [55.311053, 25.066438]}}, {"type": "Feature", "properties": {"cell_id": "8843a12297fffff"}, "geometry": {"type": "Point", "coordinates": [55.319492, 25.068471]}}, {"type": "Feature", "properties": {"cell_id": "8843a12299fffff"}, "geometry": {"type": "Point", "coordinates": [55.305782, 25.079295]}}, {"type": "Feature", "properties": {"cell_id": "8843a1229bfffff"}, "geometry": {"type": "Point", "coordinates": [55.314223, 25.081329]}}, {"type": "Feature", "properties": {"cell_id": "8843a1229dfffff"}, "geometry": {"type": "Point", "coordinates": [55.304198, 25.07185]}}, {"type": "Feature", "properties": {"cell_id": "8843a122a1fffff"}, "geometry": {"type": "Point", "coordinates": [55.297865, 25.042075]}}, {"type": "Feature", "properties": {"cell_id": "8843a122a3fffff"}, "geometry": {"type": "Point", "coordinates": [55.3063, 25.044107]}}, {"type": "Feature", "properties": {"cell_id": "8843a122a5fffff"}, "geometry": {"type": "Point", "coordinates": [55.296283, 25.034634]}}, {"type": "Feature", "properties": {"cell_id": "8843a122a7fffff"}, "geometry": {"type": "Point", "coordinates": [55.304717, 25.036665]}}, {"type": "Feature", "properties": {"cell_id": "8843a122a9fffff"}, "geometry": {"type": "Point", "coordinates": [55.291012, 25.047485]}}, {"type": "Feature", "properties": {"cell_id": "8843a122abfffff"}, "geometry": {"type": "Point", "coordinates": [55.299448, 25.049518]}}, {"type": "Feature", "properties": {"cell_id": "8843a122adfffff"}, "geometry": {"type": "Point", "coordinates": [55.289431, 25.040043]}}, {"type": "Feature", "properties": {"cell_id": "8843a122b1fffff"}, "geometry": {"type": "Point", "coordinates": [55.316321, 25.053582]}}, {"type": "Feature", "properties": {"cell_id": "8843a122b3fffff"}, "geometry": {"type": "Point", "coordinates": [55.32476, 25.055614]}}, {"type": "Feature", "properties": {"cell_id": "8843a122b5fffff"}, "geometry": {"type": "Point", "coordinates": [55.314737, 25.046139]}}, {"type": "Feature", "properties": {"cell_id": "8843a122b7fffff"}, "geometry": {"type": "Point", "coordinates": [55.323174, 25.04817]}}, {"type": "Feature", "properties": {"cell_id": "8843a122b9fffff"}, "geometry": {"type": "Point", "coordinates": [55.309468, 25.058993]}}, {"type": "Feature", "properties": {"cell_id": "8843a122bbfffff"}, "geometry": {"type": "Point", "coordinates": [55.317907, 25.061026]}}, {"type": "Feature", "properties": {"cell_id": "8843a122bdfffff"}, "geometry": {"type": "Point", "coordinates": [55.307884, 25.05155]}}, {"type": "Feature", "properties": {"cell_id": "8843a122c1fffff"}, "geometry": {"type": "Point", "coordinates": [55.272029, 25.071157]}}, {"type": "Feature", "properties": {"cell_id": "8843a122c3fffff"}, "geometry": {"type": "Point", "coordinates": [55.280466, 25.073192]}}, {"type": "Feature", "properties": {"cell_id": "8843a122c5fffff"}, "geometry": {"type": "Point", "coordinates": [55.27045, 25.063713]}}, {"type": "Feature", "properties": {"cell_id": "8843a122c7fffff"}, "geometry": {"type": "Point", "coordinates": [55.278885, 25.065748]}}, {"type": "Feature", "properties": {"cell_id": "8843a122c9fffff"}, "geometry": {"type": "Point", "coordinates": [55.265173, 25.076567]}}, {"type": "Feature", "properties": {"cell_id": "8843a122cbfffff"}, "geometry": {"type": "Point", "coordinates": [55.27361, 25.078603]}}, {"type": "Feature", "properties": {"cell_id": "8843a122cdfffff"}, "geometry": {"type": "Point", "coordinates": [55.263594, 25.069122]}}, {"type": "Feature", "properties": {"cell_id": "8843a122d1fffff"}, "geometry": {"type": "Point", "coordinates": [55.290486, 25.082673]}}, {"type": "Feature", "properties": {"cell_id": "8843a122d3fffff"}, "geometry": {"type": "Point", "coordinates": [55.298926, 25.084708]}}, {"type": "Feature", "properties": {"cell_id": "8843a122d5fffff"}, "geometry": {"type": "Point", "coordinates": [55.288904, 25.075227]}}, {"type": "Feature", "properties": {"cell_id": "8843a122d7fffff"}, "geometry": {"type": "Point", "coordinates": [55.297343, 25.077261]}}, {"type": "Feature", "properties": {"cell_id": "8843a122d9fffff"}, "geometry": {"type": "Point", "coordinates": [55.283629, 25.088084]}}, {"type": "Feature", "properties": {"cell_id": "8843a122dbfffff"}, "geometry": {"type": "Point", "coordinates": [55.292069, 25.09012]}}, {"type": "Feature", "properties": {"cell_id": "8843a122ddfffff"}, "geometry": {"type": "Point", "coordinates": [55.282047, 25.080638]}}, {"type": "Feature", "properties": {"cell_id": "8843a122e1fffff"}, "geometry": {"type": "Point", "coordinates": [55.275725, 25.050861]}}, {"type": "Feature", "properties": {"cell_id": "8843a122e3fffff"}, "geometry": {"type": "Point", "coordinates": [55.284159, 25.052894]}}, {"type": "Feature", "properties": {"cell_id": "8843a122e5fffff"}, "geometry": {"type": "Point", "coordinates": [55.274145, 25.043419]}}, {"type": "Feature", "properties": {"cell_id": "8843a122e7fffff"}, "geometry": {"type": "Point", "coordinates": [55.282578, 25.045452]}}, {"type": "Feature", "properties": {"cell_id": "8843a122e9fffff"}, "geometry": {"type": "Point", "coordinates": [55.26887, 25.05627]}}, {"type": "Feature", "properties": {"cell_id": "8843a122ebfffff"}, "geometry": {"type": "Point", "coordinates": [55.277305, 25.058304]}}, {"type": "Feature", "properties": {"cell_id": "8843a122edfffff"}, "geometry": {"type": "Point", "coordinates": [55.267291, 25.048827]}}, {"type": "Feature", "properties": {"cell_id": "8843a12309fffff"}, "geometry": {"type": "Point", "coordinates": [55.217277, 25.001461]}}, {"type": "Feature", "properties": {"cell_id": "8843a1230bfffff"}, "geometry": {"type": "Point", "coordinates": [55.2257, 25.003495]}}, {"type": "Feature", "properties": {"cell_id": "8843a12311fffff"}, "geometry": {"type": "Point", "coordinates": [55.242549, 25.007561]}}, {"type": "Feature", "properties": {"cell_id": "8843a12313fffff"}, "geometry": {"type": "Point", "coordinates": [55.250975, 25.009594]}}, {"type": "Feature", "properties": {"cell_id": "8843a12315fffff"}, "geometry": {"type": "Point", "coordinates": [55.240974, 25.000124]}}, {"type": "Feature", "properties": {"cell_id": "8843a12317fffff"}, "geometry": {"type": "Point", "coordinates": [55.249399, 25.002157]}}, {"type": "Feature", "properties": {"cell_id": "8843a12319fffff"}, "geometry": {"type": "Point", "coordinates": [55.235698, 25.012966]}}, {"type": "Feature", "properties": {"cell_id": "8843a1231bfffff"}, "geometry": {"type": "Point", "coordinates": [55.244124, 25.014999]}}, {"type": "Feature", "properties": {"cell_id": "8843a1231dfffff"}, "geometry": {"type": "Point", "coordinates": [55.234124, 25.005528]}}, {"type": "Feature", "properties": {"cell_id": "8843a12341fffff"}, "geometry": {"type": "Point", "coordinates": [55.202004, 25.004829]}}, {"type": "Feature", "properties": {"cell_id": "8843a12343fffff"}, "geometry": {"type": "Point", "coordinates": [55.210426, 25.006864]}}, {"type": "Feature", "properties": {"cell_id": "8843a12349fffff"}, "geometry": {"type": "Point", "coordinates": [55.195152, 25.01023]}}, {"type": "Feature", "properties": {"cell_id": "8843a1234bfffff"}, "geometry": {"type": "Point", "coordinates": [55.203574, 25.012266]}}, {"type": "Feature", "properties": {"cell_id": "8843a1234dfffff"}, "geometry": {"type": "Point", "coordinates": [55.193583, 25.002794]}}, {"type": "Feature", "properties": {"cell_id": "8843a12351fffff"}, "geometry": {"type": "Point", "coordinates": [55.220421, 25.016335]}}, {"type": "Feature", "properties": {"cell_id": "8843a12353fffff"}, "geometry": {"type": "Point", "coordinates": [55.228846, 25.01837]}}, {"type": "Feature", "properties": {"cell_id": "8843a12355fffff"}, "geometry": {"type": "Point", "coordinates": [55.218849, 25.008898]}}, {"type": "Feature", "properties": {"cell_id": "8843a12357fffff"}, "geometry": {"type": "Point", "coordinates": [55.227273, 25.010932]}}, {"type": "Feature", "properties": {"cell_id": "8843a12359fffff"}, "geometry": {"type": "Point", "coordinates": [55.213568, 25.021739]}}, {"type": "Feature", "properties": {"cell_id": "8843a1235bfffff"}, "geometry": {"type": "Point", "coordinates": [55.221993, 25.023774]}}, {"type": "Feature", "properties": {"cell_id": "8843a1235dfffff"}, "geometry": {"type": "Point", "coordinates": [55.211997, 25.014301]}}, {"type": "Feature", "properties": {"cell_id": "8843a12401fffff"}, "geometry": {"type": "Point", "coordinates": [55.412393, 25.090811]}}, {"type": "Feature", "properties": {"cell_id": "8843a12403fffff"}, "geometry": {"type": "Point", "coordinates": [55.420845, 25.09284]}}, {"type": "Feature", "properties": {"cell_id": "8843a12405fffff"}, "geometry": {"type": "Point", "coordinates": [55.410796, 25.083362]}}, {"type": "Feature", "properties": {"cell_id": "8843a12407fffff"}, "geometry": {"type": "Point", "coordinates": [55.419246, 25.085391]}}, {"type": "Feature", "properties": {"cell_id": "8843a12409fffff"}, "geometry": {"type": "Point", "coordinates": [55.40554, 25.09623]}}, {"type": "Feature", "properties": {"cell_id": "8843a1240bfffff"}, "geometry": {"type": "Point", "coordinates": [55.413991, 25.09826]}}, {"type": "Feature", "properties": {"cell_id": "8843a1240dfffff"}, "geometry": {"type": "Point", "coordinates": [55.403943, 25.088781]}}, {"type": "Feature", "properties": {"cell_id": "8843a12411fffff"}, "geometry": {"type": "Point", "coordinates": [55.430898, 25.102319]}}, {"type": "Feature", "properties": {"cell_id": "8843a12413fffff"}, "geometry": {"type": "Point", "coordinates": [55.439352, 25.104347]}}, {"type": "Feature", "properties": {"cell_id": "8843a12415fffff"}, "geometry": {"type": "Point", "coordinates": [55.429297, 25.094869]}}, {"type": "Feature", "properties": {"cell_id": "8843a12417fffff"}, "geometry": {"type": "Point", "coordinates": [55.437751, 25.096897]}}, {"type": "Feature", "properties": {"cell_id": "8843a12419fffff"}, "geometry": {"type": "Point", "coordinates": [55.424044, 25.10774]}}, {"type": "Feature", "properties": {"cell_id": "8843a1241bfffff"}, "geometry": {"type": "Point", "coordinates": [55.432498, 25.10977]}}, {"type": "Feature", "properties": {"cell_id": "8843a1241dfffff"}, "geometry": {"type": "Point", "coordinates": [55.422444, 25.10029]}}, {"type": "Feature", "properties": {"cell_id": "8843a12421fffff"}, "geometry": {"type": "Point", "coordinates": [55.416049, 25.070496]}}, {"type": "Feature", "properties": {"cell_id": "8843a12423fffff"}, "geometry": {"type": "Point", "coordinates": [55.424499, 25.072523]}}, {"type": "Feature", "properties": {"cell_id": "8843a12425fffff"}, "geometry": {"type": "Point", "coordinates": [55.414452, 25.063049]}}, {"type": "Feature", "properties": {"cell_id": "8843a12427fffff"}, "geometry": {"type": "Point", "coordinates": [55.4229, 25.065077]}}, {"type": "Feature", "properties": {"cell_id": "8843a12429fffff"}, "geometry": {"type": "Point", "coordinates": [55.409198, 25.075914]}}, {"type": "Feature", "properties": {"cell_id": "8843a1242bfffff"}, "geometry": {"type": "Point", "coordinates": [55.417648, 25.077943]}}, {"type": "Feature", "properties": {"cell_id": "8843a1242dfffff"}, "geometry": {"type": "Point", "coordinates": [55.407601, 25.068468]}}, {"type": "Feature", "properties": {"cell_id": "8843a12431fffff"}, "geometry": {"type": "Point", "coordinates": [55.434549, 25.081999]}}, {"type": "Feature", "properties": {"cell_id": "8843a12433fffff"}, "geometry": {"type": "Point", "coordinates": [55.443002, 25.084026]}}, {"type": "Feature", "properties": {"cell_id": "8843a12435fffff"}, "geometry": {"type": "Point", "coordinates": [55.432949, 25.074551]}}, {"type": "Feature", "properties": {"cell_id": "8843a12437fffff"}, "geometry": {"type": "Point", "coordinates": [55.4414, 25.076578]}}, {"type": "Feature", "properties": {"cell_id": "8843a12439fffff"}, "geometry": {"type": "Point", "coordinates": [55.427697, 25.087419]}}, {"type": "Feature", "properties": {"cell_id": "8843a1243bfffff"}, "geometry": {"type": "Point", "coordinates": [55.43615, 25.089447]}}, {"type": "Feature", "properties": {"cell_id": "8843a1243dfffff"}, "geometry": {"type": "Point", "coordinates": [55.426098, 25.079971]}}, {"type": "Feature", "properties": {"cell_id": "8843a12441fffff"}, "geometry": {"type": "Point", "coordinates": [55.390235, 25.099619]}}, {"type": "Feature", "properties": {"cell_id": "8843a12443fffff"}, "geometry": {"type": "Point", "coordinates": [55.398685, 25.10165]}}, {"type": "Feature", "properties": {"cell_id": "8843a12445fffff"}, "geometry": {"type": "Point", "coordinates": [55.388639, 25.09217]}}, {"type": "Feature", "properties": {"cell_id": "8843a12447fffff"}, "geometry": {"type": "Point", "coordinates": [55.397089, 25.0942]}}, {"type": "Feature", "properties": {"cell_id": "8843a12449fffff"}, "geometry": {"type": "Point", "coordinates": [55.383379, 25.105038]}}, {"type": "Feature", "properties": {"cell_id": "8843a1244bfffff"}, "geometry": {"type": "Point", "coordinates": [55.39183, 25.107069]}}, {"type": "Feature", "properties": {"cell_id": "8843a1244dfffff"}, "geometry": {"type": "Point", "coordinates": [55.381785, 25.097588]}}, {"type": "Feature", "properties": {"cell_id": "8843a12451fffff"}, "geometry": {"type": "Point", "coordinates": [55.408735, 25.111131]}}, {"type": "Feature", "properties": {"cell_id": "8843a12453fffff"}, "geometry": {"type": "Point", "coordinates": [55.417189, 25.113161]}}, {"type": "Feature", "properties": {"cell_id": "8843a12455fffff"}, "geometry": {"type": "Point", "coordinates": [55.407137, 25.10368]}}, {"type": "Feature", "properties": {"cell_id": "8843a12457fffff"}, "geometry": {"type": "Point", "coordinates": [55.41559, 25.10571]}}, {"type": "Feature", "properties": {"cell_id": "8843a12459fffff"}, "geometry": {"type": "Point", "coordinates": [55.401879, 25.116552]}}, {"type": "Feature", "properties": {"cell_id": "8843a1245bfffff"}, "geometry": {"type": "Point", "coordinates": [55.410333, 25.118583]}}, {"type": "Feature", "properties": {"cell_id": "8843a1245dfffff"}, "geometry": {"type": "Point", "coordinates": [55.400282, 25.1091]}}, {"type": "Feature", "properties": {"cell_id": "8843a12461fffff"}, "geometry": {"type": "Point", "coordinates": [55.393898, 25.079304]}}, {"type": "Feature", "properties": {"cell_id": "8843a12463fffff"}, "geometry": {"type": "Point", "coordinates": [55.402346, 25.081333]}}, {"type": "Feature", "properties": {"cell_id": "8843a12465fffff"}, "geometry": {"type": "Point", "coordinates": [55.392302, 25.071857]}}, {"type": "Feature", "properties": {"cell_id": "8843a12467fffff"}, "geometry": {"type": "Point", "coordinates": [55.40075, 25.073886]}}, {"type": "Feature", "properties": {"cell_id": "8843a12469fffff"}, "geometry": {"type": "Point", "coordinates": [55.387045, 25.084722]}}, {"type": "Feature", "properties": {"cell_id": "8843a1246bfffff"}, "geometry": {"type": "Point", "coordinates": [55.395493, 25.086752]}}, {"type": "Feature", "properties": {"cell_id": "8843a1246dfffff"}, "geometry": {"type": "Point", "coordinates": [55.38545, 25.077274]}}, {"type": "Feature", "properties": {"cell_id": "8843a124c1fffff"}, "geometry": {"type": "Point", "coordinates": [55.449411, 25.113828]}}, {"type": "Feature", "properties": {"cell_id": "8843a124c5fffff"}, "geometry": {"type": "Point", "coordinates": [55.447808, 25.106376]}}, {"type": "Feature", "properties": {"cell_id": "8843a124c9fffff"}, "geometry": {"type": "Point", "coordinates": [55.442556, 25.119251]}}, {"type": "Feature", "properties": {"cell_id": "8843a124cdfffff"}, "geometry": {"type": "Point", "coordinates": [55.440954, 25.111799]}}, {"type": "Feature", "properties": {"cell_id": "8843a124e9fffff"}, "geometry": {"type": "Point", "coordinates": [55.446205, 25.098925]}}, {"type": "Feature", "properties": {"cell_id": "8843a124edfffff"}, "geometry": {"type": "Point", "coordinates": [55.444603, 25.091475]}}, {"type": "Feature", "properties": {"cell_id": "8843a12501fffff"}, "geometry": {"type": "Point", "coordinates": [55.401217, 25.038689]}}, {"type": "Feature", "properties": {"cell_id": "8843a12503fffff"}, "geometry": {"type": "Point", "coordinates": [55.409661, 25.040715]}}, {"type": "Feature", "properties": {"cell_id": "8843a12505fffff"}, "geometry": {"type": "Point", "coordinates": [55.399622, 25.031246]}}, {"type": "Feature", "properties": {"cell_id": "8843a12507fffff"}, "geometry": {"type": "Point", "coordinates": [55.408065, 25.033272]}}, {"type": "Feature", "properties": {"cell_id": "8843a12509fffff"}, "geometry": {"type": "Point", "coordinates": [55.394369, 25.044105]}}, {"type": "Feature", "properties": {"cell_id": "8843a1250bfffff"}, "geometry": {"type": "Point", "coordinates": [55.402813, 25.046132]}}, {"type": "Feature", "properties": {"cell_id": "8843a1250dfffff"}, "geometry": {"type": "Point", "coordinates": [55.392774, 25.036662]}}, {"type": "Feature", "properties": {"cell_id": "8843a12511fffff"}, "geometry": {"type": "Point", "coordinates": [55.419704, 25.050186]}}, {"type": "Feature", "properties": {"cell_id": "8843a12513fffff"}, "geometry": {"type": "Point", "coordinates": [55.42815, 25.052212]}}, {"type": "Feature", "properties": {"cell_id": "8843a12515fffff"}, "geometry": {"type": "Point", "coordinates": [55.418106, 25.042742]}}, {"type": "Feature", "properties": {"cell_id": "8843a12517fffff"}, "geometry": {"type": "Point", "coordinates": [55.426552, 25.044768]}}, {"type": "Feature", "properties": {"cell_id": "8843a12519fffff"}, "geometry": {"type": "Point", "coordinates": [55.412854, 25.055604]}}, {"type": "Feature", "properties": {"cell_id": "8843a1251bfffff"}, "geometry": {"type": "Point", "coordinates": [55.421302, 25.057631]}}, {"type": "Feature", "properties": {"cell_id": "8843a1251dfffff"}, "geometry": {"type": "Point", "coordinates": [55.411258, 25.048159]}}, {"type": "Feature", "properties": {"cell_id": "8843a12521fffff"}, "geometry": {"type": "Point", "coordinates": [55.404874, 25.018389]}}, {"type": "Feature", "properties": {"cell_id": "8843a12523fffff"}, "geometry": {"type": "Point", "coordinates": [55.413315, 25.020414]}}, {"type": "Feature", "properties": {"cell_id": "8843a12525fffff"}, "geometry": {"type": "Point", "coordinates": [55.403279, 25.010949]}}, {"type": "Feature", "properties": {"cell_id": "8843a12527fffff"}, "geometry": {"type": "Point", "coordinates": [55.411719, 25.012974]}}, {"type": "Feature", "properties": {"cell_id": "8843a12529fffff"}, "geometry": {"type": "Point", "coordinates": [55.398027, 25.023804]}}, {"type": "Feature", "properties": {"cell_id": "8843a1252bfffff"}, "geometry": {"type": "Point", "coordinates": [55.406469, 25.02583]}}, {"type": "Feature", "properties": {"cell_id": "8843a1252dfffff"}, "geometry": {"type": "Point", "coordinates": [55.396433, 25.016363]}}, {"type": "Feature", "properties": {"cell_id": "8843a12531fffff"}, "geometry": {"type": "Point", "coordinates": [55.423355, 25.029881]}}, {"type": "Feature", "properties": {"cell_id": "8843a12533fffff"}, "geometry": {"type": "Point", "coordinates": [55.4318, 25.031906]}}, {"type": "Feature", "properties": {"cell_id": "8843a12535fffff"}, "geometry": {"type": "Point", "coordinates": [55.421758, 25.022439]}}, {"type": "Feature", "properties": {"cell_id": "8843a12537fffff"}, "geometry": {"type": "Point", "coordinates": [55.430201, 25.024464]}}, {"type": "Feature", "properties": {"cell_id": "8843a12539fffff"}, "geometry": {"type": "Point", "coordinates": [55.416509, 25.035298]}}, {"type": "Feature", "properties": {"cell_id": "8843a1253bfffff"}, "geometry": {"type": "Point", "coordinates": [55.424953, 25.037324]}}, {"type": "Feature", "properties": {"cell_id": "8843a1253dfffff"}, "geometry": {"type": "Point", "coordinates": [55.414912, 25.027856]}}, {"type": "Feature", "properties": {"cell_id": "8843a12541fffff"}, "geometry": {"type": "Point", "coordinates": [55.379076, 25.047492]}}, {"type": "Feature", "properties": {"cell_id": "8843a12543fffff"}, "geometry": {"type": "Point", "coordinates": [55.387519, 25.049521]}}, {"type": "Feature", "properties": {"cell_id": "8843a12545fffff"}, "geometry": {"type": "Point", "coordinates": [55.377484, 25.040049]}}, {"type": "Feature", "properties": {"cell_id": "8843a12547fffff"}, "geometry": {"type": "Point", "coordinates": [55.385926, 25.042077]}}, {"type": "Feature", "properties": {"cell_id": "8843a12549fffff"}, "geometry": {"type": "Point", "coordinates": [55.372226, 25.052908]}}, {"type": "Feature", "properties": {"cell_id": "8843a1254bfffff"}, "geometry": {"type": "Point", "coordinates": [55.380669, 25.054937]}}, {"type": "Feature", "properties": {"cell_id": "8843a1254dfffff"}, "geometry": {"type": "Point", "coordinates": [55.370634, 25.045464]}}, {"type": "Feature", "properties": {"cell_id": "8843a12551fffff"}, "geometry": {"type": "Point", "coordinates": [55.397558, 25.058994]}}, {"type": "Feature", "properties": {"cell_id": "8843a12553fffff"}, "geometry": {"type": "Point", "coordinates": [55.406005, 25.061022]}}, {"type": "Feature", "properties": {"cell_id": "8843a12555fffff"}, "geometry": {"type": "Point", "coordinates": [55.395963, 25.051549]}}, {"type": "Feature", "properties": {"cell_id": "8843a12557fffff"}, "geometry": {"type": "Point", "coordinates": [55.404408, 25.053576]}}, {"type": "Feature", "properties": {"cell_id": "8843a12559fffff"}, "geometry": {"type": "Point", "coordinates": [55.390708, 25.064411]}}, {"type": "Feature", "properties": {"cell_id": "8843a1255bfffff"}, "geometry": {"type": "Point", "coordinates": [55.399154, 25.066439]}}, {"type": "Feature", "properties": {"cell_id": "8843a1255dfffff"}, "geometry": {"type": "Point", "coordinates": [55.389113, 25.056965]}}, {"type": "Feature", "properties": {"cell_id": "8843a12561fffff"}, "geometry": {"type": "Point", "coordinates": [55.38274, 25.027192]}}, {"type": "Feature", "properties": {"cell_id": "8843a12563fffff"}, "geometry": {"type": "Point", "coordinates": [55.39118, 25.029219]}}, {"type": "Feature", "properties": {"cell_id": "8843a12565fffff"}, "geometry": {"type": "Point", "coordinates": [55.381147, 25.019751]}}, {"type": "Feature", "properties": {"cell_id": "8843a12567fffff"}, "geometry": {"type": "Point", "coordinates": [55.389587, 25.021778]}}, {"type": "Feature", "properties": {"cell_id": "8843a12569fffff"}, "geometry": {"type": "Point", "coordinates": [55.375892, 25.032607]}}, {"type": "Feature", "properties": {"cell_id": "8843a1256bfffff"}, "geometry": {"type": "Point", "coordinates": [55.384332, 25.034634]}}, {"type": "Feature", "properties": {"cell_id": "8843a1256dfffff"}, "geometry": {"type": "Point", "coordinates": [55.3743, 25.025165]}}, {"type": "Feature", "properties": {"cell_id": "8843a125c1fffff"}, "geometry": {"type": "Point", "coordinates": [55.438199, 25.061684]}}, {"type": "Feature", "properties": {"cell_id": "8843a125c3fffff"}, "geometry": {"type": "Point", "coordinates": [55.446649, 25.06371]}}, {"type": "Feature", "properties": {"cell_id": "8843a125c5fffff"}, "geometry": {"type": "Point", "coordinates": [55.436598, 25.054238]}}, {"type": "Feature", "properties": {"cell_id": "8843a125c7fffff"}, "geometry": {"type": "Point", "coordinates": [55.445047, 25.056264]}}, {"type": "Feature", "properties": {"cell_id": "8843a125c9fffff"}, "geometry": {"type": "Point", "coordinates": [55.431349, 25.067104]}}, {"type": "Feature", "properties": {"cell_id": "8843a125cbfffff"}, "geometry": {"type": "Point", "coordinates": [55.439799, 25.069131]}}, {"type": "Feature", "properties": {"cell_id": "8843a125cdfffff"}, "geometry": {"type": "Point", "coordinates": [55.42975, 25.059658]}}, {"type": "Feature", "properties": {"cell_id": "8843a125d9fffff"}, "geometry": {"type": "Point", "coordinates": [55.449852, 25.078605]}}, {"type": "Feature", "properties": {"cell_id": "8843a125ddfffff"}, "geometry": {"type": "Point", "coordinates": [55.44825, 25.071157]}}, {"type": "Feature", "properties": {"cell_id": "8843a125e1fffff"}, "geometry": {"type": "Point", "coordinates": [55.441846, 25.041375]}}, {"type": "Feature", "properties": {"cell_id": "8843a125e5fffff"}, "geometry": {"type": "Point", "coordinates": [55.440246, 25.033931]}}, {"type": "Feature", "properties": {"cell_id": "8843a125e7fffff"}, "geometry": {"type": "Point", "coordinates": [55.448692, 25.035956]}}, {"type": "Feature", "properties": {"cell_id": "8843a125e9fffff"}, "geometry": {"type": "Point", "coordinates": [55.434999, 25.046793]}}, {"type": "Feature", "properties": {"cell_id": "8843a125ebfffff"}, "geometry": {"type": "Point", "coordinates": [55.443446, 25.048819]}}, {"type": "Feature", "properties": {"cell_id": "8843a125edfffff"}, "geometry": {"type": "Point", "coordinates": [55.433399, 25.039349]}}, {"type": "Feature", "properties": {"cell_id": "8843a12601fffff"}, "geometry": {"type": "Point", "coordinates": [55.364401, 25.128745]}}, {"type": "Feature", "properties": {"cell_id": "8843a12603fffff"}, "geometry": {"type": "Point", "coordinates": [55.372853, 25.130779]}}, {"type": "Feature", "properties": {"cell_id": "8843a12605fffff"}, "geometry": {"type": "Point", "coordinates": [55.362808, 25.121293]}}, {"type": "Feature", "properties": {"cell_id": "8843a12607fffff"}, "geometry": {"type": "Point", "coordinates": [55.37126, 25.123326]}}, {"type": "Feature", "properties": {"cell_id": "8843a12609fffff"}, "geometry": {"type": "Point", "coordinates": [55.357542, 25.134164]}}, {"type": "Feature", "properties": {"cell_id": "8843a1260bfffff"}, "geometry": {"type": "Point", "coordinates": [55.365994, 25.136198]}}, {"type": "Feature", "properties": {"cell_id": "8843a1260dfffff"}, "geometry": {"type": "Point", "coordinates": [55.35595, 25.126711]}}, {"type": "Feature", "properties": {"cell_id": "8843a12611fffff"}, "geometry": {"type": "Point", "coordinates": [55.382902, 25.140266]}}, {"type": "Feature", "properties": {"cell_id": "8843a12613fffff"}, "geometry": {"type": "Point", "coordinates": [55.391357, 25.142299]}}, {"type": "Feature", "properties": {"cell_id": "8843a12615fffff"}, "geometry": {"type": "Point", "coordinates": [55.381307, 25.132812]}}, {"type": "Feature", "properties": {"cell_id": "8843a12617fffff"}, "geometry": {"type": "Point", "coordinates": [55.389761, 25.134845]}}, {"type": "Feature", "properties": {"cell_id": "8843a12619fffff"}, "geometry": {"type": "Point", "coordinates": [55.376042, 25.145686]}}, {"type": "Feature", "properties": {"cell_id": "8843a1261bfffff"}, "geometry": {"type": "Point", "coordinates": [55.384498, 25.14772]}}, {"type": "Feature", "properties": {"cell_id": "8843a1261dfffff"}, "geometry": {"type": "Point", "coordinates": [55.374448, 25.138232]}}, {"type": "Feature", "properties": {"cell_id": "8843a12621fffff"}, "geometry": {"type": "Point", "coordinates": [55.368073, 25.108424]}}, {"type": "Feature", "properties": {"cell_id": "8843a12623fffff"}, "geometry": {"type": "Point", "coordinates": [55.376523, 25.110456]}}, {"type": "Feature", "properties": {"cell_id": "8843a12625fffff"}, "geometry": {"type": "Point", "coordinates": [55.366481, 25.100974]}}, {"type": "Feature", "properties": {"cell_id": "8843a12627fffff"}, "geometry": {"type": "Point", "coordinates": [55.374929, 25.103006]}}, {"type": "Feature", "properties": {"cell_id": "8843a12629fffff"}, "geometry": {"type": "Point", "coordinates": [55.361216, 25.113842]}}, {"type": "Feature", "properties": {"cell_id": "8843a1262bfffff"}, "geometry": {"type": "Point", "coordinates": [55.369666, 25.115875]}}, {"type": "Feature", "properties": {"cell_id": "8843a1262dfffff"}, "geometry": {"type": "Point", "coordinates": [55.359624, 25.106392]}}, {"type": "Feature", "properties": {"cell_id": "8843a12631fffff"}, "geometry": {"type": "Point", "coordinates": [55.386569, 25.11994]}}, {"type": "Feature", "properties": {"cell_id": "8843a12633fffff"}, "geometry": {"type": "Point", "coordinates": [55.395022, 25.121972]}}, {"type": "Feature", "properties": {"cell_id": "8843a12635fffff"}, "geometry": {"type": "Point", "coordinates": [55.384974, 25.112488]}}, {"type": "Feature", "properties": {"cell_id": "8843a12637fffff"}, "geometry": {"type": "Point", "coordinates": [55.393426, 25.11452]}}, {"type": "Feature", "properties": {"cell_id": "8843a12639fffff"}, "geometry": {"type": "Point", "coordinates": [55.379712, 25.125359]}}, {"type": "Feature", "properties": {"cell_id": "8843a1263bfffff"}, "geometry": {"type": "Point", "coordinates": [55.388165, 25.127392]}}, {"type": "Feature", "properties": {"cell_id": "8843a1263dfffff"}, "geometry": {"type": "Point", "coordinates": [55.378117, 25.117908]}}, {"type": "Feature", "properties": {"cell_id": "8843a12641fffff"}, "geometry": {"type": "Point", "coordinates": [55.34223, 25.137547]}}, {"type": "Feature", "properties": {"cell_id": "8843a12643fffff"}, "geometry": {"type": "Point", "coordinates": [55.350682, 25.139582]}}, {"type": "Feature", "properties": {"cell_id": "8843a12645fffff"}, "geometry": {"type": "Point", "coordinates": [55.34064, 25.130094]}}, {"type": "Feature", "properties": {"cell_id": "8843a12647fffff"}, "geometry": {"type": "Point", "coordinates": [55.349091, 25.132129]}}, {"type": "Feature", "properties": {"cell_id": "8843a12649fffff"}, "geometry": {"type": "Point", "coordinates": [55.335369, 25.142965]}}, {"type": "Feature", "properties": {"cell_id": "8843a1264bfffff"}, "geometry": {"type": "Point", "coordinates": [55.343821, 25.145001]}}, {"type": "Feature", "properties": {"cell_id": "8843a1264dfffff"}, "geometry": {"type": "Point", "coordinates": [55.33378, 25.135512]}}, {"type": "Feature", "properties": {"cell_id": "8843a12651fffff"}, "geometry": {"type": "Point", "coordinates": [55.360727, 25.149072]}}, {"type": "Feature", "properties": {"cell_id": "8843a12653fffff"}, "geometry": {"type": "Point", "coordinates": [55.369181, 25.151107]}}, {"type": "Feature", "properties": {"cell_id": "8843a12655fffff"}, "geometry": {"type": "Point", "coordinates": [55.359134, 25.141617]}}, {"type": "Feature", "properties": {"cell_id": "8843a12657fffff"}, "geometry": {"type": "Point", "coordinates": [55.367588, 25.143652]}}, {"type": "Feature", "properties": {"cell_id": "8843a12659fffff"}, "geometry": {"type": "Point", "coordinates": [55.353865, 25.154491]}}, {"type": "Feature", "properties": {"cell_id": "8843a1265bfffff"}, "geometry": {"type": "Point", "coordinates": [55.36232, 25.156527]}}, {"type": "Feature", "properties": {"cell_id": "8843a1265dfffff"}, "geometry": {"type": "Point", "coordinates": [55.352273, 25.147036]}}, {"type": "Feature", "properties": {"cell_id": "8843a12661fffff"}, "geometry": {"type": "Point", "coordinates": [55.345909, 25.117226]}}, {"type": "Feature", "properties": {"cell_id": "8843a12663fffff"}, "geometry": {"type": "Point", "coordinates": [55.354358, 25.11926]}}, {"type": "Feature", "properties": {"cell_id": "8843a12665fffff"}, "geometry": {"type": "Point", "coordinates": [55.344319, 25.109775]}}, {"type": "Feature", "properties": {"cell_id": "8843a12667fffff"}, "geometry": {"type": "Point", "coordinates": [55.352767, 25.111809]}}, {"type": "Feature", "properties": {"cell_id": "8843a12669fffff"}, "geometry": {"type": "Point", "coordinates": [55.33905, 25.122642]}}, {"type": "Feature", "properties": {"cell_id": "8843a1266bfffff"}, "geometry": {"type": "Point", "coordinates": [55.3475, 25.124677]}}, {"type": "Feature", "properties": {"cell_id": "8843a1266dfffff"}, "geometry": {"type": "Point", "coordinates": [55.337461, 25.115191]}}, {"type": "Feature", "properties": {"cell_id": "8843a12681fffff"}, "geometry": {"type": "Point", "coordinates": [55.423588, 25.142974]}}, {"type": "Feature", "properties": {"cell_id": "8843a12683fffff"}, "geometry": {"type": "Point", "coordinates": [55.432047, 25.145006]}}, {"type": "Feature", "properties": {"cell_id": "8843a12685fffff"}, "geometry": {"type": "Point", "coordinates": [55.421988, 25.13552]}}, {"type": "Feature", "properties": {"cell_id": "8843a12687fffff"}, "geometry": {"type": "Point", "coordinates": [55.430446, 25.137551]}}, {"type": "Feature", "properties": {"cell_id": "8843a12689fffff"}, "geometry": {"type": "Point", "coordinates": [55.416729, 25.148398]}}, {"type": "Feature", "properties": {"cell_id": "8843a1268bfffff"}, "geometry": {"type": "Point", "coordinates": [55.425189, 25.15043]}}, {"type": "Feature", "properties": {"cell_id": "8843a1268dfffff"}, "geometry": {"type": "Point", "coordinates": [55.41513, 25.140943]}}, {"type": "Feature", "properties": {"cell_id": "8843a12691fffff"}, "geometry": {"type": "Point", "coordinates": [55.44211, 25.154493]}}, {"type": "Feature", "properties": {"cell_id": "8843a12695fffff"}, "geometry": {"type": "Point", "coordinates": [55.440507, 25.147037]}}, {"type": "Feature", "properties": {"cell_id": "8843a12697fffff"}, "geometry": {"type": "Point", "coordinates": [55.448969, 25.149068]}}, {"type": "Feature", "properties": {"cell_id": "8843a12699fffff"}, "geometry": {"type": "Point", "coordinates": [55.435251, 25.159918]}}, {"type": "Feature", "properties": {"cell_id": "8843a1269bfffff"}, "geometry": {"type": "Point", "coordinates": [55.443714, 25.16195]}}, {"type": "Feature", "properties": {"cell_id": "8843a1269dfffff"}, "geometry": {"type": "Point", "coordinates": [55.433649, 25.152462]}}, {"type": "Feature", "properties": {"cell_id": "8843a126a1fffff"}, "geometry": {"type": "Point", "coordinates": [55.427244, 25.122644]}}, {"type": "Feature", "properties": {"cell_id": "8843a126a3fffff"}, "geometry": {"type": "Point", "coordinates": [55.435701, 25.124674]}}, {"type": "Feature", "properties": {"cell_id": "8843a126a5fffff"}, "geometry": {"type": "Point", "coordinates": [55.425644, 25.115192]}}, {"type": "Feature", "properties": {"cell_id": "8843a126a7fffff"}, "geometry": {"type": "Point", "coordinates": [55.434099, 25.117221]}}, {"type": "Feature", "properties": {"cell_id": "8843a126a9fffff"}, "geometry": {"type": "Point", "coordinates": [55.420388, 25.128066]}}, {"type": "Feature", "properties": {"cell_id": "8843a126abfffff"}, "geometry": {"type": "Point", "coordinates": [55.428845, 25.130097]}}, {"type": "Feature", "properties": {"cell_id": "8843a126adfffff"}, "geometry": {"type": "Point", "coordinates": [55.418788, 25.120613]}}, {"type": "Feature", "properties": {"cell_id": "8843a126b1fffff"}, "geometry": {"type": "Point", "coordinates": [55.445762, 25.134158]}}, {"type": "Feature", "properties": {"cell_id": "8843a126b5fffff"}, "geometry": {"type": "Point", "coordinates": [55.444159, 25.126704]}}, {"type": "Feature", "properties": {"cell_id": "8843a126b9fffff"}, "geometry": {"type": "Point", "coordinates": [55.438905, 25.139582]}}, {"type": "Feature", "properties": {"cell_id": "8843a126bbfffff"}, "geometry": {"type": "Point", "coordinates": [55.447365, 25.141612]}}, {"type": "Feature", "properties": {"cell_id": "8843a126bdfffff"}, "geometry": {"type": "Point", "coordinates": [55.437303, 25.132128]}}, {"type": "Feature", "properties": {"cell_id": "8843a126c1fffff"}, "geometry": {"type": "Point", "coordinates": [55.401411, 25.151787]}}, {"type": "Feature", "properties": {"cell_id": "8843a126c3fffff"}, "geometry": {"type": "Point", "coordinates": [55.40987, 25.153821]}}, {"type": "Feature", "properties": {"cell_id": "8843a126c5fffff"}, "geometry": {"type": "Point", "coordinates": [55.399814, 25.144332]}}, {"type": "Feature", "properties": {"cell_id": "8843a126c7fffff"}, "geometry": {"type": "Point", "coordinates": [55.408271, 25.146365]}}, {"type": "Feature", "properties": {"cell_id": "8843a126c9fffff"}, "geometry": {"type": "Point", "coordinates": [55.394551, 25.15721]}}, {"type": "Feature", "properties": {"cell_id": "8843a126cbfffff"}, "geometry": {"type": "Point", "coordinates": [55.40301, 25.159243]}}, {"type": "Feature", "properties": {"cell_id": "8843a126cdfffff"}, "geometry": {"type": "Point", "coordinates": [55.392954, 25.149754]}}, {"type": "Feature", "properties": {"cell_id": "8843a126d1fffff"}, "geometry": {"type": "Point", "coordinates": [55.41993, 25.16331]}}, {"type": "Feature", "properties": {"cell_id": "8843a126d3fffff"}, "geometry": {"type": "Point", "coordinates": [55.428391, 25.165343]}}, {"type": "Feature", "properties": {"cell_id": "8843a126d5fffff"}, "geometry": {"type": "Point", "coordinates": [55.418329, 25.155853]}}, {"type": "Feature", "properties": {"cell_id": "8843a126d7fffff"}, "geometry": {"type": "Point", "coordinates": [55.42679, 25.157886]}}, {"type": "Feature", "properties": {"cell_id": "8843a126d9fffff"}, "geometry": {"type": "Point", "coordinates": [55.413069, 25.168734]}}, {"type": "Feature", "properties": {"cell_id": "8843a126dbfffff"}, "geometry": {"type": "Point", "coordinates": [55.421531, 25.170768]}}, {"type": "Feature", "properties": {"cell_id": "8843a126ddfffff"}, "geometry": {"type": "Point", "coordinates": [55.411469, 25.161277]}}, {"type": "Feature", "properties": {"cell_id": "8843a126e1fffff"}, "geometry": {"type": "Point", "coordinates": [55.405074, 25.131457]}}, {"type": "Feature", "properties": {"cell_id": "8843a126e3fffff"}, "geometry": {"type": "Point", "coordinates": [55.41353, 25.133488]}}, {"type": "Feature", "properties": {"cell_id": "8843a126e5fffff"}, "geometry": {"type": "Point", "coordinates": [55.403476, 25.124004]}}, {"type": "Feature", "properties": {"cell_id": "8843a126e7fffff"}, "geometry": {"type": "Point", "coordinates": [55.411931, 25.126035]}}, {"type": "Feature", "properties": {"cell_id": "8843a126e9fffff"}, "geometry": {"type": "Point", "coordinates": [55.398216, 25.136878]}}, {"type": "Feature", "properties": {"cell_id": "8843a126ebfffff"}, "geometry": {"type": "Point", "coordinates": [55.406672, 25.13891]}}, {"type": "Feature", "properties": {"cell_id": "8843a126edfffff"}, "geometry": {"type": "Point", "coordinates": [55.396619, 25.129425]}}, {"type": "Feature", "properties": {"cell_id": "8843a12701fffff"}, "geometry": {"type": "Point", "coordinates": [55.35326, 25.076599]}}, {"type": "Feature", "properties": {"cell_id": "8843a12703fffff"}, "geometry": {"type": "Point", "coordinates": [55.361705, 25.07863]}}, {"type": "Feature", "properties": {"cell_id": "8843a12705fffff"}, "geometry": {"type": "Point", "coordinates": [55.35167, 25.069152]}}, {"type": "Feature", "properties": {"cell_id": "8843a12707fffff"}, "geometry": {"type": "Point", "coordinates": [55.360114, 25.071183]}}, {"type": "Feature", "properties": {"cell_id": "8843a12709fffff"}, "geometry": {"type": "Point", "coordinates": [55.346406, 25.082014]}}, {"type": "Feature", "properties": {"cell_id": "8843a1270bfffff"}, "geometry": {"type": "Point", "coordinates": [55.354851, 25.084046]}}, {"type": "Feature", "properties": {"cell_id": "8843a1270dfffff"}, "geometry": {"type": "Point", "coordinates": [55.344817, 25.074567]}}, {"type": "Feature", "properties": {"cell_id": "8843a12711fffff"}, "geometry": {"type": "Point", "coordinates": [55.371743, 25.088108]}}, {"type": "Feature", "properties": {"cell_id": "8843a12713fffff"}, "geometry": {"type": "Point", "coordinates": [55.380191, 25.090139]}}, {"type": "Feature", "properties": {"cell_id": "8843a12715fffff"}, "geometry": {"type": "Point", "coordinates": [55.37015, 25.080661]}}, {"type": "Feature", "properties": {"cell_id": "8843a12717fffff"}, "geometry": {"type": "Point", "coordinates": [55.378597, 25.082691]}}, {"type": "Feature", "properties": {"cell_id": "8843a12719fffff"}, "geometry": {"type": "Point", "coordinates": [55.364888, 25.093525]}}, {"type": "Feature", "properties": {"cell_id": "8843a1271bfffff"}, "geometry": {"type": "Point", "coordinates": [55.373336, 25.095557]}}, {"type": "Feature", "properties": {"cell_id": "8843a1271dfffff"}, "geometry": {"type": "Point", "coordinates": [55.363296, 25.086077]}}, {"type": "Feature", "properties": {"cell_id": "8843a12721fffff"}, "geometry": {"type": "Point", "coordinates": [55.356933, 25.056293]}}, {"type": "Feature", "properties": {"cell_id": "8843a12723fffff"}, "geometry": {"type": "Point", "coordinates": [55.365375, 25.058323]}}, {"type": "Feature", "properties": {"cell_id": "8843a12725fffff"}, "geometry": {"type": "Point", "coordinates": [55.355343, 25.048849]}}, {"type": "Feature", "properties": {"cell_id": "8843a12727fffff"}, "geometry": {"type": "Point", "coordinates": [55.363784, 25.050878]}}, {"type": "Feature", "properties": {"cell_id": "8843a12729fffff"}, "geometry": {"type": "Point", "coordinates": [55.350081, 25.061707]}}, {"type": "Feature", "properties": {"cell_id": "8843a1272bfffff"}, "geometry": {"type": "Point", "coordinates": [55.358523, 25.063738]}}, {"type": "Feature", "properties": {"cell_id": "8843a1272dfffff"}, "geometry": {"type": "Point", "coordinates": [55.348491, 25.054263]}}, {"type": "Feature", "properties": {"cell_id": "8843a12731fffff"}, "geometry": {"type": "Point", "coordinates": [55.375411, 25.067798]}}, {"type": "Feature", "properties": {"cell_id": "8843a12733fffff"}, "geometry": {"type": "Point", "coordinates": [55.383856, 25.069827]}}, {"type": "Feature", "properties": {"cell_id": "8843a12735fffff"}, "geometry": {"type": "Point", "coordinates": [55.373818, 25.060352]}}, {"type": "Feature", "properties": {"cell_id": "8843a12737fffff"}, "geometry": {"type": "Point", "coordinates": [55.382262, 25.062382]}}, {"type": "Feature", "properties": {"cell_id": "8843a12739fffff"}, "geometry": {"type": "Point", "coordinates": [55.368558, 25.073214]}}, {"type": "Feature", "properties": {"cell_id": "8843a1273bfffff"}, "geometry": {"type": "Point", "coordinates": [55.377004, 25.075244]}}, {"type": "Feature", "properties": {"cell_id": "8843a1273dfffff"}, "geometry": {"type": "Point", "coordinates": [55.366966, 25.065768]}}, {"type": "Feature", "properties": {"cell_id": "8843a12741fffff"}, "geometry": {"type": "Point", "coordinates": [55.331107, 25.085396]}}, {"type": "Feature", "properties": {"cell_id": "8843a12743fffff"}, "geometry": {"type": "Point", "coordinates": [55.339551, 25.087429]}}, {"type": "Feature", "properties": {"cell_id": "8843a12745fffff"}, "geometry": {"type": "Point", "coordinates": [55.32952, 25.077949]}}, {"type": "Feature", "properties": {"cell_id": "8843a12747fffff"}, "geometry": {"type": "Point", "coordinates": [55.337963, 25.079981]}}, {"type": "Feature", "properties": {"cell_id": "8843a12749fffff"}, "geometry": {"type": "Point", "coordinates": [55.324251, 25.09081]}}, {"type": "Feature", "properties": {"cell_id": "8843a1274bfffff"}, "geometry": {"type": "Point", "coordinates": [55.332695, 25.092843]}}, {"type": "Feature", "properties": {"cell_id": "8843a1274dfffff"}, "geometry": {"type": "Point", "coordinates": [55.322665, 25.083363]}}, {"type": "Feature", "properties": {"cell_id": "8843a12751fffff"}, "geometry": {"type": "Point", "coordinates": [55.349586, 25.096909]}}, {"type": "Feature", "properties": {"cell_id": "8843a12753fffff"}, "geometry": {"type": "Point", "coordinates": [55.358033, 25.098942]}}, {"type": "Feature", "properties": {"cell_id": "8843a12755fffff"}, "geometry": {"type": "Point", "coordinates": [55.347996, 25.089461]}}, {"type": "Feature", "properties": {"cell_id": "8843a12757fffff"}, "geometry": {"type": "Point", "coordinates": [55.356442, 25.091493]}}, {"type": "Feature", "properties": {"cell_id": "8843a12759fffff"}, "geometry": {"type": "Point", "coordinates": [55.342729, 25.102325]}}, {"type": "Feature", "properties": {"cell_id": "8843a1275bfffff"}, "geometry": {"type": "Point", "coordinates": [55.351176, 25.104359]}}, {"type": "Feature", "properties": {"cell_id": "8843a1275dfffff"}, "geometry": {"type": "Point", "coordinates": [55.34114, 25.094877]}}, {"type": "Feature", "properties": {"cell_id": "8843a12761fffff"}, "geometry": {"type": "Point", "coordinates": [55.334787, 25.06509]}}, {"type": "Feature", "properties": {"cell_id": "8843a12763fffff"}, "geometry": {"type": "Point", "coordinates": [55.343228, 25.067121]}}, {"type": "Feature", "properties": {"cell_id": "8843a12765fffff"}, "geometry": {"type": "Point", "coordinates": [55.333199, 25.057645]}}, {"type": "Feature", "properties": {"cell_id": "8843a12767fffff"}, "geometry": {"type": "Point", "coordinates": [55.341639, 25.059676]}}, {"type": "Feature", "properties": {"cell_id": "8843a12769fffff"}, "geometry": {"type": "Point", "coordinates": [55.327933, 25.070503]}}, {"type": "Feature", "properties": {"cell_id": "8843a1276bfffff"}, "geometry": {"type": "Point", "coordinates": [55.336374, 25.072535]}}, {"type": "Feature", "properties": {"cell_id": "8843a1276dfffff"}, "geometry": {"type": "Point", "coordinates": [55.326346, 25.063058]}}, {"type": "Feature", "properties": {"cell_id": "8843a12e13fffff"}, "geometry": {"type": "Point", "coordinates": [55.416967, 25.000119]}}, {"type": "Feature", "properties": {"cell_id": "8843a12e19fffff"}, "geometry": {"type": "Point", "coordinates": [55.401684, 25.003509]}}, {"type": "Feature", "properties": {"cell_id": "8843a12e1bfffff"}, "geometry": {"type": "Point", "coordinates": [55.410123, 25.005534]}}, {"type": "Feature", "properties": {"cell_id": "8843a12e49fffff"}, "geometry": {"type": "Point", "coordinates": [55.361091, 25.000819]}}, {"type": "Feature", "properties": {"cell_id": "8843a12e4bfffff"}, "geometry": {"type": "Point", "coordinates": [55.369527, 25.002846]}}, {"type": "Feature", "properties": {"cell_id": "8843a12e51fffff"}, "geometry": {"type": "Point", "coordinates": [55.386401, 25.006898]}}, {"type": "Feature", "properties": {"cell_id": "8843a12e53fffff"}, "geometry": {"type": "Point", "coordinates": [55.394839, 25.008923]}}, {"type": "Feature", "properties": {"cell_id": "8843a12e57fffff"}, "geometry": {"type": "Point", "coordinates": [55.393246, 25.001484]}}, {"type": "Feature", "properties": {"cell_id": "8843a12e59fffff"}, "geometry": {"type": "Point", "coordinates": [55.379555, 25.012311]}}, {"type": "Feature", "properties": {"cell_id": "8843a12e5bfffff"}, "geometry": {"type": "Point", "coordinates": [55.387994, 25.014337]}}, {"type": "Feature", "properties": {"cell_id": "8843a12e5dfffff"}, "geometry": {"type": "Point", "coordinates": [55.377963, 25.004872]}}, {"type": "Feature", "properties": {"cell_id": "8843a12e81fffff"}, "geometry": {"type": "Point", "coordinates": [55.449134, 25.000772]}}, {"type": "Feature", "properties": {"cell_id": "8843a12e89fffff"}, "geometry": {"type": "Point", "coordinates": [55.442291, 25.006189]}}, {"type": "Feature", "properties": {"cell_id": "8843a12ec1fffff"}, "geometry": {"type": "Point", "coordinates": [55.427005, 25.009582]}}, {"type": "Feature", "properties": {"cell_id": "8843a12ec3fffff"}, "geometry": {"type": "Point", "coordinates": [55.435447, 25.011606]}}, {"type": "Feature", "properties": {"cell_id": "8843a12ec5fffff"}, "geometry": {"type": "Point", "coordinates": [55.425408, 25.002142]}}, {"type": "Feature", "properties": {"cell_id": "8843a12ec7fffff"}, "geometry": {"type": "Point", "coordinates": [55.433849, 25.004166]}}, {"type": "Feature", "properties": {"cell_id": "8843a12ec9fffff"}, "geometry": {"type": "Point", "coordinates": [55.420161, 25.014998]}}, {"type": "Feature", "properties": {"cell_id": "8843a12ecbfffff"}, "geometry": {"type": "Point", "coordinates": [55.428603, 25.017023]}}, {"type": "Feature", "properties": {"cell_id": "8843a12ecdfffff"}, "geometry": {"type": "Point", "coordinates": [55.418564, 25.007558]}}, {"type": "Feature", "properties": {"cell_id": "8843a12ed1fffff"}, "geometry": {"type": "Point", "coordinates": [55.445491, 25.02107]}}, {"type": "Feature", "properties": {"cell_id": "8843a12ed5fffff"}, "geometry": {"type": "Point", "coordinates": [55.443891, 25.013629]}}, {"type": "Feature", "properties": {"cell_id": "8843a12ed9fffff"}, "geometry": {"type": "Point", "coordinates": [55.438646, 25.026488]}}, {"type": "Feature", "properties": {"cell_id": "8843a12edbfffff"}, "geometry": {"type": "Point", "coordinates": [55.447091, 25.028513]}}, {"type": "Feature", "properties": {"cell_id": "8843a12eddfffff"}, "geometry": {"type": "Point", "coordinates": [55.437047, 25.019047]}}, {"type": "Feature", "properties": {"cell_id": "8843a13001fffff"}, "geometry": {"type": "Point", "coordinates": [55.128147, 25.07168]}}, {"type": "Feature", "properties": {"cell_id": "8843a13003fffff"}, "geometry": {"type": "Point", "coordinates": [55.136571, 25.073722]}}, {"type": "Feature", "properties": {"cell_id": "8843a13005fffff"}, "geometry": {"type": "Point", "coordinates": [55.126585, 25.064238]}}, {"type": "Feature", "properties": {"cell_id": "8843a13007fffff"}, "geometry": {"type": "Point", "coordinates": [55.135008, 25.066279]}}, {"type": "Feature", "properties": {"cell_id": "8843a13011fffff"}, "geometry": {"type": "Point", "coordinates": [55.14656, 25.083208]}}, {"type": "Feature", "properties": {"cell_id": "8843a13013fffff"}, "geometry": {"type": "Point", "coordinates": [55.154988, 25.08525]}}, {"type": "Feature", "properties": {"cell_id": "8843a13015fffff"}, "geometry": {"type": "Point", "coordinates": [55.144996, 25.075764]}}, {"type": "Feature", "properties": {"cell_id": "8843a13017fffff"}, "geometry": {"type": "Point", "coordinates": [55.153422, 25.077805]}}, {"type": "Feature", "properties": {"cell_id": "8843a13019fffff"}, "geometry": {"type": "Point", "coordinates": [55.139698, 25.08861]}}, {"type": "Feature", "properties": {"cell_id": "8843a1301bfffff"}, "geometry": {"type": "Point", "coordinates": [55.148125, 25.090652]}}, {"type": "Feature", "properties": {"cell_id": "8843a1301dfffff"}, "geometry": {"type": "Point", "coordinates": [55.138134, 25.081166]}}, {"type": "Feature", "properties": {"cell_id": "8843a13021fffff"}, "geometry": {"type": "Point", "coordinates": [55.131883, 25.051397]}}, {"type": "Feature", "properties": {"cell_id": "8843a13023fffff"}, "geometry": {"type": "Point", "coordinates": [55.140305, 25.053437]}}, {"type": "Feature", "properties": {"cell_id": "8843a13025fffff"}, "geometry": {"type": "Point", "coordinates": [55.130321, 25.043957]}}, {"type": "Feature", "properties": {"cell_id": "8843a13027fffff"}, "geometry": {"type": "Point", "coordinates": [55.138742, 25.045997]}}, {"type": "Feature", "properties": {"cell_id": "8843a13029fffff"}, "geometry": {"type": "Point", "coordinates": [55.125023, 25.056796]}}, {"type": "Feature", "properties": {"cell_id": "8843a1302bfffff"}, "geometry": {"type": "Point", "coordinates": [55.133445, 25.058838]}}, {"type": "Feature", "properties": {"cell_id": "8843a1302dfffff"}, "geometry": {"type": "Point", "coordinates": [55.123462, 25.049356]}}, {"type": "Feature", "properties": {"cell_id": "8843a13031fffff"}, "geometry": {"type": "Point", "coordinates": [55.150292, 25.06292]}}, {"type": "Feature", "properties": {"cell_id": "8843a13033fffff"}, "geometry": {"type": "Point", "coordinates": [55.158717, 25.06496]}}, {"type": "Feature", "properties": {"cell_id": "8843a13035fffff"}, "geometry": {"type": "Point", "coordinates": [55.148728, 25.055478]}}, {"type": "Feature", "properties": {"cell_id": "8843a13037fffff"}, "geometry": {"type": "Point", "coordinates": [55.157151, 25.057518]}}, {"type": "Feature", "properties": {"cell_id": "8843a13039fffff"}, "geometry": {"type": "Point", "coordinates": [55.143432, 25.068321]}}, {"type": "Feature", "properties": {"cell_id": "8843a1303bfffff"}, "geometry": {"type": "Point", "coordinates": [55.151857, 25.070362]}}, {"type": "Feature", "properties": {"cell_id": "8843a1303dfffff"}, "geometry": {"type": "Point", "coordinates": [55.141868, 25.060879]}}, {"type": "Feature", "properties": {"cell_id": "8843a13053fffff"}, "geometry": {"type": "Point", "coordinates": [55.132835, 25.094012]}}, {"type": "Feature", "properties": {"cell_id": "8843a13057fffff"}, "geometry": {"type": "Point", "coordinates": [55.131272, 25.086567]}}, {"type": "Feature", "properties": {"cell_id": "8843a1305bfffff"}, "geometry": {"type": "Point", "coordinates": [55.125971, 25.099414]}}, {"type": "Feature", "properties": {"cell_id": "8843a13063fffff"}, "geometry": {"type": "Point", "coordinates": [55.118163, 25.062196]}}, {"type": "Feature", "properties": {"cell_id": "8843a13067fffff"}, "geometry": {"type": "Point", "coordinates": [55.116603, 25.054755]}}, {"type": "Feature", "properties": {"cell_id": "8843a13081fffff"}, "geometry": {"type": "Point", "coordinates": [55.187136, 25.085968]}}, {"type": "Feature", "properties": {"cell_id": "8843a13083fffff"}, "geometry": {"type": "Point", "coordinates": [55.195568, 25.088008]}}, {"type": "Feature", "properties": {"cell_id": "8843a13085fffff"}, "geometry": {"type": "Point", "coordinates": [55.185567, 25.078524]}}, {"type": "Feature", "properties": {"cell_id": "8843a13087fffff"}, "geometry": {"type": "Point", "coordinates": [55.193997, 25.080563]}}, {"type": "Feature", "properties": {"cell_id": "8843a13089fffff"}, "geometry": {"type": "Point", "coordinates": [55.180275, 25.091373]}}, {"type": "Feature", "properties": {"cell_id": "8843a1308bfffff"}, "geometry": {"type": "Point", "coordinates": [55.188706, 25.093414]}}, {"type": "Feature", "properties": {"cell_id": "8843a1308dfffff"}, "geometry": {"type": "Point", "coordinates": [55.178706, 25.083928]}}, {"type": "Feature", "properties": {"cell_id": "8843a13091fffff"}, "geometry": {"type": "Point", "coordinates": [55.205572, 25.097494]}}, {"type": "Feature", "properties": {"cell_id": "8843a13093fffff"}, "geometry": {"type": "Point", "coordinates": [55.214006, 25.099534]}}, {"type": "Feature", "properties": {"cell_id": "8843a13095fffff"}, "geometry": {"type": "Point", "coordinates": [55.204, 25.090048]}}, {"type": "Feature", "properties": {"cell_id": "8843a13097fffff"}, "geometry": {"type": "Point", "coordinates": [55.212433, 25.092088]}}, {"type": "Feature", "properties": {"cell_id": "8843a13099fffff"}, "geometry": {"type": "Point", "coordinates": [55.19871, 25.102901]}}, {"type": "Feature", "properties": {"cell_id": "8843a1309bfffff"}, "geometry": {"type": "Point", "coordinates": [55.207144, 25.104942]}}, {"type": "Feature", "properties": {"cell_id": "8843a1309dfffff"}, "geometry": {"type": "Point", "coordinates": [55.197139, 25.095454]}}, {"type": "Feature", "properties": {"cell_id": "8843a130a1fffff"}, "geometry": {"type": "Point", "coordinates": [55.190857, 25.065676]}}, {"type": "Feature", "properties": {"cell_id": "8843a130a3fffff"}, "geometry": {"type": "Point", "coordinates": [55.199285, 25.067714]}}, {"type": "Feature", "properties": {"cell_id": "8843a130a5fffff"}, "geometry": {"type": "Point", "coordinates": [55.189287, 25.058233]}}, {"type": "Feature", "properties": {"cell_id": "8843a130a7fffff"}, "geometry": {"type": "Point", "coordinates": [55.197715, 25.060271]}}, {"type": "Feature", "properties": {"cell_id": "8843a130a9fffff"}, "geometry": {"type": "Point", "coordinates": [55.183998, 25.07108]}}, {"type": "Feature", "properties": {"cell_id": "8843a130abfffff"}, "geometry": {"type": "Point", "coordinates": [55.192426, 25.073119]}}, {"type": "Feature", "properties": {"cell_id": "8843a130adfffff"}, "geometry": {"type": "Point", "coordinates": [55.182429, 25.063637]}}, {"type": "Feature", "properties": {"cell_id": "8843a130b1fffff"}, "geometry": {"type": "Point", "coordinates": [55.209287, 25.077197]}}, {"type": "Feature", "properties": {"cell_id": "8843a130b3fffff"}, "geometry": {"type": "Point", "coordinates": [55.217719, 25.079235]}}, {"type": "Feature", "properties": {"cell_id": "8843a130b5fffff"}, "geometry": {"type": "Point", "coordinates": [55.207715, 25.069753]}}, {"type": "Feature", "properties": {"cell_id": "8843a130b7fffff"}, "geometry": {"type": "Point", "coordinates": [55.216146, 25.071791]}}, {"type": "Feature", "properties": {"cell_id": "8843a130b9fffff"}, "geometry": {"type": "Point", "coordinates": [55.202428, 25.082603]}}, {"type": "Feature", "properties": {"cell_id": "8843a130bbfffff"}, "geometry": {"type": "Point", "coordinates": [55.21086, 25.084642]}}, {"type": "Feature", "properties": {"cell_id": "8843a130bdfffff"}, "geometry": {"type": "Point", "coordinates": [55.200856, 25.075158]}}, {"type": "Feature", "properties": {"cell_id": "8843a130c1fffff"}, "geometry": {"type": "Point", "coordinates": [55.164983, 25.094737]}}, {"type": "Feature", "properties": {"cell_id": "8843a130c3fffff"}, "geometry": {"type": "Point", "coordinates": [55.173413, 25.096778]}}, {"type": "Feature", "properties": {"cell_id": "8843a130c5fffff"}, "geometry": {"type": "Point", "coordinates": [55.163416, 25.087291]}}, {"type": "Feature", "properties": {"cell_id": "8843a130c7fffff"}, "geometry": {"type": "Point", "coordinates": [55.171845, 25.089332]}}, {"type": "Feature", "properties": {"cell_id": "8843a130cbfffff"}, "geometry": {"type": "Point", "coordinates": [55.16655, 25.102183]}}, {"type": "Feature", "properties": {"cell_id": "8843a130cdfffff"}, "geometry": {"type": "Point", "coordinates": [55.156554, 25.092695]}}, {"type": "Feature", "properties": {"cell_id": "8843a130d1fffff"}, "geometry": {"type": "Point", "coordinates": [55.183414, 25.106266]}}, {"type": "Feature", "properties": {"cell_id": "8843a130d3fffff"}, "geometry": {"type": "Point", "coordinates": [55.191847, 25.108308]}}, {"type": "Feature", "properties": {"cell_id": "8843a130d5fffff"}, "geometry": {"type": "Point", "coordinates": [55.181844, 25.098819]}}, {"type": "Feature", "properties": {"cell_id": "8843a130d7fffff"}, "geometry": {"type": "Point", "coordinates": [55.190277, 25.10086]}}, {"type": "Feature", "properties": {"cell_id": "8843a130d9fffff"}, "geometry": {"type": "Point", "coordinates": [55.176551, 25.111672]}}, {"type": "Feature", "properties": {"cell_id": "8843a130dbfffff"}, "geometry": {"type": "Point", "coordinates": [55.184984, 25.113714]}}, {"type": "Feature", "properties": {"cell_id": "8843a130ddfffff"}, "geometry": {"type": "Point", "coordinates": [55.174982, 25.104225]}}, {"type": "Feature", "properties": {"cell_id": "8843a130e1fffff"}, "geometry": {"type": "Point", "coordinates": [55.16871, 25.074443]}}, {"type": "Feature", "properties": {"cell_id": "8843a130e3fffff"}, "geometry": {"type": "Point", "coordinates": [55.177138, 25.076484]}}, {"type": "Feature", "properties": {"cell_id": "8843a130e5fffff"}, "geometry": {"type": "Point", "coordinates": [55.167143, 25.067]}}, {"type": "Feature", "properties": {"cell_id": "8843a130e7fffff"}, "geometry": {"type": "Point", "coordinates": [55.17557, 25.06904]}}, {"type": "Feature", "properties": {"cell_id": "8843a130e9fffff"}, "geometry": {"type": "Point", "coordinates": [55.161849, 25.079847]}}, {"type": "Feature", "properties": {"cell_id": "8843a130ebfffff"}, "geometry": {"type": "Point", "coordinates": [55.170277, 25.081888]}}, {"type": "Feature", "properties": {"cell_id": "8843a130edfffff"}, "geometry": {"type": "Point", "coordinates": [55.160283, 25.072403]}}, {"type": "Feature", "properties": {"cell_id": "8843a13101fffff"}, "geometry": {"type": "Point", "coordinates": [55.117221, 25.019602]}}, {"type": "Feature", "properties": {"cell_id": "8843a13103fffff"}, "geometry": {"type": "Point", "coordinates": [55.125638, 25.021641]}}, {"type": "Feature", "properties": {"cell_id": "8843a13105fffff"}, "geometry": {"type": "Point", "coordinates": [55.115662, 25.012165]}}, {"type": "Feature", "properties": {"cell_id": "8843a13107fffff"}, "geometry": {"type": "Point", "coordinates": [55.124077, 25.014205]}}, {"type": "Feature", "properties": {"cell_id": "8843a13109fffff"}, "geometry": {"type": "Point", "coordinates": [55.110364, 25.024999]}}, {"type": "Feature", "properties": {"cell_id": "8843a1310bfffff"}, "geometry": {"type": "Point", "coordinates": [55.118781, 25.027039]}}, {"type": "Feature", "properties": {"cell_id": "8843a1310dfffff"}, "geometry": {"type": "Point", "coordinates": [55.108806, 25.017562]}}, {"type": "Feature", "properties": {"cell_id": "8843a13111fffff"}, "geometry": {"type": "Point", "coordinates": [55.135617, 25.031119]}}, {"type": "Feature", "properties": {"cell_id": "8843a13113fffff"}, "geometry": {"type": "Point", "coordinates": [55.144036, 25.033158]}}, {"type": "Feature", "properties": {"cell_id": "8843a13115fffff"}, "geometry": {"type": "Point", "coordinates": [55.134055, 25.023681]}}, {"type": "Feature", "properties": {"cell_id": "8843a13117fffff"}, "geometry": {"type": "Point", "coordinates": [55.142473, 25.02572]}}, {"type": "Feature", "properties": {"cell_id": "8843a13119fffff"}, "geometry": {"type": "Point", "coordinates": [55.12876, 25.036517]}}, {"type": "Feature", "properties": {"cell_id": "8843a1311bfffff"}, "geometry": {"type": "Point", "coordinates": [55.137179, 25.038557]}}, {"type": "Feature", "properties": {"cell_id": "8843a1311dfffff"}, "geometry": {"type": "Point", "coordinates": [55.127198, 25.029079]}}, {"type": "Feature", "properties": {"cell_id": "8843a13123fffff"}, "geometry": {"type": "Point", "coordinates": [55.129372, 25.001372]}}, {"type": "Feature", "properties": {"cell_id": "8843a13129fffff"}, "geometry": {"type": "Point", "coordinates": [55.114103, 25.00473]}}, {"type": "Feature", "properties": {"cell_id": "8843a1312bfffff"}, "geometry": {"type": "Point", "coordinates": [55.122517, 25.006769]}}, {"type": "Feature", "properties": {"cell_id": "8843a13131fffff"}, "geometry": {"type": "Point", "coordinates": [55.139349, 25.010846]}}, {"type": "Feature", "properties": {"cell_id": "8843a13133fffff"}, "geometry": {"type": "Point", "coordinates": [55.147766, 25.012884]}}, {"type": "Feature", "properties": {"cell_id": "8843a13135fffff"}, "geometry": {"type": "Point", "coordinates": [55.137787, 25.00341]}}, {"type": "Feature", "properties": {"cell_id": "8843a13137fffff"}, "geometry": {"type": "Point", "coordinates": [55.146203, 25.005448]}}, {"type": "Feature", "properties": {"cell_id": "8843a13139fffff"}, "geometry": {"type": "Point", "coordinates": [55.132494, 25.016244]}}, {"type": "Feature", "properties": {"cell_id": "8843a1313bfffff"}, "geometry": {"type": "Point", "coordinates": [55.140911, 25.018282]}}, {"type": "Feature", "properties": {"cell_id": "8843a1313dfffff"}, "geometry": {"type": "Point", "coordinates": [55.130932, 25.008808]}}, {"type": "Feature", "properties": {"cell_id": "8843a13141fffff"}, "geometry": {"type": "Point", "coordinates": [55.095091, 25.028354]}}, {"type": "Feature", "properties": {"cell_id": "8843a13143fffff"}, "geometry": {"type": "Point", "coordinates": [55.103507, 25.030395]}}, {"type": "Feature", "properties": {"cell_id": "8843a13145fffff"}, "geometry": {"type": "Point", "coordinates": [55.093535, 25.020917]}}, {"type": "Feature", "properties": {"cell_id": "8843a13147fffff"}, "geometry": {"type": "Point", "coordinates": [55.101949, 25.022958]}}, {"type": "Feature", "properties": {"cell_id": "8843a1314bfffff"}, "geometry": {"type": "Point", "coordinates": [55.096648, 25.035792]}}, {"type": "Feature", "properties": {"cell_id": "8843a1314dfffff"}, "geometry": {"type": "Point", "coordinates": [55.086677, 25.026313]}}, {"type": "Feature", "properties": {"cell_id": "8843a13151fffff"}, "geometry": {"type": "Point", "coordinates": [55.113483, 25.039875]}}, {"type": "Feature", "properties": {"cell_id": "8843a13153fffff"}, "geometry": {"type": "Point", "coordinates": [55.121901, 25.041916]}}, {"type": "Feature", "properties": {"cell_id": "8843a13155fffff"}, "geometry": {"type": "Point", "coordinates": [55.111923, 25.032436]}}, {"type": "Feature", "properties": {"cell_id": "8843a13157fffff"}, "geometry": {"type": "Point", "coordinates": [55.120341, 25.034477]}}, {"type": "Feature", "properties": {"cell_id": "8843a13159fffff"}, "geometry": {"type": "Point", "coordinates": [55.106624, 25.045273]}}, {"type": "Feature", "properties": {"cell_id": "8843a1315bfffff"}, "geometry": {"type": "Point", "coordinates": [55.115042, 25.047314]}}, {"type": "Feature", "properties": {"cell_id": "8843a1315dfffff"}, "geometry": {"type": "Point", "coordinates": [55.105065, 25.037834]}}, {"type": "Feature", "properties": {"cell_id": "8843a13161fffff"}, "geometry": {"type": "Point", "coordinates": [55.098834, 25.008086]}}, {"type": "Feature", "properties": {"cell_id": "8843a13163fffff"}, "geometry": {"type": "Point", "coordinates": [55.107248, 25.010126]}}, {"type": "Feature", "properties": {"cell_id": "8843a13165fffff"}, "geometry": {"type": "Point", "coordinates": [55.097278, 25.000651]}}, {"type": "Feature", "properties": {"cell_id": "8843a13167fffff"}, "geometry": {"type": "Point", "coordinates": [55.10569, 25.002691]}}, {"type": "Feature", "properties": {"cell_id": "8843a13169fffff"}, "geometry": {"type": "Point", "coordinates": [55.091978, 25.013481]}}, {"type": "Feature", "properties": {"cell_id": "8843a1316bfffff"}, "geometry": {"type": "Point", "coordinates": [55.100392, 25.015522]}}, {"type": "Feature", "properties": {"cell_id": "8843a1316dfffff"}, "geometry": {"type": "Point", "coordinates": [55.090422, 25.006046]}}, {"type": "Feature", "properties": {"cell_id": "8843a13181fffff"}, "geometry": {"type": "Point", "coordinates": [55.176157, 25.033873]}}, {"type": "Feature", "properties": {"cell_id": "8843a13183fffff"}, "geometry": {"type": "Point", "coordinates": [55.184581, 25.035911]}}, {"type": "Feature", "properties": {"cell_id": "8843a13185fffff"}, "geometry": {"type": "Point", "coordinates": [55.17459, 25.026434]}}, {"type": "Feature", "properties": {"cell_id": "8843a13187fffff"}, "geometry": {"type": "Point", "coordinates": [55.183012, 25.028471]}}, {"type": "Feature", "properties": {"cell_id": "8843a13189fffff"}, "geometry": {"type": "Point", "coordinates": [55.169301, 25.039274]}}, {"type": "Feature", "properties": {"cell_id": "8843a1318bfffff"}, "geometry": {"type": "Point", "coordinates": [55.177724, 25.041313]}}, {"type": "Feature", "properties": {"cell_id": "8843a1318dfffff"}, "geometry": {"type": "Point", "coordinates": [55.167735, 25.031835]}}, {"type": "Feature", "properties": {"cell_id": "8843a13191fffff"}, "geometry": {"type": "Point", "coordinates": [55.194575, 25.045388]}}, {"type": "Feature", "properties": {"cell_id": "8843a13193fffff"}, "geometry": {"type": "Point", "coordinates": [55.203001, 25.047425]}}, {"type": "Feature", "properties": {"cell_id": "8843a13195fffff"}, "geometry": {"type": "Point", "coordinates": [55.193005, 25.037948]}}, {"type": "Feature", "properties": {"cell_id": "8843a13197fffff"}, "geometry": {"type": "Point", "coordinates": [55.20143, 25.039985]}}, {"type": "Feature", "properties": {"cell_id": "8843a13199fffff"}, "geometry": {"type": "Point", "coordinates": [55.187718, 25.050791]}}, {"type": "Feature", "properties": {"cell_id": "8843a1319bfffff"}, "geometry": {"type": "Point", "coordinates": [55.196144, 25.052829]}}, {"type": "Feature", "properties": {"cell_id": "8843a1319dfffff"}, "geometry": {"type": "Point", "coordinates": [55.186149, 25.043351]}}, {"type": "Feature", "properties": {"cell_id": "8843a131a1fffff"}, "geometry": {"type": "Point", "coordinates": [55.179877, 25.013596]}}, {"type": "Feature", "properties": {"cell_id": "8843a131a3fffff"}, "geometry": {"type": "Point", "coordinates": [55.188299, 25.015632]}}, {"type": "Feature", "properties": {"cell_id": "8843a131a5fffff"}, "geometry": {"type": "Point", "coordinates": [55.17831, 25.006159]}}, {"type": "Feature", "properties": {"cell_id": "8843a131a7fffff"}, "geometry": {"type": "Point", "coordinates": [55.186731, 25.008195]}}, {"type": "Feature", "properties": {"cell_id": "8843a131a9fffff"}, "geometry": {"type": "Point", "coordinates": [55.173024, 25.018996]}}, {"type": "Feature", "properties": {"cell_id": "8843a131abfffff"}, "geometry": {"type": "Point", "coordinates": [55.181445, 25.021033]}}, {"type": "Feature", "properties": {"cell_id": "8843a131adfffff"}, "geometry": {"type": "Point", "coordinates": [55.171457, 25.011559]}}, {"type": "Feature", "properties": {"cell_id": "8843a131b1fffff"}, "geometry": {"type": "Point", "coordinates": [55.19829, 25.025106]}}, {"type": "Feature", "properties": {"cell_id": "8843a131b3fffff"}, "geometry": {"type": "Point", "coordinates": [55.206715, 25.027142]}}, {"type": "Feature", "properties": {"cell_id": "8843a131b5fffff"}, "geometry": {"type": "Point", "coordinates": [55.196721, 25.017668]}}, {"type": "Feature", "properties": {"cell_id": "8843a131b7fffff"}, "geometry": {"type": "Point", "coordinates": [55.205144, 25.019703]}}, {"type": "Feature", "properties": {"cell_id": "8843a131b9fffff"}, "geometry": {"type": "Point", "coordinates": [55.191436, 25.030508]}}, {"type": "Feature", "properties": {"cell_id": "8843a131bbfffff"}, "geometry": {"type": "Point", "coordinates": [55.19986, 25.032545]}}, {"type": "Feature", "properties": {"cell_id": "8843a131bdfffff"}, "geometry": {"type": "Point", "coordinates": [55.189867, 25.02307]}}, {"type": "Feature", "properties": {"cell_id": "8843a131c1fffff"}, "geometry": {"type": "Point", "coordinates": [55.154021, 25.042637]}}, {"type": "Feature", "properties": {"cell_id": "8843a131c3fffff"}, "geometry": {"type": "Point", "coordinates": [55.162444, 25.044676]}}, {"type": "Feature", "properties": {"cell_id": "8843a131c5fffff"}, "geometry": {"type": "Point", "coordinates": [55.152457, 25.035197]}}, {"type": "Feature", "properties": {"cell_id": "8843a131c7fffff"}, "geometry": {"type": "Point", "coordinates": [55.160878, 25.037236]}}, {"type": "Feature", "properties": {"cell_id": "8843a131c9fffff"}, "geometry": {"type": "Point", "coordinates": [55.147163, 25.048037]}}, {"type": "Feature", "properties": {"cell_id": "8843a131cbfffff"}, "geometry": {"type": "Point", "coordinates": [55.155586, 25.050077]}}, {"type": "Feature", "properties": {"cell_id": "8843a131cdfffff"}, "geometry": {"type": "Point", "coordinates": [55.1456, 25.040597]}}, {"type": "Feature", "properties": {"cell_id": "8843a131d1fffff"}, "geometry": {"type": "Point", "coordinates": [55.172435, 25.054156]}}, {"type": "Feature", "properties": {"cell_id": "8843a131d3fffff"}, "geometry": {"type": "Point", "coordinates": [55.18086, 25.056195]}}, {"type": "Feature", "properties": {"cell_id": "8843a131d5fffff"}, "geometry": {"type": "Point", "coordinates": [55.170868, 25.046715]}}, {"type": "Feature", "properties": {"cell_id": "8843a131d7fffff"}, "geometry": {"type": "Point", "coordinates": [55.179292, 25.048753]}}, {"type": "Feature", "properties": {"cell_id": "8843a131d9fffff"}, "geometry": {"type": "Point", "coordinates": [55.165576, 25.059558]}}, {"type": "Feature", "properties": {"cell_id": "8843a131dbfffff"}, "geometry": {"type": "Point", "coordinates": [55.174002, 25.061597]}}, {"type": "Feature", "properties": {"cell_id": "8843a131ddfffff"}, "geometry": {"type": "Point", "coordinates": [55.16401, 25.052116]}}, {"type": "Feature", "properties": {"cell_id": "8843a131e1fffff"}, "geometry": {"type": "Point", "coordinates": [55.157748, 25.022359]}}, {"type": "Feature", "properties": {"cell_id": "8843a131e3fffff"}, "geometry": {"type": "Point", "coordinates": [55.166169, 25.024397]}}, {"type": "Feature", "properties": {"cell_id": "8843a131e5fffff"}, "geometry": {"type": "Point", "coordinates": [55.156184, 25.014922]}}, {"type": "Feature", "properties": {"cell_id": "8843a131e7fffff"}, "geometry": {"type": "Point", "coordinates": [55.164603, 25.016959]}}, {"type": "Feature", "properties": {"cell_id": "8843a131e9fffff"}, "geometry": {"type": "Point", "coordinates": [55.150893, 25.027759]}}, {"type": "Feature", "properties": {"cell_id": "8843a131ebfffff"}, "geometry": {"type": "Point", "coordinates": [55.159313, 25.029797]}}, {"type": "Feature", "properties": {"cell_id": "8843a131edfffff"}, "geometry": {"type": "Point", "coordinates": [55.149329, 25.020321]}}, {"type": "Feature", "properties": {"cell_id": "8843a13213fffff"}, "geometry": {"type": "Point", "coordinates": [55.106934, 25.123066]}}, {"type": "Feature", "properties": {"cell_id": "8843a1321bfffff"}, "geometry": {"type": "Point", "coordinates": [55.100066, 25.128468]}}, {"type": "Feature", "properties": {"cell_id": "8843a13281fffff"}, "geometry": {"type": "Point", "coordinates": [55.139091, 25.1238]}}, {"type": "Feature", "properties": {"cell_id": "8843a13283fffff"}, "geometry": {"type": "Point", "coordinates": [55.147522, 25.125844]}}, {"type": "Feature", "properties": {"cell_id": "8843a13285fffff"}, "geometry": {"type": "Point", "coordinates": [55.137526, 25.116352]}}, {"type": "Feature", "properties": {"cell_id": "8843a13287fffff"}, "geometry": {"type": "Point", "coordinates": [55.145957, 25.118396]}}, {"type": "Feature", "properties": {"cell_id": "8843a13289fffff"}, "geometry": {"type": "Point", "coordinates": [55.132224, 25.129204]}}, {"type": "Feature", "properties": {"cell_id": "8843a1328bfffff"}, "geometry": {"type": "Point", "coordinates": [55.140656, 25.131249]}}, {"type": "Feature", "properties": {"cell_id": "8843a1328dfffff"}, "geometry": {"type": "Point", "coordinates": [55.13066, 25.121755]}}, {"type": "Feature", "properties": {"cell_id": "8843a13291fffff"}, "geometry": {"type": "Point", "coordinates": [55.157522, 25.135338]}}, {"type": "Feature", "properties": {"cell_id": "8843a13295fffff"}, "geometry": {"type": "Point", "coordinates": [55.155955, 25.127889]}}, {"type": "Feature", "properties": {"cell_id": "8843a13297fffff"}, "geometry": {"type": "Point", "coordinates": [55.164389, 25.129933]}}, {"type": "Feature", "properties": {"cell_id": "8843a13299fffff"}, "geometry": {"type": "Point", "coordinates": [55.150655, 25.140744]}}, {"type": "Feature", "properties": {"cell_id": "8843a1329dfffff"}, "geometry": {"type": "Point", "coordinates": [55.149088, 25.133294]}}, {"type": "Feature", "properties": {"cell_id": "8843a132a1fffff"}, "geometry": {"type": "Point", "coordinates": [55.142827, 25.103501]}}, {"type": "Feature", "properties": {"cell_id": "8843a132a5fffff"}, "geometry": {"type": "Point", "coordinates": [55.141262, 25.096055]}}, {"type": "Feature", "properties": {"cell_id": "8843a132a9fffff"}, "geometry": {"type": "Point", "coordinates": [55.135962, 25.108904]}}, {"type": "Feature", "properties": {"cell_id": "8843a132abfffff"}, "geometry": {"type": "Point", "coordinates": [55.144392, 25.110948]}}, {"type": "Feature", "properties": {"cell_id": "8843a132adfffff"}, "geometry": {"type": "Point", "coordinates": [55.134398, 25.101458]}}, {"type": "Feature", "properties": {"cell_id": "8843a132b5fffff"}, "geometry": {"type": "Point", "coordinates": [55.159687, 25.107587]}}, {"type": "Feature", "properties": {"cell_id": "8843a132b7fffff"}, "geometry": {"type": "Point", "coordinates": [55.168118, 25.10963]}}, {"type": "Feature", "properties": {"cell_id": "8843a132b9fffff"}, "geometry": {"type": "Point", "coordinates": [55.154388, 25.12044]}}, {"type": "Feature", "properties": {"cell_id": "8843a132bbfffff"}, "geometry": {"type": "Point", "coordinates": [55.162821, 25.122483]}}, {"type": "Feature", "properties": {"cell_id": "8843a132bdfffff"}, "geometry": {"type": "Point", "coordinates": [55.152822, 25.112992]}}, {"type": "Feature", "properties": {"cell_id": "8843a132c1fffff"}, "geometry": {"type": "Point", "coordinates": [55.116925, 25.132561]}}, {"type": "Feature", "properties": {"cell_id": "8843a132c3fffff"}, "geometry": {"type": "Point", "coordinates": [55.125356, 25.134607]}}, {"type": "Feature", "properties": {"cell_id": "8843a132c5fffff"}, "geometry": {"type": "Point", "coordinates": [55.115363, 25.125112]}}, {"type": "Feature", "properties": {"cell_id": "8843a132c7fffff"}, "geometry": {"type": "Point", "coordinates": [55.123793, 25.127158]}}, {"type": "Feature", "properties": {"cell_id": "8843a132c9fffff"}, "geometry": {"type": "Point", "coordinates": [55.110057, 25.137964]}}, {"type": "Feature", "properties": {"cell_id": "8843a132cbfffff"}, "geometry": {"type": "Point", "coordinates": [55.118488, 25.140011]}}, {"type": "Feature", "properties": {"cell_id": "8843a132cdfffff"}, "geometry": {"type": "Point", "coordinates": [55.108495, 25.130515]}}, {"type": "Feature", "properties": {"cell_id": "8843a132d1fffff"}, "geometry": {"type": "Point", "coordinates": [55.135353, 25.144104]}}, {"type": "Feature", "properties": {"cell_id": "8843a132d3fffff"}, "geometry": {"type": "Point", "coordinates": [55.143787, 25.14615]}}, {"type": "Feature", "properties": {"cell_id": "8843a132d5fffff"}, "geometry": {"type": "Point", "coordinates": [55.133788, 25.136653]}}, {"type": "Feature", "properties": {"cell_id": "8843a132d7fffff"}, "geometry": {"type": "Point", "coordinates": [55.142221, 25.138699]}}, {"type": "Feature", "properties": {"cell_id": "8843a132ddfffff"}, "geometry": {"type": "Point", "coordinates": [55.12692, 25.142057]}}, {"type": "Feature", "properties": {"cell_id": "8843a132e1fffff"}, "geometry": {"type": "Point", "coordinates": [55.120668, 25.112262]}}, {"type": "Feature", "properties": {"cell_id": "8843a132e3fffff"}, "geometry": {"type": "Point", "coordinates": [55.129097, 25.114307]}}, {"type": "Feature", "properties": {"cell_id": "8843a132e7fffff"}, "geometry": {"type": "Point", "coordinates": [55.127534, 25.10686]}}, {"type": "Feature", "properties": {"cell_id": "8843a132e9fffff"}, "geometry": {"type": "Point", "coordinates": [55.113802, 25.117664]}}, {"type": "Feature", "properties": {"cell_id": "8843a132ebfffff"}, "geometry": {"type": "Point", "coordinates": [55.12223, 25.11971]}}, {"type": "Feature", "properties": {"cell_id": "8843a13401fffff"}, "geometry": {"type": "Point", "coordinates": [55.257227, 25.152396]}}, {"type": "Feature", "properties": {"cell_id": "8843a13403fffff"}, "geometry": {"type": "Point", "coordinates": [55.265673, 25.154437]}}, {"type": "Feature", "properties": {"cell_id": "8843a13405fffff"}, "geometry": {"type": "Point", "coordinates": [55.255647, 25.144943]}}, {"type": "Feature", "properties": {"cell_id": "8843a13407fffff"}, "geometry": {"type": "Point", "coordinates": [55.264092, 25.146983]}}, {"type": "Feature", "properties": {"cell_id": "8843a13409fffff"}, "geometry": {"type": "Point", "coordinates": [55.250361, 25.157809]}}, {"type": "Feature", "properties": {"cell_id": "8843a1340bfffff"}, "geometry": {"type": "Point", "coordinates": [55.258807, 25.15985]}}, {"type": "Feature", "properties": {"cell_id": "8843a1340dfffff"}, "geometry": {"type": "Point", "coordinates": [55.248782, 25.150356]}}, {"type": "Feature", "properties": {"cell_id": "8843a13411fffff"}, "geometry": {"type": "Point", "coordinates": [55.275702, 25.163931]}}, {"type": "Feature", "properties": {"cell_id": "8843a13413fffff"}, "geometry": {"type": "Point", "coordinates": [55.284151, 25.165972]}}, {"type": "Feature", "properties": {"cell_id": "8843a13415fffff"}, "geometry": {"type": "Point", "coordinates": [55.27412, 25.156477]}}, {"type": "Feature", "properties": {"cell_id": "8843a13417fffff"}, "geometry": {"type": "Point", "coordinates": [55.282567, 25.158517]}}, {"type": "Feature", "properties": {"cell_id": "8843a13419fffff"}, "geometry": {"type": "Point", "coordinates": [55.268836, 25.169346]}}, {"type": "Feature", "properties": {"cell_id": "8843a1341bfffff"}, "geometry": {"type": "Point", "coordinates": [55.277285, 25.171387]}}, {"type": "Feature", "properties": {"cell_id": "8843a1341dfffff"}, "geometry": {"type": "Point", "coordinates": [55.267254, 25.161891]}}, {"type": "Feature", "properties": {"cell_id": "8843a13421fffff"}, "geometry": {"type": "Point", "coordinates": [55.260931, 25.132079]}}, {"type": "Feature", "properties": {"cell_id": "8843a13423fffff"}, "geometry": {"type": "Point", "coordinates": [55.269374, 25.134118]}}, {"type": "Feature", "properties": {"cell_id": "8843a13425fffff"}, "geometry": {"type": "Point", "coordinates": [55.259351, 25.124628]}}, {"type": "Feature", "properties": {"cell_id": "8843a13427fffff"}, "geometry": {"type": "Point", "coordinates": [55.267793, 25.126667]}}, {"type": "Feature", "properties": {"cell_id": "8843a13429fffff"}, "geometry": {"type": "Point", "coordinates": [55.254067, 25.137491]}}, {"type": "Feature", "properties": {"cell_id": "8843a1342bfffff"}, "geometry": {"type": "Point", "coordinates": [55.262511, 25.139531]}}, {"type": "Feature", "properties": {"cell_id": "8843a1342dfffff"}, "geometry": {"type": "Point", "coordinates": [55.252488, 25.13004]}}, {"type": "Feature", "properties": {"cell_id": "8843a13431fffff"}, "geometry": {"type": "Point", "coordinates": [55.279401, 25.143609]}}, {"type": "Feature", "properties": {"cell_id": "8843a13433fffff"}, "geometry": {"type": "Point", "coordinates": [55.287848, 25.145648]}}, {"type": "Feature", "properties": {"cell_id": "8843a13435fffff"}, "geometry": {"type": "Point", "coordinates": [55.277819, 25.136157]}}, {"type": "Feature", "properties": {"cell_id": "8843a13437fffff"}, "geometry": {"type": "Point", "coordinates": [55.286264, 25.138195]}}, {"type": "Feature", "properties": {"cell_id": "8843a13439fffff"}, "geometry": {"type": "Point", "coordinates": [55.272537, 25.149023]}}, {"type": "Feature", "properties": {"cell_id": "8843a1343bfffff"}, "geometry": {"type": "Point", "coordinates": [55.280984, 25.151062]}}, {"type": "Feature", "properties": {"cell_id": "8843a1343dfffff"}, "geometry": {"type": "Point", "coordinates": [55.270956, 25.14157]}}, {"type": "Feature", "properties": {"cell_id": "8843a13441fffff"}, "geometry": {"type": "Point", "coordinates": [55.23505, 25.16118]}}, {"type": "Feature", "properties": {"cell_id": "8843a13443fffff"}, "geometry": {"type": "Point", "coordinates": [55.243495, 25.163222]}}, {"type": "Feature", "properties": {"cell_id": "8843a13445fffff"}, "geometry": {"type": "Point", "coordinates": [55.233472, 25.153726]}}, {"type": "Feature", "properties": {"cell_id": "8843a13447fffff"}, "geometry": {"type": "Point", "coordinates": [55.241916, 25.155768]}}, {"type": "Feature", "properties": {"cell_id": "8843a13449fffff"}, "geometry": {"type": "Point", "coordinates": [55.228182, 25.166592]}}, {"type": "Feature", "properties": {"cell_id": "8843a1344bfffff"}, "geometry": {"type": "Point", "coordinates": [55.236627, 25.168635]}}, {"type": "Feature", "properties": {"cell_id": "8843a1344dfffff"}, "geometry": {"type": "Point", "coordinates": [55.226606, 25.159138]}}, {"type": "Feature", "properties": {"cell_id": "8843a13451fffff"}, "geometry": {"type": "Point", "coordinates": [55.253521, 25.172719]}}, {"type": "Feature", "properties": {"cell_id": "8843a13453fffff"}, "geometry": {"type": "Point", "coordinates": [55.261969, 25.174761]}}, {"type": "Feature", "properties": {"cell_id": "8843a13455fffff"}, "geometry": {"type": "Point", "coordinates": [55.251941, 25.165264]}}, {"type": "Feature", "properties": {"cell_id": "8843a13457fffff"}, "geometry": {"type": "Point", "coordinates": [55.260388, 25.167305]}}, {"type": "Feature", "properties": {"cell_id": "8843a13459fffff"}, "geometry": {"type": "Point", "coordinates": [55.246653, 25.178133]}}, {"type": "Feature", "properties": {"cell_id": "8843a1345bfffff"}, "geometry": {"type": "Point", "coordinates": [55.255101, 25.180175]}}, {"type": "Feature", "properties": {"cell_id": "8843a1345dfffff"}, "geometry": {"type": "Point", "coordinates": [55.245073, 25.170677]}}, {"type": "Feature", "properties": {"cell_id": "8843a13461fffff"}, "geometry": {"type": "Point", "coordinates": [55.23876, 25.140862]}}, {"type": "Feature", "properties": {"cell_id": "8843a13463fffff"}, "geometry": {"type": "Point", "coordinates": [55.247203, 25.142903]}}, {"type": "Feature", "properties": {"cell_id": "8843a13465fffff"}, "geometry": {"type": "Point", "coordinates": [55.237183, 25.133411]}}, {"type": "Feature", "properties": {"cell_id": "8843a13467fffff"}, "geometry": {"type": "Point", "coordinates": [55.245625, 25.135451]}}, {"type": "Feature", "properties": {"cell_id": "8843a13469fffff"}, "geometry": {"type": "Point", "coordinates": [55.231895, 25.146274]}}, {"type": "Feature", "properties": {"cell_id": "8843a1346bfffff"}, "geometry": {"type": "Point", "coordinates": [55.240338, 25.148315]}}, {"type": "Feature", "properties": {"cell_id": "8843a1346dfffff"}, "geometry": {"type": "Point", "coordinates": [55.230319, 25.138821]}}, {"type": "Feature", "properties": {"cell_id": "8843a13481fffff"}, "geometry": {"type": "Point", "coordinates": [55.316369, 25.166672]}}, {"type": "Feature", "properties": {"cell_id": "8843a13483fffff"}, "geometry": {"type": "Point", "coordinates": [55.324822, 25.168711]}}, {"type": "Feature", "properties": {"cell_id": "8843a13485fffff"}, "geometry": {"type": "Point", "coordinates": [55.314781, 25.159217]}}, {"type": "Feature", "properties": {"cell_id": "8843a13487fffff"}, "geometry": {"type": "Point", "coordinates": [55.323233, 25.161255]}}, {"type": "Feature", "properties": {"cell_id": "8843a13489fffff"}, "geometry": {"type": "Point", "coordinates": [55.309504, 25.17209]}}, {"type": "Feature", "properties": {"cell_id": "8843a1348bfffff"}, "geometry": {"type": "Point", "coordinates": [55.317957, 25.174129]}}, {"type": "Feature", "properties": {"cell_id": "8843a1348dfffff"}, "geometry": {"type": "Point", "coordinates": [55.307917, 25.164634]}}, {"type": "Feature", "properties": {"cell_id": "8843a13491fffff"}, "geometry": {"type": "Point", "coordinates": [55.334866, 25.178206]}}, {"type": "Feature", "properties": {"cell_id": "8843a13493fffff"}, "geometry": {"type": "Point", "coordinates": [55.343322, 25.180244]}}, {"type": "Feature", "properties": {"cell_id": "8843a13495fffff"}, "geometry": {"type": "Point", "coordinates": [55.333276, 25.170749]}}, {"type": "Feature", "properties": {"cell_id": "8843a13497fffff"}, "geometry": {"type": "Point", "coordinates": [55.341731, 25.172786]}}, {"type": "Feature", "properties": {"cell_id": "8843a13499fffff"}, "geometry": {"type": "Point", "coordinates": [55.328, 25.183625]}}, {"type": "Feature", "properties": {"cell_id": "8843a1349bfffff"}, "geometry": {"type": "Point", "coordinates": [55.336457, 25.185664]}}, {"type": "Feature", "properties": {"cell_id": "8843a1349dfffff"}, "geometry": {"type": "Point", "coordinates": [55.326411, 25.176167]}}, {"type": "Feature", "properties": {"cell_id": "8843a134a1fffff"}, "geometry": {"type": "Point", "coordinates": [55.320057, 25.146345]}}, {"type": "Feature", "properties": {"cell_id": "8843a134a3fffff"}, "geometry": {"type": "Point", "coordinates": [55.328507, 25.148382]}}, {"type": "Feature", "properties": {"cell_id": "8843a134a5fffff"}, "geometry": {"type": "Point", "coordinates": [55.318469, 25.138892]}}, {"type": "Feature", "properties": {"cell_id": "8843a134a7fffff"}, "geometry": {"type": "Point", "coordinates": [55.326919, 25.140929]}}, {"type": "Feature", "properties": {"cell_id": "8843a134a9fffff"}, "geometry": {"type": "Point", "coordinates": [55.313194, 25.151762]}}, {"type": "Feature", "properties": {"cell_id": "8843a134abfffff"}, "geometry": {"type": "Point", "coordinates": [55.321645, 25.1538]}}, {"type": "Feature", "properties": {"cell_id": "8843a134adfffff"}, "geometry": {"type": "Point", "coordinates": [55.311607, 25.144308]}}, {"type": "Feature", "properties": {"cell_id": "8843a134b1fffff"}, "geometry": {"type": "Point", "coordinates": [55.338549, 25.157874]}}, {"type": "Feature", "properties": {"cell_id": "8843a134b3fffff"}, "geometry": {"type": "Point", "coordinates": [55.347003, 25.15991]}}, {"type": "Feature", "properties": {"cell_id": "8843a134b5fffff"}, "geometry": {"type": "Point", "coordinates": [55.336959, 25.150419]}}, {"type": "Feature", "properties": {"cell_id": "8843a134b7fffff"}, "geometry": {"type": "Point", "coordinates": [55.345412, 25.152455]}}, {"type": "Feature", "properties": {"cell_id": "8843a134b9fffff"}, "geometry": {"type": "Point", "coordinates": [55.331686, 25.163292]}}, {"type": "Feature", "properties": {"cell_id": "8843a134bbfffff"}, "geometry": {"type": "Point", "coordinates": [55.34014, 25.16533]}}, {"type": "Feature", "properties": {"cell_id": "8843a134bdfffff"}, "geometry": {"type": "Point", "coordinates": [55.330097, 25.155837]}}, {"type": "Feature", "properties": {"cell_id": "8843a134c1fffff"}, "geometry": {"type": "Point", "coordinates": [55.294186, 25.175468]}}, {"type": "Feature", "properties": {"cell_id": "8843a134c3fffff"}, "geometry": {"type": "Point", "coordinates": [55.302638, 25.177507]}}, {"type": "Feature", "properties": {"cell_id": "8843a134c5fffff"}, "geometry": {"type": "Point", "coordinates": [55.292601, 25.168011]}}, {"type": "Feature", "properties": {"cell_id": "8843a134c7fffff"}, "geometry": {"type": "Point", "coordinates": [55.301052, 25.170051]}}, {"type": "Feature", "properties": {"cell_id": "8843a134c9fffff"}, "geometry": {"type": "Point", "coordinates": [55.287319, 25.180884]}}, {"type": "Feature", "properties": {"cell_id": "8843a134cbfffff"}, "geometry": {"type": "Point", "coordinates": [55.295771, 25.182925]}}, {"type": "Feature", "properties": {"cell_id": "8843a134cdfffff"}, "geometry": {"type": "Point", "coordinates": [55.285735, 25.173427]}}, {"type": "Feature", "properties": {"cell_id": "8843a134d1fffff"}, "geometry": {"type": "Point", "coordinates": [55.312679, 25.187005]}}, {"type": "Feature", "properties": {"cell_id": "8843a134d3fffff"}, "geometry": {"type": "Point", "coordinates": [55.321134, 25.189044]}}, {"type": "Feature", "properties": {"cell_id": "8843a134d5fffff"}, "geometry": {"type": "Point", "coordinates": [55.311091, 25.179547]}}, {"type": "Feature", "properties": {"cell_id": "8843a134d7fffff"}, "geometry": {"type": "Point", "coordinates": [55.319545, 25.181586]}}, {"type": "Feature", "properties": {"cell_id": "8843a134d9fffff"}, "geometry": {"type": "Point", "coordinates": [55.305812, 25.192423]}}, {"type": "Feature", "properties": {"cell_id": "8843a134dbfffff"}, "geometry": {"type": "Point", "coordinates": [55.314267, 25.194463]}}, {"type": "Feature", "properties": {"cell_id": "8843a134ddfffff"}, "geometry": {"type": "Point", "coordinates": [55.304225, 25.184965]}}, {"type": "Feature", "properties": {"cell_id": "8843a134e1fffff"}, "geometry": {"type": "Point", "coordinates": [55.297881, 25.15514]}}, {"type": "Feature", "properties": {"cell_id": "8843a134e3fffff"}, "geometry": {"type": "Point", "coordinates": [55.306331, 25.157179]}}, {"type": "Feature", "properties": {"cell_id": "8843a134e5fffff"}, "geometry": {"type": "Point", "coordinates": [55.296296, 25.147686]}}, {"type": "Feature", "properties": {"cell_id": "8843a134e7fffff"}, "geometry": {"type": "Point", "coordinates": [55.304744, 25.149724]}}, {"type": "Feature", "properties": {"cell_id": "8843a134e9fffff"}, "geometry": {"type": "Point", "coordinates": [55.291016, 25.160556]}}, {"type": "Feature", "properties": {"cell_id": "8843a134ebfffff"}, "geometry": {"type": "Point", "coordinates": [55.299466, 25.162595]}}, {"type": "Feature", "properties": {"cell_id": "8843a134edfffff"}, "geometry": {"type": "Point", "coordinates": [55.289432, 25.153101]}}, {"type": "Feature", "properties": {"cell_id": "8843a13501fffff"}, "geometry": {"type": "Point", "coordinates": [55.246175, 25.100242]}}, {"type": "Feature", "properties": {"cell_id": "8843a13503fffff"}, "geometry": {"type": "Point", "coordinates": [55.254613, 25.10228]}}, {"type": "Feature", "properties": {"cell_id": "8843a13505fffff"}, "geometry": {"type": "Point", "coordinates": [55.244598, 25.092795]}}, {"type": "Feature", "properties": {"cell_id": "8843a13507fffff"}, "geometry": {"type": "Point", "coordinates": [55.253035, 25.094833]}}, {"type": "Feature", "properties": {"cell_id": "8843a13509fffff"}, "geometry": {"type": "Point", "coordinates": [55.239315, 25.105652]}}, {"type": "Feature", "properties": {"cell_id": "8843a1350bfffff"}, "geometry": {"type": "Point", "coordinates": [55.247753, 25.10769]}}, {"type": "Feature", "properties": {"cell_id": "8843a1350dfffff"}, "geometry": {"type": "Point", "coordinates": [55.237738, 25.098204]}}, {"type": "Feature", "properties": {"cell_id": "8843a13511fffff"}, "geometry": {"type": "Point", "coordinates": [55.264633, 25.111766]}}, {"type": "Feature", "properties": {"cell_id": "8843a13513fffff"}, "geometry": {"type": "Point", "coordinates": [55.273074, 25.113804]}}, {"type": "Feature", "properties": {"cell_id": "8843a13515fffff"}, "geometry": {"type": "Point", "coordinates": [55.263053, 25.104318]}}, {"type": "Feature", "properties": {"cell_id": "8843a13517fffff"}, "geometry": {"type": "Point", "coordinates": [55.271493, 25.106355]}}, {"type": "Feature", "properties": {"cell_id": "8843a13519fffff"}, "geometry": {"type": "Point", "coordinates": [55.257771, 25.117178]}}, {"type": "Feature", "properties": {"cell_id": "8843a1351bfffff"}, "geometry": {"type": "Point", "coordinates": [55.266213, 25.119216]}}, {"type": "Feature", "properties": {"cell_id": "8843a1351dfffff"}, "geometry": {"type": "Point", "coordinates": [55.256192, 25.109729]}}, {"type": "Feature", "properties": {"cell_id": "8843a13521fffff"}, "geometry": {"type": "Point", "coordinates": [55.249879, 25.07994]}}, {"type": "Feature", "properties": {"cell_id": "8843a13523fffff"}, "geometry": {"type": "Point", "coordinates": [55.258315, 25.081977]}}, {"type": "Feature", "properties": {"cell_id": "8843a13525fffff"}, "geometry": {"type": "Point", "coordinates": [55.248302, 25.072495]}}, {"type": "Feature", "properties": {"cell_id": "8843a13527fffff"}, "geometry": {"type": "Point", "coordinates": [55.256737, 25.074531]}}, {"type": "Feature", "properties": {"cell_id": "8843a13529fffff"}, "geometry": {"type": "Point", "coordinates": [55.243021, 25.085349]}}, {"type": "Feature", "properties": {"cell_id": "8843a1352bfffff"}, "geometry": {"type": "Point", "coordinates": [55.251457, 25.087386]}}, {"type": "Feature", "properties": {"cell_id": "8843a1352dfffff"}, "geometry": {"type": "Point", "coordinates": [55.241445, 25.077903]}}, {"type": "Feature", "properties": {"cell_id": "8843a13531fffff"}, "geometry": {"type": "Point", "coordinates": [55.268332, 25.091459]}}, {"type": "Feature", "properties": {"cell_id": "8843a13533fffff"}, "geometry": {"type": "Point", "coordinates": [55.276771, 25.093496]}}, {"type": "Feature", "properties": {"cell_id": "8843a13535fffff"}, "geometry": {"type": "Point", "coordinates": [55.266752, 25.084013]}}, {"type": "Feature", "properties": {"cell_id": "8843a13537fffff"}, "geometry": {"type": "Point", "coordinates": [55.27519, 25.086049]}}, {"type": "Feature", "properties": {"cell_id": "8843a13539fffff"}, "geometry": {"type": "Point", "coordinates": [55.261473, 25.09687]}}, {"type": "Feature", "properties": {"cell_id": "8843a1353bfffff"}, "geometry": {"type": "Point", "coordinates": [55.269912, 25.098907]}}, {"type": "Feature", "properties": {"cell_id": "8843a1353dfffff"}, "geometry": {"type": "Point", "coordinates": [55.259894, 25.089423]}}, {"type": "Feature", "properties": {"cell_id": "8843a13541fffff"}, "geometry": {"type": "Point", "coordinates": [55.224016, 25.109022]}}, {"type": "Feature", "properties": {"cell_id": "8843a13543fffff"}, "geometry": {"type": "Point", "coordinates": [55.232453, 25.111061]}}, {"type": "Feature", "properties": {"cell_id": "8843a13545fffff"}, "geometry": {"type": "Point", "coordinates": [55.222441, 25.101574]}}, {"type": "Feature", "properties": {"cell_id": "8843a13547fffff"}, "geometry": {"type": "Point", "coordinates": [55.230877, 25.103613]}}, {"type": "Feature", "properties": {"cell_id": "8843a13549fffff"}, "geometry": {"type": "Point", "coordinates": [55.217154, 25.11443]}}, {"type": "Feature", "properties": {"cell_id": "8843a1354bfffff"}, "geometry": {"type": "Point", "coordinates": [55.225591, 25.11647]}}, {"type": "Feature", "properties": {"cell_id": "8843a1354dfffff"}, "geometry": {"type": "Point", "coordinates": [55.21558, 25.106982]}}, {"type": "Feature", "properties": {"cell_id": "8843a13551fffff"}, "geometry": {"type": "Point", "coordinates": [55.242469, 25.12055]}}, {"type": "Feature", "properties": {"cell_id": "8843a13553fffff"}, "geometry": {"type": "Point", "coordinates": [55.250909, 25.122589]}}, {"type": "Feature", "properties": {"cell_id": "8843a13555fffff"}, "geometry": {"type": "Point", "coordinates": [55.240892, 25.1131]}}, {"type": "Feature", "properties": {"cell_id": "8843a13557fffff"}, "geometry": {"type": "Point", "coordinates": [55.249331, 25.115139]}}, {"type": "Feature", "properties": {"cell_id": "8843a13559fffff"}, "geometry": {"type": "Point", "coordinates": [55.235606, 25.12596]}}, {"type": "Feature", "properties": {"cell_id": "8843a1355bfffff"}, "geometry": {"type": "Point", "coordinates": [55.244047, 25.128]}}, {"type": "Feature", "properties": {"cell_id": "8843a1355dfffff"}, "geometry": {"type": "Point", "coordinates": [55.23403, 25.11851]}}, {"type": "Feature", "properties": {"cell_id": "8843a13561fffff"}, "geometry": {"type": "Point", "coordinates": [55.227727, 25.088719]}}, {"type": "Feature", "properties": {"cell_id": "8843a13563fffff"}, "geometry": {"type": "Point", "coordinates": [55.236162, 25.090757]}}, {"type": "Feature", "properties": {"cell_id": "8843a13565fffff"}, "geometry": {"type": "Point", "coordinates": [55.226152, 25.081273]}}, {"type": "Feature", "properties": {"cell_id": "8843a13567fffff"}, "geometry": {"type": "Point", "coordinates": [55.234586, 25.083311]}}, {"type": "Feature", "properties": {"cell_id": "8843a13569fffff"}, "geometry": {"type": "Point", "coordinates": [55.220867, 25.094127]}}, {"type": "Feature", "properties": {"cell_id": "8843a1356bfffff"}, "geometry": {"type": "Point", "coordinates": [55.229302, 25.096165]}}, {"type": "Feature", "properties": {"cell_id": "8843a1356dfffff"}, "geometry": {"type": "Point", "coordinates": [55.219293, 25.086681]}}, {"type": "Feature", "properties": {"cell_id": "8843a13581fffff"}, "geometry": {"type": "Point", "coordinates": [55.305264, 25.114501]}}, {"type": "Feature", "properties": {"cell_id": "8843a13583fffff"}, "geometry": {"type": "Point", "coordinates": [55.313709, 25.116537]}}, {"type": "Feature", "properties": {"cell_id": "8843a13585fffff"}, "geometry": {"type": "Point", "coordinates": [55.303679, 25.107052]}}, {"type": "Feature", "properties": {"cell_id": "8843a13587fffff"}, "geometry": {"type": "Point", "coordinates": [55.312123, 25.109087]}}, {"type": "Feature", "properties": {"cell_id": "8843a13589fffff"}, "geometry": {"type": "Point", "coordinates": [55.298404, 25.119915]}}, {"type": "Feature", "properties": {"cell_id": "8843a1358bfffff"}, "geometry": {"type": "Point", "coordinates": [55.306849, 25.121952]}}, {"type": "Feature", "properties": {"cell_id": "8843a1358dfffff"}, "geometry": {"type": "Point", "coordinates": [55.296819, 25.112465]}}, {"type": "Feature", "properties": {"cell_id": "8843a13591fffff"}, "geometry": {"type": "Point", "coordinates": [55.323743, 25.126024]}}, {"type": "Feature", "properties": {"cell_id": "8843a13593fffff"}, "geometry": {"type": "Point", "coordinates": [55.332191, 25.128059]}}, {"type": "Feature", "properties": {"cell_id": "8843a13595fffff"}, "geometry": {"type": "Point", "coordinates": [55.322155, 25.118572]}}, {"type": "Feature", "properties": {"cell_id": "8843a13597fffff"}, "geometry": {"type": "Point", "coordinates": [55.330602, 25.120608]}}, {"type": "Feature", "properties": {"cell_id": "8843a13599fffff"}, "geometry": {"type": "Point", "coordinates": [55.316882, 25.131439]}}, {"type": "Feature", "properties": {"cell_id": "8843a1359bfffff"}, "geometry": {"type": "Point", "coordinates": [55.32533, 25.133476]}}, {"type": "Feature", "properties": {"cell_id": "8843a1359dfffff"}, "geometry": {"type": "Point", "coordinates": [55.315295, 25.123988]}}, {"type": "Feature", "properties": {"cell_id": "8843a135a1fffff"}, "geometry": {"type": "Point", "coordinates": [55.308952, 25.09419]}}, {"type": "Feature", "properties": {"cell_id": "8843a135a3fffff"}, "geometry": {"type": "Point", "coordinates": [55.317395, 25.096224]}}, {"type": "Feature", "properties": {"cell_id": "8843a135a5fffff"}, "geometry": {"type": "Point", "coordinates": [55.307367, 25.086742]}}, {"type": "Feature", "properties": {"cell_id": "8843a135a7fffff"}, "geometry": {"type": "Point", "coordinates": [55.315809, 25.088776]}}, {"type": "Feature", "properties": {"cell_id": "8843a135a9fffff"}, "geometry": {"type": "Point", "coordinates": [55.302094, 25.099603]}}, {"type": "Feature", "properties": {"cell_id": "8843a135abfffff"}, "geometry": {"type": "Point", "coordinates": [55.310537, 25.101638]}}, {"type": "Feature", "properties": {"cell_id": "8843a135adfffff"}, "geometry": {"type": "Point", "coordinates": [55.30051, 25.092155]}}, {"type": "Feature", "properties": {"cell_id": "8843a135b1fffff"}, "geometry": {"type": "Point", "coordinates": [55.327426, 25.105707]}}, {"type": "Feature", "properties": {"cell_id": "8843a135b3fffff"}, "geometry": {"type": "Point", "coordinates": [55.335872, 25.107741]}}, {"type": "Feature", "properties": {"cell_id": "8843a135b5fffff"}, "geometry": {"type": "Point", "coordinates": [55.325839, 25.098258]}}, {"type": "Feature", "properties": {"cell_id": "8843a135b7fffff"}, "geometry": {"type": "Point", "coordinates": [55.334283, 25.100292]}}, {"type": "Feature", "properties": {"cell_id": "8843a135b9fffff"}, "geometry": {"type": "Point", "coordinates": [55.320568, 25.111122]}}, {"type": "Feature", "properties": {"cell_id": "8843a135bbfffff"}, "geometry": {"type": "Point", "coordinates": [55.329014, 25.113157]}}, {"type": "Feature", "properties": {"cell_id": "8843a135bdfffff"}, "geometry": {"type": "Point", "coordinates": [55.318981, 25.103673]}}, {"type": "Feature", "properties": {"cell_id": "8843a135c1fffff"}, "geometry": {"type": "Point", "coordinates": [55.283098, 25.123292]}}, {"type": "Feature", "properties": {"cell_id": "8843a135c3fffff"}, "geometry": {"type": "Point", "coordinates": [55.291543, 25.125329]}}, {"type": "Feature", "properties": {"cell_id": "8843a135c5fffff"}, "geometry": {"type": "Point", "coordinates": [55.281516, 25.115841]}}, {"type": "Feature", "properties": {"cell_id": "8843a135c7fffff"}, "geometry": {"type": "Point", "coordinates": [55.289959, 25.117878]}}, {"type": "Feature", "properties": {"cell_id": "8843a135c9fffff"}, "geometry": {"type": "Point", "coordinates": [55.276237, 25.128705]}}, {"type": "Feature", "properties": {"cell_id": "8843a135cbfffff"}, "geometry": {"type": "Point", "coordinates": [55.284681, 25.130743]}}, {"type": "Feature", "properties": {"cell_id": "8843a135cdfffff"}, "geometry": {"type": "Point", "coordinates": [55.274655, 25.121254]}}, {"type": "Feature", "properties": {"cell_id": "8843a135d1fffff"}, "geometry": {"type": "Point", "coordinates": [55.301573, 25.134818]}}, {"type": "Feature", "properties": {"cell_id": "8843a135d3fffff"}, "geometry": {"type": "Point", "coordinates": [55.310021, 25.136855]}}, {"type": "Feature", "properties": {"cell_id": "8843a135d5fffff"}, "geometry": {"type": "Point", "coordinates": [55.299988, 25.127366]}}, {"type": "Feature", "properties": {"cell_id": "8843a135d7fffff"}, "geometry": {"type": "Point", "coordinates": [55.308435, 25.129403]}}, {"type": "Feature", "properties": {"cell_id": "8843a135d9fffff"}, "geometry": {"type": "Point", "coordinates": [55.294711, 25.140233]}}, {"type": "Feature", "properties": {"cell_id": "8843a135dbfffff"}, "geometry": {"type": "Point", "coordinates": [55.303159, 25.142271]}}, {"type": "Feature", "properties": {"cell_id": "8843a135ddfffff"}, "geometry": {"type": "Point", "coordinates": [55.293127, 25.132781]}}, {"type": "Feature", "properties": {"cell_id": "8843a135e1fffff"}, "geometry": {"type": "Point", "coordinates": [55.286793, 25.10298]}}, {"type": "Feature", "properties": {"cell_id": "8843a135e3fffff"}, "geometry": {"type": "Point", "coordinates": [55.295236, 25.105016]}}, {"type": "Feature", "properties": {"cell_id": "8843a135e5fffff"}, "geometry": {"type": "Point", "coordinates": [55.285211, 25.095532]}}, {"type": "Feature", "properties": {"cell_id": "8843a135e7fffff"}, "geometry": {"type": "Point", "coordinates": [55.293652, 25.097567]}}, {"type": "Feature", "properties": {"cell_id": "8843a135e9fffff"}, "geometry": {"type": "Point", "coordinates": [55.279934, 25.108392]}}, {"type": "Feature", "properties": {"cell_id": "8843a135ebfffff"}, "geometry": {"type": "Point", "coordinates": [55.288376, 25.110429]}}, {"type": "Feature", "properties": {"cell_id": "8843a135edfffff"}, "geometry": {"type": "Point", "coordinates": [55.278352, 25.100943]}}, {"type": "Feature", "properties": {"cell_id": "8843a13613fffff"}, "geometry": {"type": "Point", "coordinates": [55.236071, 25.203877]}}, {"type": "Feature", "properties": {"cell_id": "8843a13617fffff"}, "geometry": {"type": "Point", "coordinates": [55.234493, 25.196418]}}, {"type": "Feature", "properties": {"cell_id": "8843a13621fffff"}, "geometry": {"type": "Point", "coordinates": [55.21287, 25.169961]}}, {"type": "Feature", "properties": {"cell_id": "8843a13623fffff"}, "geometry": {"type": "Point", "coordinates": [55.221314, 25.172004]}}, {"type": "Feature", "properties": {"cell_id": "8843a13625fffff"}, "geometry": {"type": "Point", "coordinates": [55.211295, 25.162506]}}, {"type": "Feature", "properties": {"cell_id": "8843a13627fffff"}, "geometry": {"type": "Point", "coordinates": [55.219738, 25.164549]}}, {"type": "Feature", "properties": {"cell_id": "8843a13631fffff"}, "geometry": {"type": "Point", "coordinates": [55.231337, 25.181503]}}, {"type": "Feature", "properties": {"cell_id": "8843a13633fffff"}, "geometry": {"type": "Point", "coordinates": [55.239784, 25.183547]}}, {"type": "Feature", "properties": {"cell_id": "8843a13635fffff"}, "geometry": {"type": "Point", "coordinates": [55.229759, 25.174047]}}, {"type": "Feature", "properties": {"cell_id": "8843a13637fffff"}, "geometry": {"type": "Point", "coordinates": [55.238205, 25.17609]}}, {"type": "Feature", "properties": {"cell_id": "8843a1363bfffff"}, "geometry": {"type": "Point", "coordinates": [55.232914, 25.18896]}}, {"type": "Feature", "properties": {"cell_id": "8843a1363dfffff"}, "geometry": {"type": "Point", "coordinates": [55.22289, 25.17946]}}, {"type": "Feature", "properties": {"cell_id": "8843a13681fffff"}, "geometry": {"type": "Point", "coordinates": [55.268297, 25.204592]}}, {"type": "Feature", "properties": {"cell_id": "8843a13683fffff"}, "geometry": {"type": "Point", "coordinates": [55.27675, 25.206635]}}, {"type": "Feature", "properties": {"cell_id": "8843a13685fffff"}, "geometry": {"type": "Point", "coordinates": [55.266714, 25.197133]}}, {"type": "Feature", "properties": {"cell_id": "8843a13687fffff"}, "geometry": {"type": "Point", "coordinates": [55.275167, 25.199176]}}, {"type": "Feature", "properties": {"cell_id": "8843a13689fffff"}, "geometry": {"type": "Point", "coordinates": [55.261426, 25.210009]}}, {"type": "Feature", "properties": {"cell_id": "8843a1368bfffff"}, "geometry": {"type": "Point", "coordinates": [55.26988, 25.212052]}}, {"type": "Feature", "properties": {"cell_id": "8843a1368dfffff"}, "geometry": {"type": "Point", "coordinates": [55.259844, 25.202549]}}, {"type": "Feature", "properties": {"cell_id": "8843a13691fffff"}, "geometry": {"type": "Point", "coordinates": [55.28679, 25.216138]}}, {"type": "Feature", "properties": {"cell_id": "8843a13693fffff"}, "geometry": {"type": "Point", "coordinates": [55.295247, 25.218181]}}, {"type": "Feature", "properties": {"cell_id": "8843a13695fffff"}, "geometry": {"type": "Point", "coordinates": [55.285205, 25.208677]}}, {"type": "Feature", "properties": {"cell_id": "8843a13697fffff"}, "geometry": {"type": "Point", "coordinates": [55.29366, 25.21072]}}, {"type": "Feature", "properties": {"cell_id": "8843a13699fffff"}, "geometry": {"type": "Point", "coordinates": [55.279919, 25.221556]}}, {"type": "Feature", "properties": {"cell_id": "8843a1369bfffff"}, "geometry": {"type": "Point", "coordinates": [55.288375, 25.2236]}}, {"type": "Feature", "properties": {"cell_id": "8843a1369dfffff"}, "geometry": {"type": "Point", "coordinates": [55.278334, 25.214095]}}, {"type": "Feature", "properties": {"cell_id": "8843a136a1fffff"}, "geometry": {"type": "Point", "coordinates": [55.272, 25.184259]}}, {"type": "Feature", "properties": {"cell_id": "8843a136a3fffff"}, "geometry": {"type": "Point", "coordinates": [55.280452, 25.186301]}}, {"type": "Feature", "properties": {"cell_id": "8843a136a5fffff"}, "geometry": {"type": "Point", "coordinates": [55.270418, 25.176802]}}, {"type": "Feature", "properties": {"cell_id": "8843a136a7fffff"}, "geometry": {"type": "Point", "coordinates": [55.278868, 25.178843]}}, {"type": "Feature", "properties": {"cell_id": "8843a136a9fffff"}, "geometry": {"type": "Point", "coordinates": [55.265132, 25.189675]}}, {"type": "Feature", "properties": {"cell_id": "8843a136abfffff"}, "geometry": {"type": "Point", "coordinates": [55.273583, 25.191717]}}, {"type": "Feature", "properties": {"cell_id": "8843a136adfffff"}, "geometry": {"type": "Point", "coordinates": [55.26355, 25.182217]}}, {"type": "Feature", "properties": {"cell_id": "8843a136b1fffff"}, "geometry": {"type": "Point", "coordinates": [55.290489, 25.1958]}}, {"type": "Feature", "properties": {"cell_id": "8843a136b3fffff"}, "geometry": {"type": "Point", "coordinates": [55.298943, 25.197841]}}, {"type": "Feature", "properties": {"cell_id": "8843a136b5fffff"}, "geometry": {"type": "Point", "coordinates": [55.288904, 25.188342]}}, {"type": "Feature", "properties": {"cell_id": "8843a136b7fffff"}, "geometry": {"type": "Point", "coordinates": [55.297357, 25.190383]}}, {"type": "Feature", "properties": {"cell_id": "8843a136b9fffff"}, "geometry": {"type": "Point", "coordinates": [55.28362, 25.201218]}}, {"type": "Feature", "properties": {"cell_id": "8843a136bbfffff"}, "geometry": {"type": "Point", "coordinates": [55.292075, 25.20326]}}, {"type": "Feature", "properties": {"cell_id": "8843a136bdfffff"}, "geometry": {"type": "Point", "coordinates": [55.282036, 25.193759]}}, {"type": "Feature", "properties": {"cell_id": "8843a136c1fffff"}, "geometry": {"type": "Point", "coordinates": [55.246102, 25.213381]}}, {"type": "Feature", "properties": {"cell_id": "8843a136c3fffff"}, "geometry": {"type": "Point", "coordinates": [55.254554, 25.215425]}}, {"type": "Feature", "properties": {"cell_id": "8843a136c5fffff"}, "geometry": {"type": "Point", "coordinates": [55.244522, 25.205921]}}, {"type": "Feature", "properties": {"cell_id": "8843a136c7fffff"}, "geometry": {"type": "Point", "coordinates": [55.252973, 25.207965]}}, {"type": "Feature", "properties": {"cell_id": "8843a136d1fffff"}, "geometry": {"type": "Point", "coordinates": [55.264591, 25.22493]}}, {"type": "Feature", "properties": {"cell_id": "8843a136d3fffff"}, "geometry": {"type": "Point", "coordinates": [55.273047, 25.226975]}}, {"type": "Feature", "properties": {"cell_id": "8843a136d5fffff"}, "geometry": {"type": "Point", "coordinates": [55.263008, 25.217469]}}, {"type": "Feature", "properties": {"cell_id": "8843a136d7fffff"}, "geometry": {"type": "Point", "coordinates": [55.271463, 25.219513]}}, {"type": "Feature", "properties": {"cell_id": "8843a136d9fffff"}, "geometry": {"type": "Point", "coordinates": [55.257718, 25.230348]}}, {"type": "Feature", "properties": {"cell_id": "8843a136dbfffff"}, "geometry": {"type": "Point", "coordinates": [55.266174, 25.232393]}}, {"type": "Feature", "properties": {"cell_id": "8843a136ddfffff"}, "geometry": {"type": "Point", "coordinates": [55.256136, 25.222886]}}, {"type": "Feature", "properties": {"cell_id": "8843a136e1fffff"}, "geometry": {"type": "Point", "coordinates": [55.249812, 25.193047]}}, {"type": "Feature", "properties": {"cell_id": "8843a136e3fffff"}, "geometry": {"type": "Point", "coordinates": [55.258263, 25.19509]}}, {"type": "Feature", "properties": {"cell_id": "8843a136e5fffff"}, "geometry": {"type": "Point", "coordinates": [55.248232, 25.18559]}}, {"type": "Feature", "properties": {"cell_id": "8843a136e7fffff"}, "geometry": {"type": "Point", "coordinates": [55.256682, 25.187632]}}, {"type": "Feature", "properties": {"cell_id": "8843a136e9fffff"}, "geometry": {"type": "Point", "coordinates": [55.242942, 25.198462]}}, {"type": "Feature", "properties": {"cell_id": "8843a136ebfffff"}, "geometry": {"type": "Point", "coordinates": [55.251393, 25.200506]}}, {"type": "Feature", "properties": {"cell_id": "8843a136edfffff"}, "geometry": {"type": "Point", "coordinates": [55.241363, 25.191004]}}, {"type": "Feature", "properties": {"cell_id": "8843a13701fffff"}, "geometry": {"type": "Point", "coordinates": [55.198134, 25.138105]}}, {"type": "Feature", "properties": {"cell_id": "8843a13703fffff"}, "geometry": {"type": "Point", "coordinates": [55.206573, 25.140148]}}, {"type": "Feature", "properties": {"cell_id": "8843a13705fffff"}, "geometry": {"type": "Point", "coordinates": [55.196562, 25.130655]}}, {"type": "Feature", "properties": {"cell_id": "8843a13707fffff"}, "geometry": {"type": "Point", "coordinates": [55.204999, 25.132697]}}, {"type": "Feature", "properties": {"cell_id": "8843a1370bfffff"}, "geometry": {"type": "Point", "coordinates": [55.199707, 25.145557]}}, {"type": "Feature", "properties": {"cell_id": "8843a1370dfffff"}, "geometry": {"type": "Point", "coordinates": [55.189696, 25.136063]}}, {"type": "Feature", "properties": {"cell_id": "8843a13711fffff"}, "geometry": {"type": "Point", "coordinates": [55.216587, 25.149642]}}, {"type": "Feature", "properties": {"cell_id": "8843a13713fffff"}, "geometry": {"type": "Point", "coordinates": [55.225029, 25.151685]}}, {"type": "Feature", "properties": {"cell_id": "8843a13715fffff"}, "geometry": {"type": "Point", "coordinates": [55.215013, 25.14219]}}, {"type": "Feature", "properties": {"cell_id": "8843a13717fffff"}, "geometry": {"type": "Point", "coordinates": [55.223453, 25.144232]}}, {"type": "Feature", "properties": {"cell_id": "8843a13719fffff"}, "geometry": {"type": "Point", "coordinates": [55.209721, 25.155053]}}, {"type": "Feature", "properties": {"cell_id": "8843a1371bfffff"}, "geometry": {"type": "Point", "coordinates": [55.218163, 25.157095]}}, {"type": "Feature", "properties": {"cell_id": "8843a1371dfffff"}, "geometry": {"type": "Point", "coordinates": [55.208146, 25.1476]}}, {"type": "Feature", "properties": {"cell_id": "8843a13721fffff"}, "geometry": {"type": "Point", "coordinates": [55.201854, 25.117797]}}, {"type": "Feature", "properties": {"cell_id": "8843a13723fffff"}, "geometry": {"type": "Point", "coordinates": [55.210291, 25.119838]}}, {"type": "Feature", "properties": {"cell_id": "8843a13725fffff"}, "geometry": {"type": "Point", "coordinates": [55.200282, 25.110349]}}, {"type": "Feature", "properties": {"cell_id": "8843a13727fffff"}, "geometry": {"type": "Point", "coordinates": [55.208717, 25.11239]}}, {"type": "Feature", "properties": {"cell_id": "8843a13729fffff"}, "geometry": {"type": "Point", "coordinates": [55.19499, 25.123205]}}, {"type": "Feature", "properties": {"cell_id": "8843a1372bfffff"}, "geometry": {"type": "Point", "coordinates": [55.203427, 25.125247]}}, {"type": "Feature", "properties": {"cell_id": "8843a1372dfffff"}, "geometry": {"type": "Point", "coordinates": [55.193419, 25.115756]}}, {"type": "Feature", "properties": {"cell_id": "8843a13731fffff"}, "geometry": {"type": "Point", "coordinates": [55.220303, 25.129329]}}, {"type": "Feature", "properties": {"cell_id": "8843a13733fffff"}, "geometry": {"type": "Point", "coordinates": [55.228742, 25.13137]}}, {"type": "Feature", "properties": {"cell_id": "8843a13735fffff"}, "geometry": {"type": "Point", "coordinates": [55.218728, 25.121879]}}, {"type": "Feature", "properties": {"cell_id": "8843a13737fffff"}, "geometry": {"type": "Point", "coordinates": [55.227167, 25.12392]}}, {"type": "Feature", "properties": {"cell_id": "8843a13739fffff"}, "geometry": {"type": "Point", "coordinates": [55.213438, 25.134739]}}, {"type": "Feature", "properties": {"cell_id": "8843a1373bfffff"}, "geometry": {"type": "Point", "coordinates": [55.221878, 25.13678]}}, {"type": "Feature", "properties": {"cell_id": "8843a1373dfffff"}, "geometry": {"type": "Point", "coordinates": [55.211864, 25.127288]}}, {"type": "Feature", "properties": {"cell_id": "8843a13757fffff"}, "geometry": {"type": "Point", "coordinates": [55.20128, 25.153009]}}, {"type": "Feature", "properties": {"cell_id": "8843a13761fffff"}, "geometry": {"type": "Point", "coordinates": [55.179689, 25.12657]}}, {"type": "Feature", "properties": {"cell_id": "8843a13763fffff"}, "geometry": {"type": "Point", "coordinates": [55.188125, 25.128612]}}, {"type": "Feature", "properties": {"cell_id": "8843a13765fffff"}, "geometry": {"type": "Point", "coordinates": [55.17812, 25.119121]}}, {"type": "Feature", "properties": {"cell_id": "8843a13767fffff"}, "geometry": {"type": "Point", "coordinates": [55.186554, 25.121163]}}, {"type": "Feature", "properties": {"cell_id": "8843a13a9bfffff"}, "geometry": {"type": "Point", "coordinates": [55.185163, 25.000759]}}, {"type": "Feature", "properties": {"cell_id": "8843a13ad1fffff"}, "geometry": {"type": "Point", "coordinates": [55.161473, 25.002086]}}, {"type": "Feature", "properties": {"cell_id": "8843a13ad3fffff"}, "geometry": {"type": "Point", "coordinates": [55.169891, 25.004123]}}, {"type": "Feature", "properties": {"cell_id": "8843a13ad9fffff"}, "geometry": {"type": "Point", "coordinates": [55.15462, 25.007485]}}, {"type": "Feature", "properties": {"cell_id": "8843a13adbfffff"}, "geometry": {"type": "Point", "coordinates": [55.163038, 25.009522]}}, {"type": "Feature", "properties": {"cell_id": "8843a13addfffff"}, "geometry": {"type": "Point", "coordinates": [55.153056, 25.00005]}}, {"type": "Feature", "properties": {"cell_id": "8843acc125fffff"}, "geometry": {"type": "Point", "coordinates": [55.351888, 25.295591]}}, {"type": "Feature", "properties": {"cell_id": "8843acc127fffff"}, "geometry": {"type": "Point", "coordinates": [55.360361, 25.297635]}}, {"type": "Feature", "properties": {"cell_id": "8843acc801fffff"}, "geometry": {"type": "Point", "coordinates": [55.386738, 25.233163]}}, {"type": "Feature", "properties": {"cell_id": "8843acc803fffff"}, "geometry": {"type": "Point", "coordinates": [55.395206, 25.235202]}}, {"type": "Feature", "properties": {"cell_id": "8843acc805fffff"}, "geometry": {"type": "Point", "coordinates": [55.38514, 25.225699]}}, {"type": "Feature", "properties": {"cell_id": "8843acc807fffff"}, "geometry": {"type": "Point", "coordinates": [55.393607, 25.227738]}}, {"type": "Feature", "properties": {"cell_id": "8843acc809fffff"}, "geometry": {"type": "Point", "coordinates": [55.379869, 25.238589]}}, {"type": "Feature", "properties": {"cell_id": "8843acc80bfffff"}, "geometry": {"type": "Point", "coordinates": [55.388337, 25.240628]}}, {"type": "Feature", "properties": {"cell_id": "8843acc80dfffff"}, "geometry": {"type": "Point", "coordinates": [55.378272, 25.231125]}}, {"type": "Feature", "properties": {"cell_id": "8843acc811fffff"}, "geometry": {"type": "Point", "coordinates": [55.405275, 25.244706]}}, {"type": "Feature", "properties": {"cell_id": "8843acc813fffff"}, "geometry": {"type": "Point", "coordinates": [55.413746, 25.246744]}}, {"type": "Feature", "properties": {"cell_id": "8843acc815fffff"}, "geometry": {"type": "Point", "coordinates": [55.403675, 25.23724]}}, {"type": "Feature", "properties": {"cell_id": "8843acc817fffff"}, "geometry": {"type": "Point", "coordinates": [55.412145, 25.239278]}}, {"type": "Feature", "properties": {"cell_id": "8843acc819fffff"}, "geometry": {"type": "Point", "coordinates": [55.398405, 25.250133]}}, {"type": "Feature", "properties": {"cell_id": "8843acc81bfffff"}, "geometry": {"type": "Point", "coordinates": [55.406876, 25.252172]}}, {"type": "Feature", "properties": {"cell_id": "8843acc81dfffff"}, "geometry": {"type": "Point", "coordinates": [55.396806, 25.242667]}}, {"type": "Feature", "properties": {"cell_id": "8843acc821fffff"}, "geometry": {"type": "Point", "coordinates": [55.39041, 25.212812]}}, {"type": "Feature", "properties": {"cell_id": "8843acc823fffff"}, "geometry": {"type": "Point", "coordinates": [55.398875, 25.214849]}}, {"type": "Feature", "properties": {"cell_id": "8843acc825fffff"}, "geometry": {"type": "Point", "coordinates": [55.388812, 25.20535]}}, {"type": "Feature", "properties": {"cell_id": "8843acc827fffff"}, "geometry": {"type": "Point", "coordinates": [55.397276, 25.207387]}}, {"type": "Feature", "properties": {"cell_id": "8843acc829fffff"}, "geometry": {"type": "Point", "coordinates": [55.383543, 25.218236]}}, {"type": "Feature", "properties": {"cell_id": "8843acc82bfffff"}, "geometry": {"type": "Point", "coordinates": [55.392008, 25.220274]}}, {"type": "Feature", "properties": {"cell_id": "8843acc82dfffff"}, "geometry": {"type": "Point", "coordinates": [55.381946, 25.210774]}}, {"type": "Feature", "properties": {"cell_id": "8843acc831fffff"}, "geometry": {"type": "Point", "coordinates": [55.408942, 25.224349]}}, {"type": "Feature", "properties": {"cell_id": "8843acc833fffff"}, "geometry": {"type": "Point", "coordinates": [55.417411, 25.226386]}}, {"type": "Feature", "properties": {"cell_id": "8843acc835fffff"}, "geometry": {"type": "Point", "coordinates": [55.407342, 25.216886]}}, {"type": "Feature", "properties": {"cell_id": "8843acc837fffff"}, "geometry": {"type": "Point", "coordinates": [55.415809, 25.218922]}}, {"type": "Feature", "properties": {"cell_id": "8843acc839fffff"}, "geometry": {"type": "Point", "coordinates": [55.402075, 25.229775]}}, {"type": "Feature", "properties": {"cell_id": "8843acc83bfffff"}, "geometry": {"type": "Point", "coordinates": [55.410543, 25.231813]}}, {"type": "Feature", "properties": {"cell_id": "8843acc83dfffff"}, "geometry": {"type": "Point", "coordinates": [55.400475, 25.222312]}}, {"type": "Feature", "properties": {"cell_id": "8843acc841fffff"}, "geometry": {"type": "Point", "coordinates": [55.364532, 25.241974]}}, {"type": "Feature", "properties": {"cell_id": "8843acc843fffff"}, "geometry": {"type": "Point", "coordinates": [55.372999, 25.244015]}}, {"type": "Feature", "properties": {"cell_id": "8843acc845fffff"}, "geometry": {"type": "Point", "coordinates": [55.362937, 25.23451]}}, {"type": "Feature", "properties": {"cell_id": "8843acc847fffff"}, "geometry": {"type": "Point", "coordinates": [55.371402, 25.23655]}}, {"type": "Feature", "properties": {"cell_id": "8843acc849fffff"}, "geometry": {"type": "Point", "coordinates": [55.357661, 25.247399]}}, {"type": "Feature", "properties": {"cell_id": "8843acc84bfffff"}, "geometry": {"type": "Point", "coordinates": [55.366128, 25.24944]}}, {"type": "Feature", "properties": {"cell_id": "8843acc84dfffff"}, "geometry": {"type": "Point", "coordinates": [55.356066, 25.239934]}}, {"type": "Feature", "properties": {"cell_id": "8843acc851fffff"}, "geometry": {"type": "Point", "coordinates": [55.383065, 25.25352]}}, {"type": "Feature", "properties": {"cell_id": "8843acc853fffff"}, "geometry": {"type": "Point", "coordinates": [55.391535, 25.25556]}}, {"type": "Feature", "properties": {"cell_id": "8843acc855fffff"}, "geometry": {"type": "Point", "coordinates": [55.381467, 25.246054]}}, {"type": "Feature", "properties": {"cell_id": "8843acc857fffff"}, "geometry": {"type": "Point", "coordinates": [55.389936, 25.248094]}}, {"type": "Feature", "properties": {"cell_id": "8843acc859fffff"}, "geometry": {"type": "Point", "coordinates": [55.376193, 25.258947]}}, {"type": "Feature", "properties": {"cell_id": "8843acc85bfffff"}, "geometry": {"type": "Point", "coordinates": [55.384663, 25.260987]}}, {"type": "Feature", "properties": {"cell_id": "8843acc85dfffff"}, "geometry": {"type": "Point", "coordinates": [55.374596, 25.25148]}}, {"type": "Feature", "properties": {"cell_id": "8843acc861fffff"}, "geometry": {"type": "Point", "coordinates": [55.36821, 25.221622]}}, {"type": "Feature", "properties": {"cell_id": "8843acc863fffff"}, "geometry": {"type": "Point", "coordinates": [55.376675, 25.223661]}}, {"type": "Feature", "properties": {"cell_id": "8843acc865fffff"}, "geometry": {"type": "Point", "coordinates": [55.366615, 25.21416]}}, {"type": "Feature", "properties": {"cell_id": "8843acc867fffff"}, "geometry": {"type": "Point", "coordinates": [55.375078, 25.216198]}}, {"type": "Feature", "properties": {"cell_id": "8843acc869fffff"}, "geometry": {"type": "Point", "coordinates": [55.361341, 25.227046]}}, {"type": "Feature", "properties": {"cell_id": "8843acc86bfffff"}, "geometry": {"type": "Point", "coordinates": [55.369806, 25.229085]}}, {"type": "Feature", "properties": {"cell_id": "8843acc86dfffff"}, "geometry": {"type": "Point", "coordinates": [55.359747, 25.219583]}}, {"type": "Feature", "properties": {"cell_id": "8843acc881fffff"}, "geometry": {"type": "Point", "coordinates": [55.446033, 25.247426]}}, {"type": "Feature", "properties": {"cell_id": "8843acc885fffff"}, "geometry": {"type": "Point", "coordinates": [55.444428, 25.23996]}}, {"type": "Feature", "properties": {"cell_id": "8843acc889fffff"}, "geometry": {"type": "Point", "coordinates": [55.439165, 25.252857]}}, {"type": "Feature", "properties": {"cell_id": "8843acc88bfffff"}, "geometry": {"type": "Point", "coordinates": [55.44764, 25.254894]}}, {"type": "Feature", "properties": {"cell_id": "8843acc88dfffff"}, "geometry": {"type": "Point", "coordinates": [55.43756, 25.24539]}}, {"type": "Feature", "properties": {"cell_id": "8843acc8a1fffff"}, "geometry": {"type": "Point", "coordinates": [55.449689, 25.227065]}}, {"type": "Feature", "properties": {"cell_id": "8843acc8a5fffff"}, "geometry": {"type": "Point", "coordinates": [55.448083, 25.219601]}}, {"type": "Feature", "properties": {"cell_id": "8843acc8a9fffff"}, "geometry": {"type": "Point", "coordinates": [55.442822, 25.232494]}}, {"type": "Feature", "properties": {"cell_id": "8843acc8adfffff"}, "geometry": {"type": "Point", "coordinates": [55.441217, 25.22503]}}, {"type": "Feature", "properties": {"cell_id": "8843acc8c1fffff"}, "geometry": {"type": "Point", "coordinates": [55.423821, 25.256249]}}, {"type": "Feature", "properties": {"cell_id": "8843acc8c3fffff"}, "geometry": {"type": "Point", "coordinates": [55.432295, 25.258287]}}, {"type": "Feature", "properties": {"cell_id": "8843acc8c5fffff"}, "geometry": {"type": "Point", "coordinates": [55.422218, 25.248782]}}, {"type": "Feature", "properties": {"cell_id": "8843acc8c7fffff"}, "geometry": {"type": "Point", "coordinates": [55.430691, 25.250819]}}, {"type": "Feature", "properties": {"cell_id": "8843acc8c9fffff"}, "geometry": {"type": "Point", "coordinates": [55.416951, 25.261678]}}, {"type": "Feature", "properties": {"cell_id": "8843acc8cbfffff"}, "geometry": {"type": "Point", "coordinates": [55.425425, 25.263717]}}, {"type": "Feature", "properties": {"cell_id": "8843acc8cdfffff"}, "geometry": {"type": "Point", "coordinates": [55.415348, 25.25421]}}, {"type": "Feature", "properties": {"cell_id": "8843acc8d1fffff"}, "geometry": {"type": "Point", "coordinates": [55.442376, 25.267793]}}, {"type": "Feature", "properties": {"cell_id": "8843acc8d5fffff"}, "geometry": {"type": "Point", "coordinates": [55.44077, 25.260324]}}, {"type": "Feature", "properties": {"cell_id": "8843acc8d7fffff"}, "geometry": {"type": "Point", "coordinates": [55.449246, 25.262362]}}, {"type": "Feature", "properties": {"cell_id": "8843acc8d9fffff"}, "geometry": {"type": "Point", "coordinates": [55.435505, 25.273224]}}, {"type": "Feature", "properties": {"cell_id": "8843acc8dbfffff"}, "geometry": {"type": "Point", "coordinates": [55.443982, 25.275262]}}, {"type": "Feature", "properties": {"cell_id": "8843acc8ddfffff"}, "geometry": {"type": "Point", "coordinates": [55.4339, 25.265755]}}, {"type": "Feature", "properties": {"cell_id": "8843acc8e1fffff"}, "geometry": {"type": "Point", "coordinates": [55.427483, 25.235887]}}, {"type": "Feature", "properties": {"cell_id": "8843acc8e3fffff"}, "geometry": {"type": "Point", "coordinates": [55.435955, 25.237924]}}, {"type": "Feature", "properties": {"cell_id": "8843acc8e5fffff"}, "geometry": {"type": "Point", "coordinates": [55.42588, 25.228422]}}, {"type": "Feature", "properties": {"cell_id": "8843acc8e7fffff"}, "geometry": {"type": "Point", "coordinates": [55.434351, 25.230459]}}, {"type": "Feature", "properties": {"cell_id": "8843acc8e9fffff"}, "geometry": {"type": "Point", "coordinates": [55.420615, 25.241316]}}, {"type": "Feature", "properties": {"cell_id": "8843acc8ebfffff"}, "geometry": {"type": "Point", "coordinates": [55.429087, 25.243353]}}, {"type": "Feature", "properties": {"cell_id": "8843acc8edfffff"}, "geometry": {"type": "Point", "coordinates": [55.419013, 25.23385]}}, {"type": "Feature", "properties": {"cell_id": "8843acc901fffff"}, "geometry": {"type": "Point", "coordinates": [55.37556, 25.180934]}}, {"type": "Feature", "properties": {"cell_id": "8843acc903fffff"}, "geometry": {"type": "Point", "coordinates": [55.38402, 25.18297]}}, {"type": "Feature", "properties": {"cell_id": "8843acc905fffff"}, "geometry": {"type": "Point", "coordinates": [55.373965, 25.173476]}}, {"type": "Feature", "properties": {"cell_id": "8843acc907fffff"}, "geometry": {"type": "Point", "coordinates": [55.382424, 25.175511]}}, {"type": "Feature", "properties": {"cell_id": "8843acc909fffff"}, "geometry": {"type": "Point", "coordinates": [55.368696, 25.186356]}}, {"type": "Feature", "properties": {"cell_id": "8843acc90bfffff"}, "geometry": {"type": "Point", "coordinates": [55.377156, 25.188392]}}, {"type": "Feature", "properties": {"cell_id": "8843acc90dfffff"}, "geometry": {"type": "Point", "coordinates": [55.367102, 25.178897]}}, {"type": "Feature", "properties": {"cell_id": "8843acc911fffff"}, "geometry": {"type": "Point", "coordinates": [55.394079, 25.192465]}}, {"type": "Feature", "properties": {"cell_id": "8843acc913fffff"}, "geometry": {"type": "Point", "coordinates": [55.402542, 25.194501]}}, {"type": "Feature", "properties": {"cell_id": "8843acc915fffff"}, "geometry": {"type": "Point", "coordinates": [55.392481, 25.185005]}}, {"type": "Feature", "properties": {"cell_id": "8843acc917fffff"}, "geometry": {"type": "Point", "coordinates": [55.400943, 25.187041]}}, {"type": "Feature", "properties": {"cell_id": "8843acc919fffff"}, "geometry": {"type": "Point", "coordinates": [55.387214, 25.197889]}}, {"type": "Feature", "properties": {"cell_id": "8843acc91bfffff"}, "geometry": {"type": "Point", "coordinates": [55.395678, 25.199925]}}, {"type": "Feature", "properties": {"cell_id": "8843acc91dfffff"}, "geometry": {"type": "Point", "coordinates": [55.385617, 25.190429]}}, {"type": "Feature", "properties": {"cell_id": "8843acc921fffff"}, "geometry": {"type": "Point", "coordinates": [55.379232, 25.160597]}}, {"type": "Feature", "properties": {"cell_id": "8843acc923fffff"}, "geometry": {"type": "Point", "coordinates": [55.38769, 25.162632]}}, {"type": "Feature", "properties": {"cell_id": "8843acc925fffff"}, "geometry": {"type": "Point", "coordinates": [55.377637, 25.153141]}}, {"type": "Feature", "properties": {"cell_id": "8843acc927fffff"}, "geometry": {"type": "Point", "coordinates": [55.386094, 25.155176]}}, {"type": "Feature", "properties": {"cell_id": "8843acc929fffff"}, "geometry": {"type": "Point", "coordinates": [55.37237, 25.166018]}}, {"type": "Feature", "properties": {"cell_id": "8843acc92bfffff"}, "geometry": {"type": "Point", "coordinates": [55.380828, 25.168054]}}, {"type": "Feature", "properties": {"cell_id": "8843acc92dfffff"}, "geometry": {"type": "Point", "coordinates": [55.370776, 25.158562]}}, {"type": "Feature", "properties": {"cell_id": "8843acc931fffff"}, "geometry": {"type": "Point", "coordinates": [55.397746, 25.172124]}}, {"type": "Feature", "properties": {"cell_id": "8843acc933fffff"}, "geometry": {"type": "Point", "coordinates": [55.406207, 25.174158]}}, {"type": "Feature", "properties": {"cell_id": "8843acc935fffff"}, "geometry": {"type": "Point", "coordinates": [55.396149, 25.164666]}}, {"type": "Feature", "properties": {"cell_id": "8843acc937fffff"}, "geometry": {"type": "Point", "coordinates": [55.404608, 25.1667]}}, {"type": "Feature", "properties": {"cell_id": "8843acc939fffff"}, "geometry": {"type": "Point", "coordinates": [55.390884, 25.177547]}}, {"type": "Feature", "properties": {"cell_id": "8843acc93bfffff"}, "geometry": {"type": "Point", "coordinates": [55.399345, 25.179582]}}, {"type": "Feature", "properties": {"cell_id": "8843acc93dfffff"}, "geometry": {"type": "Point", "coordinates": [55.389287, 25.170089]}}, {"type": "Feature", "properties": {"cell_id": "8843acc941fffff"}, "geometry": {"type": "Point", "coordinates": [55.353372, 25.18974]}}, {"type": "Feature", "properties": {"cell_id": "8843acc943fffff"}, "geometry": {"type": "Point", "coordinates": [55.361831, 25.191778]}}, {"type": "Feature", "properties": {"cell_id": "8843acc945fffff"}, "geometry": {"type": "Point", "coordinates": [55.351779, 25.182281]}}, {"type": "Feature", "properties": {"cell_id": "8843acc947fffff"}, "geometry": {"type": "Point", "coordinates": [55.360237, 25.184319]}}, {"type": "Feature", "properties": {"cell_id": "8843acc949fffff"}, "geometry": {"type": "Point", "coordinates": [55.346506, 25.195161]}}, {"type": "Feature", "properties": {"cell_id": "8843acc94bfffff"}, "geometry": {"type": "Point", "coordinates": [55.354965, 25.1972]}}, {"type": "Feature", "properties": {"cell_id": "8843acc94dfffff"}, "geometry": {"type": "Point", "coordinates": [55.344914, 25.187702]}}, {"type": "Feature", "properties": {"cell_id": "8843acc951fffff"}, "geometry": {"type": "Point", "coordinates": [55.371887, 25.201275]}}, {"type": "Feature", "properties": {"cell_id": "8843acc953fffff"}, "geometry": {"type": "Point", "coordinates": [55.380349, 25.203313]}}, {"type": "Feature", "properties": {"cell_id": "8843acc955fffff"}, "geometry": {"type": "Point", "coordinates": [55.370291, 25.193815]}}, {"type": "Feature", "properties": {"cell_id": "8843acc957fffff"}, "geometry": {"type": "Point", "coordinates": [55.378752, 25.195852]}}, {"type": "Feature", "properties": {"cell_id": "8843acc959fffff"}, "geometry": {"type": "Point", "coordinates": [55.36502, 25.206698]}}, {"type": "Feature", "properties": {"cell_id": "8843acc95bfffff"}, "geometry": {"type": "Point", "coordinates": [55.373482, 25.208736]}}, {"type": "Feature", "properties": {"cell_id": "8843acc95dfffff"}, "geometry": {"type": "Point", "coordinates": [55.363425, 25.199238]}}, {"type": "Feature", "properties": {"cell_id": "8843acc961fffff"}, "geometry": {"type": "Point", "coordinates": [55.35705, 25.169403]}}, {"type": "Feature", "properties": {"cell_id": "8843acc963fffff"}, "geometry": {"type": "Point", "coordinates": [55.365507, 25.171439]}}, {"type": "Feature", "properties": {"cell_id": "8843acc965fffff"}, "geometry": {"type": "Point", "coordinates": [55.355458, 25.161947]}}, {"type": "Feature", "properties": {"cell_id": "8843acc967fffff"}, "geometry": {"type": "Point", "coordinates": [55.363913, 25.163983]}}, {"type": "Feature", "properties": {"cell_id": "8843acc969fffff"}, "geometry": {"type": "Point", "coordinates": [55.350187, 25.174823]}}, {"type": "Feature", "properties": {"cell_id": "8843acc96bfffff"}, "geometry": {"type": "Point", "coordinates": [55.358644, 25.17686]}}, {"type": "Feature", "properties": {"cell_id": "8843acc96dfffff"}, "geometry": {"type": "Point", "coordinates": [55.348595, 25.167367]}}, {"type": "Feature", "properties": {"cell_id": "8843acc981fffff"}, "geometry": {"type": "Point", "coordinates": [55.434801, 25.19518]}}, {"type": "Feature", "properties": {"cell_id": "8843acc983fffff"}, "geometry": {"type": "Point", "coordinates": [55.443268, 25.197214]}}, {"type": "Feature", "properties": {"cell_id": "8843acc985fffff"}, "geometry": {"type": "Point", "coordinates": [55.433198, 25.187719]}}, {"type": "Feature", "properties": {"cell_id": "8843acc987fffff"}, "geometry": {"type": "Point", "coordinates": [55.441664, 25.189753]}}, {"type": "Feature", "properties": {"cell_id": "8843acc989fffff"}, "geometry": {"type": "Point", "coordinates": [55.427938, 25.200606]}}, {"type": "Feature", "properties": {"cell_id": "8843acc98bfffff"}, "geometry": {"type": "Point", "coordinates": [55.436405, 25.202641]}}, {"type": "Feature", "properties": {"cell_id": "8843acc98dfffff"}, "geometry": {"type": "Point", "coordinates": [55.426335, 25.193145]}}, {"type": "Feature", "properties": {"cell_id": "8843acc999fffff"}, "geometry": {"type": "Point", "coordinates": [55.446478, 25.212138]}}, {"type": "Feature", "properties": {"cell_id": "8843acc99dfffff"}, "geometry": {"type": "Point", "coordinates": [55.444873, 25.204675]}}, {"type": "Feature", "properties": {"cell_id": "8843acc9a1fffff"}, "geometry": {"type": "Point", "coordinates": [55.438457, 25.174834]}}, {"type": "Feature", "properties": {"cell_id": "8843acc9a3fffff"}, "geometry": {"type": "Point", "coordinates": [55.446922, 25.176866]}}, {"type": "Feature", "properties": {"cell_id": "8843acc9a5fffff"}, "geometry": {"type": "Point", "coordinates": [55.436854, 25.167375]}}, {"type": "Feature", "properties": {"cell_id": "8843acc9a7fffff"}, "geometry": {"type": "Point", "coordinates": [55.445318, 25.169408]}}, {"type": "Feature", "properties": {"cell_id": "8843acc9a9fffff"}, "geometry": {"type": "Point", "coordinates": [55.431596, 25.18026]}}, {"type": "Feature", "properties": {"cell_id": "8843acc9abfffff"}, "geometry": {"type": "Point", "coordinates": [55.44006, 25.182293]}}, {"type": "Feature", "properties": {"cell_id": "8843acc9adfffff"}, "geometry": {"type": "Point", "coordinates": [55.429993, 25.172801]}}, {"type": "Feature", "properties": {"cell_id": "8843acc9bdfffff"}, "geometry": {"type": "Point", "coordinates": [55.448526, 25.184326]}}, {"type": "Feature", "properties": {"cell_id": "8843acc9c1fffff"}, "geometry": {"type": "Point", "coordinates": [55.412607, 25.203997]}}, {"type": "Feature", "properties": {"cell_id": "8843acc9c3fffff"}, "geometry": {"type": "Point", "coordinates": [55.421073, 25.206033]}}, {"type": "Feature", "properties": {"cell_id": "8843acc9c5fffff"}, "geometry": {"type": "Point", "coordinates": [55.411006, 25.196536]}}, {"type": "Feature", "properties": {"cell_id": "8843acc9c7fffff"}, "geometry": {"type": "Point", "coordinates": [55.419472, 25.198571]}}, {"type": "Feature", "properties": {"cell_id": "8843acc9c9fffff"}, "geometry": {"type": "Point", "coordinates": [55.405742, 25.209423]}}, {"type": "Feature", "properties": {"cell_id": "8843acc9cbfffff"}, "geometry": {"type": "Point", "coordinates": [55.414208, 25.211459]}}, {"type": "Feature", "properties": {"cell_id": "8843acc9cdfffff"}, "geometry": {"type": "Point", "coordinates": [55.404142, 25.201961]}}, {"type": "Feature", "properties": {"cell_id": "8843acc9d1fffff"}, "geometry": {"type": "Point", "coordinates": [55.431143, 25.215531]}}, {"type": "Feature", "properties": {"cell_id": "8843acc9d3fffff"}, "geometry": {"type": "Point", "coordinates": [55.439613, 25.217566]}}, {"type": "Feature", "properties": {"cell_id": "8843acc9d5fffff"}, "geometry": {"type": "Point", "coordinates": [55.42954, 25.208068]}}, {"type": "Feature", "properties": {"cell_id": "8843acc9d7fffff"}, "geometry": {"type": "Point", "coordinates": [55.438009, 25.210103]}}, {"type": "Feature", "properties": {"cell_id": "8843acc9d9fffff"}, "geometry": {"type": "Point", "coordinates": [55.424278, 25.220958]}}, {"type": "Feature", "properties": {"cell_id": "8843acc9dbfffff"}, "geometry": {"type": "Point", "coordinates": [55.432747, 25.222994]}}, {"type": "Feature", "properties": {"cell_id": "8843acc9ddfffff"}, "geometry": {"type": "Point", "coordinates": [55.422675, 25.213495]}}, {"type": "Feature", "properties": {"cell_id": "8843acc9e1fffff"}, "geometry": {"type": "Point", "coordinates": [55.416269, 25.183651]}}, {"type": "Feature", "properties": {"cell_id": "8843acc9e3fffff"}, "geometry": {"type": "Point", "coordinates": [55.424733, 25.185685]}}, {"type": "Feature", "properties": {"cell_id": "8843acc9e5fffff"}, "geometry": {"type": "Point", "coordinates": [55.414669, 25.176192]}}, {"type": "Feature", "properties": {"cell_id": "8843acc9e7fffff"}, "geometry": {"type": "Point", "coordinates": [55.423132, 25.178226]}}, {"type": "Feature", "properties": {"cell_id": "8843acc9e9fffff"}, "geometry": {"type": "Point", "coordinates": [55.409406, 25.189076]}}, {"type": "Feature", "properties": {"cell_id": "8843acc9ebfffff"}, "geometry": {"type": "Point", "coordinates": [55.41787, 25.191111]}}, {"type": "Feature", "properties": {"cell_id": "8843acc9edfffff"}, "geometry": {"type": "Point", "coordinates": [55.407807, 25.181617]}}, {"type": "Feature", "properties": {"cell_id": "8843acca01fffff"}, "geometry": {"type": "Point", "coordinates": [55.338635, 25.27114]}}, {"type": "Feature", "properties": {"cell_id": "8843acca03fffff"}, "geometry": {"type": "Point", "coordinates": [55.347104, 25.273183]}}, {"type": "Feature", "properties": {"cell_id": "8843acca05fffff"}, "geometry": {"type": "Point", "coordinates": [55.337042, 25.263672]}}, {"type": "Feature", "properties": {"cell_id": "8843acca07fffff"}, "geometry": {"type": "Point", "coordinates": [55.34551, 25.265715]}}, {"type": "Feature", "properties": {"cell_id": "8843acca09fffff"}, "geometry": {"type": "Point", "coordinates": [55.33176, 25.276564]}}, {"type": "Feature", "properties": {"cell_id": "8843acca0bfffff"}, "geometry": {"type": "Point", "coordinates": [55.340229, 25.278608]}}, {"type": "Feature", "properties": {"cell_id": "8843acca0dfffff"}, "geometry": {"type": "Point", "coordinates": [55.330168, 25.269096]}}, {"type": "Feature", "properties": {"cell_id": "8843acca11fffff"}, "geometry": {"type": "Point", "coordinates": [55.357169, 25.282695]}}, {"type": "Feature", "properties": {"cell_id": "8843acca13fffff"}, "geometry": {"type": "Point", "coordinates": [55.36564, 25.284737]}}, {"type": "Feature", "properties": {"cell_id": "8843acca15fffff"}, "geometry": {"type": "Point", "coordinates": [55.355573, 25.275226]}}, {"type": "Feature", "properties": {"cell_id": "8843acca17fffff"}, "geometry": {"type": "Point", "coordinates": [55.364043, 25.277268]}}, {"type": "Feature", "properties": {"cell_id": "8843acca19fffff"}, "geometry": {"type": "Point", "coordinates": [55.350293, 25.288121]}}, {"type": "Feature", "properties": {"cell_id": "8843acca1bfffff"}, "geometry": {"type": "Point", "coordinates": [55.358765, 25.290164]}}, {"type": "Feature", "properties": {"cell_id": "8843acca1dfffff"}, "geometry": {"type": "Point", "coordinates": [55.348698, 25.280651]}}, {"type": "Feature", "properties": {"cell_id": "8843acca21fffff"}, "geometry": {"type": "Point", "coordinates": [55.342323, 25.250782]}}, {"type": "Feature", "properties": {"cell_id": "8843acca23fffff"}, "geometry": {"type": "Point", "coordinates": [55.350789, 25.252824]}}, {"type": "Feature", "properties": {"cell_id": "8843acca25fffff"}, "geometry": {"type": "Point", "coordinates": [55.34073, 25.243317]}}, {"type": "Feature", "properties": {"cell_id": "8843acca27fffff"}, "geometry": {"type": "Point", "coordinates": [55.349195, 25.245358]}}, {"type": "Feature", "properties": {"cell_id": "8843acca29fffff"}, "geometry": {"type": "Point", "coordinates": [55.33545, 25.256206]}}, {"type": "Feature", "properties": {"cell_id": "8843acca2bfffff"}, "geometry": {"type": "Point", "coordinates": [55.343916, 25.258248]}}, {"type": "Feature", "properties": {"cell_id": "8843acca2dfffff"}, "geometry": {"type": "Point", "coordinates": [55.333858, 25.24874]}}, {"type": "Feature", "properties": {"cell_id": "8843acca31fffff"}, "geometry": {"type": "Point", "coordinates": [55.360851, 25.262332]}}, {"type": "Feature", "properties": {"cell_id": "8843acca33fffff"}, "geometry": {"type": "Point", "coordinates": [55.369321, 25.264373]}}, {"type": "Feature", "properties": {"cell_id": "8843acca35fffff"}, "geometry": {"type": "Point", "coordinates": [55.359256, 25.254865]}}, {"type": "Feature", "properties": {"cell_id": "8843acca37fffff"}, "geometry": {"type": "Point", "coordinates": [55.367724, 25.256906]}}, {"type": "Feature", "properties": {"cell_id": "8843acca39fffff"}, "geometry": {"type": "Point", "coordinates": [55.353978, 25.267757]}}, {"type": "Feature", "properties": {"cell_id": "8843acca3bfffff"}, "geometry": {"type": "Point", "coordinates": [55.362447, 25.2698]}}, {"type": "Feature", "properties": {"cell_id": "8843acca3dfffff"}, "geometry": {"type": "Point", "coordinates": [55.352383, 25.26029]}}, {"type": "Feature", "properties": {"cell_id": "8843acca41fffff"}, "geometry": {"type": "Point", "coordinates": [55.316417, 25.279944]}}, {"type": "Feature", "properties": {"cell_id": "8843acca43fffff"}, "geometry": {"type": "Point", "coordinates": [55.324884, 25.281989]}}, {"type": "Feature", "properties": {"cell_id": "8843acca45fffff"}, "geometry": {"type": "Point", "coordinates": [55.314826, 25.272476]}}, {"type": "Feature", "properties": {"cell_id": "8843acca47fffff"}, "geometry": {"type": "Point", "coordinates": [55.323293, 25.27452]}}, {"type": "Feature", "properties": {"cell_id": "8843acca4bfffff"}, "geometry": {"type": "Point", "coordinates": [55.318007, 25.287413]}}, {"type": "Feature", "properties": {"cell_id": "8843acca51fffff"}, "geometry": {"type": "Point", "coordinates": [55.334946, 25.291503]}}, {"type": "Feature", "properties": {"cell_id": "8843acca53fffff"}, "geometry": {"type": "Point", "coordinates": [55.343416, 25.293547]}}, {"type": "Feature", "properties": {"cell_id": "8843acca55fffff"}, "geometry": {"type": "Point", "coordinates": [55.333353, 25.284033]}}, {"type": "Feature", "properties": {"cell_id": "8843acca57fffff"}, "geometry": {"type": "Point", "coordinates": [55.341822, 25.286077]}}, {"type": "Feature", "properties": {"cell_id": "8843acca59fffff"}, "geometry": {"type": "Point", "coordinates": [55.328068, 25.296928]}}, {"type": "Feature", "properties": {"cell_id": "8843acca5bfffff"}, "geometry": {"type": "Point", "coordinates": [55.336539, 25.298973]}}, {"type": "Feature", "properties": {"cell_id": "8843acca5dfffff"}, "geometry": {"type": "Point", "coordinates": [55.326476, 25.289458]}}, {"type": "Feature", "properties": {"cell_id": "8843acca61fffff"}, "geometry": {"type": "Point", "coordinates": [55.320111, 25.259586]}}, {"type": "Feature", "properties": {"cell_id": "8843acca63fffff"}, "geometry": {"type": "Point", "coordinates": [55.328576, 25.261629]}}, {"type": "Feature", "properties": {"cell_id": "8843acca65fffff"}, "geometry": {"type": "Point", "coordinates": [55.318521, 25.25212]}}, {"type": "Feature", "properties": {"cell_id": "8843acca67fffff"}, "geometry": {"type": "Point", "coordinates": [55.326985, 25.254163]}}, {"type": "Feature", "properties": {"cell_id": "8843acca69fffff"}, "geometry": {"type": "Point", "coordinates": [55.313236, 25.265009]}}, {"type": "Feature", "properties": {"cell_id": "8843acca6bfffff"}, "geometry": {"type": "Point", "coordinates": [55.321702, 25.267053]}}, {"type": "Feature", "properties": {"cell_id": "8843acca6dfffff"}, "geometry": {"type": "Point", "coordinates": [55.311647, 25.257542]}}, {"type": "Feature", "properties": {"cell_id": "8843acca81fffff"}, "geometry": {"type": "Point", "coordinates": [55.397935, 25.285435]}}, {"type": "Feature", "properties": {"cell_id": "8843acca83fffff"}, "geometry": {"type": "Point", "coordinates": [55.406411, 25.287476]}}, {"type": "Feature", "properties": {"cell_id": "8843acca85fffff"}, "geometry": {"type": "Point", "coordinates": [55.396334, 25.277965]}}, {"type": "Feature", "properties": {"cell_id": "8843acca87fffff"}, "geometry": {"type": "Point", "coordinates": [55.404809, 25.280005]}}, {"type": "Feature", "properties": {"cell_id": "8843acca89fffff"}, "geometry": {"type": "Point", "coordinates": [55.391061, 25.290864]}}, {"type": "Feature", "properties": {"cell_id": "8843acca8bfffff"}, "geometry": {"type": "Point", "coordinates": [55.399536, 25.292905]}}, {"type": "Feature", "properties": {"cell_id": "8843acca8dfffff"}, "geometry": {"type": "Point", "coordinates": [55.389461, 25.283394]}}, {"type": "Feature", "properties": {"cell_id": "8843acca91fffff"}, "geometry": {"type": "Point", "coordinates": [55.41649, 25.296988]}}, {"type": "Feature", "properties": {"cell_id": "8843acca93fffff"}, "geometry": {"type": "Point", "coordinates": [55.424969, 25.299028]}}, {"type": "Feature", "properties": {"cell_id": "8843acca95fffff"}, "geometry": {"type": "Point", "coordinates": [55.414887, 25.289516]}}, {"type": "Feature", "properties": {"cell_id": "8843acca97fffff"}, "geometry": {"type": "Point", "coordinates": [55.423364, 25.291557]}}, {"type": "Feature", "properties": {"cell_id": "8843acca9dfffff"}, "geometry": {"type": "Point", "coordinates": [55.408013, 25.294947]}}, {"type": "Feature", "properties": {"cell_id": "8843accaa1fffff"}, "geometry": {"type": "Point", "coordinates": [55.401606, 25.265068]}}, {"type": "Feature", "properties": {"cell_id": "8843accaa3fffff"}, "geometry": {"type": "Point", "coordinates": [55.410079, 25.267107]}}, {"type": "Feature", "properties": {"cell_id": "8843accaa5fffff"}, "geometry": {"type": "Point", "coordinates": [55.400006, 25.2576]}}, {"type": "Feature", "properties": {"cell_id": "8843accaa7fffff"}, "geometry": {"type": "Point", "coordinates": [55.408478, 25.259639]}}, {"type": "Feature", "properties": {"cell_id": "8843accaa9fffff"}, "geometry": {"type": "Point", "coordinates": [55.394734, 25.270496]}}, {"type": "Feature", "properties": {"cell_id": "8843accaabfffff"}, "geometry": {"type": "Point", "coordinates": [55.403207, 25.272536]}}, {"type": "Feature", "properties": {"cell_id": "8843accaadfffff"}, "geometry": {"type": "Point", "coordinates": [55.393134, 25.263028]}}, {"type": "Feature", "properties": {"cell_id": "8843accab1fffff"}, "geometry": {"type": "Point", "coordinates": [55.420157, 25.276616]}}, {"type": "Feature", "properties": {"cell_id": "8843accab3fffff"}, "geometry": {"type": "Point", "coordinates": [55.428633, 25.278655]}}, {"type": "Feature", "properties": {"cell_id": "8843accab5fffff"}, "geometry": {"type": "Point", "coordinates": [55.418554, 25.269146]}}, {"type": "Feature", "properties": {"cell_id": "8843accab7fffff"}, "geometry": {"type": "Point", "coordinates": [55.427029, 25.271185]}}, {"type": "Feature", "properties": {"cell_id": "8843accab9fffff"}, "geometry": {"type": "Point", "coordinates": [55.413284, 25.282046]}}, {"type": "Feature", "properties": {"cell_id": "8843accabbfffff"}, "geometry": {"type": "Point", "coordinates": [55.42176, 25.284086]}}, {"type": "Feature", "properties": {"cell_id": "8843accabdfffff"}, "geometry": {"type": "Point", "coordinates": [55.411682, 25.274576]}}, {"type": "Feature", "properties": {"cell_id": "8843accac1fffff"}, "geometry": {"type": "Point", "coordinates": [55.375711, 25.29425]}}, {"type": "Feature", "properties": {"cell_id": "8843accac3fffff"}, "geometry": {"type": "Point", "coordinates": [55.384185, 25.296293]}}, {"type": "Feature", "properties": {"cell_id": "8843accac5fffff"}, "geometry": {"type": "Point", "coordinates": [55.374113, 25.28678]}}, {"type": "Feature", "properties": {"cell_id": "8843accac7fffff"}, "geometry": {"type": "Point", "coordinates": [55.382586, 25.288822]}}, {"type": "Feature", "properties": {"cell_id": "8843accac9fffff"}, "geometry": {"type": "Point", "coordinates": [55.368835, 25.299679]}}, {"type": "Feature", "properties": {"cell_id": "8843accacdfffff"}, "geometry": {"type": "Point", "coordinates": [55.367237, 25.292208]}}, {"type": "Feature", "properties": {"cell_id": "8843accad5fffff"}, "geometry": {"type": "Point", "coordinates": [55.392661, 25.298335]}}, {"type": "Feature", "properties": {"cell_id": "8843accae1fffff"}, "geometry": {"type": "Point", "coordinates": [55.379389, 25.273883]}}, {"type": "Feature", "properties": {"cell_id": "8843accae3fffff"}, "geometry": {"type": "Point", "coordinates": [55.387861, 25.275924]}}, {"type": "Feature", "properties": {"cell_id": "8843accae5fffff"}, "geometry": {"type": "Point", "coordinates": [55.377791, 25.266414]}}, {"type": "Feature", "properties": {"cell_id": "8843accae7fffff"}, "geometry": {"type": "Point", "coordinates": [55.386262, 25.268455]}}, {"type": "Feature", "properties": {"cell_id": "8843accae9fffff"}, "geometry": {"type": "Point", "coordinates": [55.372515, 25.27931]}}, {"type": "Feature", "properties": {"cell_id": "8843accaebfffff"}, "geometry": {"type": "Point", "coordinates": [55.380987, 25.281352]}}, {"type": "Feature", "properties": {"cell_id": "8843accaedfffff"}, "geometry": {"type": "Point", "coordinates": [55.370918, 25.271841]}}, {"type": "Feature", "properties": {"cell_id": "8843accb01fffff"}, "geometry": {"type": "Point", "coordinates": [55.327493, 25.218885]}}, {"type": "Feature", "properties": {"cell_id": "8843accb03fffff"}, "geometry": {"type": "Point", "coordinates": [55.335954, 25.220926]}}, {"type": "Feature", "properties": {"cell_id": "8843accb05fffff"}, "geometry": {"type": "Point", "coordinates": [55.325903, 25.211424]}}, {"type": "Feature", "properties": {"cell_id": "8843accb07fffff"}, "geometry": {"type": "Point", "coordinates": [55.334362, 25.213464]}}, {"type": "Feature", "properties": {"cell_id": "8843accb09fffff"}, "geometry": {"type": "Point", "coordinates": [55.320623, 25.224306]}}, {"type": "Feature", "properties": {"cell_id": "8843accb0bfffff"}, "geometry": {"type": "Point", "coordinates": [55.329084, 25.226348]}}, {"type": "Feature", "properties": {"cell_id": "8843accb0dfffff"}, "geometry": {"type": "Point", "coordinates": [55.319033, 25.216844]}}, {"type": "Feature", "properties": {"cell_id": "8843accb11fffff"}, "geometry": {"type": "Point", "coordinates": [55.346008, 25.230429]}}, {"type": "Feature", "properties": {"cell_id": "8843accb13fffff"}, "geometry": {"type": "Point", "coordinates": [55.354472, 25.23247]}}, {"type": "Feature", "properties": {"cell_id": "8843accb15fffff"}, "geometry": {"type": "Point", "coordinates": [55.344415, 25.222966]}}, {"type": "Feature", "properties": {"cell_id": "8843accb17fffff"}, "geometry": {"type": "Point", "coordinates": [55.352878, 25.225006]}}, {"type": "Feature", "properties": {"cell_id": "8843accb19fffff"}, "geometry": {"type": "Point", "coordinates": [55.339137, 25.235852]}}, {"type": "Feature", "properties": {"cell_id": "8843accb1bfffff"}, "geometry": {"type": "Point", "coordinates": [55.347601, 25.237893]}}, {"type": "Feature", "properties": {"cell_id": "8843accb1dfffff"}, "geometry": {"type": "Point", "coordinates": [55.337545, 25.228389]}}, {"type": "Feature", "properties": {"cell_id": "8843accb21fffff"}, "geometry": {"type": "Point", "coordinates": [55.331181, 25.198543]}}, {"type": "Feature", "properties": {"cell_id": "8843accb23fffff"}, "geometry": {"type": "Point", "coordinates": [55.339639, 25.200582]}}, {"type": "Feature", "properties": {"cell_id": "8843accb25fffff"}, "geometry": {"type": "Point", "coordinates": [55.32959, 25.191084]}}, {"type": "Feature", "properties": {"cell_id": "8843accb27fffff"}, "geometry": {"type": "Point", "coordinates": [55.338048, 25.193123]}}, {"type": "Feature", "properties": {"cell_id": "8843accb29fffff"}, "geometry": {"type": "Point", "coordinates": [55.324313, 25.203963]}}, {"type": "Feature", "properties": {"cell_id": "8843accb2bfffff"}, "geometry": {"type": "Point", "coordinates": [55.332771, 25.206003]}}, {"type": "Feature", "properties": {"cell_id": "8843accb2dfffff"}, "geometry": {"type": "Point", "coordinates": [55.322723, 25.196503]}}, {"type": "Feature", "properties": {"cell_id": "8843accb31fffff"}, "geometry": {"type": "Point", "coordinates": [55.349691, 25.210082]}}, {"type": "Feature", "properties": {"cell_id": "8843accb33fffff"}, "geometry": {"type": "Point", "coordinates": [55.358152, 25.212121]}}, {"type": "Feature", "properties": {"cell_id": "8843accb35fffff"}, "geometry": {"type": "Point", "coordinates": [55.348098, 25.202621]}}, {"type": "Feature", "properties": {"cell_id": "8843accb37fffff"}, "geometry": {"type": "Point", "coordinates": [55.356559, 25.20466]}}, {"type": "Feature", "properties": {"cell_id": "8843accb39fffff"}, "geometry": {"type": "Point", "coordinates": [55.342823, 25.215504]}}, {"type": "Feature", "properties": {"cell_id": "8843accb3bfffff"}, "geometry": {"type": "Point", "coordinates": [55.351284, 25.217544]}}, {"type": "Feature", "properties": {"cell_id": "8843accb3dfffff"}, "geometry": {"type": "Point", "coordinates": [55.341231, 25.208043]}}, {"type": "Feature", "properties": {"cell_id": "8843accb41fffff"}, "geometry": {"type": "Point", "coordinates": [55.305292, 25.227685]}}, {"type": "Feature", "properties": {"cell_id": "8843accb43fffff"}, "geometry": {"type": "Point", "coordinates": [55.313752, 25.229727]}}, {"type": "Feature", "properties": {"cell_id": "8843accb45fffff"}, "geometry": {"type": "Point", "coordinates": [55.303704, 25.220223]}}, {"type": "Feature", "properties": {"cell_id": "8843accb47fffff"}, "geometry": {"type": "Point", "coordinates": [55.312163, 25.222265]}}, {"type": "Feature", "properties": {"cell_id": "8843accb49fffff"}, "geometry": {"type": "Point", "coordinates": [55.29842, 25.233105]}}, {"type": "Feature", "properties": {"cell_id": "8843accb4bfffff"}, "geometry": {"type": "Point", "coordinates": [55.30688, 25.235148]}}, {"type": "Feature", "properties": {"cell_id": "8843accb4dfffff"}, "geometry": {"type": "Point", "coordinates": [55.296833, 25.225642]}}, {"type": "Feature", "properties": {"cell_id": "8843accb51fffff"}, "geometry": {"type": "Point", "coordinates": [55.323803, 25.239233]}}, {"type": "Feature", "properties": {"cell_id": "8843accb53fffff"}, "geometry": {"type": "Point", "coordinates": [55.332266, 25.241275]}}, {"type": "Feature", "properties": {"cell_id": "8843accb55fffff"}, "geometry": {"type": "Point", "coordinates": [55.322213, 25.231769]}}, {"type": "Feature", "properties": {"cell_id": "8843accb57fffff"}, "geometry": {"type": "Point", "coordinates": [55.330675, 25.233811]}}, {"type": "Feature", "properties": {"cell_id": "8843accb59fffff"}, "geometry": {"type": "Point", "coordinates": [55.316931, 25.244655]}}, {"type": "Feature", "properties": {"cell_id": "8843accb5bfffff"}, "geometry": {"type": "Point", "coordinates": [55.325394, 25.246698]}}, {"type": "Feature", "properties": {"cell_id": "8843accb5dfffff"}, "geometry": {"type": "Point", "coordinates": [55.315341, 25.237191]}}, {"type": "Feature", "properties": {"cell_id": "8843accb61fffff"}, "geometry": {"type": "Point", "coordinates": [55.308987, 25.207342]}}, {"type": "Feature", "properties": {"cell_id": "8843accb63fffff"}, "geometry": {"type": "Point", "coordinates": [55.317444, 25.209383]}}, {"type": "Feature", "properties": {"cell_id": "8843accb65fffff"}, "geometry": {"type": "Point", "coordinates": [55.307399, 25.199882]}}, {"type": "Feature", "properties": {"cell_id": "8843accb67fffff"}, "geometry": {"type": "Point", "coordinates": [55.315855, 25.201923]}}, {"type": "Feature", "properties": {"cell_id": "8843accb69fffff"}, "geometry": {"type": "Point", "coordinates": [55.302117, 25.212762]}}, {"type": "Feature", "properties": {"cell_id": "8843accb6bfffff"}, "geometry": {"type": "Point", "coordinates": [55.310575, 25.214803]}}, {"type": "Feature", "properties": {"cell_id": "8843accb6dfffff"}, "geometry": {"type": "Point", "coordinates": [55.30053, 25.205301]}}, {"type": "Feature", "properties": {"cell_id": "8843accf0dfffff"}, "geometry": {"type": "Point", "coordinates": [55.448803, 25.297676]}}, {"type": "Feature", "properties": {"cell_id": "8843accf61fffff"}, "geometry": {"type": "Point", "coordinates": [55.438716, 25.288165]}}, {"type": "Feature", "properties": {"cell_id": "8843accf63fffff"}, "geometry": {"type": "Point", "coordinates": [55.447195, 25.290204]}}, {"type": "Feature", "properties": {"cell_id": "8843accf65fffff"}, "geometry": {"type": "Point", "coordinates": [55.43711, 25.280694]}}, {"type": "Feature", "properties": {"cell_id": "8843accf67fffff"}, "geometry": {"type": "Point", "coordinates": [55.445589, 25.282732]}}, {"type": "Feature", "properties": {"cell_id": "8843accf69fffff"}, "geometry": {"type": "Point", "coordinates": [55.431843, 25.293597]}}, {"type": "Feature", "properties": {"cell_id": "8843accf6bfffff"}, "geometry": {"type": "Point", "coordinates": [55.440322, 25.295636]}}, {"type": "Feature", "properties": {"cell_id": "8843accf6dfffff"}, "geometry": {"type": "Point", "coordinates": [55.430238, 25.286125]}}, {"type": "Feature", "properties": {"cell_id": "8843acd981fffff"}, "geometry": {"type": "Point", "coordinates": [55.279385, 25.25683]}}, {"type": "Feature", "properties": {"cell_id": "8843acd983fffff"}, "geometry": {"type": "Point", "coordinates": [55.287846, 25.258875]}}, {"type": "Feature", "properties": {"cell_id": "8843acd985fffff"}, "geometry": {"type": "Point", "coordinates": [55.2778, 25.249365]}}, {"type": "Feature", "properties": {"cell_id": "8843acd987fffff"}, "geometry": {"type": "Point", "coordinates": [55.28626, 25.251409]}}, {"type": "Feature", "properties": {"cell_id": "8843acd991fffff"}, "geometry": {"type": "Point", "coordinates": [55.297896, 25.268386]}}, {"type": "Feature", "properties": {"cell_id": "8843acd993fffff"}, "geometry": {"type": "Point", "coordinates": [55.306361, 25.270431]}}, {"type": "Feature", "properties": {"cell_id": "8843acd997fffff"}, "geometry": {"type": "Point", "coordinates": [55.304772, 25.262964]}}, {"type": "Feature", "properties": {"cell_id": "8843acd99dfffff"}, "geometry": {"type": "Point", "coordinates": [55.289433, 25.266341]}}, {"type": "Feature", "properties": {"cell_id": "8843acd9a1fffff"}, "geometry": {"type": "Point", "coordinates": [55.283089, 25.236481]}}, {"type": "Feature", "properties": {"cell_id": "8843acd9a3fffff"}, "geometry": {"type": "Point", "coordinates": [55.291548, 25.238525]}}, {"type": "Feature", "properties": {"cell_id": "8843acd9a5fffff"}, "geometry": {"type": "Point", "coordinates": [55.281503, 25.229018]}}, {"type": "Feature", "properties": {"cell_id": "8843acd9a7fffff"}, "geometry": {"type": "Point", "coordinates": [55.289961, 25.231062]}}, {"type": "Feature", "properties": {"cell_id": "8843acd9a9fffff"}, "geometry": {"type": "Point", "coordinates": [55.276215, 25.2419]}}, {"type": "Feature", "properties": {"cell_id": "8843acd9abfffff"}, "geometry": {"type": "Point", "coordinates": [55.284674, 25.243945]}}, {"type": "Feature", "properties": {"cell_id": "8843acd9adfffff"}, "geometry": {"type": "Point", "coordinates": [55.274631, 25.234437]}}, {"type": "Feature", "properties": {"cell_id": "8843acd9b1fffff"}, "geometry": {"type": "Point", "coordinates": [55.301595, 25.248033]}}, {"type": "Feature", "properties": {"cell_id": "8843acd9b3fffff"}, "geometry": {"type": "Point", "coordinates": [55.310057, 25.250077]}}, {"type": "Feature", "properties": {"cell_id": "8843acd9b5fffff"}, "geometry": {"type": "Point", "coordinates": [55.300008, 25.240569]}}, {"type": "Feature", "properties": {"cell_id": "8843acd9b7fffff"}, "geometry": {"type": "Point", "coordinates": [55.308469, 25.242612]}}, {"type": "Feature", "properties": {"cell_id": "8843acd9b9fffff"}, "geometry": {"type": "Point", "coordinates": [55.294721, 25.253454]}}, {"type": "Feature", "properties": {"cell_id": "8843acd9bbfffff"}, "geometry": {"type": "Point", "coordinates": [55.303184, 25.255498]}}, {"type": "Feature", "properties": {"cell_id": "8843acd9bdfffff"}, "geometry": {"type": "Point", "coordinates": [55.293134, 25.245989]}}, {"type": "Feature", "properties": {"cell_id": "8843acd9e3fffff"}, "geometry": {"type": "Point", "coordinates": [55.269341, 25.247319]}}, {"type": "Feature", "properties": {"cell_id": "8843acd9e5fffff"}, "geometry": {"type": "Point", "coordinates": [55.2593, 25.23781]}}, {"type": "Feature", "properties": {"cell_id": "8843acd9e7fffff"}, "geometry": {"type": "Point", "coordinates": [55.267757, 25.239856]}}], "_version": 8}