{"type": "FeatureCollection", "features": [{"type": "Feature", "properties": {"cell_id": "c_0"}, "geometry": {"type": "Point", "coordinates": [55.059924, 25.0]}}, {"type": "Feature", "properties": {"cell_id": "c_1"}, "geometry": {"type": "Point", "coordinates": [55.064886, 25.0]}}, {"type": "Feature", "properties": {"cell_id": "c_2"}, "geometry": {"type": "Point", "coordinates": [55.069848, 25.0]}}, {"type": "Feature", "properties": {"cell_id": "c_3"}, "geometry": {"type": "Point", "coordinates": [55.07481, 25.0]}}, {"type": "Feature", "properties": {"cell_id": "c_4"}, "geometry": {"type": "Point", "coordinates": [55.079772, 25.0]}}, {"type": "Feature", "properties": {"cell_id": "c_5"}, "geometry": {"type": "Point", "coordinates": [55.084734, 25.0]}}, {"type": "Feature", "properties": {"cell_id": "c_6"}, "geometry": {"type": "Point", "coordinates": [55.089696, 25.0]}}, {"type": "Feature", "properties": {"cell_id": "c_7"}, "geometry": {"type": "Point", "coordinates": [55.094658, 25.0]}}, {"type": "Feature", "properties": {"cell_id": "c_8"}, "geometry": {"type": "Point", "coordinates": [55.09962, 25.0]}}, {"type": "Feature", "properties": {"cell_id": "c_9"}, "geometry": {"type": "Point", "coordinates": [55.104582, 25.0]}}, {"type": "Feature", "properties": {"cell_id": "c_10"}, "geometry": {"type": "Point", "coordinates": [55.109543, 25.0]}}, {"type": "Feature", "properties": {"cell_id": "c_11"}, "geometry": {"type": "Point", "coordinates": [55.114505, 25.0]}}, {"type": "Feature", "properties": {"cell_id": "c_12"}, "geometry": {"type": "Point", "coordinates": [55.119467, 25.0]}}, {"type": "Feature", "properties": {"cell_id": "c_13"}, "geometry": {"type": "Point", "coordinates": [55.124429, 25.0]}}, {"type": "Feature", "properties": {"cell_id": "c_14"}, "geometry": {"type": "Point", "coordinates": [55.129391, 25.0]}}, {"type": "Feature", "properties": {"cell_id": "c_15"}, "geometry": {"type": "Point", "coordinates": [55.134353, 25.0]}}, {"type": "Feature", "properties": {"cell_id": "c_16"}, "geometry": {"type": "Point", "coordinates": [55.139315, 25.0]}}, {"type": "Feature", "properties": {"cell_id": "c_17"}, "geometry": {"type": "Point", "coordinates": [55.144277, 25.0]}}, {"type": "Feature", "properties": {"cell_id": "c_18"}, "geometry": {"type": "Point", "coordinates": [55.149239, 25.0]}}, {"type": "Feature", "properties": {"cell_id": "c_19"}, "geometry": {"type": "Point", "coordinates": [55.154201, 25.0]}}, {"type": "Feature", "properties": {"cell_id": "c_20"}, "geometry": {"type": "Point", "coordinates": [55.159163, 25.0]}}, {"type": "Feature", "properties": {"cell_id": "c_21"}, "geometry": {"type": "Point", "coordinates": [55.164125, 25.0]}}, {"type": "Feature", "properties": {"cell_id": "c_22"}, "geometry": {"type": "Point", "coordinates": [55.169087, 25.0]}}, {"type": "Feature", "properties": {"cell_id": "c_23"}, "geometry": {"type": "Point", "coordinates": [55.174049, 25.0]}}, {"type": "Feature", "properties": {"cell_id": "c_24"}, "geometry": {"type": "Point", "coordinates": [55.179011, 25.0]}}, {"type": "Feature", "properties": {"cell_id": "c_25"}, "geometry": {"type": "Point", "coordinates": [55.183973, 25.0]}}, {"type": "Feature", "properties": {"cell_id": "c_26"}, "geometry": {"type": "Point", "coordinates": [55.188935, 25.0]}}, {"type": "Feature", "properties": {"cell_id": "c_27"}, "geometry": {"type": "Point", "coordinates": [55.193897, 25.0]}}, {"type": "Feature", "properties": {"cell_id": "c_28"}, "geometry": {"type": "Point", "coordinates": [55.198859, 25.0]}}, {"type": "Feature", "properties": {"cell_id": "c_29"}, "geometry": {"type": "Point", "coordinates": [55.203821, 25.0]}}, {"type": "Feature", "properties": {"cell_id": "c_30"}, "geometry": {"type": "Point", "coordinates": [55.208783, 25.0]}}, {"type": "Feature", "properties": {"cell_id": "c_31"}, "geometry": {"type": "Point", "coordinates": [55.213745, 25.0]}}, {"type": "Feature", "properties": {"cell_id": "c_32"}, "geometry": {"type": "Point", "coordinates": [55.218707, 25.0]}}, {"type": "Feature", "properties": {"cell_id": "c_33"}, "geometry": {"type": "Point", "coordinates": [55.223669, 25.0]}}, {"type": "Feature", "properties": {"cell_id": "c_34"}, "geometry": {"type": "Point", "coordinates": [55.22863, 25.0]}}, {"type": "Feature", "properties": {"cell_id": "c_35"}, "geometry": {"type": "Point", "coordinates": [55.233592, 25.0]}}, {"type": "Feature", "properties": {"cell_id": "c_36"}, "geometry": {"type": "Point", "coordinates": [55.238554, 25.0]}}, {"type": "Feature", "properties": {"cell_id": "c_37"}, "geometry": {"type": "Point", "coordinates": [55.243516, 25.0]}}, {"type": "Feature", "properties": {"cell_id": "c_38"}, "geometry": {"type": "Point", "coordinates": [55.248478, 25.0]}}, {"type": "Feature", "properties": {"cell_id": "c_39"}, "geometry": {"type": "Point", "coordinates": [55.25344, 25.0]}}, {"type": "Feature", "properties": {"cell_id": "c_40"}, "geometry": {"type": "Point", "coordinates": [55.258402, 25.0]}}, {"type": "Feature", "properties": {"cell_id": "c_41"}, "geometry": {"type": "Point", "coordinates": [55.263364, 25.0]}}, {"type": "Feature", "properties": {"cell_id": "c_42"}, "geometry": {"type": "Point", "coordinates": [55.268326, 25.0]}}, {"type": "Feature", "properties": {"cell_id": "c_43"}, "geometry": {"type": "Point", "coordinates": [55.273288, 25.0]}}, {"type": "Feature", "properties": {"cell_id": "c_44"}, "geometry": {"type": "Point", "coordinates": [55.27825, 25.0]}}, {"type": "Feature", "properties": {"cell_id": "c_45"}, "geometry": {"type": "Point", "coordinates": [55.283212, 25.0]}}, {"type": "Feature", "properties": {"cell_id": "c_46"}, "geometry": {"type": "Point", "coordinates": [55.288174, 25.0]}}, {"type": "Feature", "properties": {"cell_id": "c_47"}, "geometry": {"type": "Point", "coordinates": [55.293136, 25.0]}}, {"type": "Feature", "properties": {"cell_id": "c_48"}, "geometry": {"type": "Point", "coordinates": [55.298098, 25.0]}}, {"type": "Feature", "properties": {"cell_id": "c_49"}, "geometry": {"type": "Point", "coordinates": [55.30306, 25.0]}}, {"type": "Feature", "properties": {"cell_id": "c_50"}, "geometry": {"type": "Point", "coordinates": [55.308022, 25.0]}}, {"type": "Feature", "properties": {"cell_id": "c_51"}, "geometry": {"type": "Point", "coordinates": [55.312984, 25.0]}}, {"type": "Feature", "properties": {"cell_id": "c_52"}, "geometry": {"type": "Point", "coordinates": [55.317946, 25.0]}}, {"type": "Feature", "properties": {"cell_id": "c_53"}, "geometry": {"type": "Point", "coordinates": [55.322908, 25.0]}}, {"type": "Feature", "properties": {"cell_id": "c_54"}, "geometry": {"type": "Point", "coordinates": [55.32787, 25.0]}}, {"type": "Feature", "properties": {"cell_id": "c_55"}, "geometry": {"type": "Point", "coordinates": [55.332832, 25.0]}}, {"type": "Feature", "properties": {"cell_id": "c_56"}, "geometry": {"type": "Point", "coordinates": [55.337794, 25.0]}}, {"type": "Feature", "properties": {"cell_id": "c_57"}, "geometry": {"type": "Point", "coordinates": [55.342756, 25.0]}}, {"type": "Feature", "properties": {"cell_id": "c_58"}, "geometry": {"type": "Point", "coordinates": [55.347717, 25.0]}}, {"type": "Feature", "properties": {"cell_id": "c_59"}, "geometry": {"type": "Point", "coordinates": [55.352679, 25.0]}}, {"type": "Feature", "properties": {"cell_id": "c_60"}, "geometry": {"type": "Point", "coordinates": [55.357641, 25.0]}}, {"type": "Feature", "properties": {"cell_id": "c_61"}, "geometry": {"type": "Point", "coordinates": [55.362603, 25.0]}}, {"type": "Feature", "properties": {"cell_id": "c_62"}, "geometry": {"type": "Point", "coordinates": [55.367565, 25.0]}}, {"type": "Feature", "properties": {"cell_id": "c_63"}, "geometry": {"type": "Point", "coordinates": [55.372527, 25.0]}}, {"type": "Feature", "properties": {"cell_id": "c_64"}, "geometry": {"type": "Point", "coordinates": [55.377489, 25.0]}}, {"type": "Feature", "properties": {"cell_id": "c_65"}, "geometry": {"type": "Point", "coordinates": [55.382451, 25.0]}}, {"type": "Feature", "properties": {"cell_id": "c_66"}, "geometry": {"type": "Point", "coordinates": [55.387413, 25.0]}}, {"type": "Feature", "properties": {"cell_id": "c_67"}, "geometry": {"type": "Point", "coordinates": [55.392375, 25.0]}}, {"type": "Feature", "properties": {"cell_id": "c_68"}, "geometry": {"type": "Point", "coordinates": [55.397337, 25.0]}}, {"type": "Feature", "properties": {"cell_id": "c_69"}, "geometry": {"type": "Point", "coordinates": [55.402299, 25.0]}}, {"type": "Feature", "properties": {"cell_id": "c_70"}, "geometry": {"type": "Point", "coordinates": [55.407261, 25.0]}}, {"type": "Feature", "properties": {"cell_id": "c_71"}, "geometry": {"type": "Point", "coordinates": [55.412223, 25.0]}}, {"type": "Feature", "properties": {"cell_id": "c_72"}, "geometry": {"type": "Point", "coordinates": [55.417185, 25.0]}}, {"type": "Feature", "properties": {"cell_id": "c_73"}, "geometry": {"type": "Point", "coordinates": [55.422147, 25.0]}}, {"type": "Feature", "properties": {"cell_id": "c_74"}, "geometry": {"type": "Point", "coordinates": [55.427109, 25.0]}}, {"type": "Feature", "properties": {"cell_id": "c_75"}, "geometry": {"type": "Point", "coordinates": [55.432071, 25.0]}}, {"type": "Feature", "properties": {"cell_id": "c_76"}, "geometry": {"type": "Point", "coordinates": [55.437033, 25.0]}}, {"type": "Feature", "properties": {"cell_id": "c_77"}, "geometry": {"type": "Point", "coordinates": [55.441995, 25.0]}}, {"type": "Feature", "properties": {"cell_id": "c_78"}, "geometry": {"type": "Point", "coordinates": [55.446957, 25.0]}}, {"type": "Feature", "properties": {"cell_id": "c_79"}, "geometry": {"type": "Point", "coordinates": [55.059924, 25.004492]}}, {"type": "Feature", "properties": {"cell_id": "c_80"}, "geometry": {"type": "Point", "coordinates": [55.064886, 25.004492]}}, {"type": "Feature", "properties": {"cell_id": "c_81"}, "geometry": {"type": "Point", "coordinates": [55.069848, 25.004492]}}, {"type": "Feature", "properties": {"cell_id": "c_82"}, "geometry": {"type": "Point", "coordinates": [55.07481, 25.004492]}}, {"type": "Feature", "properties": {"cell_id": "c_83"}, "geometry": {"type": "Point", "coordinates": [55.079772, 25.004492]}}, {"type": "Feature", "properties": {"cell_id": "c_84"}, "geometry": {"type": "Point", "coordinates": [55.084734, 25.004492]}}, {"type": "Feature", "properties": {"cell_id": "c_85"}, "geometry": {"type": "Point", "coordinates": [55.089696, 25.004492]}}, {"type": "Feature", "properties": {"cell_id": "c_86"}, "geometry": {"type": "Point", "coordinates": [55.094658, 25.004492]}}, {"type": "Feature", "properties": {"cell_id": "c_87"}, "geometry": {"type": "Point", "coordinates": [55.09962, 25.004492]}}, {"type": "Feature", "properties": {"cell_id": "c_88"}, "geometry": {"type": "Point", "coordinates": [55.104582, 25.004492]}}, {"type": "Feature", "properties": {"cell_id": "c_89"}, "geometry": {"type": "Point", "coordinates": [55.109543, 25.004492]}}, {"type": "Feature", "properties": {"cell_id": "c_90"}, "geometry": {"type": "Point", "coordinates": [55.114505, 25.004492]}}, {"type": "Feature", "properties": {"cell_id": "c_91"}, "geometry": {"type": "Point", "coordinates": [55.119467, 25.004492]}}, {"type": "Feature", "properties": {"cell_id": "c_92"}, "geometry": {"type": "Point", "coordinates": [55.124429, 25.004492]}}, {"type": "Feature", "properties": {"cell_id": "c_93"}, "geometry": {"type": "Point", "coordinates": [55.129391, 25.004492]}}, {"type": "Feature", "properties": {"cell_id": "c_94"}, "geometry": {"type": "Point", "coordinates": [55.134353, 25.004492]}}, {"type": "Feature", "properties": {"cell_id": "c_95"}, "geometry": {"type": "Point", "coordinates": [55.139315, 25.004492]}}, {"type": "Feature", "properties": {"cell_id": "c_96"}, "geometry": {"type": "Point", "coordinates": [55.144277, 25.004492]}}, {"type": "Feature", "properties": {"cell_id": "c_97"}, "geometry": {"type": "Point", "coordinates": [55.149239, 25.004492]}}, {"type": "Feature", "properties": {"cell_id": "c_98"}, "geometry": {"type": "Point", "coordinates": [55.154201, 25.004492]}}, {"type": "Feature", "properties": {"cell_id": "c_99"}, "geometry": {"type": "Point", "coordinates": [55.159163, 25.004492]}}, {"type": "Feature", "properties": {"cell_id": "c_100"}, "geometry": {"type": "Point", "coordinates": [55.164125, 25.004492]}}, {"type": "Feature", "properties": {"cell_id": "c_101"}, "geometry": {"type": "Point", "coordinates": [55.169087, 25.004492]}}, {"type": "Feature", "properties": {"cell_id": "c_102"}, "geometry": {"type": "Point", "coordinates": [55.174049, 25.004492]}}, {"type": "Feature", "properties": {"cell_id": "c_103"}, "geometry": {"type": "Point", "coordinates": [55.179011, 25.004492]}}, {"type": "Feature", "properties": {"cell_id": "c_104"}, "geometry": {"type": "Point", "coordinates": [55.183973, 25.004492]}}, {"type": "Feature", "properties": {"cell_id": "c_105"}, "geometry": {"type": "Point", "coordinates": [55.188935, 25.004492]}}, {"type": "Feature", "properties": {"cell_id": "c_106"}, "geometry": {"type": "Point", "coordinates": [55.193897, 25.004492]}}, {"type": "Feature", "properties": {"cell_id": "c_107"}, "geometry": {"type": "Point", "coordinates": [55.198859, 25.004492]}}, {"type": "Feature", "properties": {"cell_id": "c_108"}, "geometry": {"type": "Point", "coordinates": [55.203821, 25.004492]}}, {"type": "Feature", "properties": {"cell_id": "c_109"}, "geometry": {"type": "Point", "coordinates": [55.208783, 25.004492]}}, {"type": "Feature", "properties": {"cell_id": "c_110"}, "geometry": {"type": "Point", "coordinates": [55.213745, 25.004492]}}, {"type": "Feature", "properties": {"cell_id": "c_111"}, "geometry": {"type": "Point", "coordinates": [55.218707, 25.004492]}}, {"type": "Feature", "properties": {"cell_id": "c_112"}, "geometry": {"type": "Point", "coordinates": [55.223669, 25.004492]}}, {"type": "Feature", "properties": {"cell_id": "c_113"}, "geometry": {"type": "Point", "coordinates": [55.22863, 25.004492]}}, {"type": "Feature", "properties": {"cell_id": "c_114"}, "geometry": {"type": "Point", "coordinates": [55.233592, 25.004492]}}, {"type": "Feature", "properties": {"cell_id": "c_115"}, "geometry": {"type": "Point", "coordinates": [55.238554, 25.004492]}}, {"type": "Feature", "properties": {"cell_id": "c_116"}, "geometry": {"type": "Point", "coordinates": [55.243516, 25.004492]}}, {"type": "Feature", "properties": {"cell_id": "c_117"}, "geometry": {"type": "Point", "coordinates": [55.248478, 25.004492]}}, {"type": "Feature", "properties": {"cell_id": "c_118"}, "geometry": {"type": "Point", "coordinates": [55.25344, 25.004492]}}, {"type": "Feature", "properties": {"cell_id": "c_119"}, "geometry": {"type": "Point", "coordinates": [55.258402, 25.004492]}}, {"type": "Feature", "properties": {"cell_id": "c_120"}, "geometry": {"type": "Point", "coordinates": [55.263364, 25.004492]}}, {"type": "Feature", "properties": {"cell_id": "c_121"}, "geometry": {"type": "Point", "coordinates": [55.268326, 25.004492]}}, {"type": "Feature", "properties": {"cell_id": "c_122"}, "geometry": {"type": "Point", "coordinates": [55.273288, 25.004492]}}, {"type": "Feature", "properties": {"cell_id": "c_123"}, "geometry": {"type": "Point", "coordinates": [55.27825, 25.004492]}}, {"type": "Feature", "properties": {"cell_id": "c_124"}, "geometry": {"type": "Point", "coordinates": [55.283212, 25.004492]}}, {"type": "Feature", "properties": {"cell_id": "c_125"}, "geometry": {"type": "Point", "coordinates": [55.288174, 25.004492]}}, {"type": "Feature", "properties": {"cell_id": "c_126"}, "geometry": {"type": "Point", "coordinates": [55.293136, 25.004492]}}, {"type": "Feature", "properties": {"cell_id": "c_127"}, "geometry": {"type": "Point", "coordinates": [55.298098, 25.004492]}}, {"type": "Feature", "properties": {"cell_id": "c_128"}, "geometry": {"type": "Point", "coordinates": [55.30306, 25.004492]}}, {"type": "Feature", "properties": {"cell_id": "c_129"}, "geometry": {"type": "Point", "coordinates": [55.308022, 25.004492]}}, {"type": "Feature", "properties": {"cell_id": "c_130"}, "geometry": {"type": "Point", "coordinates": [55.312984, 25.004492]}}, {"type": "Feature", "properties": {"cell_id": "c_131"}, "geometry": {"type": "Point", "coordinates": [55.317946, 25.004492]}}, {"type": "Feature", "properties": {"cell_id": "c_132"}, "geometry": {"type": "Point", "coordinates": [55.322908, 25.004492]}}, {"type": "Feature", "properties": {"cell_id": "c_133"}, "geometry": {"type": "Point", "coordinates": [55.32787, 25.004492]}}, {"type": "Feature", "properties": {"cell_id": "c_134"}, "geometry": {"type": "Point", "coordinates": [55.332832, 25.004492]}}, {"type": "Feature", "properties": {"cell_id": "c_135"}, "geometry": {"type": "Point", "coordinates": [55.337794, 25.004492]}}, {"type": "Feature", "properties": {"cell_id": "c_136"}, "geometry": {"type": "Point", "coordinates": [55.342756, 25.004492]}}, {"type": "Feature", "properties": {"cell_id": "c_137"}, "geometry": {"type": "Point", "coordinates": [55.347717, 25.004492]}}, {"type": "Feature", "properties": {"cell_id": "c_138"}, "geometry": {"type": "Point", "coordinates": [55.352679, 25.004492]}}, {"type": "Feature", "properties": {"cell_id": "c_139"}, "geometry": {"type": "Point", "coordinates": [55.357641, 25.004492]}}, {"type": "Feature", "properties": {"cell_id": "c_140"}, "geometry": {"type": "Point", "coordinates": [55.362603, 25.004492]}}, {"type": "Feature", "properties": {"cell_id": "c_141"}, "geometry": {"type": "Point", "coordinates": [55.367565, 25.004492]}}, {"type": "Feature", "properties": {"cell_id": "c_142"}, "geometry": {"type": "Point", "coordinates": [55.372527, 25.004492]}}, {"type": "Feature", "properties": {"cell_id": "c_143"}, "geometry": {"type": "Point", "coordinates": [55.377489, 25.004492]}}, {"type": "Feature", "properties": {"cell_id": "c_144"}, "geometry": {"type": "Point", "coordinates": [55.382451, 25.004492]}}, {"type": "Feature", "properties": {"cell_id": "c_145"}, "geometry": {"type": "Point", "coordinates": [55.387413, 25.004492]}}, {"type": "Feature", "properties": {"cell_id": "c_146"}, "geometry": {"type": "Point", "coordinates": [55.392375, 25.004492]}}, {"type": "Feature", "properties": {"cell_id": "c_147"}, "geometry": {"type": "Point", "coordinates": [55.397337, 25.004492]}}, {"type": "Feature", "properties": {"cell_id": "c_148"}, "geometry": {"type": "Point", "coordinates": [55.402299, 25.004492]}}, {"type": "Feature", "properties": {"cell_id": "c_149"}, "geometry": {"type": "Point", "coordinates": [55.407261, 25.004492]}}, {"type": "Feature", "properties": {"cell_id": "c_150"}, "geometry": {"type": "Point", "coordinates": [55.412223, 25.004492]}}, {"type": "Feature", "properties": {"cell_id": "c_151"}, "geometry": {"type": "Point", "coordinates": [55.417185, 25.004492]}}, {"type": "Feature", "properties": {"cell_id": "c_152"}, "geometry": {"type": "Point", "coordinates": [55.422147, 25.004492]}}, {"type": "Feature", "properties": {"cell_id": "c_153"}, "geometry": {"type": "Point", "coordinates": [55.427109, 25.004492]}}, {"type": "Feature", "properties": {"cell_id": "c_154"}, "geometry": {"type": "Point", "coordinates": [55.432071, 25.004492]}}, {"type": "Feature", "properties": {"cell_id": "c_155"}, "geometry": {"type": "Point", "coordinates": [55.437033, 25.004492]}}, {"type": "Feature", "properties": {"cell_id": "c_156"}, "geometry": {"type": "Point", "coordinates": [55.441995, 25.004492]}}, {"type": "Feature", "properties": {"cell_id": "c_157"}, "geometry": {"type": "Point", "coordinates": [55.446957, 25.004492]}}, {"type": "Feature", "properties": {"cell_id": "c_158"}, "geometry": {"type": "Point", "coordinates": [55.05, 25.008983]}}, {"type": "Feature", "properties": {"cell_id": "c_159"}, "geometry": {"type": "Point", "coordinates": [55.054962, 25.008983]}}, {"type": "Feature", "properties": {"cell_id": "c_160"}, "geometry": {"type": "Point", "coordinates": [55.059924, 25.008983]}}, {"type": "Feature", "properties": {"cell_id": "c_161"}, "geometry": {"type": "Point", "coordinates": [55.064886, 25.008983]}}, {"type": "Feature", "properties": {"cell_id": "c_162"}, "geometry": {"type": "Point", "coordinates": [55.069848, 25.008983]}}, {"type": "Feature", "properties": {"cell_id": "c_163"}, "geometry": {"type": "Point", "coordinates": [55.07481, 25.008983]}}, {"type": "Feature", "properties": {"cell_id": "c_164"}, "geometry": {"type": "Point", "coordinates": [55.079772, 25.008983]}}, {"type": "Feature", "properties": {"cell_id": "c_165"}, "geometry": {"type": "Point", "coordinates": [55.084734, 25.008983]}}, {"type": "Feature", "properties": {"cell_id": "c_166"}, "geometry": {"type": "Point", "coordinates": [55.089696, 25.008983]}}, {"type": "Feature", "properties": {"cell_id": "c_167"}, "geometry": {"type": "Point", "coordinates": [55.094658, 25.008983]}}, {"type": "Feature", "properties": {"cell_id": "c_168"}, "geometry": {"type": "Point", "coordinates": [55.09962, 25.008983]}}, {"type": "Feature", "properties": {"cell_id": "c_169"}, "geometry": {"type": "Point", "coordinates": [55.104582, 25.008983]}}, {"type": "Feature", "properties": {"cell_id": "c_170"}, "geometry": {"type": "Point", "coordinates": [55.109543, 25.008983]}}, {"type": "Feature", "properties": {"cell_id": "c_171"}, "geometry": {"type": "Point", "coordinates": [55.114505, 25.008983]}}, {"type": "Feature", "properties": {"cell_id": "c_172"}, "geometry": {"type": "Point", "coordinates": [55.119467, 25.008983]}}, {"type": "Feature", "properties": {"cell_id": "c_173"}, "geometry": {"type": "Point", "coordinates": [55.124429, 25.008983]}}, {"type": "Feature", "properties": {"cell_id": "c_174"}, "geometry": {"type": "Point", "coordinates": [55.129391, 25.008983]}}, {"type": "Feature", "properties": {"cell_id": "c_175"}, "geometry": {"type": "Point", "coordinates": [55.134353, 25.008983]}}, {"type": "Feature", "properties": {"cell_id": "c_176"}, "geometry": {"type": "Point", "coordinates": [55.139315, 25.008983]}}, {"type": "Feature", "properties": {"cell_id": "c_177"}, "geometry": {"type": "Point", "coordinates": [55.144277, 25.008983]}}, {"type": "Feature", "properties": {"cell_id": "c_178"}, "geometry": {"type": "Point", "coordinates": [55.149239, 25.008983]}}, {"type": "Feature", "properties": {"cell_id": "c_179"}, "geometry": {"type": "Point", "coordinates": [55.154201, 25.008983]}}, {"type": "Feature", "properties": {"cell_id": "c_180"}, "geometry": {"type": "Point", "coordinates": [55.159163, 25.008983]}}, {"type": "Feature", "properties": {"cell_id": "c_181"}, "geometry": {"type": "Point", "coordinates": [55.164125, 25.008983]}}, {"type": "Feature", "properties": {"cell_id": "c_182"}, "geometry": {"type": "Point", "coordinates": [55.169087, 25.008983]}}, {"type": "Feature", "properties": {"cell_id": "c_183"}, "geometry": {"type": "Point", "coordinates": [55.174049, 25.008983]}}, {"type": "Feature", "properties": {"cell_id": "c_184"}, "geometry": {"type": "Point", "coordinates": [55.179011, 25.008983]}}, {"type": "Feature", "properties": {"cell_id": "c_185"}, "geometry": {"type": "Point", "coordinates": [55.183973, 25.008983]}}, {"type": "Feature", "properties": {"cell_id": "c_186"}, "geometry": {"type": "Point", "coordinates": [55.188935, 25.008983]}}, {"type": "Feature", "properties": {"cell_id": "c_187"}, "geometry": {"type": "Point", "coordinates": [55.193897, 25.008983]}}, {"type": "Feature", "properties": {"cell_id": "c_188"}, "geometry": {"type": "Point", "coordinates": [55.198859, 25.008983]}}, {"type": "Feature", "properties": {"cell_id": "c_189"}, "geometry": {"type": "Point", "coordinates": [55.203821, 25.008983]}}, {"type": "Feature", "properties": {"cell_id": "c_190"}, "geometry": {"type": "Point", "coordinates": [55.208783, 25.008983]}}, {"type": "Feature", "properties": {"cell_id": "c_191"}, "geometry": {"type": "Point", "coordinates": [55.213745, 25.008983]}}, {"type": "Feature", "properties": {"cell_id": "c_192"}, "geometry": {"type": "Point", "coordinates": [55.218707, 25.008983]}}, {"type": "Feature", "properties": {"cell_id": "c_193"}, "geometry": {"type": "Point", "coordinates": [55.223669, 25.008983]}}, {"type": "Feature", "properties": {"cell_id": "c_194"}, "geometry": {"type": "Point", "coordinates": [55.22863, 25.008983]}}, {"type": "Feature", "properties": {"cell_id": "c_195"}, "geometry": {"type": "Point", "coordinates": [55.233592, 25.008983]}}, {"type": "Feature", "properties": {"cell_id": "c_196"}, "geometry": {"type": "Point", "coordinates": [55.238554, 25.008983]}}, {"type": "Feature", "properties": {"cell_id": "c_197"}, "geometry": {"type": "Point", "coordinates": [55.243516, 25.008983]}}, {"type": "Feature", "properties": {"cell_id": "c_198"}, "geometry": {"type": "Point", "coordinates": [55.248478, 25.008983]}}, {"type": "Feature", "properties": {"cell_id": "c_199"}, "geometry": {"type": "Point", "coordinates": [55.25344, 25.008983]}}, {"type": "Feature", "properties": {"cell_id": "c_200"}, "geometry": {"type": "Point", "coordinates": [55.258402, 25.008983]}}, {"type": "Feature", "properties": {"cell_id": "c_201"}, "geometry": {"type": "Point", "coordinates": [55.263364, 25.008983]}}, {"type": "Feature", "properties": {"cell_id": "c_202"}, "geometry": {"type": "Point", "coordinates": [55.268326, 25.008983]}}, {"type": "Feature", "properties": {"cell_id": "c_203"}, "geometry": {"type": "Point", "coordinates": [55.273288, 25.008983]}}, {"type": "Feature", "properties": {"cell_id": "c_204"}, "geometry": {"type": "Point", "coordinates": [55.27825, 25.008983]}}, {"type": "Feature", "properties": {"cell_id": "c_205"}, "geometry": {"type": "Point", "coordinates": [55.283212, 25.008983]}}, {"type": "Feature", "properties": {"cell_id": "c_206"}, "geometry": {"type": "Point", "coordinates": [55.288174, 25.008983]}}, {"type": "Feature", "properties": {"cell_id": "c_207"}, "geometry": {"type": "Point", "coordinates": [55.293136, 25.008983]}}, {"type": "Feature", "properties": {"cell_id": "c_208"}, "geometry": {"type": "Point", "coordinates": [55.298098, 25.008983]}}, {"type": "Feature", "properties": {"cell_id": "c_209"}, "geometry": {"type": "Point", "coordinates": [55.30306, 25.008983]}}, {"type": "Feature", "properties": {"cell_id": "c_210"}, "geometry": {"type": "Point", "coordinates": [55.308022, 25.008983]}}, {"type": "Feature", "properties": {"cell_id": "c_211"}, "geometry": {"type": "Point", "coordinates": [55.312984, 25.008983]}}, {"type": "Feature", "properties": {"cell_id": "c_212"}, "geometry": {"type": "Point", "coordinates": [55.317946, 25.008983]}}, {"type": "Feature", "properties": {"cell_id": "c_213"}, "geometry": {"type": "Point", "coordinates": [55.322908, 25.008983]}}, {"type": "Feature", "properties": {"cell_id": "c_214"}, "geometry": {"type": "Point", "coordinates": [55.32787, 25.008983]}}, {"type": "Feature", "properties": {"cell_id": "c_215"}, "geometry": {"type": "Point", "coordinates": [55.332832, 25.008983]}}, {"type": "Feature", "properties": {"cell_id": "c_216"}, "geometry": {"type": "Point", "coordinates": [55.337794, 25.008983]}}, {"type": "Feature", "properties": {"cell_id": "c_217"}, "geometry": {"type": "Point", "coordinates": [55.342756, 25.008983]}}, {"type": "Feature", "properties": {"cell_id": "c_218"}, "geometry": {"type": "Point", "coordinates": [55.347717, 25.008983]}}, {"type": "Feature", "properties": {"cell_id": "c_219"}, "geometry": {"type": "Point", "coordinates": [55.352679, 25.008983]}}, {"type": "Feature", "properties": {"cell_id": "c_220"}, "geometry": {"type": "Point", "coordinates": [55.357641, 25.008983]}}, {"type": "Feature", "properties": {"cell_id": "c_221"}, "geometry": {"type": "Point", "coordinates": [55.362603, 25.008983]}}, {"type": "Feature", "properties": {"cell_id": "c_222"}, "geometry": {"type": "Point", "coordinates": [55.367565, 25.008983]}}, {"type": "Feature", "properties": {"cell_id": "c_223"}, "geometry": {"type": "Point", "coordinates": [55.372527, 25.008983]}}, {"type": "Feature", "properties": {"cell_id": "c_224"}, "geometry": {"type": "Point", "coordinates": [55.377489, 25.008983]}}, {"type": "Feature", "properties": {"cell_id": "c_225"}, "geometry": {"type": "Point", "coordinates": [55.382451, 25.008983]}}, {"type": "Feature", "properties": {"cell_id": "c_226"}, "geometry": {"type": "Point", "coordinates": [55.387413, 25.008983]}}, {"type": "Feature", "properties": {"cell_id": "c_227"}, "geometry": {"type": "Point", "coordinates": [55.392375, 25.008983]}}, {"type": "Feature", "properties": {"cell_id": "c_228"}, "geometry": {"type": "Point", "coordinates": [55.397337, 25.008983]}}, {"type": "Feature", "properties": {"cell_id": "c_229"}, "geometry": {"type": "Point", "coordinates": [55.402299, 25.008983]}}, {"type": "Feature", "properties": {"cell_id": "c_230"}, "geometry": {"type": "Point", "coordinates": [55.407261, 25.008983]}}, {"type": "Feature", "properties": {"cell_id": "c_231"}, "geometry": {"type": "Point", "coordinates": [55.412223, 25.008983]}}, {"type": "Feature", "properties": {"cell_id": "c_232"}, "geometry": {"type": "Point", "coordinates": [55.417185, 25.008983]}}, {"type": "Feature", "properties": {"cell_id": "c_233"}, "geometry": {"type": "Point", "coordinates": [55.422147, 25.008983]}}, {"type": "Feature", "properties": {"cell_id": "c_234"}, "geometry": {"type": "Point", "coordinates": [55.427109, 25.008983]}}, {"type": "Feature", "properties": {"cell_id": "c_235"}, "geometry": {"type": "Point", "coordinates": [55.432071, 25.008983]}}, {"type": "Feature", "properties": {"cell_id": "c_236"}, "geometry": {"type": "Point", "coordinates": [55.437033, 25.008983]}}, {"type": "Feature", "properties": {"cell_id": "c_237"}, "geometry": {"type": "Point", "coordinates": [55.441995, 25.008983]}}, {"type": "Feature", "properties": {"cell_id": "c_238"}, "geometry": {"type": "Point", "coordinates": [55.446957, 25.008983]}}, {"type": "Feature", "properties": {"cell_id": "c_239"}, "geometry": {"type": "Point", "coordinates": [55.05, 25.013475]}}, {"type": "Feature", "properties": {"cell_id": "c_240"}, "geometry": {"type": "Point", "coordinates": [55.054962, 25.013475]}}, {"type": "Feature", "properties": {"cell_id": "c_241"}, "geometry": {"type": "Point", "coordinates": [55.059924, 25.013475]}}, {"type": "Feature", "properties": {"cell_id": "c_242"}, "geometry": {"type": "Point", "coordinates": [55.064886, 25.013475]}}, {"type": "Feature", "properties": {"cell_id": "c_243"}, "geometry": {"type": "Point", "coordinates": [55.069848, 25.013475]}}, {"type": "Feature", "properties": {"cell_id": "c_244"}, "geometry": {"type": "Point", "coordinates": [55.07481, 25.013475]}}, {"type": "Feature", "properties": {"cell_id": "c_245"}, "geometry": {"type": "Point", "coordinates": [55.079772, 25.013475]}}, {"type": "Feature", "properties": {"cell_id": "c_246"}, "geometry": {"type": "Point", "coordinates": [55.084734, 25.013475]}}, {"type": "Feature", "properties": {"cell_id": "c_247"}, "geometry": {"type": "Point", "coordinates": [55.089696, 25.013475]}}, {"type": "Feature", "properties": {"cell_id": "c_248"}, "geometry": {"type": "Point", "coordinates": [55.094658, 25.013475]}}, {"type": "Feature", "properties": {"cell_id": "c_249"}, "geometry": {"type": "Point", "coordinates": [55.09962, 25.013475]}}, {"type": "Feature", "properties": {"cell_id": "c_250"}, "geometry": {"type": "Point", "coordinates": [55.104582, 25.013475]}}, {"type": "Feature", "properties": {"cell_id": "c_251"}, "geometry": {"type": "Point", "coordinates": [55.109543, 25.013475]}}, {"type": "Feature", "properties": {"cell_id": "c_252"}, "geometry": {"type": "Point", "coordinates": [55.114505, 25.013475]}}, {"type": "Feature", "properties": {"cell_id": "c_253"}, "geometry": {"type": "Point", "coordinates": [55.119467, 25.013475]}}, {"type": "Feature", "properties": {"cell_id": "c_254"}, "geometry": {"type": "Point", "coordinates": [55.124429, 25.013475]}}, {"type": "Feature", "properties": {"cell_id": "c_255"}, "geometry": {"type": "Point", "coordinates": [55.129391, 25.013475]}}, {"type": "Feature", "properties": {"cell_id": "c_256"}, "geometry": {"type": "Point", "coordinates": [55.134353, 25.013475]}}, {"type": "Feature", "properties": {"cell_id": "c_257"}, "geometry": {"type": "Point", "coordinates": [55.139315, 25.013475]}}, {"type": "Feature", "properties": {"cell_id": "c_258"}, "geometry": {"type": "Point", "coordinates": [55.144277, 25.013475]}}, {"type": "Feature", "properties": {"cell_id": "c_259"}, "geometry": {"type": "Point", "coordinates": [55.149239, 25.013475]}}, {"type": "Feature", "properties": {"cell_id": "c_260"}, "geometry": {"type": "Point", "coordinates": [55.154201, 25.013475]}}, {"type": "Feature", "properties": {"cell_id": "c_261"}, "geometry": {"type": "Point", "coordinates": [55.159163, 25.013475]}}, {"type": "Feature", "properties": {"cell_id": "c_262"}, "geometry": {"type": "Point", "coordinates": [55.164125, 25.013475]}}, {"type": "Feature", "properties": {"cell_id": "c_263"}, "geometry": {"type": "Point", "coordinates": [55.169087, 25.013475]}}, {"type": "Feature", "properties": {"cell_id": "c_264"}, "geometry": {"type": "Point", "coordinates": [55.174049, 25.013475]}}, {"type": "Feature", "properties": {"cell_id": "c_265"}, "geometry": {"type": "Point", "coordinates": [55.179011, 25.013475]}}, {"type": "Feature", "properties": {"cell_id": "c_266"}, "geometry": {"type": "Point", "coordinates": [55.183973, 25.013475]}}, {"type": "Feature", "properties": {"cell_id": "c_267"}, "geometry": {"type": "Point", "coordinates": [55.188935, 25.013475]}}, {"type": "Feature", "properties": {"cell_id": "c_268"}, "geometry": {"type": "Point", "coordinates": [55.193897, 25.013475]}}, {"type": "Feature", "properties": {"cell_id": "c_269"}, "geometry": {"type": "Point", "coordinates": [55.198859, 25.013475]}}, {"type": "Feature", "properties": {"cell_id": "c_270"}, "geometry": {"type": "Point", "coordinates": [55.203821, 25.013475]}}, {"type": "Feature", "properties": {"cell_id": "c_271"}, "geometry": {"type": "Point", "coordinates": [55.208783, 25.013475]}}, {"type": "Feature", "properties": {"cell_id": "c_272"}, "geometry": {"type": "Point", "coordinates": [55.213745, 25.013475]}}, {"type": "Feature", "properties": {"cell_id": "c_273"}, "geometry": {"type": "Point", "coordinates": [55.218707, 25.013475]}}, {"type": "Feature", "properties": {"cell_id": "c_274"}, "geometry": {"type": "Point", "coordinates": [55.223669, 25.013475]}}, {"type": "Feature", "properties": {"cell_id": "c_275"}, "geometry": {"type": "Point", "coordinates": [55.22863, 25.013475]}}, {"type": "Feature", "properties": {"cell_id": "c_276"}, "geometry": {"type": "Point", "coordinates": [55.233592, 25.013475]}}, {"type": "Feature", "properties": {"cell_id": "c_277"}, "geometry": {"type": "Point", "coordinates": [55.238554, 25.013475]}}, {"type": "Feature", "properties": {"cell_id": "c_278"}, "geometry": {"type": "Point", "coordinates": [55.243516, 25.013475]}}, {"type": "Feature", "properties": {"cell_id": "c_279"}, "geometry": {"type": "Point", "coordinates": [55.248478, 25.013475]}}, {"type": "Feature", "properties": {"cell_id": "c_280"}, "geometry": {"type": "Point", "coordinates": [55.25344, 25.013475]}}, {"type": "Feature", "properties": {"cell_id": "c_281"}, "geometry": {"type": "Point", "coordinates": [55.258402, 25.013475]}}, {"type": "Feature", "properties": {"cell_id": "c_282"}, "geometry": {"type": "Point", "coordinates": [55.263364, 25.013475]}}, {"type": "Feature", "properties": {"cell_id": "c_283"}, "geometry": {"type": "Point", "coordinates": [55.268326, 25.013475]}}, {"type": "Feature", "properties": {"cell_id": "c_284"}, "geometry": {"type": "Point", "coordinates": [55.273288, 25.013475]}}, {"type": "Feature", "properties": {"cell_id": "c_285"}, "geometry": {"type": "Point", "coordinates": [55.27825, 25.013475]}}, {"type": "Feature", "properties": {"cell_id": "c_286"}, "geometry": {"type": "Point", "coordinates": [55.283212, 25.013475]}}, {"type": "Feature", "properties": {"cell_id": "c_287"}, "geometry": {"type": "Point", "coordinates": [55.288174, 25.013475]}}, {"type": "Feature", "properties": {"cell_id": "c_288"}, "geometry": {"type": "Point", "coordinates": [55.293136, 25.013475]}}, {"type": "Feature", "properties": {"cell_id": "c_289"}, "geometry": {"type": "Point", "coordinates": [55.298098, 25.013475]}}, {"type": "Feature", "properties": {"cell_id": "c_290"}, "geometry": {"type": "Point", "coordinates": [55.30306, 25.013475]}}, {"type": "Feature", "properties": {"cell_id": "c_291"}, "geometry": {"type": "Point", "coordinates": [55.308022, 25.013475]}}, {"type": "Feature", "properties": {"cell_id": "c_292"}, "geometry": {"type": "Point", "coordinates": [55.312984, 25.013475]}}, {"type": "Feature", "properties": {"cell_id": "c_293"}, "geometry": {"type": "Point", "coordinates": [55.317946, 25.013475]}}, {"type": "Feature", "properties": {"cell_id": "c_294"}, "geometry": {"type": "Point", "coordinates": [55.322908, 25.013475]}}, {"type": "Feature", "properties": {"cell_id": "c_295"}, "geometry": {"type": "Point", "coordinates": [55.32787, 25.013475]}}, {"type": "Feature", "properties": {"cell_id": "c_296"}, "geometry": {"type": "Point", "coordinates": [55.332832, 25.013475]}}, {"type": "Feature", "properties": {"cell_id": "c_297"}, "geometry": {"type": "Point", "coordinates": [55.337794, 25.013475]}}, {"type": "Feature", "properties": {"cell_id": "c_298"}, "geometry": {"type": "Point", "coordinates": [55.342756, 25.013475]}}, {"type": "Feature", "properties": {"cell_id": "c_299"}, "geometry": {"type": "Point", "coordinates": [55.347717, 25.013475]}}, {"type": "Feature", "properties": {"cell_id": "c_300"}, "geometry": {"type": "Point", "coordinates": [55.352679, 25.013475]}}, {"type": "Feature", "properties": {"cell_id": "c_301"}, "geometry": {"type": "Point", "coordinates": [55.357641, 25.013475]}}, {"type": "Feature", "properties": {"cell_id": "c_302"}, "geometry": {"type": "Point", "coordinates": [55.362603, 25.013475]}}, {"type": "Feature", "properties": {"cell_id": "c_303"}, "geometry": {"type": "Point", "coordinates": [55.367565, 25.013475]}}, {"type": "Feature", "properties": {"cell_id": "c_304"}, "geometry": {"type": "Point", "coordinates": [55.372527, 25.013475]}}, {"type": "Feature", "properties": {"cell_id": "c_305"}, "geometry": {"type": "Point", "coordinates": [55.377489, 25.013475]}}, {"type": "Feature", "properties": {"cell_id": "c_306"}, "geometry": {"type": "Point", "coordinates": [55.382451, 25.013475]}}, {"type": "Feature", "properties": {"cell_id": "c_307"}, "geometry": {"type": "Point", "coordinates": [55.387413, 25.013475]}}, {"type": "Feature", "properties": {"cell_id": "c_308"}, "geometry": {"type": "Point", "coordinates": [55.392375, 25.013475]}}, {"type": "Feature", "properties": {"cell_id": "c_309"}, "geometry": {"type": "Point", "coordinates": [55.397337, 25.013475]}}, {"type": "Feature", "properties": {"cell_id": "c_310"}, "geometry": {"type": "Point", "coordinates": [55.402299, 25.013475]}}, {"type": "Feature", "properties": {"cell_id": "c_311"}, "geometry": {"type": "Point", "coordinates": [55.407261, 25.013475]}}, {"type": "Feature", "properties": {"cell_id": "c_312"}, "geometry": {"type": "Point", "coordinates": [55.412223, 25.013475]}}, {"type": "Feature", "properties": {"cell_id": "c_313"}, "geometry": {"type": "Point", "coordinates": [55.417185, 25.013475]}}, {"type": "Feature", "properties": {"cell_id": "c_314"}, "geometry": {"type": "Point", "coordinates": [55.422147, 25.013475]}}, {"type": "Feature", "properties": {"cell_id": "c_315"}, "geometry": {"type": "Point", "coordinates": [55.427109, 25.013475]}}, {"type": "Feature", "properties": {"cell_id": "c_316"}, "geometry": {"type": "Point", "coordinates": [55.432071, 25.013475]}}, {"type": "Feature", "properties": {"cell_id": "c_317"}, "geometry": {"type": "Point", "coordinates": [55.437033, 25.013475]}}, {"type": "Feature", "properties": {"cell_id": "c_318"}, "geometry": {"type": "Point", "coordinates": [55.441995, 25.013475]}}, {"type": "Feature", "properties": {"cell_id": "c_319"}, "geometry": {"type": "Point", "coordinates": [55.446957, 25.013475]}}, {"type": "Feature", "properties": {"cell_id": "c_320"}, "geometry": {"type": "Point", "coordinates": [55.079772, 25.017966]}}, {"type": "Feature", "properties": {"cell_id": "c_321"}, "geometry": {"type": "Point", "coordinates": [55.084734, 25.017966]}}, {"type": "Feature", "properties": {"cell_id": "c_322"}, "geometry": {"type": "Point", "coordinates": [55.089696, 25.017966]}}, {"type": "Feature", "properties": {"cell_id": "c_323"}, "geometry": {"type": "Point", "coordinates": [55.094658, 25.017966]}}, {"type": "Feature", "properties": {"cell_id": "c_324"}, "geometry": {"type": "Point", "coordinates": [55.09962, 25.017966]}}, {"type": "Feature", "properties": {"cell_id": "c_325"}, "geometry": {"type": "Point", "coordinates": [55.104582, 25.017966]}}, {"type": "Feature", "properties": {"cell_id": "c_326"}, "geometry": {"type": "Point", "coordinates": [55.109543, 25.017966]}}, {"type": "Feature", "properties": {"cell_id": "c_327"}, "geometry": {"type": "Point", "coordinates": [55.114505, 25.017966]}}, {"type": "Feature", "properties": {"cell_id": "c_328"}, "geometry": {"type": "Point", "coordinates": [55.119467, 25.017966]}}, {"type": "Feature", "properties": {"cell_id": "c_329"}, "geometry": {"type": "Point", "coordinates": [55.124429, 25.017966]}}, {"type": "Feature", "properties": {"cell_id": "c_330"}, "geometry": {"type": "Point", "coordinates": [55.129391, 25.017966]}}, {"type": "Feature", "properties": {"cell_id": "c_331"}, "geometry": {"type": "Point", "coordinates": [55.134353, 25.017966]}}, {"type": "Feature", "properties": {"cell_id": "c_332"}, "geometry": {"type": "Point", "coordinates": [55.139315, 25.017966]}}, {"type": "Feature", "properties": {"cell_id": "c_333"}, "geometry": {"type": "Point", "coordinates": [55.144277, 25.017966]}}, {"type": "Feature", "properties": {"cell_id": "c_334"}, "geometry": {"type": "Point", "coordinates": [55.149239, 25.017966]}}, {"type": "Feature", "properties": {"cell_id": "c_335"}, "geometry": {"type": "Point", "coordinates": [55.154201, 25.017966]}}, {"type": "Feature", "properties": {"cell_id": "c_336"}, "geometry": {"type": "Point", "coordinates": [55.159163, 25.017966]}}, {"type": "Feature", "properties": {"cell_id": "c_337"}, "geometry": {"type": "Point", "coordinates": [55.164125, 25.017966]}}, {"type": "Feature", "properties": {"cell_id": "c_338"}, "geometry": {"type": "Point", "coordinates": [55.169087, 25.017966]}}, {"type": "Feature", "properties": {"cell_id": "c_339"}, "geometry": {"type": "Point", "coordinates": [55.174049, 25.017966]}}, {"type": "Feature", "properties": {"cell_id": "c_340"}, "geometry": {"type": "Point", "coordinates": [55.179011, 25.017966]}}, {"type": "Feature", "properties": {"cell_id": "c_341"}, "geometry": {"type": "Point", "coordinates": [55.183973, 25.017966]}}, {"type": "Feature", "properties": {"cell_id": "c_342"}, "geometry": {"type": "Point", "coordinates": [55.188935, 25.017966]}}, {"type": "Feature", "properties": {"cell_id": "c_343"}, "geometry": {"type": "Point", "coordinates": [55.193897, 25.017966]}}, {"type": "Feature", "properties": {"cell_id": "c_344"}, "geometry": {"type": "Point", "coordinates": [55.198859, 25.017966]}}, {"type": "Feature", "properties": {"cell_id": "c_345"}, "geometry": {"type": "Point", "coordinates": [55.203821, 25.017966]}}, {"type": "Feature", "properties": {"cell_id": "c_346"}, "geometry": {"type": "Point", "coordinates": [55.208783, 25.017966]}}, {"type": "Feature", "properties": {"cell_id": "c_347"}, "geometry": {"type": "Point", "coordinates": [55.213745, 25.017966]}}, {"type": "Feature", "properties": {"cell_id": "c_348"}, "geometry": {"type": "Point", "coordinates": [55.218707, 25.017966]}}, {"type": "Feature", "properties": {"cell_id": "c_349"}, "geometry": {"type": "Point", "coordinates": [55.223669, 25.017966]}}, {"type": "Feature", "properties": {"cell_id": "c_350"}, "geometry": {"type": "Point", "coordinates": [55.22863, 25.017966]}}, {"type": "Feature", "properties": {"cell_id": "c_351"}, "geometry": {"type": "Point", "coordinates": [55.233592, 25.017966]}}, {"type": "Feature", "properties": {"cell_id": "c_352"}, "geometry": {"type": "Point", "coordinates": [55.238554, 25.017966]}}, {"type": "Feature", "properties": {"cell_id": "c_353"}, "geometry": {"type": "Point", "coordinates": [55.243516, 25.017966]}}, {"type": "Feature", "properties": {"cell_id": "c_354"}, "geometry": {"type": "Point", "coordinates": [55.248478, 25.017966]}}, {"type": "Feature", "properties": {"cell_id": "c_355"}, "geometry": {"type": "Point", "coordinates": [55.25344, 25.017966]}}, {"type": "Feature", "properties": {"cell_id": "c_356"}, "geometry": {"type": "Point", "coordinates": [55.258402, 25.017966]}}, {"type": "Feature", "properties": {"cell_id": "c_357"}, "geometry": {"type": "Point", "coordinates": [55.263364, 25.017966]}}, {"type": "Feature", "properties": {"cell_id": "c_358"}, "geometry": {"type": "Point", "coordinates": [55.268326, 25.017966]}}, {"type": "Feature", "properties": {"cell_id": "c_359"}, "geometry": {"type": "Point", "coordinates": [55.273288, 25.017966]}}, {"type": "Feature", "properties": {"cell_id": "c_360"}, "geometry": {"type": "Point", "coordinates": [55.27825, 25.017966]}}, {"type": "Feature", "properties": {"cell_id": "c_361"}, "geometry": {"type": "Point", "coordinates": [55.283212, 25.017966]}}, {"type": "Feature", "properties": {"cell_id": "c_362"}, "geometry": {"type": "Point", "coordinates": [55.288174, 25.017966]}}, {"type": "Feature", "properties": {"cell_id": "c_363"}, "geometry": {"type": "Point", "coordinates": [55.293136, 25.017966]}}, {"type": "Feature", "properties": {"cell_id": "c_364"}, "geometry": {"type": "Point", "coordinates": [55.298098, 25.017966]}}, {"type": "Feature", "properties": {"cell_id": "c_365"}, "geometry": {"type": "Point", "coordinates": [55.30306, 25.017966]}}, {"type": "Feature", "properties": {"cell_id": "c_366"}, "geometry": {"type": "Point", "coordinates": [55.308022, 25.017966]}}, {"type": "Feature", "properties": {"cell_id": "c_367"}, "geometry": {"type": "Point", "coordinates": [55.312984, 25.017966]}}, {"type": "Feature", "properties": {"cell_id": "c_368"}, "geometry": {"type": "Point", "coordinates": [55.317946, 25.017966]}}, {"type": "Feature", "properties": {"cell_id": "c_369"}, "geometry": {"type": "Point", "coordinates": [55.322908, 25.017966]}}, {"type": "Feature", "properties": {"cell_id": "c_370"}, "geometry": {"type": "Point", "coordinates": [55.32787, 25.017966]}}, {"type": "Feature", "properties": {"cell_id": "c_371"}, "geometry": {"type": "Point", "coordinates": [55.332832, 25.017966]}}, {"type": "Feature", "properties": {"cell_id": "c_372"}, "geometry": {"type": "Point", "coordinates": [55.337794, 25.017966]}}, {"type": "Feature", "properties": {"cell_id": "c_373"}, "geometry": {"type": "Point", "coordinates": [55.342756, 25.017966]}}, {"type": "Feature", "properties": {"cell_id": "c_374"}, "geometry": {"type": "Point", "coordinates": [55.347717, 25.017966]}}, {"type": "Feature", "properties": {"cell_id": "c_375"}, "geometry": {"type": "Point", "coordinates": [55.352679, 25.017966]}}, {"type": "Feature", "properties": {"cell_id": "c_376"}, "geometry": {"type": "Point", "coordinates": [55.357641, 25.017966]}}, {"type": "Feature", "properties": {"cell_id": "c_377"}, "geometry": {"type": "Point", "coordinates": [55.362603, 25.017966]}}, {"type": "Feature", "properties": {"cell_id": "c_378"}, "geometry": {"type": "Point", "coordinates": [55.367565, 25.017966]}}, {"type": "Feature", "properties": {"cell_id": "c_379"}, "geometry": {"type": "Point", "coordinates": [55.372527, 25.017966]}}, {"type": "Feature", "properties": {"cell_id": "c_380"}, "geometry": {"type": "Point", "coordinates": [55.377489, 25.017966]}}, {"type": "Feature", "properties": {"cell_id": "c_381"}, "geometry": {"type": "Point", "coordinates": [55.382451, 25.017966]}}, {"type": "Feature", "properties": {"cell_id": "c_382"}, "geometry": {"type": "Point", "coordinates": [55.387413, 25.017966]}}, {"type": "Feature", "properties": {"cell_id": "c_383"}, "geometry": {"type": "Point", "coordinates": [55.392375, 25.017966]}}, {"type": "Feature", "properties": {"cell_id": "c_384"}, "geometry": {"type": "Point", "coordinates": [55.397337, 25.017966]}}, {"type": "Feature", "properties": {"cell_id": "c_385"}, "geometry": {"type": "Point", "coordinates": [55.402299, 25.017966]}}, {"type": "Feature", "properties": {"cell_id": "c_386"}, "geometry": {"type": "Point", "coordinates": [55.407261, 25.017966]}}, {"type": "Feature", "properties": {"cell_id": "c_387"}, "geometry": {"type": "Point", "coordinates": [55.412223, 25.017966]}}, {"type": "Feature", "properties": {"cell_id": "c_388"}, "geometry": {"type": "Point", "coordinates": [55.417185, 25.017966]}}, {"type": "Feature", "properties": {"cell_id": "c_389"}, "geometry": {"type": "Point", "coordinates": [55.422147, 25.017966]}}, {"type": "Feature", "properties": {"cell_id": "c_390"}, "geometry": {"type": "Point", "coordinates": [55.427109, 25.017966]}}, {"type": "Feature", "properties": {"cell_id": "c_391"}, "geometry": {"type": "Point", "coordinates": [55.432071, 25.017966]}}, {"type": "Feature", "properties": {"cell_id": "c_392"}, "geometry": {"type": "Point", "coordinates": [55.437033, 25.017966]}}, {"type": "Feature", "properties": {"cell_id": "c_393"}, "geometry": {"type": "Point", "coordinates": [55.441995, 25.017966]}}, {"type": "Feature", "properties": {"cell_id": "c_394"}, "geometry": {"type": "Point", "coordinates": [55.446957, 25.017966]}}, {"type": "Feature", "properties": {"cell_id": "c_395"}, "geometry": {"type": "Point", "coordinates": [55.079772, 25.022458]}}, {"type": "Feature", "properties": {"cell_id": "c_396"}, "geometry": {"type": "Point", "coordinates": [55.084734, 25.022458]}}, {"type": "Feature", "properties": {"cell_id": "c_397"}, "geometry": {"type": "Point", "coordinates": [55.089696, 25.022458]}}, {"type": "Feature", "properties": {"cell_id": "c_398"}, "geometry": {"type": "Point", "coordinates": [55.094658, 25.022458]}}, {"type": "Feature", "properties": {"cell_id": "c_399"}, "geometry": {"type": "Point", "coordinates": [55.09962, 25.022458]}}, {"type": "Feature", "properties": {"cell_id": "c_400"}, "geometry": {"type": "Point", "coordinates": [55.104582, 25.022458]}}, {"type": "Feature", "properties": {"cell_id": "c_401"}, "geometry": {"type": "Point", "coordinates": [55.109543, 25.022458]}}, {"type": "Feature", "properties": {"cell_id": "c_402"}, "geometry": {"type": "Point", "coordinates": [55.114505, 25.022458]}}, {"type": "Feature", "properties": {"cell_id": "c_403"}, "geometry": {"type": "Point", "coordinates": [55.119467, 25.022458]}}, {"type": "Feature", "properties": {"cell_id": "c_404"}, "geometry": {"type": "Point", "coordinates": [55.124429, 25.022458]}}, {"type": "Feature", "properties": {"cell_id": "c_405"}, "geometry": {"type": "Point", "coordinates": [55.129391, 25.022458]}}, {"type": "Feature", "properties": {"cell_id": "c_406"}, "geometry": {"type": "Point", "coordinates": [55.134353, 25.022458]}}, {"type": "Feature", "properties": {"cell_id": "c_407"}, "geometry": {"type": "Point", "coordinates": [55.139315, 25.022458]}}, {"type": "Feature", "properties": {"cell_id": "c_408"}, "geometry": {"type": "Point", "coordinates": [55.144277, 25.022458]}}, {"type": "Feature", "properties": {"cell_id": "c_409"}, "geometry": {"type": "Point", "coordinates": [55.149239, 25.022458]}}, {"type": "Feature", "properties": {"cell_id": "c_410"}, "geometry": {"type": "Point", "coordinates": [55.154201, 25.022458]}}, {"type": "Feature", "properties": {"cell_id": "c_411"}, "geometry": {"type": "Point", "coordinates": [55.159163, 25.022458]}}, {"type": "Feature", "properties": {"cell_id": "c_412"}, "geometry": {"type": "Point", "coordinates": [55.164125, 25.022458]}}, {"type": "Feature", "properties": {"cell_id": "c_413"}, "geometry": {"type": "Point", "coordinates": [55.169087, 25.022458]}}, {"type": "Feature", "properties": {"cell_id": "c_414"}, "geometry": {"type": "Point", "coordinates": [55.174049, 25.022458]}}, {"type": "Feature", "properties": {"cell_id": "c_415"}, "geometry": {"type": "Point", "coordinates": [55.179011, 25.022458]}}, {"type": "Feature", "properties": {"cell_id": "c_416"}, "geometry": {"type": "Point", "coordinates": [55.183973, 25.022458]}}, {"type": "Feature", "properties": {"cell_id": "c_417"}, "geometry": {"type": "Point", "coordinates": [55.188935, 25.022458]}}, {"type": "Feature", "properties": {"cell_id": "c_418"}, "geometry": {"type": "Point", "coordinates": [55.193897, 25.022458]}}, {"type": "Feature", "properties": {"cell_id": "c_419"}, "geometry": {"type": "Point", "coordinates": [55.198859, 25.022458]}}, {"type": "Feature", "properties": {"cell_id": "c_420"}, "geometry": {"type": "Point", "coordinates": [55.203821, 25.022458]}}, {"type": "Feature", "properties": {"cell_id": "c_421"}, "geometry": {"type": "Point", "coordinates": [55.208783, 25.022458]}}, {"type": "Feature", "properties": {"cell_id": "c_422"}, "geometry": {"type": "Point", "coordinates": [55.213745, 25.022458]}}, {"type": "Feature", "properties": {"cell_id": "c_423"}, "geometry": {"type": "Point", "coordinates": [55.218707, 25.022458]}}, {"type": "Feature", "properties": {"cell_id": "c_424"}, "geometry": {"type": "Point", "coordinates": [55.223669, 25.022458]}}, {"type": "Feature", "properties": {"cell_id": "c_425"}, "geometry": {"type": "Point", "coordinates": [55.22863, 25.022458]}}, {"type": "Feature", "properties": {"cell_id": "c_426"}, "geometry": {"type": "Point", "coordinates": [55.233592, 25.022458]}}, {"type": "Feature", "properties": {"cell_id": "c_427"}, "geometry": {"type": "Point", "coordinates": [55.238554, 25.022458]}}, {"type": "Feature", "properties": {"cell_id": "c_428"}, "geometry": {"type": "Point", "coordinates": [55.243516, 25.022458]}}, {"type": "Feature", "properties": {"cell_id": "c_429"}, "geometry": {"type": "Point", "coordinates": [55.248478, 25.022458]}}, {"type": "Feature", "properties": {"cell_id": "c_430"}, "geometry": {"type": "Point", "coordinates": [55.25344, 25.022458]}}, {"type": "Feature", "properties": {"cell_id": "c_431"}, "geometry": {"type": "Point", "coordinates": [55.258402, 25.022458]}}, {"type": "Feature", "properties": {"cell_id": "c_432"}, "geometry": {"type": "Point", "coordinates": [55.263364, 25.022458]}}, {"type": "Feature", "properties": {"cell_id": "c_433"}, "geometry": {"type": "Point", "coordinates": [55.268326, 25.022458]}}, {"type": "Feature", "properties": {"cell_id": "c_434"}, "geometry": {"type": "Point", "coordinates": [55.273288, 25.022458]}}, {"type": "Feature", "properties": {"cell_id": "c_435"}, "geometry": {"type": "Point", "coordinates": [55.27825, 25.022458]}}, {"type": "Feature", "properties": {"cell_id": "c_436"}, "geometry": {"type": "Point", "coordinates": [55.283212, 25.022458]}}, {"type": "Feature", "properties": {"cell_id": "c_437"}, "geometry": {"type": "Point", "coordinates": [55.288174, 25.022458]}}, {"type": "Feature", "properties": {"cell_id": "c_438"}, "geometry": {"type": "Point", "coordinates": [55.293136, 25.022458]}}, {"type": "Feature", "properties": {"cell_id": "c_439"}, "geometry": {"type": "Point", "coordinates": [55.298098, 25.022458]}}, {"type": "Feature", "properties": {"cell_id": "c_440"}, "geometry": {"type": "Point", "coordinates": [55.30306, 25.022458]}}, {"type": "Feature", "properties": {"cell_id": "c_441"}, "geometry": {"type": "Point", "coordinates": [55.308022, 25.022458]}}, {"type": "Feature", "properties": {"cell_id": "c_442"}, "geometry": {"type": "Point", "coordinates": [55.312984, 25.022458]}}, {"type": "Feature", "properties": {"cell_id": "c_443"}, "geometry": {"type": "Point", "coordinates": [55.317946, 25.022458]}}, {"type": "Feature", "properties": {"cell_id": "c_444"}, "geometry": {"type": "Point", "coordinates": [55.322908, 25.022458]}}, {"type": "Feature", "properties": {"cell_id": "c_445"}, "geometry": {"type": "Point", "coordinates": [55.32787, 25.022458]}}, {"type": "Feature", "properties": {"cell_id": "c_446"}, "geometry": {"type": "Point", "coordinates": [55.332832, 25.022458]}}, {"type": "Feature", "properties": {"cell_id": "c_447"}, "geometry": {"type": "Point", "coordinates": [55.337794, 25.022458]}}, {"type": "Feature", "properties": {"cell_id": "c_448"}, "geometry": {"type": "Point", "coordinates": [55.342756, 25.022458]}}, {"type": "Feature", "properties": {"cell_id": "c_449"}, "geometry": {"type": "Point", "coordinates": [55.347717, 25.022458]}}, {"type": "Feature", "properties": {"cell_id": "c_450"}, "geometry": {"type": "Point", "coordinates": [55.352679, 25.022458]}}, {"type": "Feature", "properties": {"cell_id": "c_451"}, "geometry": {"type": "Point", "coordinates": [55.357641, 25.022458]}}, {"type": "Feature", "properties": {"cell_id": "c_452"}, "geometry": {"type": "Point", "coordinates": [55.362603, 25.022458]}}, {"type": "Feature", "properties": {"cell_id": "c_453"}, "geometry": {"type": "Point", "coordinates": [55.367565, 25.022458]}}, {"type": "Feature", "properties": {"cell_id": "c_454"}, "geometry": {"type": "Point", "coordinates": [55.372527, 25.022458]}}, {"type": "Feature", "properties": {"cell_id": "c_455"}, "geometry": {"type": "Point", "coordinates": [55.377489, 25.022458]}}, {"type": "Feature", "properties": {"cell_id": "c_456"}, "geometry": {"type": "Point", "coordinates": [55.382451, 25.022458]}}, {"type": "Feature", "properties": {"cell_id": "c_457"}, "geometry": {"type": "Point", "coordinates": [55.387413, 25.022458]}}, {"type": "Feature", "properties": {"cell_id": "c_458"}, "geometry": {"type": "Point", "coordinates": [55.392375, 25.022458]}}, {"type": "Feature", "properties": {"cell_id": "c_459"}, "geometry": {"type": "Point", "coordinates": [55.397337, 25.022458]}}, {"type": "Feature", "properties": {"cell_id": "c_460"}, "geometry": {"type": "Point", "coordinates": [55.402299, 25.022458]}}, {"type": "Feature", "properties": {"cell_id": "c_461"}, "geometry": {"type": "Point", "coordinates": [55.407261, 25.022458]}}, {"type": "Feature", "properties": {"cell_id": "c_462"}, "geometry": {"type": "Point", "coordinates": [55.412223, 25.022458]}}, {"type": "Feature", "properties": {"cell_id": "c_463"}, "geometry": {"type": "Point", "coordinates": [55.417185, 25.022458]}}, {"type": "Feature", "properties": {"cell_id": "c_464"}, "geometry": {"type": "Point", "coordinates": [55.422147, 25.022458]}}, {"type": "Feature", "properties": {"cell_id": "c_465"}, "geometry": {"type": "Point", "coordinates": [55.427109, 25.022458]}}, {"type": "Feature", "properties": {"cell_id": "c_466"}, "geometry": {"type": "Point", "coordinates": [55.432071, 25.022458]}}, {"type": "Feature", "properties": {"cell_id": "c_467"}, "geometry": {"type": "Point", "coordinates": [55.437033, 25.022458]}}, {"type": "Feature", "properties": {"cell_id": "c_468"}, "geometry": {"type": "Point", "coordinates": [55.441995, 25.022458]}}, {"type": "Feature", "properties": {"cell_id": "c_469"}, "geometry": {"type": "Point", "coordinates": [55.446957, 25.022458]}}, {"type": "Feature", "properties": {"cell_id": "c_470"}, "geometry": {"type": "Point", "coordinates": [55.084734, 25.026949]}}, {"type": "Feature", "properties": {"cell_id": "c_471"}, "geometry": {"type": "Point", "coordinates": [55.089696, 25.026949]}}, {"type": "Feature", "properties": {"cell_id": "c_472"}, "geometry": {"type": "Point", "coordinates": [55.094658, 25.026949]}}, {"type": "Feature", "properties": {"cell_id": "c_473"}, "geometry": {"type": "Point", "coordinates": [55.09962, 25.026949]}}, {"type": "Feature", "properties": {"cell_id": "c_474"}, "geometry": {"type": "Point", "coordinates": [55.104582, 25.026949]}}, {"type": "Feature", "properties": {"cell_id": "c_475"}, "geometry": {"type": "Point", "coordinates": [55.109543, 25.026949]}}, {"type": "Feature", "properties": {"cell_id": "c_476"}, "geometry": {"type": "Point", "coordinates": [55.114505, 25.026949]}}, {"type": "Feature", "properties": {"cell_id": "c_477"}, "geometry": {"type": "Point", "coordinates": [55.119467, 25.026949]}}, {"type": "Feature", "properties": {"cell_id": "c_478"}, "geometry": {"type": "Point", "coordinates": [55.124429, 25.026949]}}, {"type": "Feature", "properties": {"cell_id": "c_479"}, "geometry": {"type": "Point", "coordinates": [55.129391, 25.026949]}}, {"type": "Feature", "properties": {"cell_id": "c_480"}, "geometry": {"type": "Point", "coordinates": [55.134353, 25.026949]}}, {"type": "Feature", "properties": {"cell_id": "c_481"}, "geometry": {"type": "Point", "coordinates": [55.139315, 25.026949]}}, {"type": "Feature", "properties": {"cell_id": "c_482"}, "geometry": {"type": "Point", "coordinates": [55.144277, 25.026949]}}, {"type": "Feature", "properties": {"cell_id": "c_483"}, "geometry": {"type": "Point", "coordinates": [55.149239, 25.026949]}}, {"type": "Feature", "properties": {"cell_id": "c_484"}, "geometry": {"type": "Point", "coordinates": [55.154201, 25.026949]}}, {"type": "Feature", "properties": {"cell_id": "c_485"}, "geometry": {"type": "Point", "coordinates": [55.159163, 25.026949]}}, {"type": "Feature", "properties": {"cell_id": "c_486"}, "geometry": {"type": "Point", "coordinates": [55.164125, 25.026949]}}, {"type": "Feature", "properties": {"cell_id": "c_487"}, "geometry": {"type": "Point", "coordinates": [55.169087, 25.026949]}}, {"type": "Feature", "properties": {"cell_id": "c_488"}, "geometry": {"type": "Point", "coordinates": [55.174049, 25.026949]}}, {"type": "Feature", "properties": {"cell_id": "c_489"}, "geometry": {"type": "Point", "coordinates": [55.179011, 25.026949]}}, {"type": "Feature", "properties": {"cell_id": "c_490"}, "geometry": {"type": "Point", "coordinates": [55.183973, 25.026949]}}, {"type": "Feature", "properties": {"cell_id": "c_491"}, "geometry": {"type": "Point", "coordinates": [55.188935, 25.026949]}}, {"type": "Feature", "properties": {"cell_id": "c_492"}, "geometry": {"type": "Point", "coordinates": [55.193897, 25.026949]}}, {"type": "Feature", "properties": {"cell_id": "c_493"}, "geometry": {"type": "Point", "coordinates": [55.198859, 25.026949]}}, {"type": "Feature", "properties": {"cell_id": "c_494"}, "geometry": {"type": "Point", "coordinates": [55.203821, 25.026949]}}, {"type": "Feature", "properties": {"cell_id": "c_495"}, "geometry": {"type": "Point", "coordinates": [55.208783, 25.026949]}}, {"type": "Feature", "properties": {"cell_id": "c_496"}, "geometry": {"type": "Point", "coordinates": [55.213745, 25.026949]}}, {"type": "Feature", "properties": {"cell_id": "c_497"}, "geometry": {"type": "Point", "coordinates": [55.218707, 25.026949]}}, {"type": "Feature", "properties": {"cell_id": "c_498"}, "geometry": {"type": "Point", "coordinates": [55.223669, 25.026949]}}, {"type": "Feature", "properties": {"cell_id": "c_499"}, "geometry": {"type": "Point", "coordinates": [55.22863, 25.026949]}}, {"type": "Feature", "properties": {"cell_id": "c_500"}, "geometry": {"type": "Point", "coordinates": [55.233592, 25.026949]}}, {"type": "Feature", "properties": {"cell_id": "c_501"}, "geometry": {"type": "Point", "coordinates": [55.238554, 25.026949]}}, {"type": "Feature", "properties": {"cell_id": "c_502"}, "geometry": {"type": "Point", "coordinates": [55.243516, 25.026949]}}, {"type": "Feature", "properties": {"cell_id": "c_503"}, "geometry": {"type": "Point", "coordinates": [55.248478, 25.026949]}}, {"type": "Feature", "properties": {"cell_id": "c_504"}, "geometry": {"type": "Point", "coordinates": [55.25344, 25.026949]}}, {"type": "Feature", "properties": {"cell_id": "c_505"}, "geometry": {"type": "Point", "coordinates": [55.258402, 25.026949]}}, {"type": "Feature", "properties": {"cell_id": "c_506"}, "geometry": {"type": "Point", "coordinates": [55.263364, 25.026949]}}, {"type": "Feature", "properties": {"cell_id": "c_507"}, "geometry": {"type": "Point", "coordinates": [55.268326, 25.026949]}}, {"type": "Feature", "properties": {"cell_id": "c_508"}, "geometry": {"type": "Point", "coordinates": [55.273288, 25.026949]}}, {"type": "Feature", "properties": {"cell_id": "c_509"}, "geometry": {"type": "Point", "coordinates": [55.27825, 25.026949]}}, {"type": "Feature", "properties": {"cell_id": "c_510"}, "geometry": {"type": "Point", "coordinates": [55.283212, 25.026949]}}, {"type": "Feature", "properties": {"cell_id": "c_511"}, "geometry": {"type": "Point", "coordinates": [55.288174, 25.026949]}}, {"type": "Feature", "properties": {"cell_id": "c_512"}, "geometry": {"type": "Point", "coordinates": [55.293136, 25.026949]}}, {"type": "Feature", "properties": {"cell_id": "c_513"}, "geometry": {"type": "Point", "coordinates": [55.298098, 25.026949]}}, {"type": "Feature", "properties": {"cell_id": "c_514"}, "geometry": {"type": "Point", "coordinates": [55.30306, 25.026949]}}, {"type": "Feature", "properties": {"cell_id": "c_515"}, "geometry": {"type": "Point", "coordinates": [55.308022, 25.026949]}}, {"type": "Feature", "properties": {"cell_id": "c_516"}, "geometry": {"type": "Point", "coordinates": [55.312984, 25.026949]}}, {"type": "Feature", "properties": {"cell_id": "c_517"}, "geometry": {"type": "Point", "coordinates": [55.317946, 25.026949]}}, {"type": "Feature", "properties": {"cell_id": "c_518"}, "geometry": {"type": "Point", "coordinates": [55.322908, 25.026949]}}, {"type": "Feature", "properties": {"cell_id": "c_519"}, "geometry": {"type": "Point", "coordinates": [55.32787, 25.026949]}}, {"type": "Feature", "properties": {"cell_id": "c_520"}, "geometry": {"type": "Point", "coordinates": [55.332832, 25.026949]}}, {"type": "Feature", "properties": {"cell_id": "c_521"}, "geometry": {"type": "Point", "coordinates": [55.337794, 25.026949]}}, {"type": "Feature", "properties": {"cell_id": "c_522"}, "geometry": {"type": "Point", "coordinates": [55.342756, 25.026949]}}, {"type": "Feature", "properties": {"cell_id": "c_523"}, "geometry": {"type": "Point", "coordinates": [55.347717, 25.026949]}}, {"type": "Feature", "properties": {"cell_id": "c_524"}, "geometry": {"type": "Point", "coordinates": [55.352679, 25.026949]}}, {"type": "Feature", "properties": {"cell_id": "c_525"}, "geometry": {"type": "Point", "coordinates": [55.357641, 25.026949]}}, {"type": "Feature", "properties": {"cell_id": "c_526"}, "geometry": {"type": "Point", "coordinates": [55.362603, 25.026949]}}, {"type": "Feature", "properties": {"cell_id": "c_527"}, "geometry": {"type": "Point", "coordinates": [55.367565, 25.026949]}}, {"type": "Feature", "properties": {"cell_id": "c_528"}, "geometry": {"type": "Point", "coordinates": [55.372527, 25.026949]}}, {"type": "Feature", "properties": {"cell_id": "c_529"}, "geometry": {"type": "Point", "coordinates": [55.377489, 25.026949]}}, {"type": "Feature", "properties": {"cell_id": "c_530"}, "geometry": {"type": "Point", "coordinates": [55.382451, 25.026949]}}, {"type": "Feature", "properties": {"cell_id": "c_531"}, "geometry": {"type": "Point", "coordinates": [55.387413, 25.026949]}}, {"type": "Feature", "properties": {"cell_id": "c_532"}, "geometry": {"type": "Point", "coordinates": [55.392375, 25.026949]}}, {"type": "Feature", "properties": {"cell_id": "c_533"}, "geometry": {"type": "Point", "coordinates": [55.397337, 25.026949]}}, {"type": "Feature", "properties": {"cell_id": "c_534"}, "geometry": {"type": "Point", "coordinates": [55.402299, 25.026949]}}, {"type": "Feature", "properties": {"cell_id": "c_535"}, "geometry": {"type": "Point", "coordinates": [55.407261, 25.026949]}}, {"type": "Feature", "properties": {"cell_id": "c_536"}, "geometry": {"type": "Point", "coordinates": [55.412223, 25.026949]}}, {"type": "Feature", "properties": {"cell_id": "c_537"}, "geometry": {"type": "Point", "coordinates": [55.417185, 25.026949]}}, {"type": "Feature", "properties": {"cell_id": "c_538"}, "geometry": {"type": "Point", "coordinates": [55.422147, 25.026949]}}, {"type": "Feature", "properties": {"cell_id": "c_539"}, "geometry": {"type": "Point", "coordinates": [55.427109, 25.026949]}}, {"type": "Feature", "properties": {"cell_id": "c_540"}, "geometry": {"type": "Point", "coordinates": [55.432071, 25.026949]}}, {"type": "Feature", "properties": {"cell_id": "c_541"}, "geometry": {"type": "Point", "coordinates": [55.437033, 25.026949]}}, {"type": "Feature", "properties": {"cell_id": "c_542"}, "geometry": {"type": "Point", "coordinates": [55.441995, 25.026949]}}, {"type": "Feature", "properties": {"cell_id": "c_543"}, "geometry": {"type": "Point", "coordinates": [55.446957, 25.026949]}}, {"type": "Feature", "properties": {"cell_id": "c_544"}, "geometry": {"type": "Point", "coordinates": [55.084734, 25.031441]}}, {"type": "Feature", "properties": {"cell_id": "c_545"}, "geometry": {"type": "Point", "coordinates": [55.089696, 25.031441]}}, {"type": "Feature", "properties": {"cell_id": "c_546"}, "geometry": {"type": "Point", "coordinates": [55.094658, 25.031441]}}, {"type": "Feature", "properties": {"cell_id": "c_547"}, "geometry": {"type": "Point", "coordinates": [55.09962, 25.031441]}}, {"type": "Feature", "properties": {"cell_id": "c_548"}, "geometry": {"type": "Point", "coordinates": [55.104582, 25.031441]}}, {"type": "Feature", "properties": {"cell_id": "c_549"}, "geometry": {"type": "Point", "coordinates": [55.109543, 25.031441]}}, {"type": "Feature", "properties": {"cell_id": "c_550"}, "geometry": {"type": "Point", "coordinates": [55.114505, 25.031441]}}, {"type": "Feature", "properties": {"cell_id": "c_551"}, "geometry": {"type": "Point", "coordinates": [55.119467, 25.031441]}}, {"type": "Feature", "properties": {"cell_id": "c_552"}, "geometry": {"type": "Point", "coordinates": [55.124429, 25.031441]}}, {"type": "Feature", "properties": {"cell_id": "c_553"}, "geometry": {"type": "Point", "coordinates": [55.129391, 25.031441]}}, {"type": "Feature", "properties": {"cell_id": "c_554"}, "geometry": {"type": "Point", "coordinates": [55.134353, 25.031441]}}, {"type": "Feature", "properties": {"cell_id": "c_555"}, "geometry": {"type": "Point", "coordinates": [55.139315, 25.031441]}}, {"type": "Feature", "properties": {"cell_id": "c_556"}, "geometry": {"type": "Point", "coordinates": [55.144277, 25.031441]}}, {"type": "Feature", "properties": {"cell_id": "c_557"}, "geometry": {"type": "Point", "coordinates": [55.149239, 25.031441]}}, {"type": "Feature", "properties": {"cell_id": "c_558"}, "geometry": {"type": "Point", "coordinates": [55.154201, 25.031441]}}, {"type": "Feature", "properties": {"cell_id": "c_559"}, "geometry": {"type": "Point", "coordinates": [55.159163, 25.031441]}}, {"type": "Feature", "properties": {"cell_id": "c_560"}, "geometry": {"type": "Point", "coordinates": [55.164125, 25.031441]}}, {"type": "Feature", "properties": {"cell_id": "c_561"}, "geometry": {"type": "Point", "coordinates": [55.169087, 25.031441]}}, {"type": "Feature", "properties": {"cell_id": "c_562"}, "geometry": {"type": "Point", "coordinates": [55.174049, 25.031441]}}, {"type": "Feature", "properties": {"cell_id": "c_563"}, "geometry": {"type": "Point", "coordinates": [55.179011, 25.031441]}}, {"type": "Feature", "properties": {"cell_id": "c_564"}, "geometry": {"type": "Point", "coordinates": [55.183973, 25.031441]}}, {"type": "Feature", "properties": {"cell_id": "c_565"}, "geometry": {"type": "Point", "coordinates": [55.188935, 25.031441]}}, {"type": "Feature", "properties": {"cell_id": "c_566"}, "geometry": {"type": "Point", "coordinates": [55.193897, 25.031441]}}, {"type": "Feature", "properties": {"cell_id": "c_567"}, "geometry": {"type": "Point", "coordinates": [55.198859, 25.031441]}}, {"type": "Feature", "properties": {"cell_id": "c_568"}, "geometry": {"type": "Point", "coordinates": [55.203821, 25.031441]}}, {"type": "Feature", "properties": {"cell_id": "c_569"}, "geometry": {"type": "Point", "coordinates": [55.208783, 25.031441]}}, {"type": "Feature", "properties": {"cell_id": "c_570"}, "geometry": {"type": "Point", "coordinates": [55.213745, 25.031441]}}, {"type": "Feature", "properties": {"cell_id": "c_571"}, "geometry": {"type": "Point", "coordinates": [55.218707, 25.031441]}}, {"type": "Feature", "properties": {"cell_id": "c_572"}, "geometry": {"type": "Point", "coordinates": [55.223669, 25.031441]}}, {"type": "Feature", "properties": {"cell_id": "c_573"}, "geometry": {"type": "Point", "coordinates": [55.22863, 25.031441]}}, {"type": "Feature", "properties": {"cell_id": "c_574"}, "geometry": {"type": "Point", "coordinates": [55.233592, 25.031441]}}, {"type": "Feature", "properties": {"cell_id": "c_575"}, "geometry": {"type": "Point", "coordinates": [55.238554, 25.031441]}}, {"type": "Feature", "properties": {"cell_id": "c_576"}, "geometry": {"type": "Point", "coordinates": [55.243516, 25.031441]}}, {"type": "Feature", "properties": {"cell_id": "c_577"}, "geometry": {"type": "Point", "coordinates": [55.248478, 25.031441]}}, {"type": "Feature", "properties": {"cell_id": "c_578"}, "geometry": {"type": "Point", "coordinates": [55.25344, 25.031441]}}, {"type": "Feature", "properties": {"cell_id": "c_579"}, "geometry": {"type": "Point", "coordinates": [55.258402, 25.031441]}}, {"type": "Feature", "properties": {"cell_id": "c_580"}, "geometry": {"type": "Point", "coordinates": [55.263364, 25.031441]}}, {"type": "Feature", "properties": {"cell_id": "c_581"}, "geometry": {"type": "Point", "coordinates": [55.268326, 25.031441]}}, {"type": "Feature", "properties": {"cell_id": "c_582"}, "geometry": {"type": "Point", "coordinates": [55.273288, 25.031441]}}, {"type": "Feature", "properties": {"cell_id": "c_583"}, "geometry": {"type": "Point", "coordinates": [55.27825, 25.031441]}}, {"type": "Feature", "properties": {"cell_id": "c_584"}, "geometry": {"type": "Point", "coordinates": [55.283212, 25.031441]}}, {"type": "Feature", "properties": {"cell_id": "c_585"}, "geometry": {"type": "Point", "coordinates": [55.288174, 25.031441]}}, {"type": "Feature", "properties": {"cell_id": "c_586"}, "geometry": {"type": "Point", "coordinates": [55.293136, 25.031441]}}, {"type": "Feature", "properties": {"cell_id": "c_587"}, "geometry": {"type": "Point", "coordinates": [55.298098, 25.031441]}}, {"type": "Feature", "properties": {"cell_id": "c_588"}, "geometry": {"type": "Point", "coordinates": [55.30306, 25.031441]}}, {"type": "Feature", "properties": {"cell_id": "c_589"}, "geometry": {"type": "Point", "coordinates": [55.308022, 25.031441]}}, {"type": "Feature", "properties": {"cell_id": "c_590"}, "geometry": {"type": "Point", "coordinates": [55.312984, 25.031441]}}, {"type": "Feature", "properties": {"cell_id": "c_591"}, "geometry": {"type": "Point", "coordinates": [55.317946, 25.031441]}}, {"type": "Feature", "properties": {"cell_id": "c_592"}, "geometry": {"type": "Point", "coordinates": [55.322908, 25.031441]}}, {"type": "Feature", "properties": {"cell_id": "c_593"}, "geometry": {"type": "Point", "coordinates": [55.32787, 25.031441]}}, {"type": "Feature", "properties": {"cell_id": "c_594"}, "geometry": {"type": "Point", "coordinates": [55.332832, 25.031441]}}, {"type": "Feature", "properties": {"cell_id": "c_595"}, "geometry": {"type": "Point", "coordinates": [55.337794, 25.031441]}}, {"type": "Feature", "properties": {"cell_id": "c_596"}, "geometry": {"type": "Point", "coordinates": [55.342756, 25.031441]}}, {"type": "Feature", "properties": {"cell_id": "c_597"}, "geometry": {"type": "Point", "coordinates": [55.347717, 25.031441]}}, {"type": "Feature", "properties": {"cell_id": "c_598"}, "geometry": {"type": "Point", "coordinates": [55.352679, 25.031441]}}, {"type": "Feature", "properties": {"cell_id": "c_599"}, "geometry": {"type": "Point", "coordinates": [55.357641, 25.031441]}}, {"type": "Feature", "properties": {"cell_id": "c_600"}, "geometry": {"type": "Point", "coordinates": [55.362603, 25.031441]}}, {"type": "Feature", "properties": {"cell_id": "c_601"}, "geometry": {"type": "Point", "coordinates": [55.367565, 25.031441]}}, {"type": "Feature", "properties": {"cell_id": "c_602"}, "geometry": {"type": "Point", "coordinates": [55.372527, 25.031441]}}, {"type": "Feature", "properties": {"cell_id": "c_603"}, "geometry": {"type": "Point", "coordinates": [55.377489, 25.031441]}}, {"type": "Feature", "properties": {"cell_id": "c_604"}, "geometry": {"type": "Point", "coordinates": [55.382451, 25.031441]}}, {"type": "Feature", "properties": {"cell_id": "c_605"}, "geometry": {"type": "Point", "coordinates": [55.387413, 25.031441]}}, {"type": "Feature", "properties": {"cell_id": "c_606"}, "geometry": {"type": "Point", "coordinates": [55.392375, 25.031441]}}, {"type": "Feature", "properties": {"cell_id": "c_607"}, "geometry": {"type": "Point", "coordinates": [55.397337, 25.031441]}}, {"type": "Feature", "properties": {"cell_id": "c_608"}, "geometry": {"type": "Point", "coordinates": [55.402299, 25.031441]}}, {"type": "Feature", "properties": {"cell_id": "c_609"}, "geometry": {"type": "Point", "coordinates": [55.407261, 25.031441]}}, {"type": "Feature", "properties": {"cell_id": "c_610"}, "geometry": {"type": "Point", "coordinates": [55.412223, 25.031441]}}, {"type": "Feature", "properties": {"cell_id": "c_611"}, "geometry": {"type": "Point", "coordinates": [55.417185, 25.031441]}}, {"type": "Feature", "properties": {"cell_id": "c_612"}, "geometry": {"type": "Point", "coordinates": [55.422147, 25.031441]}}, {"type": "Feature", "properties": {"cell_id": "c_613"}, "geometry": {"type": "Point", "coordinates": [55.427109, 25.031441]}}, {"type": "Feature", "properties": {"cell_id": "c_614"}, "geometry": {"type": "Point", "coordinates": [55.432071, 25.031441]}}, {"type": "Feature", "properties": {"cell_id": "c_615"}, "geometry": {"type": "Point", "coordinates": [55.437033, 25.031441]}}, {"type": "Feature", "properties": {"cell_id": "c_616"}, "geometry": {"type": "Point", "coordinates": [55.441995, 25.031441]}}, {"type": "Feature", "properties": {"cell_id": "c_617"}, "geometry": {"type": "Point", "coordinates": [55.446957, 25.031441]}}, {"type": "Feature", "properties": {"cell_id": "c_618"}, "geometry": {"type": "Point", "coordinates": [55.094658, 25.035932]}}, {"type": "Feature", "properties": {"cell_id": "c_619"}, "geometry": {"type": "Point", "coordinates": [55.09962, 25.035932]}}, {"type": "Feature", "properties": {"cell_id": "c_620"}, "geometry": {"type": "Point", "coordinates": [55.104582, 25.035932]}}, {"type": "Feature", "properties": {"cell_id": "c_621"}, "geometry": {"type": "Point", "coordinates": [55.109543, 25.035932]}}, {"type": "Feature", "properties": {"cell_id": "c_622"}, "geometry": {"type": "Point", "coordinates": [55.114505, 25.035932]}}, {"type": "Feature", "properties": {"cell_id": "c_623"}, "geometry": {"type": "Point", "coordinates": [55.119467, 25.035932]}}, {"type": "Feature", "properties": {"cell_id": "c_624"}, "geometry": {"type": "Point", "coordinates": [55.124429, 25.035932]}}, {"type": "Feature", "properties": {"cell_id": "c_625"}, "geometry": {"type": "Point", "coordinates": [55.129391, 25.035932]}}, {"type": "Feature", "properties": {"cell_id": "c_626"}, "geometry": {"type": "Point", "coordinates": [55.134353, 25.035932]}}, {"type": "Feature", "properties": {"cell_id": "c_627"}, "geometry": {"type": "Point", "coordinates": [55.139315, 25.035932]}}, {"type": "Feature", "properties": {"cell_id": "c_628"}, "geometry": {"type": "Point", "coordinates": [55.144277, 25.035932]}}, {"type": "Feature", "properties": {"cell_id": "c_629"}, "geometry": {"type": "Point", "coordinates": [55.149239, 25.035932]}}, {"type": "Feature", "properties": {"cell_id": "c_630"}, "geometry": {"type": "Point", "coordinates": [55.154201, 25.035932]}}, {"type": "Feature", "properties": {"cell_id": "c_631"}, "geometry": {"type": "Point", "coordinates": [55.159163, 25.035932]}}, {"type": "Feature", "properties": {"cell_id": "c_632"}, "geometry": {"type": "Point", "coordinates": [55.164125, 25.035932]}}, {"type": "Feature", "properties": {"cell_id": "c_633"}, "geometry": {"type": "Point", "coordinates": [55.169087, 25.035932]}}, {"type": "Feature", "properties": {"cell_id": "c_634"}, "geometry": {"type": "Point", "coordinates": [55.174049, 25.035932]}}, {"type": "Feature", "properties": {"cell_id": "c_635"}, "geometry": {"type": "Point", "coordinates": [55.179011, 25.035932]}}, {"type": "Feature", "properties": {"cell_id": "c_636"}, "geometry": {"type": "Point", "coordinates": [55.183973, 25.035932]}}, {"type": "Feature", "properties": {"cell_id": "c_637"}, "geometry": {"type": "Point", "coordinates": [55.188935, 25.035932]}}, {"type": "Feature", "properties": {"cell_id": "c_638"}, "geometry": {"type": "Point", "coordinates": [55.193897, 25.035932]}}, {"type": "Feature", "properties": {"cell_id": "c_639"}, "geometry": {"type": "Point", "coordinates": [55.198859, 25.035932]}}, {"type": "Feature", "properties": {"cell_id": "c_640"}, "geometry": {"type": "Point", "coordinates": [55.203821, 25.035932]}}, {"type": "Feature", "properties": {"cell_id": "c_641"}, "geometry": {"type": "Point", "coordinates": [55.208783, 25.035932]}}, {"type": "Feature", "properties": {"cell_id": "c_642"}, "geometry": {"type": "Point", "coordinates": [55.213745, 25.035932]}}, {"type": "Feature", "properties": {"cell_id": "c_643"}, "geometry": {"type": "Point", "coordinates": [55.218707, 25.035932]}}, {"type": "Feature", "properties": {"cell_id": "c_644"}, "geometry": {"type": "Point", "coordinates": [55.223669, 25.035932]}}, {"type": "Feature", "properties": {"cell_id": "c_645"}, "geometry": {"type": "Point", "coordinates": [55.22863, 25.035932]}}, {"type": "Feature", "properties": {"cell_id": "c_646"}, "geometry": {"type": "Point", "coordinates": [55.233592, 25.035932]}}, {"type": "Feature", "properties": {"cell_id": "c_647"}, "geometry": {"type": "Point", "coordinates": [55.238554, 25.035932]}}, {"type": "Feature", "properties": {"cell_id": "c_648"}, "geometry": {"type": "Point", "coordinates": [55.243516, 25.035932]}}, {"type": "Feature", "properties": {"cell_id": "c_649"}, "geometry": {"type": "Point", "coordinates": [55.248478, 25.035932]}}, {"type": "Feature", "properties": {"cell_id": "c_650"}, "geometry": {"type": "Point", "coordinates": [55.25344, 25.035932]}}, {"type": "Feature", "properties": {"cell_id": "c_651"}, "geometry": {"type": "Point", "coordinates": [55.258402, 25.035932]}}, {"type": "Feature", "properties": {"cell_id": "c_652"}, "geometry": {"type": "Point", "coordinates": [55.263364, 25.035932]}}, {"type": "Feature", "properties": {"cell_id": "c_653"}, "geometry": {"type": "Point", "coordinates": [55.268326, 25.035932]}}, {"type": "Feature", "properties": {"cell_id": "c_654"}, "geometry": {"type": "Point", "coordinates": [55.273288, 25.035932]}}, {"type": "Feature", "properties": {"cell_id": "c_655"}, "geometry": {"type": "Point", "coordinates": [55.27825, 25.035932]}}, {"type": "Feature", "properties": {"cell_id": "c_656"}, "geometry": {"type": "Point", "coordinates": [55.283212, 25.035932]}}, {"type": "Feature", "properties": {"cell_id": "c_657"}, "geometry": {"type": "Point", "coordinates": [55.288174, 25.035932]}}, {"type": "Feature", "properties": {"cell_id": "c_658"}, "geometry": {"type": "Point", "coordinates": [55.293136, 25.035932]}}, {"type": "Feature", "properties": {"cell_id": "c_659"}, "geometry": {"type": "Point", "coordinates": [55.298098, 25.035932]}}, {"type": "Feature", "properties": {"cell_id": "c_660"}, "geometry": {"type": "Point", "coordinates": [55.30306, 25.035932]}}, {"type": "Feature", "properties": {"cell_id": "c_661"}, "geometry": {"type": "Point", "coordinates": [55.308022, 25.035932]}}, {"type": "Feature", "properties": {"cell_id": "c_662"}, "geometry": {"type": "Point", "coordinates": [55.312984, 25.035932]}}, {"type": "Feature", "properties": {"cell_id": "c_663"}, "geometry": {"type": "Point", "coordinates": [55.317946, 25.035932]}}, {"type": "Feature", "properties": {"cell_id": "c_664"}, "geometry": {"type": "Point", "coordinates": [55.322908, 25.035932]}}, {"type": "Feature", "properties": {"cell_id": "c_665"}, "geometry": {"type": "Point", "coordinates": [55.32787, 25.035932]}}, {"type": "Feature", "properties": {"cell_id": "c_666"}, "geometry": {"type": "Point", "coordinates": [55.332832, 25.035932]}}, {"type": "Feature", "properties": {"cell_id": "c_667"}, "geometry": {"type": "Point", "coordinates": [55.337794, 25.035932]}}, {"type": "Feature", "properties": {"cell_id": "c_668"}, "geometry": {"type": "Point", "coordinates": [55.342756, 25.035932]}}, {"type": "Feature", "properties": {"cell_id": "c_669"}, "geometry": {"type": "Point", "coordinates": [55.347717, 25.035932]}}, {"type": "Feature", "properties": {"cell_id": "c_670"}, "geometry": {"type": "Point", "coordinates": [55.352679, 25.035932]}}, {"type": "Feature", "properties": {"cell_id": "c_671"}, "geometry": {"type": "Point", "coordinates": [55.357641, 25.035932]}}, {"type": "Feature", "properties": {"cell_id": "c_672"}, "geometry": {"type": "Point", "coordinates": [55.362603, 25.035932]}}, {"type": "Feature", "properties": {"cell_id": "c_673"}, "geometry": {"type": "Point", "coordinates": [55.367565, 25.035932]}}, {"type": "Feature", "properties": {"cell_id": "c_674"}, "geometry": {"type": "Point", "coordinates": [55.372527, 25.035932]}}, {"type": "Feature", "properties": {"cell_id": "c_675"}, "geometry": {"type": "Point", "coordinates": [55.377489, 25.035932]}}, {"type": "Feature", "properties": {"cell_id": "c_676"}, "geometry": {"type": "Point", "coordinates": [55.382451, 25.035932]}}, {"type": "Feature", "properties": {"cell_id": "c_677"}, "geometry": {"type": "Point", "coordinates": [55.387413, 25.035932]}}, {"type": "Feature", "properties": {"cell_id": "c_678"}, "geometry": {"type": "Point", "coordinates": [55.392375, 25.035932]}}, {"type": "Feature", "properties": {"cell_id": "c_679"}, "geometry": {"type": "Point", "coordinates": [55.397337, 25.035932]}}, {"type": "Feature", "properties": {"cell_id": "c_680"}, "geometry": {"type": "Point", "coordinates": [55.402299, 25.035932]}}, {"type": "Feature", "properties": {"cell_id": "c_681"}, "geometry": {"type": "Point", "coordinates": [55.407261, 25.035932]}}, {"type": "Feature", "properties": {"cell_id": "c_682"}, "geometry": {"type": "Point", "coordinates": [55.412223, 25.035932]}}, {"type": "Feature", "properties": {"cell_id": "c_683"}, "geometry": {"type": "Point", "coordinates": [55.417185, 25.035932]}}, {"type": "Feature", "properties": {"cell_id": "c_684"}, "geometry": {"type": "Point", "coordinates": [55.422147, 25.035932]}}, {"type": "Feature", "properties": {"cell_id": "c_685"}, "geometry": {"type": "Point", "coordinates": [55.427109, 25.035932]}}, {"type": "Feature", "properties": {"cell_id": "c_686"}, "geometry": {"type": "Point", "coordinates": [55.432071, 25.035932]}}, {"type": "Feature", "properties": {"cell_id": "c_687"}, "geometry": {"type": "Point", "coordinates": [55.437033, 25.035932]}}, {"type": "Feature", "properties": {"cell_id": "c_688"}, "geometry": {"type": "Point", "coordinates": [55.441995, 25.035932]}}, {"type": "Feature", "properties": {"cell_id": "c_689"}, "geometry": {"type": "Point", "coordinates": [55.446957, 25.035932]}}, {"type": "Feature", "properties": {"cell_id": "c_690"}, "geometry": {"type": "Point", "coordinates": [55.094658, 25.040424]}}, {"type": "Feature", "properties": {"cell_id": "c_691"}, "geometry": {"type": "Point", "coordinates": [55.09962, 25.040424]}}, {"type": "Feature", "properties": {"cell_id": "c_692"}, "geometry": {"type": "Point", "coordinates": [55.104582, 25.040424]}}, {"type": "Feature", "properties": {"cell_id": "c_693"}, "geometry": {"type": "Point", "coordinates": [55.109543, 25.040424]}}, {"type": "Feature", "properties": {"cell_id": "c_694"}, "geometry": {"type": "Point", "coordinates": [55.114505, 25.040424]}}, {"type": "Feature", "properties": {"cell_id": "c_695"}, "geometry": {"type": "Point", "coordinates": [55.119467, 25.040424]}}, {"type": "Feature", "properties": {"cell_id": "c_696"}, "geometry": {"type": "Point", "coordinates": [55.124429, 25.040424]}}, {"type": "Feature", "properties": {"cell_id": "c_697"}, "geometry": {"type": "Point", "coordinates": [55.129391, 25.040424]}}, {"type": "Feature", "properties": {"cell_id": "c_698"}, "geometry": {"type": "Point", "coordinates": [55.134353, 25.040424]}}, {"type": "Feature", "properties": {"cell_id": "c_699"}, "geometry": {"type": "Point", "coordinates": [55.139315, 25.040424]}}, {"type": "Feature", "properties": {"cell_id": "c_700"}, "geometry": {"type": "Point", "coordinates": [55.144277, 25.040424]}}, {"type": "Feature", "properties": {"cell_id": "c_701"}, "geometry": {"type": "Point", "coordinates": [55.149239, 25.040424]}}, {"type": "Feature", "properties": {"cell_id": "c_702"}, "geometry": {"type": "Point", "coordinates": [55.154201, 25.040424]}}, {"type": "Feature", "properties": {"cell_id": "c_703"}, "geometry": {"type": "Point", "coordinates": [55.159163, 25.040424]}}, {"type": "Feature", "properties": {"cell_id": "c_704"}, "geometry": {"type": "Point", "coordinates": [55.164125, 25.040424]}}, {"type": "Feature", "properties": {"cell_id": "c_705"}, "geometry": {"type": "Point", "coordinates": [55.169087, 25.040424]}}, {"type": "Feature", "properties": {"cell_id": "c_706"}, "geometry": {"type": "Point", "coordinates": [55.174049, 25.040424]}}, {"type": "Feature", "properties": {"cell_id": "c_707"}, "geometry": {"type": "Point", "coordinates": [55.179011, 25.040424]}}, {"type": "Feature", "properties": {"cell_id": "c_708"}, "geometry": {"type": "Point", "coordinates": [55.183973, 25.040424]}}, {"type": "Feature", "properties": {"cell_id": "c_709"}, "geometry": {"type": "Point", "coordinates": [55.188935, 25.040424]}}, {"type": "Feature", "properties": {"cell_id": "c_710"}, "geometry": {"type": "Point", "coordinates": [55.193897, 25.040424]}}, {"type": "Feature", "properties": {"cell_id": "c_711"}, "geometry": {"type": "Point", "coordinates": [55.198859, 25.040424]}}, {"type": "Feature", "properties": {"cell_id": "c_712"}, "geometry": {"type": "Point", "coordinates": [55.203821, 25.040424]}}, {"type": "Feature", "properties": {"cell_id": "c_713"}, "geometry": {"type": "Point", "coordinates": [55.208783, 25.040424]}}, {"type": "Feature", "properties": {"cell_id": "c_714"}, "geometry": {"type": "Point", "coordinates": [55.213745, 25.040424]}}, {"type": "Feature", "properties": {"cell_id": "c_715"}, "geometry": {"type": "Point", "coordinates": [55.218707, 25.040424]}}, {"type": "Feature", "properties": {"cell_id": "c_716"}, "geometry": {"type": "Point", "coordinates": [55.223669, 25.040424]}}, {"type": "Feature", "properties": {"cell_id": "c_717"}, "geometry": {"type": "Point", "coordinates": [55.22863, 25.040424]}}, {"type": "Feature", "properties": {"cell_id": "c_718"}, "geometry": {"type": "Point", "coordinates": [55.233592, 25.040424]}}, {"type": "Feature", "properties": {"cell_id": "c_719"}, "geometry": {"type": "Point", "coordinates": [55.238554, 25.040424]}}, {"type": "Feature", "properties": {"cell_id": "c_720"}, "geometry": {"type": "Point", "coordinates": [55.243516, 25.040424]}}, {"type": "Feature", "properties": {"cell_id": "c_721"}, "geometry": {"type": "Point", "coordinates": [55.248478, 25.040424]}}, {"type": "Feature", "properties": {"cell_id": "c_722"}, "geometry": {"type": "Point", "coordinates": [55.25344, 25.040424]}}, {"type": "Feature", "properties": {"cell_id": "c_723"}, "geometry": {"type": "Point", "coordinates": [55.258402, 25.040424]}}, {"type": "Feature", "properties": {"cell_id": "c_724"}, "geometry": {"type": "Point", "coordinates": [55.263364, 25.040424]}}, {"type": "Feature", "properties": {"cell_id": "c_725"}, "geometry": {"type": "Point", "coordinates": [55.268326, 25.040424]}}, {"type": "Feature", "properties": {"cell_id": "c_726"}, "geometry": {"type": "Point", "coordinates": [55.273288, 25.040424]}}, {"type": "Feature", "properties": {"cell_id": "c_727"}, "geometry": {"type": "Point", "coordinates": [55.27825, 25.040424]}}, {"type": "Feature", "properties": {"cell_id": "c_728"}, "geometry": {"type": "Point", "coordinates": [55.283212, 25.040424]}}, {"type": "Feature", "properties": {"cell_id": "c_729"}, "geometry": {"type": "Point", "coordinates": [55.288174, 25.040424]}}, {"type": "Feature", "properties": {"cell_id": "c_730"}, "geometry": {"type": "Point", "coordinates": [55.293136, 25.040424]}}, {"type": "Feature", "properties": {"cell_id": "c_731"}, "geometry": {"type": "Point", "coordinates": [55.298098, 25.040424]}}, {"type": "Feature", "properties": {"cell_id": "c_732"}, "geometry": {"type": "Point", "coordinates": [55.30306, 25.040424]}}, {"type": "Feature", "properties": {"cell_id": "c_733"}, "geometry": {"type": "Point", "coordinates": [55.308022, 25.040424]}}, {"type": "Feature", "properties": {"cell_id": "c_734"}, "geometry": {"type": "Point", "coordinates": [55.312984, 25.040424]}}, {"type": "Feature", "properties": {"cell_id": "c_735"}, "geometry": {"type": "Point", "coordinates": [55.317946, 25.040424]}}, {"type": "Feature", "properties": {"cell_id": "c_736"}, "geometry": {"type": "Point", "coordinates": [55.322908, 25.040424]}}, {"type": "Feature", "properties": {"cell_id": "c_737"}, "geometry": {"type": "Point", "coordinates": [55.32787, 25.040424]}}, {"type": "Feature", "properties": {"cell_id": "c_738"}, "geometry": {"type": "Point", "coordinates": [55.332832, 25.040424]}}, {"type": "Feature", "properties": {"cell_id": "c_739"}, "geometry": {"type": "Point", "coordinates": [55.337794, 25.040424]}}, {"type": "Feature", "properties": {"cell_id": "c_740"}, "geometry": {"type": "Point", "coordinates": [55.342756, 25.040424]}}, {"type": "Feature", "properties": {"cell_id": "c_741"}, "geometry": {"type": "Point", "coordinates": [55.347717, 25.040424]}}, {"type": "Feature", "properties": {"cell_id": "c_742"}, "geometry": {"type": "Point", "coordinates": [55.352679, 25.040424]}}, {"type": "Feature", "properties": {"cell_id": "c_743"}, "geometry": {"type": "Point", "coordinates": [55.357641, 25.040424]}}, {"type": "Feature", "properties": {"cell_id": "c_744"}, "geometry": {"type": "Point", "coordinates": [55.362603, 25.040424]}}, {"type": "Feature", "properties": {"cell_id": "c_745"}, "geometry": {"type": "Point", "coordinates": [55.367565, 25.040424]}}, {"type": "Feature", "properties": {"cell_id": "c_746"}, "geometry": {"type": "Point", "coordinates": [55.372527, 25.040424]}}, {"type": "Feature", "properties": {"cell_id": "c_747"}, "geometry": {"type": "Point", "coordinates": [55.377489, 25.040424]}}, {"type": "Feature", "properties": {"cell_id": "c_748"}, "geometry": {"type": "Point", "coordinates": [55.382451, 25.040424]}}, {"type": "Feature", "properties": {"cell_id": "c_749"}, "geometry": {"type": "Point", "coordinates": [55.387413, 25.040424]}}, {"type": "Feature", "properties": {"cell_id": "c_750"}, "geometry": {"type": "Point", "coordinates": [55.392375, 25.040424]}}, {"type": "Feature", "properties": {"cell_id": "c_751"}, "geometry": {"type": "Point", "coordinates": [55.397337, 25.040424]}}, {"type": "Feature", "properties": {"cell_id": "c_752"}, "geometry": {"type": "Point", "coordinates": [55.402299, 25.040424]}}, {"type": "Feature", "properties": {"cell_id": "c_753"}, "geometry": {"type": "Point", "coordinates": [55.407261, 25.040424]}}, {"type": "Feature", "properties": {"cell_id": "c_754"}, "geometry": {"type": "Point", "coordinates": [55.412223, 25.040424]}}, {"type": "Feature", "properties": {"cell_id": "c_755"}, "geometry": {"type": "Point", "coordinates": [55.417185, 25.040424]}}, {"type": "Feature", "properties": {"cell_id": "c_756"}, "geometry": {"type": "Point", "coordinates": [55.422147, 25.040424]}}, {"type": "Feature", "properties": {"cell_id": "c_757"}, "geometry": {"type": "Point", "coordinates": [55.427109, 25.040424]}}, {"type": "Feature", "properties": {"cell_id": "c_758"}, "geometry": {"type": "Point", "coordinates": [55.432071, 25.040424]}}, {"type": "Feature", "properties": {"cell_id": "c_759"}, "geometry": {"type": "Point", "coordinates": [55.437033, 25.040424]}}, {"type": "Feature", "properties": {"cell_id": "c_760"}, "geometry": {"type": "Point", "coordinates": [55.441995, 25.040424]}}, {"type": "Feature", "properties": {"cell_id": "c_761"}, "geometry": {"type": "Point", "coordinates": [55.446957, 25.040424]}}, {"type": "Feature", "properties": {"cell_id": "c_762"}, "geometry": {"type": "Point", "coordinates": [55.104582, 25.044916]}}, {"type": "Feature", "properties": {"cell_id": "c_763"}, "geometry": {"type": "Point", "coordinates": [55.109543, 25.044916]}}, {"type": "Feature", "properties": {"cell_id": "c_764"}, "geometry": {"type": "Point", "coordinates": [55.114505, 25.044916]}}, {"type": "Feature", "properties": {"cell_id": "c_765"}, "geometry": {"type": "Point", "coordinates": [55.119467, 25.044916]}}, {"type": "Feature", "properties": {"cell_id": "c_766"}, "geometry": {"type": "Point", "coordinates": [55.124429, 25.044916]}}, {"type": "Feature", "properties": {"cell_id": "c_767"}, "geometry": {"type": "Point", "coordinates": [55.129391, 25.044916]}}, {"type": "Feature", "properties": {"cell_id": "c_768"}, "geometry": {"type": "Point", "coordinates": [55.134353, 25.044916]}}, {"type": "Feature", "properties": {"cell_id": "c_769"}, "geometry": {"type": "Point", "coordinates": [55.139315, 25.044916]}}, {"type": "Feature", "properties": {"cell_id": "c_770"}, "geometry": {"type": "Point", "coordinates": [55.144277, 25.044916]}}, {"type": "Feature", "properties": {"cell_id": "c_771"}, "geometry": {"type": "Point", "coordinates": [55.149239, 25.044916]}}, {"type": "Feature", "properties": {"cell_id": "c_772"}, "geometry": {"type": "Point", "coordinates": [55.154201, 25.044916]}}, {"type": "Feature", "properties": {"cell_id": "c_773"}, "geometry": {"type": "Point", "coordinates": [55.159163, 25.044916]}}, {"type": "Feature", "properties": {"cell_id": "c_774"}, "geometry": {"type": "Point", "coordinates": [55.164125, 25.044916]}}, {"type": "Feature", "properties": {"cell_id": "c_775"}, "geometry": {"type": "Point", "coordinates": [55.169087, 25.044916]}}, {"type": "Feature", "properties": {"cell_id": "c_776"}, "geometry": {"type": "Point", "coordinates": [55.174049, 25.044916]}}, {"type": "Feature", "properties": {"cell_id": "c_777"}, "geometry": {"type": "Point", "coordinates": [55.179011, 25.044916]}}, {"type": "Feature", "properties": {"cell_id": "c_778"}, "geometry": {"type": "Point", "coordinates": [55.183973, 25.044916]}}, {"type": "Feature", "properties": {"cell_id": "c_779"}, "geometry": {"type": "Point", "coordinates": [55.188935, 25.044916]}}, {"type": "Feature", "properties": {"cell_id": "c_780"}, "geometry": {"type": "Point", "coordinates": [55.193897, 25.044916]}}, {"type": "Feature", "properties": {"cell_id": "c_781"}, "geometry": {"type": "Point", "coordinates": [55.198859, 25.044916]}}, {"type": "Feature", "properties": {"cell_id": "c_782"}, "geometry": {"type": "Point", "coordinates": [55.203821, 25.044916]}}, {"type": "Feature", "properties": {"cell_id": "c_783"}, "geometry": {"type": "Point", "coordinates": [55.208783, 25.044916]}}, {"type": "Feature", "properties": {"cell_id": "c_784"}, "geometry": {"type": "Point", "coordinates": [55.213745, 25.044916]}}, {"type": "Feature", "properties": {"cell_id": "c_785"}, "geometry": {"type": "Point", "coordinates": [55.218707, 25.044916]}}, {"type": "Feature", "properties": {"cell_id": "c_786"}, "geometry": {"type": "Point", "coordinates": [55.223669, 25.044916]}}, {"type": "Feature", "properties": {"cell_id": "c_787"}, "geometry": {"type": "Point", "coordinates": [55.22863, 25.044916]}}, {"type": "Feature", "properties": {"cell_id": "c_788"}, "geometry": {"type": "Point", "coordinates": [55.233592, 25.044916]}}, {"type": "Feature", "properties": {"cell_id": "c_789"}, "geometry": {"type": "Point", "coordinates": [55.238554, 25.044916]}}, {"type": "Feature", "properties": {"cell_id": "c_790"}, "geometry": {"type": "Point", "coordinates": [55.243516, 25.044916]}}, {"type": "Feature", "properties": {"cell_id": "c_791"}, "geometry": {"type": "Point", "coordinates": [55.248478, 25.044916]}}, {"type": "Feature", "properties": {"cell_id": "c_792"}, "geometry": {"type": "Point", "coordinates": [55.25344, 25.044916]}}, {"type": "Feature", "properties": {"cell_id": "c_793"}, "geometry": {"type": "Point", "coordinates": [55.258402, 25.044916]}}, {"type": "Feature", "properties": {"cell_id": "c_794"}, "geometry": {"type": "Point", "coordinates": [55.263364, 25.044916]}}, {"type": "Feature", "properties": {"cell_id": "c_795"}, "geometry": {"type": "Point", "coordinates": [55.268326, 25.044916]}}, {"type": "Feature", "properties": {"cell_id": "c_796"}, "geometry": {"type": "Point", "coordinates": [55.273288, 25.044916]}}, {"type": "Feature", "properties": {"cell_id": "c_797"}, "geometry": {"type": "Point", "coordinates": [55.27825, 25.044916]}}, {"type": "Feature", "properties": {"cell_id": "c_798"}, "geometry": {"type": "Point", "coordinates": [55.283212, 25.044916]}}, {"type": "Feature", "properties": {"cell_id": "c_799"}, "geometry": {"type": "Point", "coordinates": [55.288174, 25.044916]}}, {"type": "Feature", "properties": {"cell_id": "c_800"}, "geometry": {"type": "Point", "coordinates": [55.293136, 25.044916]}}, {"type": "Feature", "properties": {"cell_id": "c_801"}, "geometry": {"type": "Point", "coordinates": [55.298098, 25.044916]}}, {"type": "Feature", "properties": {"cell_id": "c_802"}, "geometry": {"type": "Point", "coordinates": [55.30306, 25.044916]}}, {"type": "Feature", "properties": {"cell_id": "c_803"}, "geometry": {"type": "Point", "coordinates": [55.308022, 25.044916]}}, {"type": "Feature", "properties": {"cell_id": "c_804"}, "geometry": {"type": "Point", "coordinates": [55.312984, 25.044916]}}, {"type": "Feature", "properties": {"cell_id": "c_805"}, "geometry": {"type": "Point", "coordinates": [55.317946, 25.044916]}}, {"type": "Feature", "properties": {"cell_id": "c_806"}, "geometry": {"type": "Point", "coordinates": [55.322908, 25.044916]}}, {"type": "Feature", "properties": {"cell_id": "c_807"}, "geometry": {"type": "Point", "coordinates": [55.32787, 25.044916]}}, {"type": "Feature", "properties": {"cell_id": "c_808"}, "geometry": {"type": "Point", "coordinates": [55.332832, 25.044916]}}, {"type": "Feature", "properties": {"cell_id": "c_809"}, "geometry": {"type": "Point", "coordinates": [55.337794, 25.044916]}}, {"type": "Feature", "properties": {"cell_id": "c_810"}, "geometry": {"type": "Point", "coordinates": [55.342756, 25.044916]}}, {"type": "Feature", "properties": {"cell_id": "c_811"}, "geometry": {"type": "Point", "coordinates": [55.347717, 25.044916]}}, {"type": "Feature", "properties": {"cell_id": "c_812"}, "geometry": {"type": "Point", "coordinates": [55.352679, 25.044916]}}, {"type": "Feature", "properties": {"cell_id": "c_813"}, "geometry": {"type": "Point", "coordinates": [55.357641, 25.044916]}}, {"type": "Feature", "properties": {"cell_id": "c_814"}, "geometry": {"type": "Point", "coordinates": [55.362603, 25.044916]}}, {"type": "Feature", "properties": {"cell_id": "c_815"}, "geometry": {"type": "Point", "coordinates": [55.367565, 25.044916]}}, {"type": "Feature", "properties": {"cell_id": "c_816"}, "geometry": {"type": "Point", "coordinates": [55.372527, 25.044916]}}, {"type": "Feature", "properties": {"cell_id": "c_817"}, "geometry": {"type": "Point", "coordinates": [55.377489, 25.044916]}}, {"type": "Feature", "properties": {"cell_id": "c_818"}, "geometry": {"type": "Point", "coordinates": [55.382451, 25.044916]}}, {"type": "Feature", "properties": {"cell_id": "c_819"}, "geometry": {"type": "Point", "coordinates": [55.387413, 25.044916]}}, {"type": "Feature", "properties": {"cell_id": "c_820"}, "geometry": {"type": "Point", "coordinates": [55.392375, 25.044916]}}, {"type": "Feature", "properties": {"cell_id": "c_821"}, "geometry": {"type": "Point", "coordinates": [55.397337, 25.044916]}}, {"type": "Feature", "properties": {"cell_id": "c_822"}, "geometry": {"type": "Point", "coordinates": [55.402299, 25.044916]}}, {"type": "Feature", "properties": {"cell_id": "c_823"}, "geometry": {"type": "Point", "coordinates": [55.407261, 25.044916]}}, {"type": "Feature", "properties": {"cell_id": "c_824"}, "geometry": {"type": "Point", "coordinates": [55.412223, 25.044916]}}, {"type": "Feature", "properties": {"cell_id": "c_825"}, "geometry": {"type": "Point", "coordinates": [55.417185, 25.044916]}}, {"type": "Feature", "properties": {"cell_id": "c_826"}, "geometry": {"type": "Point", "coordinates": [55.422147, 25.044916]}}, {"type": "Feature", "properties": {"cell_id": "c_827"}, "geometry": {"type": "Point", "coordinates": [55.427109, 25.044916]}}, {"type": "Feature", "properties": {"cell_id": "c_828"}, "geometry": {"type": "Point", "coordinates": [55.432071, 25.044916]}}, {"type": "Feature", "properties": {"cell_id": "c_829"}, "geometry": {"type": "Point", "coordinates": [55.437033, 25.044916]}}, {"type": "Feature", "properties": {"cell_id": "c_830"}, "geometry": {"type": "Point", "coordinates": [55.441995, 25.044916]}}, {"type": "Feature", "properties": {"cell_id": "c_831"}, "geometry": {"type": "Point", "coordinates": [55.446957, 25.044916]}}, {"type": "Feature", "properties": {"cell_id": "c_832"}, "geometry": {"type": "Point", "coordinates": [55.104582, 25.049407]}}, {"type": "Feature", "properties": {"cell_id": "c_833"}, "geometry": {"type": "Point", "coordinates": [55.109543, 25.049407]}}, {"type": "Feature", "properties": {"cell_id": "c_834"}, "geometry": {"type": "Point", "coordinates": [55.114505, 25.049407]}}, {"type": "Feature", "properties": {"cell_id": "c_835"}, "geometry": {"type": "Point", "coordinates": [55.119467, 25.049407]}}, {"type": "Feature", "properties": {"cell_id": "c_836"}, "geometry": {"type": "Point", "coordinates": [55.124429, 25.049407]}}, {"type": "Feature", "properties": {"cell_id": "c_837"}, "geometry": {"type": "Point", "coordinates": [55.129391, 25.049407]}}, {"type": "Feature", "properties": {"cell_id": "c_838"}, "geometry": {"type": "Point", "coordinates": [55.134353, 25.049407]}}, {"type": "Feature", "properties": {"cell_id": "c_839"}, "geometry": {"type": "Point", "coordinates": [55.139315, 25.049407]}}, {"type": "Feature", "properties": {"cell_id": "c_840"}, "geometry": {"type": "Point", "coordinates": [55.144277, 25.049407]}}, {"type": "Feature", "properties": {"cell_id": "c_841"}, "geometry": {"type": "Point", "coordinates": [55.149239, 25.049407]}}, {"type": "Feature", "properties": {"cell_id": "c_842"}, "geometry": {"type": "Point", "coordinates": [55.154201, 25.049407]}}, {"type": "Feature", "properties": {"cell_id": "c_843"}, "geometry": {"type": "Point", "coordinates": [55.159163, 25.049407]}}, {"type": "Feature", "properties": {"cell_id": "c_844"}, "geometry": {"type": "Point", "coordinates": [55.164125, 25.049407]}}, {"type": "Feature", "properties": {"cell_id": "c_845"}, "geometry": {"type": "Point", "coordinates": [55.169087, 25.049407]}}, {"type": "Feature", "properties": {"cell_id": "c_846"}, "geometry": {"type": "Point", "coordinates": [55.174049, 25.049407]}}, {"type": "Feature", "properties": {"cell_id": "c_847"}, "geometry": {"type": "Point", "coordinates": [55.179011, 25.049407]}}, {"type": "Feature", "properties": {"cell_id": "c_848"}, "geometry": {"type": "Point", "coordinates": [55.183973, 25.049407]}}, {"type": "Feature", "properties": {"cell_id": "c_849"}, "geometry": {"type": "Point", "coordinates": [55.188935, 25.049407]}}, {"type": "Feature", "properties": {"cell_id": "c_850"}, "geometry": {"type": "Point", "coordinates": [55.193897, 25.049407]}}, {"type": "Feature", "properties": {"cell_id": "c_851"}, "geometry": {"type": "Point", "coordinates": [55.198859, 25.049407]}}, {"type": "Feature", "properties": {"cell_id": "c_852"}, "geometry": {"type": "Point", "coordinates": [55.203821, 25.049407]}}, {"type": "Feature", "properties": {"cell_id": "c_853"}, "geometry": {"type": "Point", "coordinates": [55.208783, 25.049407]}}, {"type": "Feature", "properties": {"cell_id": "c_854"}, "geometry": {"type": "Point", "coordinates": [55.213745, 25.049407]}}, {"type": "Feature", "properties": {"cell_id": "c_855"}, "geometry": {"type": "Point", "coordinates": [55.218707, 25.049407]}}, {"type": "Feature", "properties": {"cell_id": "c_856"}, "geometry": {"type": "Point", "coordinates": [55.223669, 25.049407]}}, {"type": "Feature", "properties": {"cell_id": "c_857"}, "geometry": {"type": "Point", "coordinates": [55.22863, 25.049407]}}, {"type": "Feature", "properties": {"cell_id": "c_858"}, "geometry": {"type": "Point", "coordinates": [55.233592, 25.049407]}}, {"type": "Feature", "properties": {"cell_id": "c_859"}, "geometry": {"type": "Point", "coordinates": [55.238554, 25.049407]}}, {"type": "Feature", "properties": {"cell_id": "c_860"}, "geometry": {"type": "Point", "coordinates": [55.243516, 25.049407]}}, {"type": "Feature", "properties": {"cell_id": "c_861"}, "geometry": {"type": "Point", "coordinates": [55.248478, 25.049407]}}, {"type": "Feature", "properties": {"cell_id": "c_862"}, "geometry": {"type": "Point", "coordinates": [55.25344, 25.049407]}}, {"type": "Feature", "properties": {"cell_id": "c_863"}, "geometry": {"type": "Point", "coordinates": [55.258402, 25.049407]}}, {"type": "Feature", "properties": {"cell_id": "c_864"}, "geometry": {"type": "Point", "coordinates": [55.263364, 25.049407]}}, {"type": "Feature", "properties": {"cell_id": "c_865"}, "geometry": {"type": "Point", "coordinates": [55.268326, 25.049407]}}, {"type": "Feature", "properties": {"cell_id": "c_866"}, "geometry": {"type": "Point", "coordinates": [55.273288, 25.049407]}}, {"type": "Feature", "properties": {"cell_id": "c_867"}, "geometry": {"type": "Point", "coordinates": [55.27825, 25.049407]}}, {"type": "Feature", "properties": {"cell_id": "c_868"}, "geometry": {"type": "Point", "coordinates": [55.283212, 25.049407]}}, {"type": "Feature", "properties": {"cell_id": "c_869"}, "geometry": {"type": "Point", "coordinates": [55.288174, 25.049407]}}, {"type": "Feature", "properties": {"cell_id": "c_870"}, "geometry": {"type": "Point", "coordinates": [55.293136, 25.049407]}}, {"type": "Feature", "properties": {"cell_id": "c_871"}, "geometry": {"type": "Point", "coordinates": [55.298098, 25.049407]}}, {"type": "Feature", "properties": {"cell_id": "c_872"}, "geometry": {"type": "Point", "coordinates": [55.30306, 25.049407]}}, {"type": "Feature", "properties": {"cell_id": "c_873"}, "geometry": {"type": "Point", "coordinates": [55.308022, 25.049407]}}, {"type": "Feature", "properties": {"cell_id": "c_874"}, "geometry": {"type": "Point", "coordinates": [55.312984, 25.049407]}}, {"type": "Feature", "properties": {"cell_id": "c_875"}, "geometry": {"type": "Point", "coordinates": [55.317946, 25.049407]}}, {"type": "Feature", "properties": {"cell_id": "c_876"}, "geometry": {"type": "Point", "coordinates": [55.322908, 25.049407]}}, {"type": "Feature", "properties": {"cell_id": "c_877"}, "geometry": {"type": "Point", "coordinates": [55.32787, 25.049407]}}, {"type": "Feature", "properties": {"cell_id": "c_878"}, "geometry": {"type": "Point", "coordinates": [55.332832, 25.049407]}}, {"type": "Feature", "properties": {"cell_id": "c_879"}, "geometry": {"type": "Point", "coordinates": [55.337794, 25.049407]}}, {"type": "Feature", "properties": {"cell_id": "c_880"}, "geometry": {"type": "Point", "coordinates": [55.342756, 25.049407]}}, {"type": "Feature", "properties": {"cell_id": "c_881"}, "geometry": {"type": "Point", "coordinates": [55.347717, 25.049407]}}, {"type": "Feature", "properties": {"cell_id": "c_882"}, "geometry": {"type": "Point", "coordinates": [55.352679, 25.049407]}}, {"type": "Feature", "properties": {"cell_id": "c_883"}, "geometry": {"type": "Point", "coordinates": [55.357641, 25.049407]}}, {"type": "Feature", "properties": {"cell_id": "c_884"}, "geometry": {"type": "Point", "coordinates": [55.362603, 25.049407]}}, {"type": "Feature", "properties": {"cell_id": "c_885"}, "geometry": {"type": "Point", "coordinates": [55.367565, 25.049407]}}, {"type": "Feature", "properties": {"cell_id": "c_886"}, "geometry": {"type": "Point", "coordinates": [55.372527, 25.049407]}}, {"type": "Feature", "properties": {"cell_id": "c_887"}, "geometry": {"type": "Point", "coordinates": [55.377489, 25.049407]}}, {"type": "Feature", "properties": {"cell_id": "c_888"}, "geometry": {"type": "Point", "coordinates": [55.382451, 25.049407]}}, {"type": "Feature", "properties": {"cell_id": "c_889"}, "geometry": {"type": "Point", "coordinates": [55.387413, 25.049407]}}, {"type": "Feature", "properties": {"cell_id": "c_890"}, "geometry": {"type": "Point", "coordinates": [55.392375, 25.049407]}}, {"type": "Feature", "properties": {"cell_id": "c_891"}, "geometry": {"type": "Point", "coordinates": [55.397337, 25.049407]}}, {"type": "Feature", "properties": {"cell_id": "c_892"}, "geometry": {"type": "Point", "coordinates": [55.402299, 25.049407]}}, {"type": "Feature", "properties": {"cell_id": "c_893"}, "geometry": {"type": "Point", "coordinates": [55.407261, 25.049407]}}, {"type": "Feature", "properties": {"cell_id": "c_894"}, "geometry": {"type": "Point", "coordinates": [55.412223, 25.049407]}}, {"type": "Feature", "properties": {"cell_id": "c_895"}, "geometry": {"type": "Point", "coordinates": [55.417185, 25.049407]}}, {"type": "Feature", "properties": {"cell_id": "c_896"}, "geometry": {"type": "Point", "coordinates": [55.422147, 25.049407]}}, {"type": "Feature", "properties": {"cell_id": "c_897"}, "geometry": {"type": "Point", "coordinates": [55.427109, 25.049407]}}, {"type": "Feature", "properties": {"cell_id": "c_898"}, "geometry": {"type": "Point", "coordinates": [55.432071, 25.049407]}}, {"type": "Feature", "properties": {"cell_id": "c_899"}, "geometry": {"type": "Point", "coordinates": [55.437033, 25.049407]}}, {"type": "Feature", "properties": {"cell_id": "c_900"}, "geometry": {"type": "Point", "coordinates": [55.441995, 25.049407]}}, {"type": "Feature", "properties": {"cell_id": "c_901"}, "geometry": {"type": "Point", "coordinates": [55.446957, 25.049407]}}, {"type": "Feature", "properties": {"cell_id": "c_902"}, "geometry": {"type": "Point", "coordinates": [55.109543, 25.053899]}}, {"type": "Feature", "properties": {"cell_id": "c_903"}, "geometry": {"type": "Point", "coordinates": [55.114505, 25.053899]}}, {"type": "Feature", "properties": {"cell_id": "c_904"}, "geometry": {"type": "Point", "coordinates": [55.119467, 25.053899]}}, {"type": "Feature", "properties": {"cell_id": "c_905"}, "geometry": {"type": "Point", "coordinates": [55.124429, 25.053899]}}, {"type": "Feature", "properties": {"cell_id": "c_906"}, "geometry": {"type": "Point", "coordinates": [55.129391, 25.053899]}}, {"type": "Feature", "properties": {"cell_id": "c_907"}, "geometry": {"type": "Point", "coordinates": [55.134353, 25.053899]}}, {"type": "Feature", "properties": {"cell_id": "c_908"}, "geometry": {"type": "Point", "coordinates": [55.139315, 25.053899]}}, {"type": "Feature", "properties": {"cell_id": "c_909"}, "geometry": {"type": "Point", "coordinates": [55.144277, 25.053899]}}, {"type": "Feature", "properties": {"cell_id": "c_910"}, "geometry": {"type": "Point", "coordinates": [55.149239, 25.053899]}}, {"type": "Feature", "properties": {"cell_id": "c_911"}, "geometry": {"type": "Point", "coordinates": [55.154201, 25.053899]}}, {"type": "Feature", "properties": {"cell_id": "c_912"}, "geometry": {"type": "Point", "coordinates": [55.159163, 25.053899]}}, {"type": "Feature", "properties": {"cell_id": "c_913"}, "geometry": {"type": "Point", "coordinates": [55.164125, 25.053899]}}, {"type": "Feature", "properties": {"cell_id": "c_914"}, "geometry": {"type": "Point", "coordinates": [55.169087, 25.053899]}}, {"type": "Feature", "properties": {"cell_id": "c_915"}, "geometry": {"type": "Point", "coordinates": [55.174049, 25.053899]}}, {"type": "Feature", "properties": {"cell_id": "c_916"}, "geometry": {"type": "Point", "coordinates": [55.179011, 25.053899]}}, {"type": "Feature", "properties": {"cell_id": "c_917"}, "geometry": {"type": "Point", "coordinates": [55.183973, 25.053899]}}, {"type": "Feature", "properties": {"cell_id": "c_918"}, "geometry": {"type": "Point", "coordinates": [55.188935, 25.053899]}}, {"type": "Feature", "properties": {"cell_id": "c_919"}, "geometry": {"type": "Point", "coordinates": [55.193897, 25.053899]}}, {"type": "Feature", "properties": {"cell_id": "c_920"}, "geometry": {"type": "Point", "coordinates": [55.198859, 25.053899]}}, {"type": "Feature", "properties": {"cell_id": "c_921"}, "geometry": {"type": "Point", "coordinates": [55.203821, 25.053899]}}, {"type": "Feature", "properties": {"cell_id": "c_922"}, "geometry": {"type": "Point", "coordinates": [55.208783, 25.053899]}}, {"type": "Feature", "properties": {"cell_id": "c_923"}, "geometry": {"type": "Point", "coordinates": [55.213745, 25.053899]}}, {"type": "Feature", "properties": {"cell_id": "c_924"}, "geometry": {"type": "Point", "coordinates": [55.218707, 25.053899]}}, {"type": "Feature", "properties": {"cell_id": "c_925"}, "geometry": {"type": "Point", "coordinates": [55.223669, 25.053899]}}, {"type": "Feature", "properties": {"cell_id": "c_926"}, "geometry": {"type": "Point", "coordinates": [55.22863, 25.053899]}}, {"type": "Feature", "properties": {"cell_id": "c_927"}, "geometry": {"type": "Point", "coordinates": [55.233592, 25.053899]}}, {"type": "Feature", "properties": {"cell_id": "c_928"}, "geometry": {"type": "Point", "coordinates": [55.238554, 25.053899]}}, {"type": "Feature", "properties": {"cell_id": "c_929"}, "geometry": {"type": "Point", "coordinates": [55.243516, 25.053899]}}, {"type": "Feature", "properties": {"cell_id": "c_930"}, "geometry": {"type": "Point", "coordinates": [55.248478, 25.053899]}}, {"type": "Feature", "properties": {"cell_id": "c_931"}, "geometry": {"type": "Point", "coordinates": [55.25344, 25.053899]}}, {"type": "Feature", "properties": {"cell_id": "c_932"}, "geometry": {"type": "Point", "coordinates": [55.258402, 25.053899]}}, {"type": "Feature", "properties": {"cell_id": "c_933"}, "geometry": {"type": "Point", "coordinates": [55.263364, 25.053899]}}, {"type": "Feature", "properties": {"cell_id": "c_934"}, "geometry": {"type": "Point", "coordinates": [55.268326, 25.053899]}}, {"type": "Feature", "properties": {"cell_id": "c_935"}, "geometry": {"type": "Point", "coordinates": [55.273288, 25.053899]}}, {"type": "Feature", "properties": {"cell_id": "c_936"}, "geometry": {"type": "Point", "coordinates": [55.27825, 25.053899]}}, {"type": "Feature", "properties": {"cell_id": "c_937"}, "geometry": {"type": "Point", "coordinates": [55.283212, 25.053899]}}, {"type": "Feature", "properties": {"cell_id": "c_938"}, "geometry": {"type": "Point", "coordinates": [55.288174, 25.053899]}}, {"type": "Feature", "properties": {"cell_id": "c_939"}, "geometry": {"type": "Point", "coordinates": [55.293136, 25.053899]}}, {"type": "Feature", "properties": {"cell_id": "c_940"}, "geometry": {"type": "Point", "coordinates": [55.298098, 25.053899]}}, {"type": "Feature", "properties": {"cell_id": "c_941"}, "geometry": {"type": "Point", "coordinates": [55.30306, 25.053899]}}, {"type": "Feature", "properties": {"cell_id": "c_942"}, "geometry": {"type": "Point", "coordinates": [55.308022, 25.053899]}}, {"type": "Feature", "properties": {"cell_id": "c_943"}, "geometry": {"type": "Point", "coordinates": [55.312984, 25.053899]}}, {"type": "Feature", "properties": {"cell_id": "c_944"}, "geometry": {"type": "Point", "coordinates": [55.317946, 25.053899]}}, {"type": "Feature", "properties": {"cell_id": "c_945"}, "geometry": {"type": "Point", "coordinates": [55.322908, 25.053899]}}, {"type": "Feature", "properties": {"cell_id": "c_946"}, "geometry": {"type": "Point", "coordinates": [55.32787, 25.053899]}}, {"type": "Feature", "properties": {"cell_id": "c_947"}, "geometry": {"type": "Point", "coordinates": [55.332832, 25.053899]}}, {"type": "Feature", "properties": {"cell_id": "c_948"}, "geometry": {"type": "Point", "coordinates": [55.337794, 25.053899]}}, {"type": "Feature", "properties": {"cell_id": "c_949"}, "geometry": {"type": "Point", "coordinates": [55.342756, 25.053899]}}, {"type": "Feature", "properties": {"cell_id": "c_950"}, "geometry": {"type": "Point", "coordinates": [55.347717, 25.053899]}}, {"type": "Feature", "properties": {"cell_id": "c_951"}, "geometry": {"type": "Point", "coordinates": [55.352679, 25.053899]}}, {"type": "Feature", "properties": {"cell_id": "c_952"}, "geometry": {"type": "Point", "coordinates": [55.357641, 25.053899]}}, {"type": "Feature", "properties": {"cell_id": "c_953"}, "geometry": {"type": "Point", "coordinates": [55.362603, 25.053899]}}, {"type": "Feature", "properties": {"cell_id": "c_954"}, "geometry": {"type": "Point", "coordinates": [55.367565, 25.053899]}}, {"type": "Feature", "properties": {"cell_id": "c_955"}, "geometry": {"type": "Point", "coordinates": [55.372527, 25.053899]}}, {"type": "Feature", "properties": {"cell_id": "c_956"}, "geometry": {"type": "Point", "coordinates": [55.377489, 25.053899]}}, {"type": "Feature", "properties": {"cell_id": "c_957"}, "geometry": {"type": "Point", "coordinates": [55.382451, 25.053899]}}, {"type": "Feature", "properties": {"cell_id": "c_958"}, "geometry": {"type": "Point", "coordinates": [55.387413, 25.053899]}}, {"type": "Feature", "properties": {"cell_id": "c_959"}, "geometry": {"type": "Point", "coordinates": [55.392375, 25.053899]}}, {"type": "Feature", "properties": {"cell_id": "c_960"}, "geometry": {"type": "Point", "coordinates": [55.397337, 25.053899]}}, {"type": "Feature", "properties": {"cell_id": "c_961"}, "geometry": {"type": "Point", "coordinates": [55.402299, 25.053899]}}, {"type": "Feature", "properties": {"cell_id": "c_962"}, "geometry": {"type": "Point", "coordinates": [55.407261, 25.053899]}}, {"type": "Feature", "properties": {"cell_id": "c_963"}, "geometry": {"type": "Point", "coordinates": [55.412223, 25.053899]}}, {"type": "Feature", "properties": {"cell_id": "c_964"}, "geometry": {"type": "Point", "coordinates": [55.417185, 25.053899]}}, {"type": "Feature", "properties": {"cell_id": "c_965"}, "geometry": {"type": "Point", "coordinates": [55.422147, 25.053899]}}, {"type": "Feature", "properties": {"cell_id": "c_966"}, "geometry": {"type": "Point", "coordinates": [55.427109, 25.053899]}}, {"type": "Feature", "properties": {"cell_id": "c_967"}, "geometry": {"type": "Point", "coordinates": [55.432071, 25.053899]}}, {"type": "Feature", "properties": {"cell_id": "c_968"}, "geometry": {"type": "Point", "coordinates": [55.437033, 25.053899]}}, {"type": "Feature", "properties": {"cell_id": "c_969"}, "geometry": {"type": "Point", "coordinates": [55.441995, 25.053899]}}, {"type": "Feature", "properties": {"cell_id": "c_970"}, "geometry": {"type": "Point", "coordinates": [55.446957, 25.053899]}}, {"type": "Feature", "properties": {"cell_id": "c_971"}, "geometry": {"type": "Point", "coordinates": [55.119467, 25.05839]}}, {"type": "Feature", "properties": {"cell_id": "c_972"}, "geometry": {"type": "Point", "coordinates": [55.124429, 25.05839]}}, {"type": "Feature", "properties": {"cell_id": "c_973"}, "geometry": {"type": "Point", "coordinates": [55.129391, 25.05839]}}, {"type": "Feature", "properties": {"cell_id": "c_974"}, "geometry": {"type": "Point", "coordinates": [55.134353, 25.05839]}}, {"type": "Feature", "properties": {"cell_id": "c_975"}, "geometry": {"type": "Point", "coordinates": [55.139315, 25.05839]}}, {"type": "Feature", "properties": {"cell_id": "c_976"}, "geometry": {"type": "Point", "coordinates": [55.144277, 25.05839]}}, {"type": "Feature", "properties": {"cell_id": "c_977"}, "geometry": {"type": "Point", "coordinates": [55.149239, 25.05839]}}, {"type": "Feature", "properties": {"cell_id": "c_978"}, "geometry": {"type": "Point", "coordinates": [55.154201, 25.05839]}}, {"type": "Feature", "properties": {"cell_id": "c_979"}, "geometry": {"type": "Point", "coordinates": [55.159163, 25.05839]}}, {"type": "Feature", "properties": {"cell_id": "c_980"}, "geometry": {"type": "Point", "coordinates": [55.164125, 25.05839]}}, {"type": "Feature", "properties": {"cell_id": "c_981"}, "geometry": {"type": "Point", "coordinates": [55.169087, 25.05839]}}, {"type": "Feature", "properties": {"cell_id": "c_982"}, "geometry": {"type": "Point", "coordinates": [55.174049, 25.05839]}}, {"type": "Feature", "properties": {"cell_id": "c_983"}, "geometry": {"type": "Point", "coordinates": [55.179011, 25.05839]}}, {"type": "Feature", "properties": {"cell_id": "c_984"}, "geometry": {"type": "Point", "coordinates": [55.183973, 25.05839]}}, {"type": "Feature", "properties": {"cell_id": "c_985"}, "geometry": {"type": "Point", "coordinates": [55.188935, 25.05839]}}, {"type": "Feature", "properties": {"cell_id": "c_986"}, "geometry": {"type": "Point", "coordinates": [55.193897, 25.05839]}}, {"type": "Feature", "properties": {"cell_id": "c_987"}, "geometry": {"type": "Point", "coordinates": [55.198859, 25.05839]}}, {"type": "Feature", "properties": {"cell_id": "c_988"}, "geometry": {"type": "Point", "coordinates": [55.203821, 25.05839]}}, {"type": "Feature", "properties": {"cell_id": "c_989"}, "geometry": {"type": "Point", "coordinates": [55.208783, 25.05839]}}, {"type": "Feature", "properties": {"cell_id": "c_990"}, "geometry": {"type": "Point", "coordinates": [55.213745, 25.05839]}}, {"type": "Feature", "properties": {"cell_id": "c_991"}, "geometry": {"type": "Point", "coordinates": [55.218707, 25.05839]}}, {"type": "Feature", "properties": {"cell_id": "c_992"}, "geometry": {"type": "Point", "coordinates": [55.223669, 25.05839]}}, {"type": "Feature", "properties": {"cell_id": "c_993"}, "geometry": {"type": "Point", "coordinates": [55.22863, 25.05839]}}, {"type": "Feature", "properties": {"cell_id": "c_994"}, "geometry": {"type": "Point", "coordinates": [55.233592, 25.05839]}}, {"type": "Feature", "properties": {"cell_id": "c_995"}, "geometry": {"type": "Point", "coordinates": [55.238554, 25.05839]}}, {"type": "Feature", "properties": {"cell_id": "c_996"}, "geometry": {"type": "Point", "coordinates": [55.243516, 25.05839]}}, {"type": "Feature", "properties": {"cell_id": "c_997"}, "geometry": {"type": "Point", "coordinates": [55.248478, 25.05839]}}, {"type": "Feature", "properties": {"cell_id": "c_998"}, "geometry": {"type": "Point", "coordinates": [55.25344, 25.05839]}}, {"type": "Feature", "properties": {"cell_id": "c_999"}, "geometry": {"type": "Point", "coordinates": [55.258402, 25.05839]}}, {"type": "Feature", "properties": {"cell_id": "c_1000"}, "geometry": {"type": "Point", "coordinates": [55.263364, 25.05839]}}, {"type": "Feature", "properties": {"cell_id": "c_1001"}, "geometry": {"type": "Point", "coordinates": [55.268326, 25.05839]}}, {"type": "Feature", "properties": {"cell_id": "c_1002"}, "geometry": {"type": "Point", "coordinates": [55.273288, 25.05839]}}, {"type": "Feature", "properties": {"cell_id": "c_1003"}, "geometry": {"type": "Point", "coordinates": [55.27825, 25.05839]}}, {"type": "Feature", "properties": {"cell_id": "c_1004"}, "geometry": {"type": "Point", "coordinates": [55.283212, 25.05839]}}, {"type": "Feature", "properties": {"cell_id": "c_1005"}, "geometry": {"type": "Point", "coordinates": [55.288174, 25.05839]}}, {"type": "Feature", "properties": {"cell_id": "c_1006"}, "geometry": {"type": "Point", "coordinates": [55.293136, 25.05839]}}, {"type": "Feature", "properties": {"cell_id": "c_1007"}, "geometry": {"type": "Point", "coordinates": [55.298098, 25.05839]}}, {"type": "Feature", "properties": {"cell_id": "c_1008"}, "geometry": {"type": "Point", "coordinates": [55.30306, 25.05839]}}, {"type": "Feature", "properties": {"cell_id": "c_1009"}, "geometry": {"type": "Point", "coordinates": [55.308022, 25.05839]}}, {"type": "Feature", "properties": {"cell_id": "c_1010"}, "geometry": {"type": "Point", "coordinates": [55.312984, 25.05839]}}, {"type": "Feature", "properties": {"cell_id": "c_1011"}, "geometry": {"type": "Point", "coordinates": [55.317946, 25.05839]}}, {"type": "Feature", "properties": {"cell_id": "c_1012"}, "geometry": {"type": "Point", "coordinates": [55.322908, 25.05839]}}, {"type": "Feature", "properties": {"cell_id": "c_1013"}, "geometry": {"type": "Point", "coordinates": [55.32787, 25.05839]}}, {"type": "Feature", "properties": {"cell_id": "c_1014"}, "geometry": {"type": "Point", "coordinates": [55.332832, 25.05839]}}, {"type": "Feature", "properties": {"cell_id": "c_1015"}, "geometry": {"type": "Point", "coordinates": [55.337794, 25.05839]}}, {"type": "Feature", "properties": {"cell_id": "c_1016"}, "geometry": {"type": "Point", "coordinates": [55.342756, 25.05839]}}, {"type": "Feature", "properties": {"cell_id": "c_1017"}, "geometry": {"type": "Point", "coordinates": [55.347717, 25.05839]}}, {"type": "Feature", "properties": {"cell_id": "c_1018"}, "geometry": {"type": "Point", "coordinates": [55.352679, 25.05839]}}, {"type": "Feature", "properties": {"cell_id": "c_1019"}, "geometry": {"type": "Point", "coordinates": [55.357641, 25.05839]}}, {"type": "Feature", "properties": {"cell_id": "c_1020"}, "geometry": {"type": "Point", "coordinates": [55.362603, 25.05839]}}, {"type": "Feature", "properties": {"cell_id": "c_1021"}, "geometry": {"type": "Point", "coordinates": [55.367565, 25.05839]}}, {"type": "Feature", "properties": {"cell_id": "c_1022"}, "geometry": {"type": "Point", "coordinates": [55.372527, 25.05839]}}, {"type": "Feature", "properties": {"cell_id": "c_1023"}, "geometry": {"type": "Point", "coordinates": [55.377489, 25.05839]}}, {"type": "Feature", "properties": {"cell_id": "c_1024"}, "geometry": {"type": "Point", "coordinates": [55.382451, 25.05839]}}, {"type": "Feature", "properties": {"cell_id": "c_1025"}, "geometry": {"type": "Point", "coordinates": [55.387413, 25.05839]}}, {"type": "Feature", "properties": {"cell_id": "c_1026"}, "geometry": {"type": "Point", "coordinates": [55.392375, 25.05839]}}, {"type": "Feature", "properties": {"cell_id": "c_1027"}, "geometry": {"type": "Point", "coordinates": [55.397337, 25.05839]}}, {"type": "Feature", "properties": {"cell_id": "c_1028"}, "geometry": {"type": "Point", "coordinates": [55.402299, 25.05839]}}, {"type": "Feature", "properties": {"cell_id": "c_1029"}, "geometry": {"type": "Point", "coordinates": [55.407261, 25.05839]}}, {"type": "Feature", "properties": {"cell_id": "c_1030"}, "geometry": {"type": "Point", "coordinates": [55.412223, 25.05839]}}, {"type": "Feature", "properties": {"cell_id": "c_1031"}, "geometry": {"type": "Point", "coordinates": [55.417185, 25.05839]}}, {"type": "Feature", "properties": {"cell_id": "c_1032"}, "geometry": {"type": "Point", "coordinates": [55.422147, 25.05839]}}, {"type": "Feature", "properties": {"cell_id": "c_1033"}, "geometry": {"type": "Point", "coordinates": [55.427109, 25.05839]}}, {"type": "Feature", "properties": {"cell_id": "c_1034"}, "geometry": {"type": "Point", "coordinates": [55.432071, 25.05839]}}, {"type": "Feature", "properties": {"cell_id": "c_1035"}, "geometry": {"type": "Point", "coordinates": [55.437033, 25.05839]}}, {"type": "Feature", "properties": {"cell_id": "c_1036"}, "geometry": {"type": "Point", "coordinates": [55.441995, 25.05839]}}, {"type": "Feature", "properties": {"cell_id": "c_1037"}, "geometry": {"type": "Point", "coordinates": [55.446957, 25.05839]}}, {"type": "Feature", "properties": {"cell_id": "c_1038"}, "geometry": {"type": "Point", "coordinates": [55.119467, 25.062882]}}, {"type": "Feature", "properties": {"cell_id": "c_1039"}, "geometry": {"type": "Point", "coordinates": [55.124429, 25.062882]}}, {"type": "Feature", "properties": {"cell_id": "c_1040"}, "geometry": {"type": "Point", "coordinates": [55.129391, 25.062882]}}, {"type": "Feature", "properties": {"cell_id": "c_1041"}, "geometry": {"type": "Point", "coordinates": [55.134353, 25.062882]}}, {"type": "Feature", "properties": {"cell_id": "c_1042"}, "geometry": {"type": "Point", "coordinates": [55.139315, 25.062882]}}, {"type": "Feature", "properties": {"cell_id": "c_1043"}, "geometry": {"type": "Point", "coordinates": [55.144277, 25.062882]}}, {"type": "Feature", "properties": {"cell_id": "c_1044"}, "geometry": {"type": "Point", "coordinates": [55.149239, 25.062882]}}, {"type": "Feature", "properties": {"cell_id": "c_1045"}, "geometry": {"type": "Point", "coordinates": [55.154201, 25.062882]}}, {"type": "Feature", "properties": {"cell_id": "c_1046"}, "geometry": {"type": "Point", "coordinates": [55.159163, 25.062882]}}, {"type": "Feature", "properties": {"cell_id": "c_1047"}, "geometry": {"type": "Point", "coordinates": [55.164125, 25.062882]}}, {"type": "Feature", "properties": {"cell_id": "c_1048"}, "geometry": {"type": "Point", "coordinates": [55.169087, 25.062882]}}, {"type": "Feature", "properties": {"cell_id": "c_1049"}, "geometry": {"type": "Point", "coordinates": [55.174049, 25.062882]}}, {"type": "Feature", "properties": {"cell_id": "c_1050"}, "geometry": {"type": "Point", "coordinates": [55.179011, 25.062882]}}, {"type": "Feature", "properties": {"cell_id": "c_1051"}, "geometry": {"type": "Point", "coordinates": [55.183973, 25.062882]}}, {"type": "Feature", "properties": {"cell_id": "c_1052"}, "geometry": {"type": "Point", "coordinates": [55.188935, 25.062882]}}, {"type": "Feature", "properties": {"cell_id": "c_1053"}, "geometry": {"type": "Point", "coordinates": [55.193897, 25.062882]}}, {"type": "Feature", "properties": {"cell_id": "c_1054"}, "geometry": {"type": "Point", "coordinates": [55.198859, 25.062882]}}, {"type": "Feature", "properties": {"cell_id": "c_1055"}, "geometry": {"type": "Point", "coordinates": [55.203821, 25.062882]}}, {"type": "Feature", "properties": {"cell_id": "c_1056"}, "geometry": {"type": "Point", "coordinates": [55.208783, 25.062882]}}, {"type": "Feature", "properties": {"cell_id": "c_1057"}, "geometry": {"type": "Point", "coordinates": [55.213745, 25.062882]}}, {"type": "Feature", "properties": {"cell_id": "c_1058"}, "geometry": {"type": "Point", "coordinates": [55.218707, 25.062882]}}, {"type": "Feature", "properties": {"cell_id": "c_1059"}, "geometry": {"type": "Point", "coordinates": [55.223669, 25.062882]}}, {"type": "Feature", "properties": {"cell_id": "c_1060"}, "geometry": {"type": "Point", "coordinates": [55.22863, 25.062882]}}, {"type": "Feature", "properties": {"cell_id": "c_1061"}, "geometry": {"type": "Point", "coordinates": [55.233592, 25.062882]}}, {"type": "Feature", "properties": {"cell_id": "c_1062"}, "geometry": {"type": "Point", "coordinates": [55.238554, 25.062882]}}, {"type": "Feature", "properties": {"cell_id": "c_1063"}, "geometry": {"type": "Point", "coordinates": [55.243516, 25.062882]}}, {"type": "Feature", "properties": {"cell_id": "c_1064"}, "geometry": {"type": "Point", "coordinates": [55.248478, 25.062882]}}, {"type": "Feature", "properties": {"cell_id": "c_1065"}, "geometry": {"type": "Point", "coordinates": [55.25344, 25.062882]}}, {"type": "Feature", "properties": {"cell_id": "c_1066"}, "geometry": {"type": "Point", "coordinates": [55.258402, 25.062882]}}, {"type": "Feature", "properties": {"cell_id": "c_1067"}, "geometry": {"type": "Point", "coordinates": [55.263364, 25.062882]}}, {"type": "Feature", "properties": {"cell_id": "c_1068"}, "geometry": {"type": "Point", "coordinates": [55.268326, 25.062882]}}, {"type": "Feature", "properties": {"cell_id": "c_1069"}, "geometry": {"type": "Point", "coordinates": [55.273288, 25.062882]}}, {"type": "Feature", "properties": {"cell_id": "c_1070"}, "geometry": {"type": "Point", "coordinates": [55.27825, 25.062882]}}, {"type": "Feature", "properties": {"cell_id": "c_1071"}, "geometry": {"type": "Point", "coordinates": [55.283212, 25.062882]}}, {"type": "Feature", "properties": {"cell_id": "c_1072"}, "geometry": {"type": "Point", "coordinates": [55.288174, 25.062882]}}, {"type": "Feature", "properties": {"cell_id": "c_1073"}, "geometry": {"type": "Point", "coordinates": [55.293136, 25.062882]}}, {"type": "Feature", "properties": {"cell_id": "c_1074"}, "geometry": {"type": "Point", "coordinates": [55.298098, 25.062882]}}, {"type": "Feature", "properties": {"cell_id": "c_1075"}, "geometry": {"type": "Point", "coordinates": [55.30306, 25.062882]}}, {"type": "Feature", "properties": {"cell_id": "c_1076"}, "geometry": {"type": "Point", "coordinates": [55.308022, 25.062882]}}, {"type": "Feature", "properties": {"cell_id": "c_1077"}, "geometry": {"type": "Point", "coordinates": [55.312984, 25.062882]}}, {"type": "Feature", "properties": {"cell_id": "c_1078"}, "geometry": {"type": "Point", "coordinates": [55.317946, 25.062882]}}, {"type": "Feature", "properties": {"cell_id": "c_1079"}, "geometry": {"type": "Point", "coordinates": [55.322908, 25.062882]}}, {"type": "Feature", "properties": {"cell_id": "c_1080"}, "geometry": {"type": "Point", "coordinates": [55.32787, 25.062882]}}, {"type": "Feature", "properties": {"cell_id": "c_1081"}, "geometry": {"type": "Point", "coordinates": [55.332832, 25.062882]}}, {"type": "Feature", "properties": {"cell_id": "c_1082"}, "geometry": {"type": "Point", "coordinates": [55.337794, 25.062882]}}, {"type": "Feature", "properties": {"cell_id": "c_1083"}, "geometry": {"type": "Point", "coordinates": [55.342756, 25.062882]}}, {"type": "Feature", "properties": {"cell_id": "c_1084"}, "geometry": {"type": "Point", "coordinates": [55.347717, 25.062882]}}, {"type": "Feature", "properties": {"cell_id": "c_1085"}, "geometry": {"type": "Point", "coordinates": [55.352679, 25.062882]}}, {"type": "Feature", "properties": {"cell_id": "c_1086"}, "geometry": {"type": "Point", "coordinates": [55.357641, 25.062882]}}, {"type": "Feature", "properties": {"cell_id": "c_1087"}, "geometry": {"type": "Point", "coordinates": [55.362603, 25.062882]}}, {"type": "Feature", "properties": {"cell_id": "c_1088"}, "geometry": {"type": "Point", "coordinates": [55.367565, 25.062882]}}, {"type": "Feature", "properties": {"cell_id": "c_1089"}, "geometry": {"type": "Point", "coordinates": [55.372527, 25.062882]}}, {"type": "Feature", "properties": {"cell_id": "c_1090"}, "geometry": {"type": "Point", "coordinates": [55.377489, 25.062882]}}, {"type": "Feature", "properties": {"cell_id": "c_1091"}, "geometry": {"type": "Point", "coordinates": [55.382451, 25.062882]}}, {"type": "Feature", "properties": {"cell_id": "c_1092"}, "geometry": {"type": "Point", "coordinates": [55.387413, 25.062882]}}, {"type": "Feature", "properties": {"cell_id": "c_1093"}, "geometry": {"type": "Point", "coordinates": [55.392375, 25.062882]}}, {"type": "Feature", "properties": {"cell_id": "c_1094"}, "geometry": {"type": "Point", "coordinates": [55.397337, 25.062882]}}, {"type": "Feature", "properties": {"cell_id": "c_1095"}, "geometry": {"type": "Point", "coordinates": [55.402299, 25.062882]}}, {"type": "Feature", "properties": {"cell_id": "c_1096"}, "geometry": {"type": "Point", "coordinates": [55.407261, 25.062882]}}, {"type": "Feature", "properties": {"cell_id": "c_1097"}, "geometry": {"type": "Point", "coordinates": [55.412223, 25.062882]}}, {"type": "Feature", "properties": {"cell_id": "c_1098"}, "geometry": {"type": "Point", "coordinates": [55.417185, 25.062882]}}, {"type": "Feature", "properties": {"cell_id": "c_1099"}, "geometry": {"type": "Point", "coordinates": [55.422147, 25.062882]}}, {"type": "Feature", "properties": {"cell_id": "c_1100"}, "geometry": {"type": "Point", "coordinates": [55.427109, 25.062882]}}, {"type": "Feature", "properties": {"cell_id": "c_1101"}, "geometry": {"type": "Point", "coordinates": [55.432071, 25.062882]}}, {"type": "Feature", "properties": {"cell_id": "c_1102"}, "geometry": {"type": "Point", "coordinates": [55.437033, 25.062882]}}, {"type": "Feature", "properties": {"cell_id": "c_1103"}, "geometry": {"type": "Point", "coordinates": [55.441995, 25.062882]}}, {"type": "Feature", "properties": {"cell_id": "c_1104"}, "geometry": {"type": "Point", "coordinates": [55.446957, 25.062882]}}, {"type": "Feature", "properties": {"cell_id": "c_1105"}, "geometry": {"type": "Point", "coordinates": [55.129391, 25.067373]}}, {"type": "Feature", "properties": {"cell_id": "c_1106"}, "geometry": {"type": "Point", "coordinates": [55.134353, 25.067373]}}, {"type": "Feature", "properties": {"cell_id": "c_1107"}, "geometry": {"type": "Point", "coordinates": [55.139315, 25.067373]}}, {"type": "Feature", "properties": {"cell_id": "c_1108"}, "geometry": {"type": "Point", "coordinates": [55.144277, 25.067373]}}, {"type": "Feature", "properties": {"cell_id": "c_1109"}, "geometry": {"type": "Point", "coordinates": [55.149239, 25.067373]}}, {"type": "Feature", "properties": {"cell_id": "c_1110"}, "geometry": {"type": "Point", "coordinates": [55.154201, 25.067373]}}, {"type": "Feature", "properties": {"cell_id": "c_1111"}, "geometry": {"type": "Point", "coordinates": [55.159163, 25.067373]}}, {"type": "Feature", "properties": {"cell_id": "c_1112"}, "geometry": {"type": "Point", "coordinates": [55.164125, 25.067373]}}, {"type": "Feature", "properties": {"cell_id": "c_1113"}, "geometry": {"type": "Point", "coordinates": [55.169087, 25.067373]}}, {"type": "Feature", "properties": {"cell_id": "c_1114"}, "geometry": {"type": "Point", "coordinates": [55.174049, 25.067373]}}, {"type": "Feature", "properties": {"cell_id": "c_1115"}, "geometry": {"type": "Point", "coordinates": [55.179011, 25.067373]}}, {"type": "Feature", "properties": {"cell_id": "c_1116"}, "geometry": {"type": "Point", "coordinates": [55.183973, 25.067373]}}, {"type": "Feature", "properties": {"cell_id": "c_1117"}, "geometry": {"type": "Point", "coordinates": [55.188935, 25.067373]}}, {"type": "Feature", "properties": {"cell_id": "c_1118"}, "geometry": {"type": "Point", "coordinates": [55.193897, 25.067373]}}, {"type": "Feature", "properties": {"cell_id": "c_1119"}, "geometry": {"type": "Point", "coordinates": [55.198859, 25.067373]}}, {"type": "Feature", "properties": {"cell_id": "c_1120"}, "geometry": {"type": "Point", "coordinates": [55.203821, 25.067373]}}, {"type": "Feature", "properties": {"cell_id": "c_1121"}, "geometry": {"type": "Point", "coordinates": [55.208783, 25.067373]}}, {"type": "Feature", "properties": {"cell_id": "c_1122"}, "geometry": {"type": "Point", "coordinates": [55.213745, 25.067373]}}, {"type": "Feature", "properties": {"cell_id": "c_1123"}, "geometry": {"type": "Point", "coordinates": [55.218707, 25.067373]}}, {"type": "Feature", "properties": {"cell_id": "c_1124"}, "geometry": {"type": "Point", "coordinates": [55.223669, 25.067373]}}, {"type": "Feature", "properties": {"cell_id": "c_1125"}, "geometry": {"type": "Point", "coordinates": [55.22863, 25.067373]}}, {"type": "Feature", "properties": {"cell_id": "c_1126"}, "geometry": {"type": "Point", "coordinates": [55.233592, 25.067373]}}, {"type": "Feature", "properties": {"cell_id": "c_1127"}, "geometry": {"type": "Point", "coordinates": [55.238554, 25.067373]}}, {"type": "Feature", "properties": {"cell_id": "c_1128"}, "geometry": {"type": "Point", "coordinates": [55.243516, 25.067373]}}, {"type": "Feature", "properties": {"cell_id": "c_1129"}, "geometry": {"type": "Point", "coordinates": [55.248478, 25.067373]}}, {"type": "Feature", "properties": {"cell_id": "c_1130"}, "geometry": {"type": "Point", "coordinates": [55.25344, 25.067373]}}, {"type": "Feature", "properties": {"cell_id": "c_1131"}, "geometry": {"type": "Point", "coordinates": [55.258402, 25.067373]}}, {"type": "Feature", "properties": {"cell_id": "c_1132"}, "geometry": {"type": "Point", "coordinates": [55.263364, 25.067373]}}, {"type": "Feature", "properties": {"cell_id": "c_1133"}, "geometry": {"type": "Point", "coordinates": [55.268326, 25.067373]}}, {"type": "Feature", "properties": {"cell_id": "c_1134"}, "geometry": {"type": "Point", "coordinates": [55.273288, 25.067373]}}, {"type": "Feature", "properties": {"cell_id": "c_1135"}, "geometry": {"type": "Point", "coordinates": [55.27825, 25.067373]}}, {"type": "Feature", "properties": {"cell_id": "c_1136"}, "geometry": {"type": "Point", "coordinates": [55.283212, 25.067373]}}, {"type": "Feature", "properties": {"cell_id": "c_1137"}, "geometry": {"type": "Point", "coordinates": [55.288174, 25.067373]}}, {"type": "Feature", "properties": {"cell_id": "c_1138"}, "geometry": {"type": "Point", "coordinates": [55.293136, 25.067373]}}, {"type": "Feature", "properties": {"cell_id": "c_1139"}, "geometry": {"type": "Point", "coordinates": [55.298098, 25.067373]}}, {"type": "Feature", "properties": {"cell_id": "c_1140"}, "geometry": {"type": "Point", "coordinates": [55.30306, 25.067373]}}, {"type": "Feature", "properties": {"cell_id": "c_1141"}, "geometry": {"type": "Point", "coordinates": [55.308022, 25.067373]}}, {"type": "Feature", "properties": {"cell_id": "c_1142"}, "geometry": {"type": "Point", "coordinates": [55.312984, 25.067373]}}, {"type": "Feature", "properties": {"cell_id": "c_1143"}, "geometry": {"type": "Point", "coordinates": [55.317946, 25.067373]}}, {"type": "Feature", "properties": {"cell_id": "c_1144"}, "geometry": {"type": "Point", "coordinates": [55.322908, 25.067373]}}, {"type": "Feature", "properties": {"cell_id": "c_1145"}, "geometry": {"type": "Point", "coordinates": [55.32787, 25.067373]}}, {"type": "Feature", "properties": {"cell_id": "c_1146"}, "geometry": {"type": "Point", "coordinates": [55.332832, 25.067373]}}, {"type": "Feature", "properties": {"cell_id": "c_1147"}, "geometry": {"type": "Point", "coordinates": [55.337794, 25.067373]}}, {"type": "Feature", "properties": {"cell_id": "c_1148"}, "geometry": {"type": "Point", "coordinates": [55.342756, 25.067373]}}, {"type": "Feature", "properties": {"cell_id": "c_1149"}, "geometry": {"type": "Point", "coordinates": [55.347717, 25.067373]}}, {"type": "Feature", "properties": {"cell_id": "c_1150"}, "geometry": {"type": "Point", "coordinates": [55.352679, 25.067373]}}, {"type": "Feature", "properties": {"cell_id": "c_1151"}, "geometry": {"type": "Point", "coordinates": [55.357641, 25.067373]}}, {"type": "Feature", "properties": {"cell_id": "c_1152"}, "geometry": {"type": "Point", "coordinates": [55.362603, 25.067373]}}, {"type": "Feature", "properties": {"cell_id": "c_1153"}, "geometry": {"type": "Point", "coordinates": [55.367565, 25.067373]}}, {"type": "Feature", "properties": {"cell_id": "c_1154"}, "geometry": {"type": "Point", "coordinates": [55.372527, 25.067373]}}, {"type": "Feature", "properties": {"cell_id": "c_1155"}, "geometry": {"type": "Point", "coordinates": [55.377489, 25.067373]}}, {"type": "Feature", "properties": {"cell_id": "c_1156"}, "geometry": {"type": "Point", "coordinates": [55.382451, 25.067373]}}, {"type": "Feature", "properties": {"cell_id": "c_1157"}, "geometry": {"type": "Point", "coordinates": [55.387413, 25.067373]}}, {"type": "Feature", "properties": {"cell_id": "c_1158"}, "geometry": {"type": "Point", "coordinates": [55.392375, 25.067373]}}, {"type": "Feature", "properties": {"cell_id": "c_1159"}, "geometry": {"type": "Point", "coordinates": [55.397337, 25.067373]}}, {"type": "Feature", "properties": {"cell_id": "c_1160"}, "geometry": {"type": "Point", "coordinates": [55.402299, 25.067373]}}, {"type": "Feature", "properties": {"cell_id": "c_1161"}, "geometry": {"type": "Point", "coordinates": [55.407261, 25.067373]}}, {"type": "Feature", "properties": {"cell_id": "c_1162"}, "geometry": {"type": "Point", "coordinates": [55.412223, 25.067373]}}, {"type": "Feature", "properties": {"cell_id": "c_1163"}, "geometry": {"type": "Point", "coordinates": [55.417185, 25.067373]}}, {"type": "Feature", "properties": {"cell_id": "c_1164"}, "geometry": {"type": "Point", "coordinates": [55.422147, 25.067373]}}, {"type": "Feature", "properties": {"cell_id": "c_1165"}, "geometry": {"type": "Point", "coordinates": [55.427109, 25.067373]}}, {"type": "Feature", "properties": {"cell_id": "c_1166"}, "geometry": {"type": "Point", "coordinates": [55.432071, 25.067373]}}, {"type": "Feature", "properties": {"cell_id": "c_1167"}, "geometry": {"type": "Point", "coordinates": [55.437033, 25.067373]}}, {"type": "Feature", "properties": {"cell_id": "c_1168"}, "geometry": {"type": "Point", "coordinates": [55.441995, 25.067373]}}, {"type": "Feature", "properties": {"cell_id": "c_1169"}, "geometry": {"type": "Point", "coordinates": [55.446957, 25.067373]}}, {"type": "Feature", "properties": {"cell_id": "c_1170"}, "geometry": {"type": "Point", "coordinates": [55.129391, 25.071865]}}, {"type": "Feature", "properties": {"cell_id": "c_1171"}, "geometry": {"type": "Point", "coordinates": [55.134353, 25.071865]}}, {"type": "Feature", "properties": {"cell_id": "c_1172"}, "geometry": {"type": "Point", "coordinates": [55.139315, 25.071865]}}, {"type": "Feature", "properties": {"cell_id": "c_1173"}, "geometry": {"type": "Point", "coordinates": [55.144277, 25.071865]}}, {"type": "Feature", "properties": {"cell_id": "c_1174"}, "geometry": {"type": "Point", "coordinates": [55.149239, 25.071865]}}, {"type": "Feature", "properties": {"cell_id": "c_1175"}, "geometry": {"type": "Point", "coordinates": [55.154201, 25.071865]}}, {"type": "Feature", "properties": {"cell_id": "c_1176"}, "geometry": {"type": "Point", "coordinates": [55.159163, 25.071865]}}, {"type": "Feature", "properties": {"cell_id": "c_1177"}, "geometry": {"type": "Point", "coordinates": [55.164125, 25.071865]}}, {"type": "Feature", "properties": {"cell_id": "c_1178"}, "geometry": {"type": "Point", "coordinates": [55.169087, 25.071865]}}, {"type": "Feature", "properties": {"cell_id": "c_1179"}, "geometry": {"type": "Point", "coordinates": [55.174049, 25.071865]}}, {"type": "Feature", "properties": {"cell_id": "c_1180"}, "geometry": {"type": "Point", "coordinates": [55.179011, 25.071865]}}, {"type": "Feature", "properties": {"cell_id": "c_1181"}, "geometry": {"type": "Point", "coordinates": [55.183973, 25.071865]}}, {"type": "Feature", "properties": {"cell_id": "c_1182"}, "geometry": {"type": "Point", "coordinates": [55.188935, 25.071865]}}, {"type": "Feature", "properties": {"cell_id": "c_1183"}, "geometry": {"type": "Point", "coordinates": [55.193897, 25.071865]}}, {"type": "Feature", "properties": {"cell_id": "c_1184"}, "geometry": {"type": "Point", "coordinates": [55.198859, 25.071865]}}, {"type": "Feature", "properties": {"cell_id": "c_1185"}, "geometry": {"type": "Point", "coordinates": [55.203821, 25.071865]}}, {"type": "Feature", "properties": {"cell_id": "c_1186"}, "geometry": {"type": "Point", "coordinates": [55.208783, 25.071865]}}, {"type": "Feature", "properties": {"cell_id": "c_1187"}, "geometry": {"type": "Point", "coordinates": [55.213745, 25.071865]}}, {"type": "Feature", "properties": {"cell_id": "c_1188"}, "geometry": {"type": "Point", "coordinates": [55.218707, 25.071865]}}, {"type": "Feature", "properties": {"cell_id": "c_1189"}, "geometry": {"type": "Point", "coordinates": [55.223669, 25.071865]}}, {"type": "Feature", "properties": {"cell_id": "c_1190"}, "geometry": {"type": "Point", "coordinates": [55.22863, 25.071865]}}, {"type": "Feature", "properties": {"cell_id": "c_1191"}, "geometry": {"type": "Point", "coordinates": [55.233592, 25.071865]}}, {"type": "Feature", "properties": {"cell_id": "c_1192"}, "geometry": {"type": "Point", "coordinates": [55.238554, 25.071865]}}, {"type": "Feature", "properties": {"cell_id": "c_1193"}, "geometry": {"type": "Point", "coordinates": [55.243516, 25.071865]}}, {"type": "Feature", "properties": {"cell_id": "c_1194"}, "geometry": {"type": "Point", "coordinates": [55.248478, 25.071865]}}, {"type": "Feature", "properties": {"cell_id": "c_1195"}, "geometry": {"type": "Point", "coordinates": [55.25344, 25.071865]}}, {"type": "Feature", "properties": {"cell_id": "c_1196"}, "geometry": {"type": "Point", "coordinates": [55.258402, 25.071865]}}, {"type": "Feature", "properties": {"cell_id": "c_1197"}, "geometry": {"type": "Point", "coordinates": [55.263364, 25.071865]}}, {"type": "Feature", "properties": {"cell_id": "c_1198"}, "geometry": {"type": "Point", "coordinates": [55.268326, 25.071865]}}, {"type": "Feature", "properties": {"cell_id": "c_1199"}, "geometry": {"type": "Point", "coordinates": [55.273288, 25.071865]}}, {"type": "Feature", "properties": {"cell_id": "c_1200"}, "geometry": {"type": "Point", "coordinates": [55.27825, 25.071865]}}, {"type": "Feature", "properties": {"cell_id": "c_1201"}, "geometry": {"type": "Point", "coordinates": [55.283212, 25.071865]}}, {"type": "Feature", "properties": {"cell_id": "c_1202"}, "geometry": {"type": "Point", "coordinates": [55.288174, 25.071865]}}, {"type": "Feature", "properties": {"cell_id": "c_1203"}, "geometry": {"type": "Point", "coordinates": [55.293136, 25.071865]}}, {"type": "Feature", "properties": {"cell_id": "c_1204"}, "geometry": {"type": "Point", "coordinates": [55.298098, 25.071865]}}, {"type": "Feature", "properties": {"cell_id": "c_1205"}, "geometry": {"type": "Point", "coordinates": [55.30306, 25.071865]}}, {"type": "Feature", "properties": {"cell_id": "c_1206"}, "geometry": {"type": "Point", "coordinates": [55.308022, 25.071865]}}, {"type": "Feature", "properties": {"cell_id": "c_1207"}, "geometry": {"type": "Point", "coordinates": [55.312984, 25.071865]}}, {"type": "Feature", "properties": {"cell_id": "c_1208"}, "geometry": {"type": "Point", "coordinates": [55.317946, 25.071865]}}, {"type": "Feature", "properties": {"cell_id": "c_1209"}, "geometry": {"type": "Point", "coordinates": [55.322908, 25.071865]}}, {"type": "Feature", "properties": {"cell_id": "c_1210"}, "geometry": {"type": "Point", "coordinates": [55.32787, 25.071865]}}, {"type": "Feature", "properties": {"cell_id": "c_1211"}, "geometry": {"type": "Point", "coordinates": [55.332832, 25.071865]}}, {"type": "Feature", "properties": {"cell_id": "c_1212"}, "geometry": {"type": "Point", "coordinates": [55.337794, 25.071865]}}, {"type": "Feature", "properties": {"cell_id": "c_1213"}, "geometry": {"type": "Point", "coordinates": [55.342756, 25.071865]}}, {"type": "Feature", "properties": {"cell_id": "c_1214"}, "geometry": {"type": "Point", "coordinates": [55.347717, 25.071865]}}, {"type": "Feature", "properties": {"cell_id": "c_1215"}, "geometry": {"type": "Point", "coordinates": [55.352679, 25.071865]}}, {"type": "Feature", "properties": {"cell_id": "c_1216"}, "geometry": {"type": "Point", "coordinates": [55.357641, 25.071865]}}, {"type": "Feature", "properties": {"cell_id": "c_1217"}, "geometry": {"type": "Point", "coordinates": [55.362603, 25.071865]}}, {"type": "Feature", "properties": {"cell_id": "c_1218"}, "geometry": {"type": "Point", "coordinates": [55.367565, 25.071865]}}, {"type": "Feature", "properties": {"cell_id": "c_1219"}, "geometry": {"type": "Point", "coordinates": [55.372527, 25.071865]}}, {"type": "Feature", "properties": {"cell_id": "c_1220"}, "geometry": {"type": "Point", "coordinates": [55.377489, 25.071865]}}, {"type": "Feature", "properties": {"cell_id": "c_1221"}, "geometry": {"type": "Point", "coordinates": [55.382451, 25.071865]}}, {"type": "Feature", "properties": {"cell_id": "c_1222"}, "geometry": {"type": "Point", "coordinates": [55.387413, 25.071865]}}, {"type": "Feature", "properties": {"cell_id": "c_1223"}, "geometry": {"type": "Point", "coordinates": [55.392375, 25.071865]}}, {"type": "Feature", "properties": {"cell_id": "c_1224"}, "geometry": {"type": "Point", "coordinates": [55.397337, 25.071865]}}, {"type": "Feature", "properties": {"cell_id": "c_1225"}, "geometry": {"type": "Point", "coordinates": [55.402299, 25.071865]}}, {"type": "Feature", "properties": {"cell_id": "c_1226"}, "geometry": {"type": "Point", "coordinates": [55.407261, 25.071865]}}, {"type": "Feature", "properties": {"cell_id": "c_1227"}, "geometry": {"type": "Point", "coordinates": [55.412223, 25.071865]}}, {"type": "Feature", "properties": {"cell_id": "c_1228"}, "geometry": {"type": "Point", "coordinates": [55.417185, 25.071865]}}, {"type": "Feature", "properties": {"cell_id": "c_1229"}, "geometry": {"type": "Point", "coordinates": [55.422147, 25.071865]}}, {"type": "Feature", "properties": {"cell_id": "c_1230"}, "geometry": {"type": "Point", "coordinates": [55.427109, 25.071865]}}, {"type": "Feature", "properties": {"cell_id": "c_1231"}, "geometry": {"type": "Point", "coordinates": [55.432071, 25.071865]}}, {"type": "Feature", "properties": {"cell_id": "c_1232"}, "geometry": {"type": "Point", "coordinates": [55.437033, 25.071865]}}, {"type": "Feature", "properties": {"cell_id": "c_1233"}, "geometry": {"type": "Point", "coordinates": [55.441995, 25.071865]}}, {"type": "Feature", "properties": {"cell_id": "c_1234"}, "geometry": {"type": "Point", "coordinates": [55.446957, 25.071865]}}, {"type": "Feature", "properties": {"cell_id": "c_1235"}, "geometry": {"type": "Point", "coordinates": [55.134353, 25.076356]}}, {"type": "Feature", "properties": {"cell_id": "c_1236"}, "geometry": {"type": "Point", "coordinates": [55.139315, 25.076356]}}, {"type": "Feature", "properties": {"cell_id": "c_1237"}, "geometry": {"type": "Point", "coordinates": [55.144277, 25.076356]}}, {"type": "Feature", "properties": {"cell_id": "c_1238"}, "geometry": {"type": "Point", "coordinates": [55.149239, 25.076356]}}, {"type": "Feature", "properties": {"cell_id": "c_1239"}, "geometry": {"type": "Point", "coordinates": [55.154201, 25.076356]}}, {"type": "Feature", "properties": {"cell_id": "c_1240"}, "geometry": {"type": "Point", "coordinates": [55.159163, 25.076356]}}, {"type": "Feature", "properties": {"cell_id": "c_1241"}, "geometry": {"type": "Point", "coordinates": [55.164125, 25.076356]}}, {"type": "Feature", "properties": {"cell_id": "c_1242"}, "geometry": {"type": "Point", "coordinates": [55.169087, 25.076356]}}, {"type": "Feature", "properties": {"cell_id": "c_1243"}, "geometry": {"type": "Point", "coordinates": [55.174049, 25.076356]}}, {"type": "Feature", "properties": {"cell_id": "c_1244"}, "geometry": {"type": "Point", "coordinates": [55.179011, 25.076356]}}, {"type": "Feature", "properties": {"cell_id": "c_1245"}, "geometry": {"type": "Point", "coordinates": [55.183973, 25.076356]}}, {"type": "Feature", "properties": {"cell_id": "c_1246"}, "geometry": {"type": "Point", "coordinates": [55.188935, 25.076356]}}, {"type": "Feature", "properties": {"cell_id": "c_1247"}, "geometry": {"type": "Point", "coordinates": [55.193897, 25.076356]}}, {"type": "Feature", "properties": {"cell_id": "c_1248"}, "geometry": {"type": "Point", "coordinates": [55.198859, 25.076356]}}, {"type": "Feature", "properties": {"cell_id": "c_1249"}, "geometry": {"type": "Point", "coordinates": [55.203821, 25.076356]}}, {"type": "Feature", "properties": {"cell_id": "c_1250"}, "geometry": {"type": "Point", "coordinates": [55.208783, 25.076356]}}, {"type": "Feature", "properties": {"cell_id": "c_1251"}, "geometry": {"type": "Point", "coordinates": [55.213745, 25.076356]}}, {"type": "Feature", "properties": {"cell_id": "c_1252"}, "geometry": {"type": "Point", "coordinates": [55.218707, 25.076356]}}, {"type": "Feature", "properties": {"cell_id": "c_1253"}, "geometry": {"type": "Point", "coordinates": [55.223669, 25.076356]}}, {"type": "Feature", "properties": {"cell_id": "c_1254"}, "geometry": {"type": "Point", "coordinates": [55.22863, 25.076356]}}, {"type": "Feature", "properties": {"cell_id": "c_1255"}, "geometry": {"type": "Point", "coordinates": [55.233592, 25.076356]}}, {"type": "Feature", "properties": {"cell_id": "c_1256"}, "geometry": {"type": "Point", "coordinates": [55.238554, 25.076356]}}, {"type": "Feature", "properties": {"cell_id": "c_1257"}, "geometry": {"type": "Point", "coordinates": [55.243516, 25.076356]}}, {"type": "Feature", "properties": {"cell_id": "c_1258"}, "geometry": {"type": "Point", "coordinates": [55.248478, 25.076356]}}, {"type": "Feature", "properties": {"cell_id": "c_1259"}, "geometry": {"type": "Point", "coordinates": [55.25344, 25.076356]}}, {"type": "Feature", "properties": {"cell_id": "c_1260"}, "geometry": {"type": "Point", "coordinates": [55.258402, 25.076356]}}, {"type": "Feature", "properties": {"cell_id": "c_1261"}, "geometry": {"type": "Point", "coordinates": [55.263364, 25.076356]}}, {"type": "Feature", "properties": {"cell_id": "c_1262"}, "geometry": {"type": "Point", "coordinates": [55.268326, 25.076356]}}, {"type": "Feature", "properties": {"cell_id": "c_1263"}, "geometry": {"type": "Point", "coordinates": [55.273288, 25.076356]}}, {"type": "Feature", "properties": {"cell_id": "c_1264"}, "geometry": {"type": "Point", "coordinates": [55.27825, 25.076356]}}, {"type": "Feature", "properties": {"cell_id": "c_1265"}, "geometry": {"type": "Point", "coordinates": [55.283212, 25.076356]}}, {"type": "Feature", "properties": {"cell_id": "c_1266"}, "geometry": {"type": "Point", "coordinates": [55.288174, 25.076356]}}, {"type": "Feature", "properties": {"cell_id": "c_1267"}, "geometry": {"type": "Point", "coordinates": [55.293136, 25.076356]}}, {"type": "Feature", "properties": {"cell_id": "c_1268"}, "geometry": {"type": "Point", "coordinates": [55.298098, 25.076356]}}, {"type": "Feature", "properties": {"cell_id": "c_1269"}, "geometry": {"type": "Point", "coordinates": [55.30306, 25.076356]}}, {"type": "Feature", "properties": {"cell_id": "c_1270"}, "geometry": {"type": "Point", "coordinates": [55.308022, 25.076356]}}, {"type": "Feature", "properties": {"cell_id": "c_1271"}, "geometry": {"type": "Point", "coordinates": [55.312984, 25.076356]}}, {"type": "Feature", "properties": {"cell_id": "c_1272"}, "geometry": {"type": "Point", "coordinates": [55.317946, 25.076356]}}, {"type": "Feature", "properties": {"cell_id": "c_1273"}, "geometry": {"type": "Point", "coordinates": [55.322908, 25.076356]}}, {"type": "Feature", "properties": {"cell_id": "c_1274"}, "geometry": {"type": "Point", "coordinates": [55.32787, 25.076356]}}, {"type": "Feature", "properties": {"cell_id": "c_1275"}, "geometry": {"type": "Point", "coordinates": [55.332832, 25.076356]}}, {"type": "Feature", "properties": {"cell_id": "c_1276"}, "geometry": {"type": "Point", "coordinates": [55.337794, 25.076356]}}, {"type": "Feature", "properties": {"cell_id": "c_1277"}, "geometry": {"type": "Point", "coordinates": [55.342756, 25.076356]}}, {"type": "Feature", "properties": {"cell_id": "c_1278"}, "geometry": {"type": "Point", "coordinates": [55.347717, 25.076356]}}, {"type": "Feature", "properties": {"cell_id": "c_1279"}, "geometry": {"type": "Point", "coordinates": [55.352679, 25.076356]}}, {"type": "Feature", "properties": {"cell_id": "c_1280"}, "geometry": {"type": "Point", "coordinates": [55.357641, 25.076356]}}, {"type": "Feature", "properties": {"cell_id": "c_1281"}, "geometry": {"type": "Point", "coordinates": [55.362603, 25.076356]}}, {"type": "Feature", "properties": {"cell_id": "c_1282"}, "geometry": {"type": "Point", "coordinates": [55.367565, 25.076356]}}, {"type": "Feature", "properties": {"cell_id": "c_1283"}, "geometry": {"type": "Point", "coordinates": [55.372527, 25.076356]}}, {"type": "Feature", "properties": {"cell_id": "c_1284"}, "geometry": {"type": "Point", "coordinates": [55.377489, 25.076356]}}, {"type": "Feature", "properties": {"cell_id": "c_1285"}, "geometry": {"type": "Point", "coordinates": [55.382451, 25.076356]}}, {"type": "Feature", "properties": {"cell_id": "c_1286"}, "geometry": {"type": "Point", "coordinates": [55.387413, 25.076356]}}, {"type": "Feature", "properties": {"cell_id": "c_1287"}, "geometry": {"type": "Point", "coordinates": [55.392375, 25.076356]}}, {"type": "Feature", "properties": {"cell_id": "c_1288"}, "geometry": {"type": "Point", "coordinates": [55.397337, 25.076356]}}, {"type": "Feature", "properties": {"cell_id": "c_1289"}, "geometry": {"type": "Point", "coordinates": [55.402299, 25.076356]}}, {"type": "Feature", "properties": {"cell_id": "c_1290"}, "geometry": {"type": "Point", "coordinates": [55.407261, 25.076356]}}, {"type": "Feature", "properties": {"cell_id": "c_1291"}, "geometry": {"type": "Point", "coordinates": [55.412223, 25.076356]}}, {"type": "Feature", "properties": {"cell_id": "c_1292"}, "geometry": {"type": "Point", "coordinates": [55.417185, 25.076356]}}, {"type": "Feature", "properties": {"cell_id": "c_1293"}, "geometry": {"type": "Point", "coordinates": [55.422147, 25.076356]}}, {"type": "Feature", "properties": {"cell_id": "c_1294"}, "geometry": {"type": "Point", "coordinates": [55.427109, 25.076356]}}, {"type": "Feature", "properties": {"cell_id": "c_1295"}, "geometry": {"type": "Point", "coordinates": [55.432071, 25.076356]}}, {"type": "Feature", "properties": {"cell_id": "c_1296"}, "geometry": {"type": "Point", "coordinates": [55.437033, 25.076356]}}, {"type": "Feature", "properties": {"cell_id": "c_1297"}, "geometry": {"type": "Point", "coordinates": [55.441995, 25.076356]}}, {"type": "Feature", "properties": {"cell_id": "c_1298"}, "geometry": {"type": "Point", "coordinates": [55.446957, 25.076356]}}, {"type": "Feature", "properties": {"cell_id": "c_1299"}, "geometry": {"type": "Point", "coordinates": [55.134353, 25.080848]}}, {"type": "Feature", "properties": {"cell_id": "c_1300"}, "geometry": {"type": "Point", "coordinates": [55.139315, 25.080848]}}, {"type": "Feature", "properties": {"cell_id": "c_1301"}, "geometry": {"type": "Point", "coordinates": [55.144277, 25.080848]}}, {"type": "Feature", "properties": {"cell_id": "c_1302"}, "geometry": {"type": "Point", "coordinates": [55.149239, 25.080848]}}, {"type": "Feature", "properties": {"cell_id": "c_1303"}, "geometry": {"type": "Point", "coordinates": [55.154201, 25.080848]}}, {"type": "Feature", "properties": {"cell_id": "c_1304"}, "geometry": {"type": "Point", "coordinates": [55.159163, 25.080848]}}, {"type": "Feature", "properties": {"cell_id": "c_1305"}, "geometry": {"type": "Point", "coordinates": [55.164125, 25.080848]}}, {"type": "Feature", "properties": {"cell_id": "c_1306"}, "geometry": {"type": "Point", "coordinates": [55.169087, 25.080848]}}, {"type": "Feature", "properties": {"cell_id": "c_1307"}, "geometry": {"type": "Point", "coordinates": [55.174049, 25.080848]}}, {"type": "Feature", "properties": {"cell_id": "c_1308"}, "geometry": {"type": "Point", "coordinates": [55.179011, 25.080848]}}, {"type": "Feature", "properties": {"cell_id": "c_1309"}, "geometry": {"type": "Point", "coordinates": [55.183973, 25.080848]}}, {"type": "Feature", "properties": {"cell_id": "c_1310"}, "geometry": {"type": "Point", "coordinates": [55.188935, 25.080848]}}, {"type": "Feature", "properties": {"cell_id": "c_1311"}, "geometry": {"type": "Point", "coordinates": [55.193897, 25.080848]}}, {"type": "Feature", "properties": {"cell_id": "c_1312"}, "geometry": {"type": "Point", "coordinates": [55.198859, 25.080848]}}, {"type": "Feature", "properties": {"cell_id": "c_1313"}, "geometry": {"type": "Point", "coordinates": [55.203821, 25.080848]}}, {"type": "Feature", "properties": {"cell_id": "c_1314"}, "geometry": {"type": "Point", "coordinates": [55.208783, 25.080848]}}, {"type": "Feature", "properties": {"cell_id": "c_1315"}, "geometry": {"type": "Point", "coordinates": [55.213745, 25.080848]}}, {"type": "Feature", "properties": {"cell_id": "c_1316"}, "geometry": {"type": "Point", "coordinates": [55.218707, 25.080848]}}, {"type": "Feature", "properties": {"cell_id": "c_1317"}, "geometry": {"type": "Point", "coordinates": [55.223669, 25.080848]}}, {"type": "Feature", "properties": {"cell_id": "c_1318"}, "geometry": {"type": "Point", "coordinates": [55.22863, 25.080848]}}, {"type": "Feature", "properties": {"cell_id": "c_1319"}, "geometry": {"type": "Point", "coordinates": [55.233592, 25.080848]}}, {"type": "Feature", "properties": {"cell_id": "c_1320"}, "geometry": {"type": "Point", "coordinates": [55.238554, 25.080848]}}, {"type": "Feature", "properties": {"cell_id": "c_1321"}, "geometry": {"type": "Point", "coordinates": [55.243516, 25.080848]}}, {"type": "Feature", "properties": {"cell_id": "c_1322"}, "geometry": {"type": "Point", "coordinates": [55.248478, 25.080848]}}, {"type": "Feature", "properties": {"cell_id": "c_1323"}, "geometry": {"type": "Point", "coordinates": [55.25344, 25.080848]}}, {"type": "Feature", "properties": {"cell_id": "c_1324"}, "geometry": {"type": "Point", "coordinates": [55.258402, 25.080848]}}, {"type": "Feature", "properties": {"cell_id": "c_1325"}, "geometry": {"type": "Point", "coordinates": [55.263364, 25.080848]}}, {"type": "Feature", "properties": {"cell_id": "c_1326"}, "geometry": {"type": "Point", "coordinates": [55.268326, 25.080848]}}, {"type": "Feature", "properties": {"cell_id": "c_1327"}, "geometry": {"type": "Point", "coordinates": [55.273288, 25.080848]}}, {"type": "Feature", "properties": {"cell_id": "c_1328"}, "geometry": {"type": "Point", "coordinates": [55.27825, 25.080848]}}, {"type": "Feature", "properties": {"cell_id": "c_1329"}, "geometry": {"type": "Point", "coordinates": [55.283212, 25.080848]}}, {"type": "Feature", "properties": {"cell_id": "c_1330"}, "geometry": {"type": "Point", "coordinates": [55.288174, 25.080848]}}, {"type": "Feature", "properties": {"cell_id": "c_1331"}, "geometry": {"type": "Point", "coordinates": [55.293136, 25.080848]}}, {"type": "Feature", "properties": {"cell_id": "c_1332"}, "geometry": {"type": "Point", "coordinates": [55.298098, 25.080848]}}, {"type": "Feature", "properties": {"cell_id": "c_1333"}, "geometry": {"type": "Point", "coordinates": [55.30306, 25.080848]}}, {"type": "Feature", "properties": {"cell_id": "c_1334"}, "geometry": {"type": "Point", "coordinates": [55.308022, 25.080848]}}, {"type": "Feature", "properties": {"cell_id": "c_1335"}, "geometry": {"type": "Point", "coordinates": [55.312984, 25.080848]}}, {"type": "Feature", "properties": {"cell_id": "c_1336"}, "geometry": {"type": "Point", "coordinates": [55.317946, 25.080848]}}, {"type": "Feature", "properties": {"cell_id": "c_1337"}, "geometry": {"type": "Point", "coordinates": [55.322908, 25.080848]}}, {"type": "Feature", "properties": {"cell_id": "c_1338"}, "geometry": {"type": "Point", "coordinates": [55.32787, 25.080848]}}, {"type": "Feature", "properties": {"cell_id": "c_1339"}, "geometry": {"type": "Point", "coordinates": [55.332832, 25.080848]}}, {"type": "Feature", "properties": {"cell_id": "c_1340"}, "geometry": {"type": "Point", "coordinates": [55.337794, 25.080848]}}, {"type": "Feature", "properties": {"cell_id": "c_1341"}, "geometry": {"type": "Point", "coordinates": [55.342756, 25.080848]}}, {"type": "Feature", "properties": {"cell_id": "c_1342"}, "geometry": {"type": "Point", "coordinates": [55.347717, 25.080848]}}, {"type": "Feature", "properties": {"cell_id": "c_1343"}, "geometry": {"type": "Point", "coordinates": [55.352679, 25.080848]}}, {"type": "Feature", "properties": {"cell_id": "c_1344"}, "geometry": {"type": "Point", "coordinates": [55.357641, 25.080848]}}, {"type": "Feature", "properties": {"cell_id": "c_1345"}, "geometry": {"type": "Point", "coordinates": [55.362603, 25.080848]}}, {"type": "Feature", "properties": {"cell_id": "c_1346"}, "geometry": {"type": "Point", "coordinates": [55.367565, 25.080848]}}, {"type": "Feature", "properties": {"cell_id": "c_1347"}, "geometry": {"type": "Point", "coordinates": [55.372527, 25.080848]}}, {"type": "Feature", "properties": {"cell_id": "c_1348"}, "geometry": {"type": "Point", "coordinates": [55.377489, 25.080848]}}, {"type": "Feature", "properties": {"cell_id": "c_1349"}, "geometry": {"type": "Point", "coordinates": [55.382451, 25.080848]}}, {"type": "Feature", "properties": {"cell_id": "c_1350"}, "geometry": {"type": "Point", "coordinates": [55.387413, 25.080848]}}, {"type": "Feature", "properties": {"cell_id": "c_1351"}, "geometry": {"type": "Point", "coordinates": [55.392375, 25.080848]}}, {"type": "Feature", "properties": {"cell_id": "c_1352"}, "geometry": {"type": "Point", "coordinates": [55.397337, 25.080848]}}, {"type": "Feature", "properties": {"cell_id": "c_1353"}, "geometry": {"type": "Point", "coordinates": [55.402299, 25.080848]}}, {"type": "Feature", "properties": {"cell_id": "c_1354"}, "geometry": {"type": "Point", "coordinates": [55.407261, 25.080848]}}, {"type": "Feature", "properties": {"cell_id": "c_1355"}, "geometry": {"type": "Point", "coordinates": [55.412223, 25.080848]}}, {"type": "Feature", "properties": {"cell_id": "c_1356"}, "geometry": {"type": "Point", "coordinates": [55.417185, 25.080848]}}, {"type": "Feature", "properties": {"cell_id": "c_1357"}, "geometry": {"type": "Point", "coordinates": [55.422147, 25.080848]}}, {"type": "Feature", "properties": {"cell_id": "c_1358"}, "geometry": {"type": "Point", "coordinates": [55.427109, 25.080848]}}, {"type": "Feature", "properties": {"cell_id": "c_1359"}, "geometry": {"type": "Point", "coordinates": [55.432071, 25.080848]}}, {"type": "Feature", "properties": {"cell_id": "c_1360"}, "geometry": {"type": "Point", "coordinates": [55.437033, 25.080848]}}, {"type": "Feature", "properties": {"cell_id": "c_1361"}, "geometry": {"type": "Point", "coordinates": [55.441995, 25.080848]}}, {"type": "Feature", "properties": {"cell_id": "c_1362"}, "geometry": {"type": "Point", "coordinates": [55.446957, 25.080848]}}, {"type": "Feature", "properties": {"cell_id": "c_1363"}, "geometry": {"type": "Point", "coordinates": [55.144277, 25.08534]}}, {"type": "Feature", "properties": {"cell_id": "c_1364"}, "geometry": {"type": "Point", "coordinates": [55.149239, 25.08534]}}, {"type": "Feature", "properties": {"cell_id": "c_1365"}, "geometry": {"type": "Point", "coordinates": [55.154201, 25.08534]}}, {"type": "Feature", "properties": {"cell_id": "c_1366"}, "geometry": {"type": "Point", "coordinates": [55.159163, 25.08534]}}, {"type": "Feature", "properties": {"cell_id": "c_1367"}, "geometry": {"type": "Point", "coordinates": [55.164125, 25.08534]}}, {"type": "Feature", "properties": {"cell_id": "c_1368"}, "geometry": {"type": "Point", "coordinates": [55.169087, 25.08534]}}, {"type": "Feature", "properties": {"cell_id": "c_1369"}, "geometry": {"type": "Point", "coordinates": [55.174049, 25.08534]}}, {"type": "Feature", "properties": {"cell_id": "c_1370"}, "geometry": {"type": "Point", "coordinates": [55.179011, 25.08534]}}, {"type": "Feature", "properties": {"cell_id": "c_1371"}, "geometry": {"type": "Point", "coordinates": [55.183973, 25.08534]}}, {"type": "Feature", "properties": {"cell_id": "c_1372"}, "geometry": {"type": "Point", "coordinates": [55.188935, 25.08534]}}, {"type": "Feature", "properties": {"cell_id": "c_1373"}, "geometry": {"type": "Point", "coordinates": [55.193897, 25.08534]}}, {"type": "Feature", "properties": {"cell_id": "c_1374"}, "geometry": {"type": "Point", "coordinates": [55.198859, 25.08534]}}, {"type": "Feature", "properties": {"cell_id": "c_1375"}, "geometry": {"type": "Point", "coordinates": [55.203821, 25.08534]}}, {"type": "Feature", "properties": {"cell_id": "c_1376"}, "geometry": {"type": "Point", "coordinates": [55.208783, 25.08534]}}, {"type": "Feature", "properties": {"cell_id": "c_1377"}, "geometry": {"type": "Point", "coordinates": [55.213745, 25.08534]}}, {"type": "Feature", "properties": {"cell_id": "c_1378"}, "geometry": {"type": "Point", "coordinates": [55.218707, 25.08534]}}, {"type": "Feature", "properties": {"cell_id": "c_1379"}, "geometry": {"type": "Point", "coordinates": [55.223669, 25.08534]}}, {"type": "Feature", "properties": {"cell_id": "c_1380"}, "geometry": {"type": "Point", "coordinates": [55.22863, 25.08534]}}, {"type": "Feature", "properties": {"cell_id": "c_1381"}, "geometry": {"type": "Point", "coordinates": [55.233592, 25.08534]}}, {"type": "Feature", "properties": {"cell_id": "c_1382"}, "geometry": {"type": "Point", "coordinates": [55.238554, 25.08534]}}, {"type": "Feature", "properties": {"cell_id": "c_1383"}, "geometry": {"type": "Point", "coordinates": [55.243516, 25.08534]}}, {"type": "Feature", "properties": {"cell_id": "c_1384"}, "geometry": {"type": "Point", "coordinates": [55.248478, 25.08534]}}, {"type": "Feature", "properties": {"cell_id": "c_1385"}, "geometry": {"type": "Point", "coordinates": [55.25344, 25.08534]}}, {"type": "Feature", "properties": {"cell_id": "c_1386"}, "geometry": {"type": "Point", "coordinates": [55.258402, 25.08534]}}, {"type": "Feature", "properties": {"cell_id": "c_1387"}, "geometry": {"type": "Point", "coordinates": [55.263364, 25.08534]}}, {"type": "Feature", "properties": {"cell_id": "c_1388"}, "geometry": {"type": "Point", "coordinates": [55.268326, 25.08534]}}, {"type": "Feature", "properties": {"cell_id": "c_1389"}, "geometry": {"type": "Point", "coordinates": [55.273288, 25.08534]}}, {"type": "Feature", "properties": {"cell_id": "c_1390"}, "geometry": {"type": "Point", "coordinates": [55.27825, 25.08534]}}, {"type": "Feature", "properties": {"cell_id": "c_1391"}, "geometry": {"type": "Point", "coordinates": [55.283212, 25.08534]}}, {"type": "Feature", "properties": {"cell_id": "c_1392"}, "geometry": {"type": "Point", "coordinates": [55.288174, 25.08534]}}, {"type": "Feature", "properties": {"cell_id": "c_1393"}, "geometry": {"type": "Point", "coordinates": [55.293136, 25.08534]}}, {"type": "Feature", "properties": {"cell_id": "c_1394"}, "geometry": {"type": "Point", "coordinates": [55.298098, 25.08534]}}, {"type": "Feature", "properties": {"cell_id": "c_1395"}, "geometry": {"type": "Point", "coordinates": [55.30306, 25.08534]}}, {"type": "Feature", "properties": {"cell_id": "c_1396"}, "geometry": {"type": "Point", "coordinates": [55.308022, 25.08534]}}, {"type": "Feature", "properties": {"cell_id": "c_1397"}, "geometry": {"type": "Point", "coordinates": [55.312984, 25.08534]}}, {"type": "Feature", "properties": {"cell_id": "c_1398"}, "geometry": {"type": "Point", "coordinates": [55.317946, 25.08534]}}, {"type": "Feature", "properties": {"cell_id": "c_1399"}, "geometry": {"type": "Point", "coordinates": [55.322908, 25.08534]}}, {"type": "Feature", "properties": {"cell_id": "c_1400"}, "geometry": {"type": "Point", "coordinates": [55.32787, 25.08534]}}, {"type": "Feature", "properties": {"cell_id": "c_1401"}, "geometry": {"type": "Point", "coordinates": [55.332832, 25.08534]}}, {"type": "Feature", "properties": {"cell_id": "c_1402"}, "geometry": {"type": "Point", "coordinates": [55.337794, 25.08534]}}, {"type": "Feature", "properties": {"cell_id": "c_1403"}, "geometry": {"type": "Point", "coordinates": [55.342756, 25.08534]}}, {"type": "Feature", "properties": {"cell_id": "c_1404"}, "geometry": {"type": "Point", "coordinates": [55.347717, 25.08534]}}, {"type": "Feature", "properties": {"cell_id": "c_1405"}, "geometry": {"type": "Point", "coordinates": [55.352679, 25.08534]}}, {"type": "Feature", "properties": {"cell_id": "c_1406"}, "geometry": {"type": "Point", "coordinates": [55.357641, 25.08534]}}, {"type": "Feature", "properties": {"cell_id": "c_1407"}, "geometry": {"type": "Point", "coordinates": [55.362603, 25.08534]}}, {"type": "Feature", "properties": {"cell_id": "c_1408"}, "geometry": {"type": "Point", "coordinates": [55.367565, 25.08534]}}, {"type": "Feature", "properties": {"cell_id": "c_1409"}, "geometry": {"type": "Point", "coordinates": [55.372527, 25.08534]}}, {"type": "Feature", "properties": {"cell_id": "c_1410"}, "geometry": {"type": "Point", "coordinates": [55.377489, 25.08534]}}, {"type": "Feature", "properties": {"cell_id": "c_1411"}, "geometry": {"type": "Point", "coordinates": [55.382451, 25.08534]}}, {"type": "Feature", "properties": {"cell_id": "c_1412"}, "geometry": {"type": "Point", "coordinates": [55.387413, 25.08534]}}, {"type": "Feature", "properties": {"cell_id": "c_1413"}, "geometry": {"type": "Point", "coordinates": [55.392375, 25.08534]}}, {"type": "Feature", "properties": {"cell_id": "c_1414"}, "geometry": {"type": "Point", "coordinates": [55.397337, 25.08534]}}, {"type": "Feature", "properties": {"cell_id": "c_1415"}, "geometry": {"type": "Point", "coordinates": [55.402299, 25.08534]}}, {"type": "Feature", "properties": {"cell_id": "c_1416"}, "geometry": {"type": "Point", "coordinates": [55.407261, 25.08534]}}, {"type": "Feature", "properties": {"cell_id": "c_1417"}, "geometry": {"type": "Point", "coordinates": [55.412223, 25.08534]}}, {"type": "Feature", "properties": {"cell_id": "c_1418"}, "geometry": {"type": "Point", "coordinates": [55.417185, 25.08534]}}, {"type": "Feature", "properties": {"cell_id": "c_1419"}, "geometry": {"type": "Point", "coordinates": [55.422147, 25.08534]}}, {"type": "Feature", "properties": {"cell_id": "c_1420"}, "geometry": {"type": "Point", "coordinates": [55.427109, 25.08534]}}, {"type": "Feature", "properties": {"cell_id": "c_1421"}, "geometry": {"type": "Point", "coordinates": [55.432071, 25.08534]}}, {"type": "Feature", "properties": {"cell_id": "c_1422"}, "geometry": {"type": "Point", "coordinates": [55.437033, 25.08534]}}, {"type": "Feature", "properties": {"cell_id": "c_1423"}, "geometry": {"type": "Point", "coordinates": [55.441995, 25.08534]}}, {"type": "Feature", "properties": {"cell_id": "c_1424"}, "geometry": {"type": "Point", "coordinates": [55.446957, 25.08534]}}, {"type": "Feature", "properties": {"cell_id": "c_1425"}, "geometry": {"type": "Point", "coordinates": [55.144277, 25.089831]}}, {"type": "Feature", "properties": {"cell_id": "c_1426"}, "geometry": {"type": "Point", "coordinates": [55.149239, 25.089831]}}, {"type": "Feature", "properties": {"cell_id": "c_1427"}, "geometry": {"type": "Point", "coordinates": [55.154201, 25.089831]}}, {"type": "Feature", "properties": {"cell_id": "c_1428"}, "geometry": {"type": "Point", "coordinates": [55.159163, 25.089831]}}, {"type": "Feature", "properties": {"cell_id": "c_1429"}, "geometry": {"type": "Point", "coordinates": [55.164125, 25.089831]}}, {"type": "Feature", "properties": {"cell_id": "c_1430"}, "geometry": {"type": "Point", "coordinates": [55.169087, 25.089831]}}, {"type": "Feature", "properties": {"cell_id": "c_1431"}, "geometry": {"type": "Point", "coordinates": [55.174049, 25.089831]}}, {"type": "Feature", "properties": {"cell_id": "c_1432"}, "geometry": {"type": "Point", "coordinates": [55.179011, 25.089831]}}, {"type": "Feature", "properties": {"cell_id": "c_1433"}, "geometry": {"type": "Point", "coordinates": [55.183973, 25.089831]}}, {"type": "Feature", "properties": {"cell_id": "c_1434"}, "geometry": {"type": "Point", "coordinates": [55.188935, 25.089831]}}, {"type": "Feature", "properties": {"cell_id": "c_1435"}, "geometry": {"type": "Point", "coordinates": [55.193897, 25.089831]}}, {"type": "Feature", "properties": {"cell_id": "c_1436"}, "geometry": {"type": "Point", "coordinates": [55.198859, 25.089831]}}, {"type": "Feature", "properties": {"cell_id": "c_1437"}, "geometry": {"type": "Point", "coordinates": [55.203821, 25.089831]}}, {"type": "Feature", "properties": {"cell_id": "c_1438"}, "geometry": {"type": "Point", "coordinates": [55.208783, 25.089831]}}, {"type": "Feature", "properties": {"cell_id": "c_1439"}, "geometry": {"type": "Point", "coordinates": [55.213745, 25.089831]}}, {"type": "Feature", "properties": {"cell_id": "c_1440"}, "geometry": {"type": "Point", "coordinates": [55.218707, 25.089831]}}, {"type": "Feature", "properties": {"cell_id": "c_1441"}, "geometry": {"type": "Point", "coordinates": [55.223669, 25.089831]}}, {"type": "Feature", "properties": {"cell_id": "c_1442"}, "geometry": {"type": "Point", "coordinates": [55.22863, 25.089831]}}, {"type": "Feature", "properties": {"cell_id": "c_1443"}, "geometry": {"type": "Point", "coordinates": [55.233592, 25.089831]}}, {"type": "Feature", "properties": {"cell_id": "c_1444"}, "geometry": {"type": "Point", "coordinates": [55.238554, 25.089831]}}, {"type": "Feature", "properties": {"cell_id": "c_1445"}, "geometry": {"type": "Point", "coordinates": [55.243516, 25.089831]}}, {"type": "Feature", "properties": {"cell_id": "c_1446"}, "geometry": {"type": "Point", "coordinates": [55.248478, 25.089831]}}, {"type": "Feature", "properties": {"cell_id": "c_1447"}, "geometry": {"type": "Point", "coordinates": [55.25344, 25.089831]}}, {"type": "Feature", "properties": {"cell_id": "c_1448"}, "geometry": {"type": "Point", "coordinates": [55.258402, 25.089831]}}, {"type": "Feature", "properties": {"cell_id": "c_1449"}, "geometry": {"type": "Point", "coordinates": [55.263364, 25.089831]}}, {"type": "Feature", "properties": {"cell_id": "c_1450"}, "geometry": {"type": "Point", "coordinates": [55.268326, 25.089831]}}, {"type": "Feature", "properties": {"cell_id": "c_1451"}, "geometry": {"type": "Point", "coordinates": [55.273288, 25.089831]}}, {"type": "Feature", "properties": {"cell_id": "c_1452"}, "geometry": {"type": "Point", "coordinates": [55.27825, 25.089831]}}, {"type": "Feature", "properties": {"cell_id": "c_1453"}, "geometry": {"type": "Point", "coordinates": [55.283212, 25.089831]}}, {"type": "Feature", "properties": {"cell_id": "c_1454"}, "geometry": {"type": "Point", "coordinates": [55.288174, 25.089831]}}, {"type": "Feature", "properties": {"cell_id": "c_1455"}, "geometry": {"type": "Point", "coordinates": [55.293136, 25.089831]}}, {"type": "Feature", "properties": {"cell_id": "c_1456"}, "geometry": {"type": "Point", "coordinates": [55.298098, 25.089831]}}, {"type": "Feature", "properties": {"cell_id": "c_1457"}, "geometry": {"type": "Point", "coordinates": [55.30306, 25.089831]}}, {"type": "Feature", "properties": {"cell_id": "c_1458"}, "geometry": {"type": "Point", "coordinates": [55.308022, 25.089831]}}, {"type": "Feature", "properties": {"cell_id": "c_1459"}, "geometry": {"type": "Point", "coordinates": [55.312984, 25.089831]}}, {"type": "Feature", "properties": {"cell_id": "c_1460"}, "geometry": {"type": "Point", "coordinates": [55.317946, 25.089831]}}, {"type": "Feature", "properties": {"cell_id": "c_1461"}, "geometry": {"type": "Point", "coordinates": [55.322908, 25.089831]}}, {"type": "Feature", "properties": {"cell_id": "c_1462"}, "geometry": {"type": "Point", "coordinates": [55.32787, 25.089831]}}, {"type": "Feature", "properties": {"cell_id": "c_1463"}, "geometry": {"type": "Point", "coordinates": [55.332832, 25.089831]}}, {"type": "Feature", "properties": {"cell_id": "c_1464"}, "geometry": {"type": "Point", "coordinates": [55.337794, 25.089831]}}, {"type": "Feature", "properties": {"cell_id": "c_1465"}, "geometry": {"type": "Point", "coordinates": [55.342756, 25.089831]}}, {"type": "Feature", "properties": {"cell_id": "c_1466"}, "geometry": {"type": "Point", "coordinates": [55.347717, 25.089831]}}, {"type": "Feature", "properties": {"cell_id": "c_1467"}, "geometry": {"type": "Point", "coordinates": [55.352679, 25.089831]}}, {"type": "Feature", "properties": {"cell_id": "c_1468"}, "geometry": {"type": "Point", "coordinates": [55.357641, 25.089831]}}, {"type": "Feature", "properties": {"cell_id": "c_1469"}, "geometry": {"type": "Point", "coordinates": [55.362603, 25.089831]}}, {"type": "Feature", "properties": {"cell_id": "c_1470"}, "geometry": {"type": "Point", "coordinates": [55.367565, 25.089831]}}, {"type": "Feature", "properties": {"cell_id": "c_1471"}, "geometry": {"type": "Point", "coordinates": [55.372527, 25.089831]}}, {"type": "Feature", "properties": {"cell_id": "c_1472"}, "geometry": {"type": "Point", "coordinates": [55.377489, 25.089831]}}, {"type": "Feature", "properties": {"cell_id": "c_1473"}, "geometry": {"type": "Point", "coordinates": [55.382451, 25.089831]}}, {"type": "Feature", "properties": {"cell_id": "c_1474"}, "geometry": {"type": "Point", "coordinates": [55.387413, 25.089831]}}, {"type": "Feature", "properties": {"cell_id": "c_1475"}, "geometry": {"type": "Point", "coordinates": [55.392375, 25.089831]}}, {"type": "Feature", "properties": {"cell_id": "c_1476"}, "geometry": {"type": "Point", "coordinates": [55.397337, 25.089831]}}, {"type": "Feature", "properties": {"cell_id": "c_1477"}, "geometry": {"type": "Point", "coordinates": [55.402299, 25.089831]}}, {"type": "Feature", "properties": {"cell_id": "c_1478"}, "geometry": {"type": "Point", "coordinates": [55.407261, 25.089831]}}, {"type": "Feature", "properties": {"cell_id": "c_1479"}, "geometry": {"type": "Point", "coordinates": [55.412223, 25.089831]}}, {"type": "Feature", "properties": {"cell_id": "c_1480"}, "geometry": {"type": "Point", "coordinates": [55.417185, 25.089831]}}, {"type": "Feature", "properties": {"cell_id": "c_1481"}, "geometry": {"type": "Point", "coordinates": [55.422147, 25.089831]}}, {"type": "Feature", "properties": {"cell_id": "c_1482"}, "geometry": {"type": "Point", "coordinates": [55.427109, 25.089831]}}, {"type": "Feature", "properties": {"cell_id": "c_1483"}, "geometry": {"type": "Point", "coordinates": [55.432071, 25.089831]}}, {"type": "Feature", "properties": {"cell_id": "c_1484"}, "geometry": {"type": "Point", "coordinates": [55.437033, 25.089831]}}, {"type": "Feature", "properties": {"cell_id": "c_1485"}, "geometry": {"type": "Point", "coordinates": [55.441995, 25.089831]}}, {"type": "Feature", "properties": {"cell_id": "c_1486"}, "geometry": {"type": "Point", "coordinates": [55.446957, 25.089831]}}, {"type": "Feature", "properties": {"cell_id": "c_1487"}, "geometry": {"type": "Point", "coordinates": [55.154201, 25.094323]}}, {"type": "Feature", "properties": {"cell_id": "c_1488"}, "geometry": {"type": "Point", "coordinates": [55.159163, 25.094323]}}, {"type": "Feature", "properties": {"cell_id": "c_1489"}, "geometry": {"type": "Point", "coordinates": [55.164125, 25.094323]}}, {"type": "Feature", "properties": {"cell_id": "c_1490"}, "geometry": {"type": "Point", "coordinates": [55.169087, 25.094323]}}, {"type": "Feature", "properties": {"cell_id": "c_1491"}, "geometry": {"type": "Point", "coordinates": [55.174049, 25.094323]}}, {"type": "Feature", "properties": {"cell_id": "c_1492"}, "geometry": {"type": "Point", "coordinates": [55.179011, 25.094323]}}, {"type": "Feature", "properties": {"cell_id": "c_1493"}, "geometry": {"type": "Point", "coordinates": [55.183973, 25.094323]}}, {"type": "Feature", "properties": {"cell_id": "c_1494"}, "geometry": {"type": "Point", "coordinates": [55.188935, 25.094323]}}, {"type": "Feature", "properties": {"cell_id": "c_1495"}, "geometry": {"type": "Point", "coordinates": [55.193897, 25.094323]}}, {"type": "Feature", "properties": {"cell_id": "c_1496"}, "geometry": {"type": "Point", "coordinates": [55.198859, 25.094323]}}, {"type": "Feature", "properties": {"cell_id": "c_1497"}, "geometry": {"type": "Point", "coordinates": [55.203821, 25.094323]}}, {"type": "Feature", "properties": {"cell_id": "c_1498"}, "geometry": {"type": "Point", "coordinates": [55.208783, 25.094323]}}, {"type": "Feature", "properties": {"cell_id": "c_1499"}, "geometry": {"type": "Point", "coordinates": [55.213745, 25.094323]}}, {"type": "Feature", "properties": {"cell_id": "c_1500"}, "geometry": {"type": "Point", "coordinates": [55.218707, 25.094323]}}, {"type": "Feature", "properties": {"cell_id": "c_1501"}, "geometry": {"type": "Point", "coordinates": [55.223669, 25.094323]}}, {"type": "Feature", "properties": {"cell_id": "c_1502"}, "geometry": {"type": "Point", "coordinates": [55.22863, 25.094323]}}, {"type": "Feature", "properties": {"cell_id": "c_1503"}, "geometry": {"type": "Point", "coordinates": [55.233592, 25.094323]}}, {"type": "Feature", "properties": {"cell_id": "c_1504"}, "geometry": {"type": "Point", "coordinates": [55.238554, 25.094323]}}, {"type": "Feature", "properties": {"cell_id": "c_1505"}, "geometry": {"type": "Point", "coordinates": [55.243516, 25.094323]}}, {"type": "Feature", "properties": {"cell_id": "c_1506"}, "geometry": {"type": "Point", "coordinates": [55.248478, 25.094323]}}, {"type": "Feature", "properties": {"cell_id": "c_1507"}, "geometry": {"type": "Point", "coordinates": [55.25344, 25.094323]}}, {"type": "Feature", "properties": {"cell_id": "c_1508"}, "geometry": {"type": "Point", "coordinates": [55.258402, 25.094323]}}, {"type": "Feature", "properties": {"cell_id": "c_1509"}, "geometry": {"type": "Point", "coordinates": [55.263364, 25.094323]}}, {"type": "Feature", "properties": {"cell_id": "c_1510"}, "geometry": {"type": "Point", "coordinates": [55.268326, 25.094323]}}, {"type": "Feature", "properties": {"cell_id": "c_1511"}, "geometry": {"type": "Point", "coordinates": [55.273288, 25.094323]}}, {"type": "Feature", "properties": {"cell_id": "c_1512"}, "geometry": {"type": "Point", "coordinates": [55.27825, 25.094323]}}, {"type": "Feature", "properties": {"cell_id": "c_1513"}, "geometry": {"type": "Point", "coordinates": [55.283212, 25.094323]}}, {"type": "Feature", "properties": {"cell_id": "c_1514"}, "geometry": {"type": "Point", "coordinates": [55.288174, 25.094323]}}, {"type": "Feature", "properties": {"cell_id": "c_1515"}, "geometry": {"type": "Point", "coordinates": [55.293136, 25.094323]}}, {"type": "Feature", "properties": {"cell_id": "c_1516"}, "geometry": {"type": "Point", "coordinates": [55.298098, 25.094323]}}, {"type": "Feature", "properties": {"cell_id": "c_1517"}, "geometry": {"type": "Point", "coordinates": [55.30306, 25.094323]}}, {"type": "Feature", "properties": {"cell_id": "c_1518"}, "geometry": {"type": "Point", "coordinates": [55.308022, 25.094323]}}, {"type": "Feature", "properties": {"cell_id": "c_1519"}, "geometry": {"type": "Point", "coordinates": [55.312984, 25.094323]}}, {"type": "Feature", "properties": {"cell_id": "c_1520"}, "geometry": {"type": "Point", "coordinates": [55.317946, 25.094323]}}, {"type": "Feature", "properties": {"cell_id": "c_1521"}, "geometry": {"type": "Point", "coordinates": [55.322908, 25.094323]}}, {"type": "Feature", "properties": {"cell_id": "c_1522"}, "geometry": {"type": "Point", "coordinates": [55.32787, 25.094323]}}, {"type": "Feature", "properties": {"cell_id": "c_1523"}, "geometry": {"type": "Point", "coordinates": [55.332832, 25.094323]}}, {"type": "Feature", "properties": {"cell_id": "c_1524"}, "geometry": {"type": "Point", "coordinates": [55.337794, 25.094323]}}, {"type": "Feature", "properties": {"cell_id": "c_1525"}, "geometry": {"type": "Point", "coordinates": [55.342756, 25.094323]}}, {"type": "Feature", "properties": {"cell_id": "c_1526"}, "geometry": {"type": "Point", "coordinates": [55.347717, 25.094323]}}, {"type": "Feature", "properties": {"cell_id": "c_1527"}, "geometry": {"type": "Point", "coordinates": [55.352679, 25.094323]}}, {"type": "Feature", "properties": {"cell_id": "c_1528"}, "geometry": {"type": "Point", "coordinates": [55.357641, 25.094323]}}, {"type": "Feature", "properties": {"cell_id": "c_1529"}, "geometry": {"type": "Point", "coordinates": [55.362603, 25.094323]}}, {"type": "Feature", "properties": {"cell_id": "c_1530"}, "geometry": {"type": "Point", "coordinates": [55.367565, 25.094323]}}, {"type": "Feature", "properties": {"cell_id": "c_1531"}, "geometry": {"type": "Point", "coordinates": [55.372527, 25.094323]}}, {"type": "Feature", "properties": {"cell_id": "c_1532"}, "geometry": {"type": "Point", "coordinates": [55.377489, 25.094323]}}, {"type": "Feature", "properties": {"cell_id": "c_1533"}, "geometry": {"type": "Point", "coordinates": [55.382451, 25.094323]}}, {"type": "Feature", "properties": {"cell_id": "c_1534"}, "geometry": {"type": "Point", "coordinates": [55.387413, 25.094323]}}, {"type": "Feature", "properties": {"cell_id": "c_1535"}, "geometry": {"type": "Point", "coordinates": [55.392375, 25.094323]}}, {"type": "Feature", "properties": {"cell_id": "c_1536"}, "geometry": {"type": "Point", "coordinates": [55.397337, 25.094323]}}, {"type": "Feature", "properties": {"cell_id": "c_1537"}, "geometry": {"type": "Point", "coordinates": [55.402299, 25.094323]}}, {"type": "Feature", "properties": {"cell_id": "c_1538"}, "geometry": {"type": "Point", "coordinates": [55.407261, 25.094323]}}, {"type": "Feature", "properties": {"cell_id": "c_1539"}, "geometry": {"type": "Point", "coordinates": [55.412223, 25.094323]}}, {"type": "Feature", "properties": {"cell_id": "c_1540"}, "geometry": {"type": "Point", "coordinates": [55.417185, 25.094323]}}, {"type": "Feature", "properties": {"cell_id": "c_1541"}, "geometry": {"type": "Point", "coordinates": [55.422147, 25.094323]}}, {"type": "Feature", "properties": {"cell_id": "c_1542"}, "geometry": {"type": "Point", "coordinates": [55.427109, 25.094323]}}, {"type": "Feature", "properties": {"cell_id": "c_1543"}, "geometry": {"type": "Point", "coordinates": [55.432071, 25.094323]}}, {"type": "Feature", "properties": {"cell_id": "c_1544"}, "geometry": {"type": "Point", "coordinates": [55.437033, 25.094323]}}, {"type": "Feature", "properties": {"cell_id": "c_1545"}, "geometry": {"type": "Point", "coordinates": [55.441995, 25.094323]}}, {"type": "Feature", "properties": {"cell_id": "c_1546"}, "geometry": {"type": "Point", "coordinates": [55.446957, 25.094323]}}, {"type": "Feature", "properties": {"cell_id": "c_1547"}, "geometry": {"type": "Point", "coordinates": [55.154201, 25.098814]}}, {"type": "Feature", "properties": {"cell_id": "c_1548"}, "geometry": {"type": "Point", "coordinates": [55.159163, 25.098814]}}, {"type": "Feature", "properties": {"cell_id": "c_1549"}, "geometry": {"type": "Point", "coordinates": [55.164125, 25.098814]}}, {"type": "Feature", "properties": {"cell_id": "c_1550"}, "geometry": {"type": "Point", "coordinates": [55.169087, 25.098814]}}, {"type": "Feature", "properties": {"cell_id": "c_1551"}, "geometry": {"type": "Point", "coordinates": [55.174049, 25.098814]}}, {"type": "Feature", "properties": {"cell_id": "c_1552"}, "geometry": {"type": "Point", "coordinates": [55.179011, 25.098814]}}, {"type": "Feature", "properties": {"cell_id": "c_1553"}, "geometry": {"type": "Point", "coordinates": [55.183973, 25.098814]}}, {"type": "Feature", "properties": {"cell_id": "c_1554"}, "geometry": {"type": "Point", "coordinates": [55.188935, 25.098814]}}, {"type": "Feature", "properties": {"cell_id": "c_1555"}, "geometry": {"type": "Point", "coordinates": [55.193897, 25.098814]}}, {"type": "Feature", "properties": {"cell_id": "c_1556"}, "geometry": {"type": "Point", "coordinates": [55.198859, 25.098814]}}, {"type": "Feature", "properties": {"cell_id": "c_1557"}, "geometry": {"type": "Point", "coordinates": [55.203821, 25.098814]}}, {"type": "Feature", "properties": {"cell_id": "c_1558"}, "geometry": {"type": "Point", "coordinates": [55.208783, 25.098814]}}, {"type": "Feature", "properties": {"cell_id": "c_1559"}, "geometry": {"type": "Point", "coordinates": [55.213745, 25.098814]}}, {"type": "Feature", "properties": {"cell_id": "c_1560"}, "geometry": {"type": "Point", "coordinates": [55.218707, 25.098814]}}, {"type": "Feature", "properties": {"cell_id": "c_1561"}, "geometry": {"type": "Point", "coordinates": [55.223669, 25.098814]}}, {"type": "Feature", "properties": {"cell_id": "c_1562"}, "geometry": {"type": "Point", "coordinates": [55.22863, 25.098814]}}, {"type": "Feature", "properties": {"cell_id": "c_1563"}, "geometry": {"type": "Point", "coordinates": [55.233592, 25.098814]}}, {"type": "Feature", "properties": {"cell_id": "c_1564"}, "geometry": {"type": "Point", "coordinates": [55.238554, 25.098814]}}, {"type": "Feature", "properties": {"cell_id": "c_1565"}, "geometry": {"type": "Point", "coordinates": [55.243516, 25.098814]}}, {"type": "Feature", "properties": {"cell_id": "c_1566"}, "geometry": {"type": "Point", "coordinates": [55.248478, 25.098814]}}, {"type": "Feature", "properties": {"cell_id": "c_1567"}, "geometry": {"type": "Point", "coordinates": [55.25344, 25.098814]}}, {"type": "Feature", "properties": {"cell_id": "c_1568"}, "geometry": {"type": "Point", "coordinates": [55.258402, 25.098814]}}, {"type": "Feature", "properties": {"cell_id": "c_1569"}, "geometry": {"type": "Point", "coordinates": [55.263364, 25.098814]}}, {"type": "Feature", "properties": {"cell_id": "c_1570"}, "geometry": {"type": "Point", "coordinates": [55.268326, 25.098814]}}, {"type": "Feature", "properties": {"cell_id": "c_1571"}, "geometry": {"type": "Point", "coordinates": [55.273288, 25.098814]}}, {"type": "Feature", "properties": {"cell_id": "c_1572"}, "geometry": {"type": "Point", "coordinates": [55.27825, 25.098814]}}, {"type": "Feature", "properties": {"cell_id": "c_1573"}, "geometry": {"type": "Point", "coordinates": [55.283212, 25.098814]}}, {"type": "Feature", "properties": {"cell_id": "c_1574"}, "geometry": {"type": "Point", "coordinates": [55.288174, 25.098814]}}, {"type": "Feature", "properties": {"cell_id": "c_1575"}, "geometry": {"type": "Point", "coordinates": [55.293136, 25.098814]}}, {"type": "Feature", "properties": {"cell_id": "c_1576"}, "geometry": {"type": "Point", "coordinates": [55.298098, 25.098814]}}, {"type": "Feature", "properties": {"cell_id": "c_1577"}, "geometry": {"type": "Point", "coordinates": [55.30306, 25.098814]}}, {"type": "Feature", "properties": {"cell_id": "c_1578"}, "geometry": {"type": "Point", "coordinates": [55.308022, 25.098814]}}, {"type": "Feature", "properties": {"cell_id": "c_1579"}, "geometry": {"type": "Point", "coordinates": [55.312984, 25.098814]}}, {"type": "Feature", "properties": {"cell_id": "c_1580"}, "geometry": {"type": "Point", "coordinates": [55.317946, 25.098814]}}, {"type": "Feature", "properties": {"cell_id": "c_1581"}, "geometry": {"type": "Point", "coordinates": [55.322908, 25.098814]}}, {"type": "Feature", "properties": {"cell_id": "c_1582"}, "geometry": {"type": "Point", "coordinates": [55.32787, 25.098814]}}, {"type": "Feature", "properties": {"cell_id": "c_1583"}, "geometry": {"type": "Point", "coordinates": [55.332832, 25.098814]}}, {"type": "Feature", "properties": {"cell_id": "c_1584"}, "geometry": {"type": "Point", "coordinates": [55.337794, 25.098814]}}, {"type": "Feature", "properties": {"cell_id": "c_1585"}, "geometry": {"type": "Point", "coordinates": [55.342756, 25.098814]}}, {"type": "Feature", "properties": {"cell_id": "c_1586"}, "geometry": {"type": "Point", "coordinates": [55.347717, 25.098814]}}, {"type": "Feature", "properties": {"cell_id": "c_1587"}, "geometry": {"type": "Point", "coordinates": [55.352679, 25.098814]}}, {"type": "Feature", "properties": {"cell_id": "c_1588"}, "geometry": {"type": "Point", "coordinates": [55.357641, 25.098814]}}, {"type": "Feature", "properties": {"cell_id": "c_1589"}, "geometry": {"type": "Point", "coordinates": [55.362603, 25.098814]}}, {"type": "Feature", "properties": {"cell_id": "c_1590"}, "geometry": {"type": "Point", "coordinates": [55.367565, 25.098814]}}, {"type": "Feature", "properties": {"cell_id": "c_1591"}, "geometry": {"type": "Point", "coordinates": [55.372527, 25.098814]}}, {"type": "Feature", "properties": {"cell_id": "c_1592"}, "geometry": {"type": "Point", "coordinates": [55.377489, 25.098814]}}, {"type": "Feature", "properties": {"cell_id": "c_1593"}, "geometry": {"type": "Point", "coordinates": [55.382451, 25.098814]}}, {"type": "Feature", "properties": {"cell_id": "c_1594"}, "geometry": {"type": "Point", "coordinates": [55.387413, 25.098814]}}, {"type": "Feature", "properties": {"cell_id": "c_1595"}, "geometry": {"type": "Point", "coordinates": [55.392375, 25.098814]}}, {"type": "Feature", "properties": {"cell_id": "c_1596"}, "geometry": {"type": "Point", "coordinates": [55.397337, 25.098814]}}, {"type": "Feature", "properties": {"cell_id": "c_1597"}, "geometry": {"type": "Point", "coordinates": [55.402299, 25.098814]}}, {"type": "Feature", "properties": {"cell_id": "c_1598"}, "geometry": {"type": "Point", "coordinates": [55.407261, 25.098814]}}, {"type": "Feature", "properties": {"cell_id": "c_1599"}, "geometry": {"type": "Point", "coordinates": [55.412223, 25.098814]}}, {"type": "Feature", "properties": {"cell_id": "c_1600"}, "geometry": {"type": "Point", "coordinates": [55.417185, 25.098814]}}, {"type": "Feature", "properties": {"cell_id": "c_1601"}, "geometry": {"type": "Point", "coordinates": [55.422147, 25.098814]}}, {"type": "Feature", "properties": {"cell_id": "c_1602"}, "geometry": {"type": "Point", "coordinates": [55.427109, 25.098814]}}, {"type": "Feature", "properties": {"cell_id": "c_1603"}, "geometry": {"type": "Point", "coordinates": [55.432071, 25.098814]}}, {"type": "Feature", "properties": {"cell_id": "c_1604"}, "geometry": {"type": "Point", "coordinates": [55.437033, 25.098814]}}, {"type": "Feature", "properties": {"cell_id": "c_1605"}, "geometry": {"type": "Point", "coordinates": [55.441995, 25.098814]}}, {"type": "Feature", "properties": {"cell_id": "c_1606"}, "geometry": {"type": "Point", "coordinates": [55.446957, 25.098814]}}, {"type": "Feature", "properties": {"cell_id": "c_1607"}, "geometry": {"type": "Point", "coordinates": [55.159163, 25.103306]}}, {"type": "Feature", "properties": {"cell_id": "c_1608"}, "geometry": {"type": "Point", "coordinates": [55.164125, 25.103306]}}, {"type": "Feature", "properties": {"cell_id": "c_1609"}, "geometry": {"type": "Point", "coordinates": [55.169087, 25.103306]}}, {"type": "Feature", "properties": {"cell_id": "c_1610"}, "geometry": {"type": "Point", "coordinates": [55.174049, 25.103306]}}, {"type": "Feature", "properties": {"cell_id": "c_1611"}, "geometry": {"type": "Point", "coordinates": [55.179011, 25.103306]}}, {"type": "Feature", "properties": {"cell_id": "c_1612"}, "geometry": {"type": "Point", "coordinates": [55.183973, 25.103306]}}, {"type": "Feature", "properties": {"cell_id": "c_1613"}, "geometry": {"type": "Point", "coordinates": [55.188935, 25.103306]}}, {"type": "Feature", "properties": {"cell_id": "c_1614"}, "geometry": {"type": "Point", "coordinates": [55.193897, 25.103306]}}, {"type": "Feature", "properties": {"cell_id": "c_1615"}, "geometry": {"type": "Point", "coordinates": [55.198859, 25.103306]}}, {"type": "Feature", "properties": {"cell_id": "c_1616"}, "geometry": {"type": "Point", "coordinates": [55.203821, 25.103306]}}, {"type": "Feature", "properties": {"cell_id": "c_1617"}, "geometry": {"type": "Point", "coordinates": [55.208783, 25.103306]}}, {"type": "Feature", "properties": {"cell_id": "c_1618"}, "geometry": {"type": "Point", "coordinates": [55.213745, 25.103306]}}, {"type": "Feature", "properties": {"cell_id": "c_1619"}, "geometry": {"type": "Point", "coordinates": [55.218707, 25.103306]}}, {"type": "Feature", "properties": {"cell_id": "c_1620"}, "geometry": {"type": "Point", "coordinates": [55.223669, 25.103306]}}, {"type": "Feature", "properties": {"cell_id": "c_1621"}, "geometry": {"type": "Point", "coordinates": [55.22863, 25.103306]}}, {"type": "Feature", "properties": {"cell_id": "c_1622"}, "geometry": {"type": "Point", "coordinates": [55.233592, 25.103306]}}, {"type": "Feature", "properties": {"cell_id": "c_1623"}, "geometry": {"type": "Point", "coordinates": [55.238554, 25.103306]}}, {"type": "Feature", "properties": {"cell_id": "c_1624"}, "geometry": {"type": "Point", "coordinates": [55.243516, 25.103306]}}, {"type": "Feature", "properties": {"cell_id": "c_1625"}, "geometry": {"type": "Point", "coordinates": [55.248478, 25.103306]}}, {"type": "Feature", "properties": {"cell_id": "c_1626"}, "geometry": {"type": "Point", "coordinates": [55.25344, 25.103306]}}, {"type": "Feature", "properties": {"cell_id": "c_1627"}, "geometry": {"type": "Point", "coordinates": [55.258402, 25.103306]}}, {"type": "Feature", "properties": {"cell_id": "c_1628"}, "geometry": {"type": "Point", "coordinates": [55.263364, 25.103306]}}, {"type": "Feature", "properties": {"cell_id": "c_1629"}, "geometry": {"type": "Point", "coordinates": [55.268326, 25.103306]}}, {"type": "Feature", "properties": {"cell_id": "c_1630"}, "geometry": {"type": "Point", "coordinates": [55.273288, 25.103306]}}, {"type": "Feature", "properties": {"cell_id": "c_1631"}, "geometry": {"type": "Point", "coordinates": [55.27825, 25.103306]}}, {"type": "Feature", "properties": {"cell_id": "c_1632"}, "geometry": {"type": "Point", "coordinates": [55.283212, 25.103306]}}, {"type": "Feature", "properties": {"cell_id": "c_1633"}, "geometry": {"type": "Point", "coordinates": [55.288174, 25.103306]}}, {"type": "Feature", "properties": {"cell_id": "c_1634"}, "geometry": {"type": "Point", "coordinates": [55.293136, 25.103306]}}, {"type": "Feature", "properties": {"cell_id": "c_1635"}, "geometry": {"type": "Point", "coordinates": [55.298098, 25.103306]}}, {"type": "Feature", "properties": {"cell_id": "c_1636"}, "geometry": {"type": "Point", "coordinates": [55.30306, 25.103306]}}, {"type": "Feature", "properties": {"cell_id": "c_1637"}, "geometry": {"type": "Point", "coordinates": [55.308022, 25.103306]}}, {"type": "Feature", "properties": {"cell_id": "c_1638"}, "geometry": {"type": "Point", "coordinates": [55.312984, 25.103306]}}, {"type": "Feature", "properties": {"cell_id": "c_1639"}, "geometry": {"type": "Point", "coordinates": [55.317946, 25.103306]}}, {"type": "Feature", "properties": {"cell_id": "c_1640"}, "geometry": {"type": "Point", "coordinates": [55.322908, 25.103306]}}, {"type": "Feature", "properties": {"cell_id": "c_1641"}, "geometry": {"type": "Point", "coordinates": [55.32787, 25.103306]}}, {"type": "Feature", "properties": {"cell_id": "c_1642"}, "geometry": {"type": "Point", "coordinates": [55.332832, 25.103306]}}, {"type": "Feature", "properties": {"cell_id": "c_1643"}, "geometry": {"type": "Point", "coordinates": [55.337794, 25.103306]}}, {"type": "Feature", "properties": {"cell_id": "c_1644"}, "geometry": {"type": "Point", "coordinates": [55.342756, 25.103306]}}, {"type": "Feature", "properties": {"cell_id": "c_1645"}, "geometry": {"type": "Point", "coordinates": [55.347717, 25.103306]}}, {"type": "Feature", "properties": {"cell_id": "c_1646"}, "geometry": {"type": "Point", "coordinates": [55.352679, 25.103306]}}, {"type": "Feature", "properties": {"cell_id": "c_1647"}, "geometry": {"type": "Point", "coordinates": [55.357641, 25.103306]}}, {"type": "Feature", "properties": {"cell_id": "c_1648"}, "geometry": {"type": "Point", "coordinates": [55.362603, 25.103306]}}, {"type": "Feature", "properties": {"cell_id": "c_1649"}, "geometry": {"type": "Point", "coordinates": [55.367565, 25.103306]}}, {"type": "Feature", "properties": {"cell_id": "c_1650"}, "geometry": {"type": "Point", "coordinates": [55.372527, 25.103306]}}, {"type": "Feature", "properties": {"cell_id": "c_1651"}, "geometry": {"type": "Point", "coordinates": [55.377489, 25.103306]}}, {"type": "Feature", "properties": {"cell_id": "c_1652"}, "geometry": {"type": "Point", "coordinates": [55.382451, 25.103306]}}, {"type": "Feature", "properties": {"cell_id": "c_1653"}, "geometry": {"type": "Point", "coordinates": [55.387413, 25.103306]}}, {"type": "Feature", "properties": {"cell_id": "c_1654"}, "geometry": {"type": "Point", "coordinates": [55.392375, 25.103306]}}, {"type": "Feature", "properties": {"cell_id": "c_1655"}, "geometry": {"type": "Point", "coordinates": [55.397337, 25.103306]}}, {"type": "Feature", "properties": {"cell_id": "c_1656"}, "geometry": {"type": "Point", "coordinates": [55.402299, 25.103306]}}, {"type": "Feature", "properties": {"cell_id": "c_1657"}, "geometry": {"type": "Point", "coordinates": [55.407261, 25.103306]}}, {"type": "Feature", "properties": {"cell_id": "c_1658"}, "geometry": {"type": "Point", "coordinates": [55.412223, 25.103306]}}, {"type": "Feature", "properties": {"cell_id": "c_1659"}, "geometry": {"type": "Point", "coordinates": [55.417185, 25.103306]}}, {"type": "Feature", "properties": {"cell_id": "c_1660"}, "geometry": {"type": "Point", "coordinates": [55.422147, 25.103306]}}, {"type": "Feature", "properties": {"cell_id": "c_1661"}, "geometry": {"type": "Point", "coordinates": [55.427109, 25.103306]}}, {"type": "Feature", "properties": {"cell_id": "c_1662"}, "geometry": {"type": "Point", "coordinates": [55.432071, 25.103306]}}, {"type": "Feature", "properties": {"cell_id": "c_1663"}, "geometry": {"type": "Point", "coordinates": [55.437033, 25.103306]}}, {"type": "Feature", "properties": {"cell_id": "c_1664"}, "geometry": {"type": "Point", "coordinates": [55.441995, 25.103306]}}, {"type": "Feature", "properties": {"cell_id": "c_1665"}, "geometry": {"type": "Point", "coordinates": [55.446957, 25.103306]}}, {"type": "Feature", "properties": {"cell_id": "c_1666"}, "geometry": {"type": "Point", "coordinates": [55.159163, 25.107797]}}, {"type": "Feature", "properties": {"cell_id": "c_1667"}, "geometry": {"type": "Point", "coordinates": [55.164125, 25.107797]}}, {"type": "Feature", "properties": {"cell_id": "c_1668"}, "geometry": {"type": "Point", "coordinates": [55.169087, 25.107797]}}, {"type": "Feature", "properties": {"cell_id": "c_1669"}, "geometry": {"type": "Point", "coordinates": [55.174049, 25.107797]}}, {"type": "Feature", "properties": {"cell_id": "c_1670"}, "geometry": {"type": "Point", "coordinates": [55.179011, 25.107797]}}, {"type": "Feature", "properties": {"cell_id": "c_1671"}, "geometry": {"type": "Point", "coordinates": [55.183973, 25.107797]}}, {"type": "Feature", "properties": {"cell_id": "c_1672"}, "geometry": {"type": "Point", "coordinates": [55.188935, 25.107797]}}, {"type": "Feature", "properties": {"cell_id": "c_1673"}, "geometry": {"type": "Point", "coordinates": [55.193897, 25.107797]}}, {"type": "Feature", "properties": {"cell_id": "c_1674"}, "geometry": {"type": "Point", "coordinates": [55.198859, 25.107797]}}, {"type": "Feature", "properties": {"cell_id": "c_1675"}, "geometry": {"type": "Point", "coordinates": [55.203821, 25.107797]}}, {"type": "Feature", "properties": {"cell_id": "c_1676"}, "geometry": {"type": "Point", "coordinates": [55.208783, 25.107797]}}, {"type": "Feature", "properties": {"cell_id": "c_1677"}, "geometry": {"type": "Point", "coordinates": [55.213745, 25.107797]}}, {"type": "Feature", "properties": {"cell_id": "c_1678"}, "geometry": {"type": "Point", "coordinates": [55.218707, 25.107797]}}, {"type": "Feature", "properties": {"cell_id": "c_1679"}, "geometry": {"type": "Point", "coordinates": [55.223669, 25.107797]}}, {"type": "Feature", "properties": {"cell_id": "c_1680"}, "geometry": {"type": "Point", "coordinates": [55.22863, 25.107797]}}, {"type": "Feature", "properties": {"cell_id": "c_1681"}, "geometry": {"type": "Point", "coordinates": [55.233592, 25.107797]}}, {"type": "Feature", "properties": {"cell_id": "c_1682"}, "geometry": {"type": "Point", "coordinates": [55.238554, 25.107797]}}, {"type": "Feature", "properties": {"cell_id": "c_1683"}, "geometry": {"type": "Point", "coordinates": [55.243516, 25.107797]}}, {"type": "Feature", "properties": {"cell_id": "c_1684"}, "geometry": {"type": "Point", "coordinates": [55.248478, 25.107797]}}, {"type": "Feature", "properties": {"cell_id": "c_1685"}, "geometry": {"type": "Point", "coordinates": [55.25344, 25.107797]}}, {"type": "Feature", "properties": {"cell_id": "c_1686"}, "geometry": {"type": "Point", "coordinates": [55.258402, 25.107797]}}, {"type": "Feature", "properties": {"cell_id": "c_1687"}, "geometry": {"type": "Point", "coordinates": [55.263364, 25.107797]}}, {"type": "Feature", "properties": {"cell_id": "c_1688"}, "geometry": {"type": "Point", "coordinates": [55.268326, 25.107797]}}, {"type": "Feature", "properties": {"cell_id": "c_1689"}, "geometry": {"type": "Point", "coordinates": [55.273288, 25.107797]}}, {"type": "Feature", "properties": {"cell_id": "c_1690"}, "geometry": {"type": "Point", "coordinates": [55.27825, 25.107797]}}, {"type": "Feature", "properties": {"cell_id": "c_1691"}, "geometry": {"type": "Point", "coordinates": [55.283212, 25.107797]}}, {"type": "Feature", "properties": {"cell_id": "c_1692"}, "geometry": {"type": "Point", "coordinates": [55.288174, 25.107797]}}, {"type": "Feature", "properties": {"cell_id": "c_1693"}, "geometry": {"type": "Point", "coordinates": [55.293136, 25.107797]}}, {"type": "Feature", "properties": {"cell_id": "c_1694"}, "geometry": {"type": "Point", "coordinates": [55.298098, 25.107797]}}, {"type": "Feature", "properties": {"cell_id": "c_1695"}, "geometry": {"type": "Point", "coordinates": [55.30306, 25.107797]}}, {"type": "Feature", "properties": {"cell_id": "c_1696"}, "geometry": {"type": "Point", "coordinates": [55.308022, 25.107797]}}, {"type": "Feature", "properties": {"cell_id": "c_1697"}, "geometry": {"type": "Point", "coordinates": [55.312984, 25.107797]}}, {"type": "Feature", "properties": {"cell_id": "c_1698"}, "geometry": {"type": "Point", "coordinates": [55.317946, 25.107797]}}, {"type": "Feature", "properties": {"cell_id": "c_1699"}, "geometry": {"type": "Point", "coordinates": [55.322908, 25.107797]}}, {"type": "Feature", "properties": {"cell_id": "c_1700"}, "geometry": {"type": "Point", "coordinates": [55.32787, 25.107797]}}, {"type": "Feature", "properties": {"cell_id": "c_1701"}, "geometry": {"type": "Point", "coordinates": [55.332832, 25.107797]}}, {"type": "Feature", "properties": {"cell_id": "c_1702"}, "geometry": {"type": "Point", "coordinates": [55.337794, 25.107797]}}, {"type": "Feature", "properties": {"cell_id": "c_1703"}, "geometry": {"type": "Point", "coordinates": [55.342756, 25.107797]}}, {"type": "Feature", "properties": {"cell_id": "c_1704"}, "geometry": {"type": "Point", "coordinates": [55.347717, 25.107797]}}, {"type": "Feature", "properties": {"cell_id": "c_1705"}, "geometry": {"type": "Point", "coordinates": [55.352679, 25.107797]}}, {"type": "Feature", "properties": {"cell_id": "c_1706"}, "geometry": {"type": "Point", "coordinates": [55.357641, 25.107797]}}, {"type": "Feature", "properties": {"cell_id": "c_1707"}, "geometry": {"type": "Point", "coordinates": [55.362603, 25.107797]}}, {"type": "Feature", "properties": {"cell_id": "c_1708"}, "geometry": {"type": "Point", "coordinates": [55.367565, 25.107797]}}, {"type": "Feature", "properties": {"cell_id": "c_1709"}, "geometry": {"type": "Point", "coordinates": [55.372527, 25.107797]}}, {"type": "Feature", "properties": {"cell_id": "c_1710"}, "geometry": {"type": "Point", "coordinates": [55.377489, 25.107797]}}, {"type": "Feature", "properties": {"cell_id": "c_1711"}, "geometry": {"type": "Point", "coordinates": [55.382451, 25.107797]}}, {"type": "Feature", "properties": {"cell_id": "c_1712"}, "geometry": {"type": "Point", "coordinates": [55.387413, 25.107797]}}, {"type": "Feature", "properties": {"cell_id": "c_1713"}, "geometry": {"type": "Point", "coordinates": [55.392375, 25.107797]}}, {"type": "Feature", "properties": {"cell_id": "c_1714"}, "geometry": {"type": "Point", "coordinates": [55.397337, 25.107797]}}, {"type": "Feature", "properties": {"cell_id": "c_1715"}, "geometry": {"type": "Point", "coordinates": [55.402299, 25.107797]}}, {"type": "Feature", "properties": {"cell_id": "c_1716"}, "geometry": {"type": "Point", "coordinates": [55.407261, 25.107797]}}, {"type": "Feature", "properties": {"cell_id": "c_1717"}, "geometry": {"type": "Point", "coordinates": [55.412223, 25.107797]}}, {"type": "Feature", "properties": {"cell_id": "c_1718"}, "geometry": {"type": "Point", "coordinates": [55.417185, 25.107797]}}, {"type": "Feature", "properties": {"cell_id": "c_1719"}, "geometry": {"type": "Point", "coordinates": [55.422147, 25.107797]}}, {"type": "Feature", "properties": {"cell_id": "c_1720"}, "geometry": {"type": "Point", "coordinates": [55.427109, 25.107797]}}, {"type": "Feature", "properties": {"cell_id": "c_1721"}, "geometry": {"type": "Point", "coordinates": [55.432071, 25.107797]}}, {"type": "Feature", "properties": {"cell_id": "c_1722"}, "geometry": {"type": "Point", "coordinates": [55.437033, 25.107797]}}, {"type": "Feature", "properties": {"cell_id": "c_1723"}, "geometry": {"type": "Point", "coordinates": [55.441995, 25.107797]}}, {"type": "Feature", "properties": {"cell_id": "c_1724"}, "geometry": {"type": "Point", "coordinates": [55.446957, 25.107797]}}, {"type": "Feature", "properties": {"cell_id": "c_1725"}, "geometry": {"type": "Point", "coordinates": [55.169087, 25.112289]}}, {"type": "Feature", "properties": {"cell_id": "c_1726"}, "geometry": {"type": "Point", "coordinates": [55.174049, 25.112289]}}, {"type": "Feature", "properties": {"cell_id": "c_1727"}, "geometry": {"type": "Point", "coordinates": [55.179011, 25.112289]}}, {"type": "Feature", "properties": {"cell_id": "c_1728"}, "geometry": {"type": "Point", "coordinates": [55.183973, 25.112289]}}, {"type": "Feature", "properties": {"cell_id": "c_1729"}, "geometry": {"type": "Point", "coordinates": [55.188935, 25.112289]}}, {"type": "Feature", "properties": {"cell_id": "c_1730"}, "geometry": {"type": "Point", "coordinates": [55.193897, 25.112289]}}, {"type": "Feature", "properties": {"cell_id": "c_1731"}, "geometry": {"type": "Point", "coordinates": [55.198859, 25.112289]}}, {"type": "Feature", "properties": {"cell_id": "c_1732"}, "geometry": {"type": "Point", "coordinates": [55.203821, 25.112289]}}, {"type": "Feature", "properties": {"cell_id": "c_1733"}, "geometry": {"type": "Point", "coordinates": [55.208783, 25.112289]}}, {"type": "Feature", "properties": {"cell_id": "c_1734"}, "geometry": {"type": "Point", "coordinates": [55.213745, 25.112289]}}, {"type": "Feature", "properties": {"cell_id": "c_1735"}, "geometry": {"type": "Point", "coordinates": [55.218707, 25.112289]}}, {"type": "Feature", "properties": {"cell_id": "c_1736"}, "geometry": {"type": "Point", "coordinates": [55.223669, 25.112289]}}, {"type": "Feature", "properties": {"cell_id": "c_1737"}, "geometry": {"type": "Point", "coordinates": [55.22863, 25.112289]}}, {"type": "Feature", "properties": {"cell_id": "c_1738"}, "geometry": {"type": "Point", "coordinates": [55.233592, 25.112289]}}, {"type": "Feature", "properties": {"cell_id": "c_1739"}, "geometry": {"type": "Point", "coordinates": [55.238554, 25.112289]}}, {"type": "Feature", "properties": {"cell_id": "c_1740"}, "geometry": {"type": "Point", "coordinates": [55.243516, 25.112289]}}, {"type": "Feature", "properties": {"cell_id": "c_1741"}, "geometry": {"type": "Point", "coordinates": [55.248478, 25.112289]}}, {"type": "Feature", "properties": {"cell_id": "c_1742"}, "geometry": {"type": "Point", "coordinates": [55.25344, 25.112289]}}, {"type": "Feature", "properties": {"cell_id": "c_1743"}, "geometry": {"type": "Point", "coordinates": [55.258402, 25.112289]}}, {"type": "Feature", "properties": {"cell_id": "c_1744"}, "geometry": {"type": "Point", "coordinates": [55.263364, 25.112289]}}, {"type": "Feature", "properties": {"cell_id": "c_1745"}, "geometry": {"type": "Point", "coordinates": [55.268326, 25.112289]}}, {"type": "Feature", "properties": {"cell_id": "c_1746"}, "geometry": {"type": "Point", "coordinates": [55.273288, 25.112289]}}, {"type": "Feature", "properties": {"cell_id": "c_1747"}, "geometry": {"type": "Point", "coordinates": [55.27825, 25.112289]}}, {"type": "Feature", "properties": {"cell_id": "c_1748"}, "geometry": {"type": "Point", "coordinates": [55.283212, 25.112289]}}, {"type": "Feature", "properties": {"cell_id": "c_1749"}, "geometry": {"type": "Point", "coordinates": [55.288174, 25.112289]}}, {"type": "Feature", "properties": {"cell_id": "c_1750"}, "geometry": {"type": "Point", "coordinates": [55.293136, 25.112289]}}, {"type": "Feature", "properties": {"cell_id": "c_1751"}, "geometry": {"type": "Point", "coordinates": [55.298098, 25.112289]}}, {"type": "Feature", "properties": {"cell_id": "c_1752"}, "geometry": {"type": "Point", "coordinates": [55.30306, 25.112289]}}, {"type": "Feature", "properties": {"cell_id": "c_1753"}, "geometry": {"type": "Point", "coordinates": [55.308022, 25.112289]}}, {"type": "Feature", "properties": {"cell_id": "c_1754"}, "geometry": {"type": "Point", "coordinates": [55.312984, 25.112289]}}, {"type": "Feature", "properties": {"cell_id": "c_1755"}, "geometry": {"type": "Point", "coordinates": [55.317946, 25.112289]}}, {"type": "Feature", "properties": {"cell_id": "c_1756"}, "geometry": {"type": "Point", "coordinates": [55.322908, 25.112289]}}, {"type": "Feature", "properties": {"cell_id": "c_1757"}, "geometry": {"type": "Point", "coordinates": [55.32787, 25.112289]}}, {"type": "Feature", "properties": {"cell_id": "c_1758"}, "geometry": {"type": "Point", "coordinates": [55.332832, 25.112289]}}, {"type": "Feature", "properties": {"cell_id": "c_1759"}, "geometry": {"type": "Point", "coordinates": [55.337794, 25.112289]}}, {"type": "Feature", "properties": {"cell_id": "c_1760"}, "geometry": {"type": "Point", "coordinates": [55.342756, 25.112289]}}, {"type": "Feature", "properties": {"cell_id": "c_1761"}, "geometry": {"type": "Point", "coordinates": [55.347717, 25.112289]}}, {"type": "Feature", "properties": {"cell_id": "c_1762"}, "geometry": {"type": "Point", "coordinates": [55.352679, 25.112289]}}, {"type": "Feature", "properties": {"cell_id": "c_1763"}, "geometry": {"type": "Point", "coordinates": [55.357641, 25.112289]}}, {"type": "Feature", "properties": {"cell_id": "c_1764"}, "geometry": {"type": "Point", "coordinates": [55.362603, 25.112289]}}, {"type": "Feature", "properties": {"cell_id": "c_1765"}, "geometry": {"type": "Point", "coordinates": [55.367565, 25.112289]}}, {"type": "Feature", "properties": {"cell_id": "c_1766"}, "geometry": {"type": "Point", "coordinates": [55.372527, 25.112289]}}, {"type": "Feature", "properties": {"cell_id": "c_1767"}, "geometry": {"type": "Point", "coordinates": [55.377489, 25.112289]}}, {"type": "Feature", "properties": {"cell_id": "c_1768"}, "geometry": {"type": "Point", "coordinates": [55.382451, 25.112289]}}, {"type": "Feature", "properties": {"cell_id": "c_1769"}, "geometry": {"type": "Point", "coordinates": [55.387413, 25.112289]}}, {"type": "Feature", "properties": {"cell_id": "c_1770"}, "geometry": {"type": "Point", "coordinates": [55.392375, 25.112289]}}, {"type": "Feature", "properties": {"cell_id": "c_1771"}, "geometry": {"type": "Point", "coordinates": [55.397337, 25.112289]}}, {"type": "Feature", "properties": {"cell_id": "c_1772"}, "geometry": {"type": "Point", "coordinates": [55.402299, 25.112289]}}, {"type": "Feature", "properties": {"cell_id": "c_1773"}, "geometry": {"type": "Point", "coordinates": [55.407261, 25.112289]}}, {"type": "Feature", "properties": {"cell_id": "c_1774"}, "geometry": {"type": "Point", "coordinates": [55.412223, 25.112289]}}, {"type": "Feature", "properties": {"cell_id": "c_1775"}, "geometry": {"type": "Point", "coordinates": [55.417185, 25.112289]}}, {"type": "Feature", "properties": {"cell_id": "c_1776"}, "geometry": {"type": "Point", "coordinates": [55.422147, 25.112289]}}, {"type": "Feature", "properties": {"cell_id": "c_1777"}, "geometry": {"type": "Point", "coordinates": [55.427109, 25.112289]}}, {"type": "Feature", "properties": {"cell_id": "c_1778"}, "geometry": {"type": "Point", "coordinates": [55.432071, 25.112289]}}, {"type": "Feature", "properties": {"cell_id": "c_1779"}, "geometry": {"type": "Point", "coordinates": [55.437033, 25.112289]}}, {"type": "Feature", "properties": {"cell_id": "c_1780"}, "geometry": {"type": "Point", "coordinates": [55.441995, 25.112289]}}, {"type": "Feature", "properties": {"cell_id": "c_1781"}, "geometry": {"type": "Point", "coordinates": [55.446957, 25.112289]}}, {"type": "Feature", "properties": {"cell_id": "c_1782"}, "geometry": {"type": "Point", "coordinates": [55.179011, 25.11678]}}, {"type": "Feature", "properties": {"cell_id": "c_1783"}, "geometry": {"type": "Point", "coordinates": [55.183973, 25.11678]}}, {"type": "Feature", "properties": {"cell_id": "c_1784"}, "geometry": {"type": "Point", "coordinates": [55.188935, 25.11678]}}, {"type": "Feature", "properties": {"cell_id": "c_1785"}, "geometry": {"type": "Point", "coordinates": [55.193897, 25.11678]}}, {"type": "Feature", "properties": {"cell_id": "c_1786"}, "geometry": {"type": "Point", "coordinates": [55.198859, 25.11678]}}, {"type": "Feature", "properties": {"cell_id": "c_1787"}, "geometry": {"type": "Point", "coordinates": [55.203821, 25.11678]}}, {"type": "Feature", "properties": {"cell_id": "c_1788"}, "geometry": {"type": "Point", "coordinates": [55.208783, 25.11678]}}, {"type": "Feature", "properties": {"cell_id": "c_1789"}, "geometry": {"type": "Point", "coordinates": [55.213745, 25.11678]}}, {"type": "Feature", "properties": {"cell_id": "c_1790"}, "geometry": {"type": "Point", "coordinates": [55.218707, 25.11678]}}, {"type": "Feature", "properties": {"cell_id": "c_1791"}, "geometry": {"type": "Point", "coordinates": [55.223669, 25.11678]}}, {"type": "Feature", "properties": {"cell_id": "c_1792"}, "geometry": {"type": "Point", "coordinates": [55.22863, 25.11678]}}, {"type": "Feature", "properties": {"cell_id": "c_1793"}, "geometry": {"type": "Point", "coordinates": [55.233592, 25.11678]}}, {"type": "Feature", "properties": {"cell_id": "c_1794"}, "geometry": {"type": "Point", "coordinates": [55.238554, 25.11678]}}, {"type": "Feature", "properties": {"cell_id": "c_1795"}, "geometry": {"type": "Point", "coordinates": [55.243516, 25.11678]}}, {"type": "Feature", "properties": {"cell_id": "c_1796"}, "geometry": {"type": "Point", "coordinates": [55.248478, 25.11678]}}, {"type": "Feature", "properties": {"cell_id": "c_1797"}, "geometry": {"type": "Point", "coordinates": [55.25344, 25.11678]}}, {"type": "Feature", "properties": {"cell_id": "c_1798"}, "geometry": {"type": "Point", "coordinates": [55.258402, 25.11678]}}, {"type": "Feature", "properties": {"cell_id": "c_1799"}, "geometry": {"type": "Point", "coordinates": [55.263364, 25.11678]}}, {"type": "Feature", "properties": {"cell_id": "c_1800"}, "geometry": {"type": "Point", "coordinates": [55.268326, 25.11678]}}, {"type": "Feature", "properties": {"cell_id": "c_1801"}, "geometry": {"type": "Point", "coordinates": [55.273288, 25.11678]}}, {"type": "Feature", "properties": {"cell_id": "c_1802"}, "geometry": {"type": "Point", "coordinates": [55.27825, 25.11678]}}, {"type": "Feature", "properties": {"cell_id": "c_1803"}, "geometry": {"type": "Point", "coordinates": [55.283212, 25.11678]}}, {"type": "Feature", "properties": {"cell_id": "c_1804"}, "geometry": {"type": "Point", "coordinates": [55.288174, 25.11678]}}, {"type": "Feature", "properties": {"cell_id": "c_1805"}, "geometry": {"type": "Point", "coordinates": [55.293136, 25.11678]}}, {"type": "Feature", "properties": {"cell_id": "c_1806"}, "geometry": {"type": "Point", "coordinates": [55.298098, 25.11678]}}, {"type": "Feature", "properties": {"cell_id": "c_1807"}, "geometry": {"type": "Point", "coordinates": [55.30306, 25.11678]}}, {"type": "Feature", "properties": {"cell_id": "c_1808"}, "geometry": {"type": "Point", "coordinates": [55.308022, 25.11678]}}, {"type": "Feature", "properties": {"cell_id": "c_1809"}, "geometry": {"type": "Point", "coordinates": [55.312984, 25.11678]}}, {"type": "Feature", "properties": {"cell_id": "c_1810"}, "geometry": {"type": "Point", "coordinates": [55.317946, 25.11678]}}, {"type": "Feature", "properties": {"cell_id": "c_1811"}, "geometry": {"type": "Point", "coordinates": [55.322908, 25.11678]}}, {"type": "Feature", "properties": {"cell_id": "c_1812"}, "geometry": {"type": "Point", "coordinates": [55.32787, 25.11678]}}, {"type": "Feature", "properties": {"cell_id": "c_1813"}, "geometry": {"type": "Point", "coordinates": [55.332832, 25.11678]}}, {"type": "Feature", "properties": {"cell_id": "c_1814"}, "geometry": {"type": "Point", "coordinates": [55.337794, 25.11678]}}, {"type": "Feature", "properties": {"cell_id": "c_1815"}, "geometry": {"type": "Point", "coordinates": [55.342756, 25.11678]}}, {"type": "Feature", "properties": {"cell_id": "c_1816"}, "geometry": {"type": "Point", "coordinates": [55.347717, 25.11678]}}, {"type": "Feature", "properties": {"cell_id": "c_1817"}, "geometry": {"type": "Point", "coordinates": [55.352679, 25.11678]}}, {"type": "Feature", "properties": {"cell_id": "c_1818"}, "geometry": {"type": "Point", "coordinates": [55.357641, 25.11678]}}, {"type": "Feature", "properties": {"cell_id": "c_1819"}, "geometry": {"type": "Point", "coordinates": [55.362603, 25.11678]}}, {"type": "Feature", "properties": {"cell_id": "c_1820"}, "geometry": {"type": "Point", "coordinates": [55.367565, 25.11678]}}, {"type": "Feature", "properties": {"cell_id": "c_1821"}, "geometry": {"type": "Point", "coordinates": [55.372527, 25.11678]}}, {"type": "Feature", "properties": {"cell_id": "c_1822"}, "geometry": {"type": "Point", "coordinates": [55.377489, 25.11678]}}, {"type": "Feature", "properties": {"cell_id": "c_1823"}, "geometry": {"type": "Point", "coordinates": [55.382451, 25.11678]}}, {"type": "Feature", "properties": {"cell_id": "c_1824"}, "geometry": {"type": "Point", "coordinates": [55.387413, 25.11678]}}, {"type": "Feature", "properties": {"cell_id": "c_1825"}, "geometry": {"type": "Point", "coordinates": [55.392375, 25.11678]}}, {"type": "Feature", "properties": {"cell_id": "c_1826"}, "geometry": {"type": "Point", "coordinates": [55.397337, 25.11678]}}, {"type": "Feature", "properties": {"cell_id": "c_1827"}, "geometry": {"type": "Point", "coordinates": [55.402299, 25.11678]}}, {"type": "Feature", "properties": {"cell_id": "c_1828"}, "geometry": {"type": "Point", "coordinates": [55.407261, 25.11678]}}, {"type": "Feature", "properties": {"cell_id": "c_1829"}, "geometry": {"type": "Point", "coordinates": [55.412223, 25.11678]}}, {"type": "Feature", "properties": {"cell_id": "c_1830"}, "geometry": {"type": "Point", "coordinates": [55.417185, 25.11678]}}, {"type": "Feature", "properties": {"cell_id": "c_1831"}, "geometry": {"type": "Point", "coordinates": [55.422147, 25.11678]}}, {"type": "Feature", "properties": {"cell_id": "c_1832"}, "geometry": {"type": "Point", "coordinates": [55.427109, 25.11678]}}, {"type": "Feature", "properties": {"cell_id": "c_1833"}, "geometry": {"type": "Point", "coordinates": [55.432071, 25.11678]}}, {"type": "Feature", "properties": {"cell_id": "c_1834"}, "geometry": {"type": "Point", "coordinates": [55.437033, 25.11678]}}, {"type": "Feature", "properties": {"cell_id": "c_1835"}, "geometry": {"type": "Point", "coordinates": [55.441995, 25.11678]}}, {"type": "Feature", "properties": {"cell_id": "c_1836"}, "geometry": {"type": "Point", "coordinates": [55.446957, 25.11678]}}, {"type": "Feature", "properties": {"cell_id": "c_1837"}, "geometry": {"type": "Point", "coordinates": [55.179011, 25.121272]}}, {"type": "Feature", "properties": {"cell_id": "c_1838"}, "geometry": {"type": "Point", "coordinates": [55.183973, 25.121272]}}, {"type": "Feature", "properties": {"cell_id": "c_1839"}, "geometry": {"type": "Point", "coordinates": [55.188935, 25.121272]}}, {"type": "Feature", "properties": {"cell_id": "c_1840"}, "geometry": {"type": "Point", "coordinates": [55.193897, 25.121272]}}, {"type": "Feature", "properties": {"cell_id": "c_1841"}, "geometry": {"type": "Point", "coordinates": [55.198859, 25.121272]}}, {"type": "Feature", "properties": {"cell_id": "c_1842"}, "geometry": {"type": "Point", "coordinates": [55.203821, 25.121272]}}, {"type": "Feature", "properties": {"cell_id": "c_1843"}, "geometry": {"type": "Point", "coordinates": [55.208783, 25.121272]}}, {"type": "Feature", "properties": {"cell_id": "c_1844"}, "geometry": {"type": "Point", "coordinates": [55.213745, 25.121272]}}, {"type": "Feature", "properties": {"cell_id": "c_1845"}, "geometry": {"type": "Point", "coordinates": [55.218707, 25.121272]}}, {"type": "Feature", "properties": {"cell_id": "c_1846"}, "geometry": {"type": "Point", "coordinates": [55.223669, 25.121272]}}, {"type": "Feature", "properties": {"cell_id": "c_1847"}, "geometry": {"type": "Point", "coordinates": [55.22863, 25.121272]}}, {"type": "Feature", "properties": {"cell_id": "c_1848"}, "geometry": {"type": "Point", "coordinates": [55.233592, 25.121272]}}, {"type": "Feature", "properties": {"cell_id": "c_1849"}, "geometry": {"type": "Point", "coordinates": [55.238554, 25.121272]}}, {"type": "Feature", "properties": {"cell_id": "c_1850"}, "geometry": {"type": "Point", "coordinates": [55.243516, 25.121272]}}, {"type": "Feature", "properties": {"cell_id": "c_1851"}, "geometry": {"type": "Point", "coordinates": [55.248478, 25.121272]}}, {"type": "Feature", "properties": {"cell_id": "c_1852"}, "geometry": {"type": "Point", "coordinates": [55.25344, 25.121272]}}, {"type": "Feature", "properties": {"cell_id": "c_1853"}, "geometry": {"type": "Point", "coordinates": [55.258402, 25.121272]}}, {"type": "Feature", "properties": {"cell_id": "c_1854"}, "geometry": {"type": "Point", "coordinates": [55.263364, 25.121272]}}, {"type": "Feature", "properties": {"cell_id": "c_1855"}, "geometry": {"type": "Point", "coordinates": [55.268326, 25.121272]}}, {"type": "Feature", "properties": {"cell_id": "c_1856"}, "geometry": {"type": "Point", "coordinates": [55.273288, 25.121272]}}, {"type": "Feature", "properties": {"cell_id": "c_1857"}, "geometry": {"type": "Point", "coordinates": [55.27825, 25.121272]}}, {"type": "Feature", "properties": {"cell_id": "c_1858"}, "geometry": {"type": "Point", "coordinates": [55.283212, 25.121272]}}, {"type": "Feature", "properties": {"cell_id": "c_1859"}, "geometry": {"type": "Point", "coordinates": [55.288174, 25.121272]}}, {"type": "Feature", "properties": {"cell_id": "c_1860"}, "geometry": {"type": "Point", "coordinates": [55.293136, 25.121272]}}, {"type": "Feature", "properties": {"cell_id": "c_1861"}, "geometry": {"type": "Point", "coordinates": [55.298098, 25.121272]}}, {"type": "Feature", "properties": {"cell_id": "c_1862"}, "geometry": {"type": "Point", "coordinates": [55.30306, 25.121272]}}, {"type": "Feature", "properties": {"cell_id": "c_1863"}, "geometry": {"type": "Point", "coordinates": [55.308022, 25.121272]}}, {"type": "Feature", "properties": {"cell_id": "c_1864"}, "geometry": {"type": "Point", "coordinates": [55.312984, 25.121272]}}, {"type": "Feature", "properties": {"cell_id": "c_1865"}, "geometry": {"type": "Point", "coordinates": [55.317946, 25.121272]}}, {"type": "Feature", "properties": {"cell_id": "c_1866"}, "geometry": {"type": "Point", "coordinates": [55.322908, 25.121272]}}, {"type": "Feature", "properties": {"cell_id": "c_1867"}, "geometry": {"type": "Point", "coordinates": [55.32787, 25.121272]}}, {"type": "Feature", "properties": {"cell_id": "c_1868"}, "geometry": {"type": "Point", "coordinates": [55.332832, 25.121272]}}, {"type": "Feature", "properties": {"cell_id": "c_1869"}, "geometry": {"type": "Point", "coordinates": [55.337794, 25.121272]}}, {"type": "Feature", "properties": {"cell_id": "c_1870"}, "geometry": {"type": "Point", "coordinates": [55.342756, 25.121272]}}, {"type": "Feature", "properties": {"cell_id": "c_1871"}, "geometry": {"type": "Point", "coordinates": [55.347717, 25.121272]}}, {"type": "Feature", "properties": {"cell_id": "c_1872"}, "geometry": {"type": "Point", "coordinates": [55.352679, 25.121272]}}, {"type": "Feature", "properties": {"cell_id": "c_1873"}, "geometry": {"type": "Point", "coordinates": [55.357641, 25.121272]}}, {"type": "Feature", "properties": {"cell_id": "c_1874"}, "geometry": {"type": "Point", "coordinates": [55.362603, 25.121272]}}, {"type": "Feature", "properties": {"cell_id": "c_1875"}, "geometry": {"type": "Point", "coordinates": [55.367565, 25.121272]}}, {"type": "Feature", "properties": {"cell_id": "c_1876"}, "geometry": {"type": "Point", "coordinates": [55.372527, 25.121272]}}, {"type": "Feature", "properties": {"cell_id": "c_1877"}, "geometry": {"type": "Point", "coordinates": [55.377489, 25.121272]}}, {"type": "Feature", "properties": {"cell_id": "c_1878"}, "geometry": {"type": "Point", "coordinates": [55.382451, 25.121272]}}, {"type": "Feature", "properties": {"cell_id": "c_1879"}, "geometry": {"type": "Point", "coordinates": [55.387413, 25.121272]}}, {"type": "Feature", "properties": {"cell_id": "c_1880"}, "geometry": {"type": "Point", "coordinates": [55.392375, 25.121272]}}, {"type": "Feature", "properties": {"cell_id": "c_1881"}, "geometry": {"type": "Point", "coordinates": [55.397337, 25.121272]}}, {"type": "Feature", "properties": {"cell_id": "c_1882"}, "geometry": {"type": "Point", "coordinates": [55.402299, 25.121272]}}, {"type": "Feature", "properties": {"cell_id": "c_1883"}, "geometry": {"type": "Point", "coordinates": [55.407261, 25.121272]}}, {"type": "Feature", "properties": {"cell_id": "c_1884"}, "geometry": {"type": "Point", "coordinates": [55.412223, 25.121272]}}, {"type": "Feature", "properties": {"cell_id": "c_1885"}, "geometry": {"type": "Point", "coordinates": [55.417185, 25.121272]}}, {"type": "Feature", "properties": {"cell_id": "c_1886"}, "geometry": {"type": "Point", "coordinates": [55.422147, 25.121272]}}, {"type": "Feature", "properties": {"cell_id": "c_1887"}, "geometry": {"type": "Point", "coordinates": [55.427109, 25.121272]}}, {"type": "Feature", "properties": {"cell_id": "c_1888"}, "geometry": {"type": "Point", "coordinates": [55.432071, 25.121272]}}, {"type": "Feature", "properties": {"cell_id": "c_1889"}, "geometry": {"type": "Point", "coordinates": [55.437033, 25.121272]}}, {"type": "Feature", "properties": {"cell_id": "c_1890"}, "geometry": {"type": "Point", "coordinates": [55.441995, 25.121272]}}, {"type": "Feature", "properties": {"cell_id": "c_1891"}, "geometry": {"type": "Point", "coordinates": [55.446957, 25.121272]}}, {"type": "Feature", "properties": {"cell_id": "c_1892"}, "geometry": {"type": "Point", "coordinates": [55.179011, 25.125764]}}, {"type": "Feature", "properties": {"cell_id": "c_1893"}, "geometry": {"type": "Point", "coordinates": [55.183973, 25.125764]}}, {"type": "Feature", "properties": {"cell_id": "c_1894"}, "geometry": {"type": "Point", "coordinates": [55.188935, 25.125764]}}, {"type": "Feature", "properties": {"cell_id": "c_1895"}, "geometry": {"type": "Point", "coordinates": [55.193897, 25.125764]}}, {"type": "Feature", "properties": {"cell_id": "c_1896"}, "geometry": {"type": "Point", "coordinates": [55.198859, 25.125764]}}, {"type": "Feature", "properties": {"cell_id": "c_1897"}, "geometry": {"type": "Point", "coordinates": [55.203821, 25.125764]}}, {"type": "Feature", "properties": {"cell_id": "c_1898"}, "geometry": {"type": "Point", "coordinates": [55.208783, 25.125764]}}, {"type": "Feature", "properties": {"cell_id": "c_1899"}, "geometry": {"type": "Point", "coordinates": [55.213745, 25.125764]}}, {"type": "Feature", "properties": {"cell_id": "c_1900"}, "geometry": {"type": "Point", "coordinates": [55.218707, 25.125764]}}, {"type": "Feature", "properties": {"cell_id": "c_1901"}, "geometry": {"type": "Point", "coordinates": [55.223669, 25.125764]}}, {"type": "Feature", "properties": {"cell_id": "c_1902"}, "geometry": {"type": "Point", "coordinates": [55.22863, 25.125764]}}, {"type": "Feature", "properties": {"cell_id": "c_1903"}, "geometry": {"type": "Point", "coordinates": [55.233592, 25.125764]}}, {"type": "Feature", "properties": {"cell_id": "c_1904"}, "geometry": {"type": "Point", "coordinates": [55.238554, 25.125764]}}, {"type": "Feature", "properties": {"cell_id": "c_1905"}, "geometry": {"type": "Point", "coordinates": [55.243516, 25.125764]}}, {"type": "Feature", "properties": {"cell_id": "c_1906"}, "geometry": {"type": "Point", "coordinates": [55.248478, 25.125764]}}, {"type": "Feature", "properties": {"cell_id": "c_1907"}, "geometry": {"type": "Point", "coordinates": [55.25344, 25.125764]}}, {"type": "Feature", "properties": {"cell_id": "c_1908"}, "geometry": {"type": "Point", "coordinates": [55.258402, 25.125764]}}, {"type": "Feature", "properties": {"cell_id": "c_1909"}, "geometry": {"type": "Point", "coordinates": [55.263364, 25.125764]}}, {"type": "Feature", "properties": {"cell_id": "c_1910"}, "geometry": {"type": "Point", "coordinates": [55.268326, 25.125764]}}, {"type": "Feature", "properties": {"cell_id": "c_1911"}, "geometry": {"type": "Point", "coordinates": [55.273288, 25.125764]}}, {"type": "Feature", "properties": {"cell_id": "c_1912"}, "geometry": {"type": "Point", "coordinates": [55.27825, 25.125764]}}, {"type": "Feature", "properties": {"cell_id": "c_1913"}, "geometry": {"type": "Point", "coordinates": [55.283212, 25.125764]}}, {"type": "Feature", "properties": {"cell_id": "c_1914"}, "geometry": {"type": "Point", "coordinates": [55.288174, 25.125764]}}, {"type": "Feature", "properties": {"cell_id": "c_1915"}, "geometry": {"type": "Point", "coordinates": [55.293136, 25.125764]}}, {"type": "Feature", "properties": {"cell_id": "c_1916"}, "geometry": {"type": "Point", "coordinates": [55.298098, 25.125764]}}, {"type": "Feature", "properties": {"cell_id": "c_1917"}, "geometry": {"type": "Point", "coordinates": [55.30306, 25.125764]}}, {"type": "Feature", "properties": {"cell_id": "c_1918"}, "geometry": {"type": "Point", "coordinates": [55.308022, 25.125764]}}, {"type": "Feature", "properties": {"cell_id": "c_1919"}, "geometry": {"type": "Point", "coordinates": [55.312984, 25.125764]}}, {"type": "Feature", "properties": {"cell_id": "c_1920"}, "geometry": {"type": "Point", "coordinates": [55.317946, 25.125764]}}, {"type": "Feature", "properties": {"cell_id": "c_1921"}, "geometry": {"type": "Point", "coordinates": [55.322908, 25.125764]}}, {"type": "Feature", "properties": {"cell_id": "c_1922"}, "geometry": {"type": "Point", "coordinates": [55.32787, 25.125764]}}, {"type": "Feature", "properties": {"cell_id": "c_1923"}, "geometry": {"type": "Point", "coordinates": [55.332832, 25.125764]}}, {"type": "Feature", "properties": {"cell_id": "c_1924"}, "geometry": {"type": "Point", "coordinates": [55.337794, 25.125764]}}, {"type": "Feature", "properties": {"cell_id": "c_1925"}, "geometry": {"type": "Point", "coordinates": [55.342756, 25.125764]}}, {"type": "Feature", "properties": {"cell_id": "c_1926"}, "geometry": {"type": "Point", "coordinates": [55.347717, 25.125764]}}, {"type": "Feature", "properties": {"cell_id": "c_1927"}, "geometry": {"type": "Point", "coordinates": [55.352679, 25.125764]}}, {"type": "Feature", "properties": {"cell_id": "c_1928"}, "geometry": {"type": "Point", "coordinates": [55.357641, 25.125764]}}, {"type": "Feature", "properties": {"cell_id": "c_1929"}, "geometry": {"type": "Point", "coordinates": [55.362603, 25.125764]}}, {"type": "Feature", "properties": {"cell_id": "c_1930"}, "geometry": {"type": "Point", "coordinates": [55.367565, 25.125764]}}, {"type": "Feature", "properties": {"cell_id": "c_1931"}, "geometry": {"type": "Point", "coordinates": [55.372527, 25.125764]}}, {"type": "Feature", "properties": {"cell_id": "c_1932"}, "geometry": {"type": "Point", "coordinates": [55.377489, 25.125764]}}, {"type": "Feature", "properties": {"cell_id": "c_1933"}, "geometry": {"type": "Point", "coordinates": [55.382451, 25.125764]}}, {"type": "Feature", "properties": {"cell_id": "c_1934"}, "geometry": {"type": "Point", "coordinates": [55.387413, 25.125764]}}, {"type": "Feature", "properties": {"cell_id": "c_1935"}, "geometry": {"type": "Point", "coordinates": [55.392375, 25.125764]}}, {"type": "Feature", "properties": {"cell_id": "c_1936"}, "geometry": {"type": "Point", "coordinates": [55.397337, 25.125764]}}, {"type": "Feature", "properties": {"cell_id": "c_1937"}, "geometry": {"type": "Point", "coordinates": [55.402299, 25.125764]}}, {"type": "Feature", "properties": {"cell_id": "c_1938"}, "geometry": {"type": "Point", "coordinates": [55.407261, 25.125764]}}, {"type": "Feature", "properties": {"cell_id": "c_1939"}, "geometry": {"type": "Point", "coordinates": [55.412223, 25.125764]}}, {"type": "Feature", "properties": {"cell_id": "c_1940"}, "geometry": {"type": "Point", "coordinates": [55.417185, 25.125764]}}, {"type": "Feature", "properties": {"cell_id": "c_1941"}, "geometry": {"type": "Point", "coordinates": [55.422147, 25.125764]}}, {"type": "Feature", "properties": {"cell_id": "c_1942"}, "geometry": {"type": "Point", "coordinates": [55.427109, 25.125764]}}, {"type": "Feature", "properties": {"cell_id": "c_1943"}, "geometry": {"type": "Point", "coordinates": [55.432071, 25.125764]}}, {"type": "Feature", "properties": {"cell_id": "c_1944"}, "geometry": {"type": "Point", "coordinates": [55.437033, 25.125764]}}, {"type": "Feature", "properties": {"cell_id": "c_1945"}, "geometry": {"type": "Point", "coordinates": [55.441995, 25.125764]}}, {"type": "Feature", "properties": {"cell_id": "c_1946"}, "geometry": {"type": "Point", "coordinates": [55.446957, 25.125764]}}, {"type": "Feature", "properties": {"cell_id": "c_1947"}, "geometry": {"type": "Point", "coordinates": [55.179011, 25.130255]}}, {"type": "Feature", "properties": {"cell_id": "c_1948"}, "geometry": {"type": "Point", "coordinates": [55.183973, 25.130255]}}, {"type": "Feature", "properties": {"cell_id": "c_1949"}, "geometry": {"type": "Point", "coordinates": [55.188935, 25.130255]}}, {"type": "Feature", "properties": {"cell_id": "c_1950"}, "geometry": {"type": "Point", "coordinates": [55.193897, 25.130255]}}, {"type": "Feature", "properties": {"cell_id": "c_1951"}, "geometry": {"type": "Point", "coordinates": [55.198859, 25.130255]}}, {"type": "Feature", "properties": {"cell_id": "c_1952"}, "geometry": {"type": "Point", "coordinates": [55.203821, 25.130255]}}, {"type": "Feature", "properties": {"cell_id": "c_1953"}, "geometry": {"type": "Point", "coordinates": [55.208783, 25.130255]}}, {"type": "Feature", "properties": {"cell_id": "c_1954"}, "geometry": {"type": "Point", "coordinates": [55.213745, 25.130255]}}, {"type": "Feature", "properties": {"cell_id": "c_1955"}, "geometry": {"type": "Point", "coordinates": [55.218707, 25.130255]}}, {"type": "Feature", "properties": {"cell_id": "c_1956"}, "geometry": {"type": "Point", "coordinates": [55.223669, 25.130255]}}, {"type": "Feature", "properties": {"cell_id": "c_1957"}, "geometry": {"type": "Point", "coordinates": [55.22863, 25.130255]}}, {"type": "Feature", "properties": {"cell_id": "c_1958"}, "geometry": {"type": "Point", "coordinates": [55.233592, 25.130255]}}, {"type": "Feature", "properties": {"cell_id": "c_1959"}, "geometry": {"type": "Point", "coordinates": [55.238554, 25.130255]}}, {"type": "Feature", "properties": {"cell_id": "c_1960"}, "geometry": {"type": "Point", "coordinates": [55.243516, 25.130255]}}, {"type": "Feature", "properties": {"cell_id": "c_1961"}, "geometry": {"type": "Point", "coordinates": [55.248478, 25.130255]}}, {"type": "Feature", "properties": {"cell_id": "c_1962"}, "geometry": {"type": "Point", "coordinates": [55.25344, 25.130255]}}, {"type": "Feature", "properties": {"cell_id": "c_1963"}, "geometry": {"type": "Point", "coordinates": [55.258402, 25.130255]}}, {"type": "Feature", "properties": {"cell_id": "c_1964"}, "geometry": {"type": "Point", "coordinates": [55.263364, 25.130255]}}, {"type": "Feature", "properties": {"cell_id": "c_1965"}, "geometry": {"type": "Point", "coordinates": [55.268326, 25.130255]}}, {"type": "Feature", "properties": {"cell_id": "c_1966"}, "geometry": {"type": "Point", "coordinates": [55.273288, 25.130255]}}, {"type": "Feature", "properties": {"cell_id": "c_1967"}, "geometry": {"type": "Point", "coordinates": [55.27825, 25.130255]}}, {"type": "Feature", "properties": {"cell_id": "c_1968"}, "geometry": {"type": "Point", "coordinates": [55.283212, 25.130255]}}, {"type": "Feature", "properties": {"cell_id": "c_1969"}, "geometry": {"type": "Point", "coordinates": [55.288174, 25.130255]}}, {"type": "Feature", "properties": {"cell_id": "c_1970"}, "geometry": {"type": "Point", "coordinates": [55.293136, 25.130255]}}, {"type": "Feature", "properties": {"cell_id": "c_1971"}, "geometry": {"type": "Point", "coordinates": [55.298098, 25.130255]}}, {"type": "Feature", "properties": {"cell_id": "c_1972"}, "geometry": {"type": "Point", "coordinates": [55.30306, 25.130255]}}, {"type": "Feature", "properties": {"cell_id": "c_1973"}, "geometry": {"type": "Point", "coordinates": [55.308022, 25.130255]}}, {"type": "Feature", "properties": {"cell_id": "c_1974"}, "geometry": {"type": "Point", "coordinates": [55.312984, 25.130255]}}, {"type": "Feature", "properties": {"cell_id": "c_1975"}, "geometry": {"type": "Point", "coordinates": [55.317946, 25.130255]}}, {"type": "Feature", "properties": {"cell_id": "c_1976"}, "geometry": {"type": "Point", "coordinates": [55.322908, 25.130255]}}, {"type": "Feature", "properties": {"cell_id": "c_1977"}, "geometry": {"type": "Point", "coordinates": [55.32787, 25.130255]}}, {"type": "Feature", "properties": {"cell_id": "c_1978"}, "geometry": {"type": "Point", "coordinates": [55.332832, 25.130255]}}, {"type": "Feature", "properties": {"cell_id": "c_1979"}, "geometry": {"type": "Point", "coordinates": [55.337794, 25.130255]}}, {"type": "Feature", "properties": {"cell_id": "c_1980"}, "geometry": {"type": "Point", "coordinates": [55.342756, 25.130255]}}, {"type": "Feature", "properties": {"cell_id": "c_1981"}, "geometry": {"type": "Point", "coordinates": [55.347717, 25.130255]}}, {"type": "Feature", "properties": {"cell_id": "c_1982"}, "geometry": {"type": "Point", "coordinates": [55.352679, 25.130255]}}, {"type": "Feature", "properties": {"cell_id": "c_1983"}, "geometry": {"type": "Point", "coordinates": [55.357641, 25.130255]}}, {"type": "Feature", "properties": {"cell_id": "c_1984"}, "geometry": {"type": "Point", "coordinates": [55.362603, 25.130255]}}, {"type": "Feature", "properties": {"cell_id": "c_1985"}, "geometry": {"type": "Point", "coordinates": [55.367565, 25.130255]}}, {"type": "Feature", "properties": {"cell_id": "c_1986"}, "geometry": {"type": "Point", "coordinates": [55.372527, 25.130255]}}, {"type": "Feature", "properties": {"cell_id": "c_1987"}, "geometry": {"type": "Point", "coordinates": [55.377489, 25.130255]}}, {"type": "Feature", "properties": {"cell_id": "c_1988"}, "geometry": {"type": "Point", "coordinates": [55.382451, 25.130255]}}, {"type": "Feature", "properties": {"cell_id": "c_1989"}, "geometry": {"type": "Point", "coordinates": [55.387413, 25.130255]}}, {"type": "Feature", "properties": {"cell_id": "c_1990"}, "geometry": {"type": "Point", "coordinates": [55.392375, 25.130255]}}, {"type": "Feature", "properties": {"cell_id": "c_1991"}, "geometry": {"type": "Point", "coordinates": [55.397337, 25.130255]}}, {"type": "Feature", "properties": {"cell_id": "c_1992"}, "geometry": {"type": "Point", "coordinates": [55.402299, 25.130255]}}, {"type": "Feature", "properties": {"cell_id": "c_1993"}, "geometry": {"type": "Point", "coordinates": [55.407261, 25.130255]}}, {"type": "Feature", "properties": {"cell_id": "c_1994"}, "geometry": {"type": "Point", "coordinates": [55.412223, 25.130255]}}, {"type": "Feature", "properties": {"cell_id": "c_1995"}, "geometry": {"type": "Point", "coordinates": [55.417185, 25.130255]}}, {"type": "Feature", "properties": {"cell_id": "c_1996"}, "geometry": {"type": "Point", "coordinates": [55.422147, 25.130255]}}, {"type": "Feature", "properties": {"cell_id": "c_1997"}, "geometry": {"type": "Point", "coordinates": [55.427109, 25.130255]}}, {"type": "Feature", "properties": {"cell_id": "c_1998"}, "geometry": {"type": "Point", "coordinates": [55.432071, 25.130255]}}, {"type": "Feature", "properties": {"cell_id": "c_1999"}, "geometry": {"type": "Point", "coordinates": [55.437033, 25.130255]}}, {"type": "Feature", "properties": {"cell_id": "c_2000"}, "geometry": {"type": "Point", "coordinates": [55.441995, 25.130255]}}, {"type": "Feature", "properties": {"cell_id": "c_2001"}, "geometry": {"type": "Point", "coordinates": [55.446957, 25.130255]}}, {"type": "Feature", "properties": {"cell_id": "c_2002"}, "geometry": {"type": "Point", "coordinates": [55.183973, 25.134747]}}, {"type": "Feature", "properties": {"cell_id": "c_2003"}, "geometry": {"type": "Point", "coordinates": [55.188935, 25.134747]}}, {"type": "Feature", "properties": {"cell_id": "c_2004"}, "geometry": {"type": "Point", "coordinates": [55.193897, 25.134747]}}, {"type": "Feature", "properties": {"cell_id": "c_2005"}, "geometry": {"type": "Point", "coordinates": [55.198859, 25.134747]}}, {"type": "Feature", "properties": {"cell_id": "c_2006"}, "geometry": {"type": "Point", "coordinates": [55.203821, 25.134747]}}, {"type": "Feature", "properties": {"cell_id": "c_2007"}, "geometry": {"type": "Point", "coordinates": [55.208783, 25.134747]}}, {"type": "Feature", "properties": {"cell_id": "c_2008"}, "geometry": {"type": "Point", "coordinates": [55.213745, 25.134747]}}, {"type": "Feature", "properties": {"cell_id": "c_2009"}, "geometry": {"type": "Point", "coordinates": [55.218707, 25.134747]}}, {"type": "Feature", "properties": {"cell_id": "c_2010"}, "geometry": {"type": "Point", "coordinates": [55.223669, 25.134747]}}, {"type": "Feature", "properties": {"cell_id": "c_2011"}, "geometry": {"type": "Point", "coordinates": [55.22863, 25.134747]}}, {"type": "Feature", "properties": {"cell_id": "c_2012"}, "geometry": {"type": "Point", "coordinates": [55.233592, 25.134747]}}, {"type": "Feature", "properties": {"cell_id": "c_2013"}, "geometry": {"type": "Point", "coordinates": [55.238554, 25.134747]}}, {"type": "Feature", "properties": {"cell_id": "c_2014"}, "geometry": {"type": "Point", "coordinates": [55.243516, 25.134747]}}, {"type": "Feature", "properties": {"cell_id": "c_2015"}, "geometry": {"type": "Point", "coordinates": [55.248478, 25.134747]}}, {"type": "Feature", "properties": {"cell_id": "c_2016"}, "geometry": {"type": "Point", "coordinates": [55.25344, 25.134747]}}, {"type": "Feature", "properties": {"cell_id": "c_2017"}, "geometry": {"type": "Point", "coordinates": [55.258402, 25.134747]}}, {"type": "Feature", "properties": {"cell_id": "c_2018"}, "geometry": {"type": "Point", "coordinates": [55.263364, 25.134747]}}, {"type": "Feature", "properties": {"cell_id": "c_2019"}, "geometry": {"type": "Point", "coordinates": [55.268326, 25.134747]}}, {"type": "Feature", "properties": {"cell_id": "c_2020"}, "geometry": {"type": "Point", "coordinates": [55.273288, 25.134747]}}, {"type": "Feature", "properties": {"cell_id": "c_2021"}, "geometry": {"type": "Point", "coordinates": [55.27825, 25.134747]}}, {"type": "Feature", "properties": {"cell_id": "c_2022"}, "geometry": {"type": "Point", "coordinates": [55.283212, 25.134747]}}, {"type": "Feature", "properties": {"cell_id": "c_2023"}, "geometry": {"type": "Point", "coordinates": [55.288174, 25.134747]}}, {"type": "Feature", "properties": {"cell_id": "c_2024"}, "geometry": {"type": "Point", "coordinates": [55.293136, 25.134747]}}, {"type": "Feature", "properties": {"cell_id": "c_2025"}, "geometry": {"type": "Point", "coordinates": [55.298098, 25.134747]}}, {"type": "Feature", "properties": {"cell_id": "c_2026"}, "geometry": {"type": "Point", "coordinates": [55.30306, 25.134747]}}, {"type": "Feature", "properties": {"cell_id": "c_2027"}, "geometry": {"type": "Point", "coordinates": [55.308022, 25.134747]}}, {"type": "Feature", "properties": {"cell_id": "c_2028"}, "geometry": {"type": "Point", "coordinates": [55.312984, 25.134747]}}, {"type": "Feature", "properties": {"cell_id": "c_2029"}, "geometry": {"type": "Point", "coordinates": [55.317946, 25.134747]}}, {"type": "Feature", "properties": {"cell_id": "c_2030"}, "geometry": {"type": "Point", "coordinates": [55.322908, 25.134747]}}, {"type": "Feature", "properties": {"cell_id": "c_2031"}, "geometry": {"type": "Point", "coordinates": [55.32787, 25.134747]}}, {"type": "Feature", "properties": {"cell_id": "c_2032"}, "geometry": {"type": "Point", "coordinates": [55.332832, 25.134747]}}, {"type": "Feature", "properties": {"cell_id": "c_2033"}, "geometry": {"type": "Point", "coordinates": [55.337794, 25.134747]}}, {"type": "Feature", "properties": {"cell_id": "c_2034"}, "geometry": {"type": "Point", "coordinates": [55.342756, 25.134747]}}, {"type": "Feature", "properties": {"cell_id": "c_2035"}, "geometry": {"type": "Point", "coordinates": [55.347717, 25.134747]}}, {"type": "Feature", "properties": {"cell_id": "c_2036"}, "geometry": {"type": "Point", "coordinates": [55.352679, 25.134747]}}, {"type": "Feature", "properties": {"cell_id": "c_2037"}, "geometry": {"type": "Point", "coordinates": [55.357641, 25.134747]}}, {"type": "Feature", "properties": {"cell_id": "c_2038"}, "geometry": {"type": "Point", "coordinates": [55.362603, 25.134747]}}, {"type": "Feature", "properties": {"cell_id": "c_2039"}, "geometry": {"type": "Point", "coordinates": [55.367565, 25.134747]}}, {"type": "Feature", "properties": {"cell_id": "c_2040"}, "geometry": {"type": "Point", "coordinates": [55.372527, 25.134747]}}, {"type": "Feature", "properties": {"cell_id": "c_2041"}, "geometry": {"type": "Point", "coordinates": [55.377489, 25.134747]}}, {"type": "Feature", "properties": {"cell_id": "c_2042"}, "geometry": {"type": "Point", "coordinates": [55.382451, 25.134747]}}, {"type": "Feature", "properties": {"cell_id": "c_2043"}, "geometry": {"type": "Point", "coordinates": [55.387413, 25.134747]}}, {"type": "Feature", "properties": {"cell_id": "c_2044"}, "geometry": {"type": "Point", "coordinates": [55.392375, 25.134747]}}, {"type": "Feature", "properties": {"cell_id": "c_2045"}, "geometry": {"type": "Point", "coordinates": [55.397337, 25.134747]}}, {"type": "Feature", "properties": {"cell_id": "c_2046"}, "geometry": {"type": "Point", "coordinates": [55.402299, 25.134747]}}, {"type": "Feature", "properties": {"cell_id": "c_2047"}, "geometry": {"type": "Point", "coordinates": [55.407261, 25.134747]}}, {"type": "Feature", "properties": {"cell_id": "c_2048"}, "geometry": {"type": "Point", "coordinates": [55.412223, 25.134747]}}, {"type": "Feature", "properties": {"cell_id": "c_2049"}, "geometry": {"type": "Point", "coordinates": [55.417185, 25.134747]}}, {"type": "Feature", "properties": {"cell_id": "c_2050"}, "geometry": {"type": "Point", "coordinates": [55.422147, 25.134747]}}, {"type": "Feature", "properties": {"cell_id": "c_2051"}, "geometry": {"type": "Point", "coordinates": [55.427109, 25.134747]}}, {"type": "Feature", "properties": {"cell_id": "c_2052"}, "geometry": {"type": "Point", "coordinates": [55.432071, 25.134747]}}, {"type": "Feature", "properties": {"cell_id": "c_2053"}, "geometry": {"type": "Point", "coordinates": [55.437033, 25.134747]}}, {"type": "Feature", "properties": {"cell_id": "c_2054"}, "geometry": {"type": "Point", "coordinates": [55.441995, 25.134747]}}, {"type": "Feature", "properties": {"cell_id": "c_2055"}, "geometry": {"type": "Point", "coordinates": [55.446957, 25.134747]}}, {"type": "Feature", "properties": {"cell_id": "c_2056"}, "geometry": {"type": "Point", "coordinates": [55.183973, 25.139238]}}, {"type": "Feature", "properties": {"cell_id": "c_2057"}, "geometry": {"type": "Point", "coordinates": [55.188935, 25.139238]}}, {"type": "Feature", "properties": {"cell_id": "c_2058"}, "geometry": {"type": "Point", "coordinates": [55.193897, 25.139238]}}, {"type": "Feature", "properties": {"cell_id": "c_2059"}, "geometry": {"type": "Point", "coordinates": [55.198859, 25.139238]}}, {"type": "Feature", "properties": {"cell_id": "c_2060"}, "geometry": {"type": "Point", "coordinates": [55.203821, 25.139238]}}, {"type": "Feature", "properties": {"cell_id": "c_2061"}, "geometry": {"type": "Point", "coordinates": [55.208783, 25.139238]}}, {"type": "Feature", "properties": {"cell_id": "c_2062"}, "geometry": {"type": "Point", "coordinates": [55.213745, 25.139238]}}, {"type": "Feature", "properties": {"cell_id": "c_2063"}, "geometry": {"type": "Point", "coordinates": [55.218707, 25.139238]}}, {"type": "Feature", "properties": {"cell_id": "c_2064"}, "geometry": {"type": "Point", "coordinates": [55.223669, 25.139238]}}, {"type": "Feature", "properties": {"cell_id": "c_2065"}, "geometry": {"type": "Point", "coordinates": [55.22863, 25.139238]}}, {"type": "Feature", "properties": {"cell_id": "c_2066"}, "geometry": {"type": "Point", "coordinates": [55.233592, 25.139238]}}, {"type": "Feature", "properties": {"cell_id": "c_2067"}, "geometry": {"type": "Point", "coordinates": [55.238554, 25.139238]}}, {"type": "Feature", "properties": {"cell_id": "c_2068"}, "geometry": {"type": "Point", "coordinates": [55.243516, 25.139238]}}, {"type": "Feature", "properties": {"cell_id": "c_2069"}, "geometry": {"type": "Point", "coordinates": [55.248478, 25.139238]}}, {"type": "Feature", "properties": {"cell_id": "c_2070"}, "geometry": {"type": "Point", "coordinates": [55.25344, 25.139238]}}, {"type": "Feature", "properties": {"cell_id": "c_2071"}, "geometry": {"type": "Point", "coordinates": [55.258402, 25.139238]}}, {"type": "Feature", "properties": {"cell_id": "c_2072"}, "geometry": {"type": "Point", "coordinates": [55.263364, 25.139238]}}, {"type": "Feature", "properties": {"cell_id": "c_2073"}, "geometry": {"type": "Point", "coordinates": [55.268326, 25.139238]}}, {"type": "Feature", "properties": {"cell_id": "c_2074"}, "geometry": {"type": "Point", "coordinates": [55.273288, 25.139238]}}, {"type": "Feature", "properties": {"cell_id": "c_2075"}, "geometry": {"type": "Point", "coordinates": [55.27825, 25.139238]}}, {"type": "Feature", "properties": {"cell_id": "c_2076"}, "geometry": {"type": "Point", "coordinates": [55.283212, 25.139238]}}, {"type": "Feature", "properties": {"cell_id": "c_2077"}, "geometry": {"type": "Point", "coordinates": [55.288174, 25.139238]}}, {"type": "Feature", "properties": {"cell_id": "c_2078"}, "geometry": {"type": "Point", "coordinates": [55.293136, 25.139238]}}, {"type": "Feature", "properties": {"cell_id": "c_2079"}, "geometry": {"type": "Point", "coordinates": [55.298098, 25.139238]}}, {"type": "Feature", "properties": {"cell_id": "c_2080"}, "geometry": {"type": "Point", "coordinates": [55.30306, 25.139238]}}, {"type": "Feature", "properties": {"cell_id": "c_2081"}, "geometry": {"type": "Point", "coordinates": [55.308022, 25.139238]}}, {"type": "Feature", "properties": {"cell_id": "c_2082"}, "geometry": {"type": "Point", "coordinates": [55.312984, 25.139238]}}, {"type": "Feature", "properties": {"cell_id": "c_2083"}, "geometry": {"type": "Point", "coordinates": [55.317946, 25.139238]}}, {"type": "Feature", "properties": {"cell_id": "c_2084"}, "geometry": {"type": "Point", "coordinates": [55.322908, 25.139238]}}, {"type": "Feature", "properties": {"cell_id": "c_2085"}, "geometry": {"type": "Point", "coordinates": [55.32787, 25.139238]}}, {"type": "Feature", "properties": {"cell_id": "c_2086"}, "geometry": {"type": "Point", "coordinates": [55.332832, 25.139238]}}, {"type": "Feature", "properties": {"cell_id": "c_2087"}, "geometry": {"type": "Point", "coordinates": [55.337794, 25.139238]}}, {"type": "Feature", "properties": {"cell_id": "c_2088"}, "geometry": {"type": "Point", "coordinates": [55.342756, 25.139238]}}, {"type": "Feature", "properties": {"cell_id": "c_2089"}, "geometry": {"type": "Point", "coordinates": [55.347717, 25.139238]}}, {"type": "Feature", "properties": {"cell_id": "c_2090"}, "geometry": {"type": "Point", "coordinates": [55.352679, 25.139238]}}, {"type": "Feature", "properties": {"cell_id": "c_2091"}, "geometry": {"type": "Point", "coordinates": [55.357641, 25.139238]}}, {"type": "Feature", "properties": {"cell_id": "c_2092"}, "geometry": {"type": "Point", "coordinates": [55.362603, 25.139238]}}, {"type": "Feature", "properties": {"cell_id": "c_2093"}, "geometry": {"type": "Point", "coordinates": [55.367565, 25.139238]}}, {"type": "Feature", "properties": {"cell_id": "c_2094"}, "geometry": {"type": "Point", "coordinates": [55.372527, 25.139238]}}, {"type": "Feature", "properties": {"cell_id": "c_2095"}, "geometry": {"type": "Point", "coordinates": [55.377489, 25.139238]}}, {"type": "Feature", "properties": {"cell_id": "c_2096"}, "geometry": {"type": "Point", "coordinates": [55.382451, 25.139238]}}, {"type": "Feature", "properties": {"cell_id": "c_2097"}, "geometry": {"type": "Point", "coordinates": [55.387413, 25.139238]}}, {"type": "Feature", "properties": {"cell_id": "c_2098"}, "geometry": {"type": "Point", "coordinates": [55.392375, 25.139238]}}, {"type": "Feature", "properties": {"cell_id": "c_2099"}, "geometry": {"type": "Point", "coordinates": [55.397337, 25.139238]}}, {"type": "Feature", "properties": {"cell_id": "c_2100"}, "geometry": {"type": "Point", "coordinates": [55.402299, 25.139238]}}, {"type": "Feature", "properties": {"cell_id": "c_2101"}, "geometry": {"type": "Point", "coordinates": [55.407261, 25.139238]}}, {"type": "Feature", "properties": {"cell_id": "c_2102"}, "geometry": {"type": "Point", "coordinates": [55.412223, 25.139238]}}, {"type": "Feature", "properties": {"cell_id": "c_2103"}, "geometry": {"type": "Point", "coordinates": [55.417185, 25.139238]}}, {"type": "Feature", "properties": {"cell_id": "c_2104"}, "geometry": {"type": "Point", "coordinates": [55.422147, 25.139238]}}, {"type": "Feature", "properties": {"cell_id": "c_2105"}, "geometry": {"type": "Point", "coordinates": [55.427109, 25.139238]}}, {"type": "Feature", "properties": {"cell_id": "c_2106"}, "geometry": {"type": "Point", "coordinates": [55.432071, 25.139238]}}, {"type": "Feature", "properties": {"cell_id": "c_2107"}, "geometry": {"type": "Point", "coordinates": [55.437033, 25.139238]}}, {"type": "Feature", "properties": {"cell_id": "c_2108"}, "geometry": {"type": "Point", "coordinates": [55.441995, 25.139238]}}, {"type": "Feature", "properties": {"cell_id": "c_2109"}, "geometry": {"type": "Point", "coordinates": [55.446957, 25.139238]}}, {"type": "Feature", "properties": {"cell_id": "c_2110"}, "geometry": {"type": "Point", "coordinates": [55.193897, 25.14373]}}, {"type": "Feature", "properties": {"cell_id": "c_2111"}, "geometry": {"type": "Point", "coordinates": [55.198859, 25.14373]}}, {"type": "Feature", "properties": {"cell_id": "c_2112"}, "geometry": {"type": "Point", "coordinates": [55.203821, 25.14373]}}, {"type": "Feature", "properties": {"cell_id": "c_2113"}, "geometry": {"type": "Point", "coordinates": [55.208783, 25.14373]}}, {"type": "Feature", "properties": {"cell_id": "c_2114"}, "geometry": {"type": "Point", "coordinates": [55.213745, 25.14373]}}, {"type": "Feature", "properties": {"cell_id": "c_2115"}, "geometry": {"type": "Point", "coordinates": [55.218707, 25.14373]}}, {"type": "Feature", "properties": {"cell_id": "c_2116"}, "geometry": {"type": "Point", "coordinates": [55.223669, 25.14373]}}, {"type": "Feature", "properties": {"cell_id": "c_2117"}, "geometry": {"type": "Point", "coordinates": [55.22863, 25.14373]}}, {"type": "Feature", "properties": {"cell_id": "c_2118"}, "geometry": {"type": "Point", "coordinates": [55.233592, 25.14373]}}, {"type": "Feature", "properties": {"cell_id": "c_2119"}, "geometry": {"type": "Point", "coordinates": [55.238554, 25.14373]}}, {"type": "Feature", "properties": {"cell_id": "c_2120"}, "geometry": {"type": "Point", "coordinates": [55.243516, 25.14373]}}, {"type": "Feature", "properties": {"cell_id": "c_2121"}, "geometry": {"type": "Point", "coordinates": [55.248478, 25.14373]}}, {"type": "Feature", "properties": {"cell_id": "c_2122"}, "geometry": {"type": "Point", "coordinates": [55.25344, 25.14373]}}, {"type": "Feature", "properties": {"cell_id": "c_2123"}, "geometry": {"type": "Point", "coordinates": [55.258402, 25.14373]}}, {"type": "Feature", "properties": {"cell_id": "c_2124"}, "geometry": {"type": "Point", "coordinates": [55.263364, 25.14373]}}, {"type": "Feature", "properties": {"cell_id": "c_2125"}, "geometry": {"type": "Point", "coordinates": [55.268326, 25.14373]}}, {"type": "Feature", "properties": {"cell_id": "c_2126"}, "geometry": {"type": "Point", "coordinates": [55.273288, 25.14373]}}, {"type": "Feature", "properties": {"cell_id": "c_2127"}, "geometry": {"type": "Point", "coordinates": [55.27825, 25.14373]}}, {"type": "Feature", "properties": {"cell_id": "c_2128"}, "geometry": {"type": "Point", "coordinates": [55.283212, 25.14373]}}, {"type": "Feature", "properties": {"cell_id": "c_2129"}, "geometry": {"type": "Point", "coordinates": [55.288174, 25.14373]}}, {"type": "Feature", "properties": {"cell_id": "c_2130"}, "geometry": {"type": "Point", "coordinates": [55.293136, 25.14373]}}, {"type": "Feature", "properties": {"cell_id": "c_2131"}, "geometry": {"type": "Point", "coordinates": [55.298098, 25.14373]}}, {"type": "Feature", "properties": {"cell_id": "c_2132"}, "geometry": {"type": "Point", "coordinates": [55.30306, 25.14373]}}, {"type": "Feature", "properties": {"cell_id": "c_2133"}, "geometry": {"type": "Point", "coordinates": [55.308022, 25.14373]}}, {"type": "Feature", "properties": {"cell_id": "c_2134"}, "geometry": {"type": "Point", "coordinates": [55.312984, 25.14373]}}, {"type": "Feature", "properties": {"cell_id": "c_2135"}, "geometry": {"type": "Point", "coordinates": [55.317946, 25.14373]}}, {"type": "Feature", "properties": {"cell_id": "c_2136"}, "geometry": {"type": "Point", "coordinates": [55.322908, 25.14373]}}, {"type": "Feature", "properties": {"cell_id": "c_2137"}, "geometry": {"type": "Point", "coordinates": [55.32787, 25.14373]}}, {"type": "Feature", "properties": {"cell_id": "c_2138"}, "geometry": {"type": "Point", "coordinates": [55.332832, 25.14373]}}, {"type": "Feature", "properties": {"cell_id": "c_2139"}, "geometry": {"type": "Point", "coordinates": [55.337794, 25.14373]}}, {"type": "Feature", "properties": {"cell_id": "c_2140"}, "geometry": {"type": "Point", "coordinates": [55.342756, 25.14373]}}, {"type": "Feature", "properties": {"cell_id": "c_2141"}, "geometry": {"type": "Point", "coordinates": [55.347717, 25.14373]}}, {"type": "Feature", "properties": {"cell_id": "c_2142"}, "geometry": {"type": "Point", "coordinates": [55.352679, 25.14373]}}, {"type": "Feature", "properties": {"cell_id": "c_2143"}, "geometry": {"type": "Point", "coordinates": [55.357641, 25.14373]}}, {"type": "Feature", "properties": {"cell_id": "c_2144"}, "geometry": {"type": "Point", "coordinates": [55.362603, 25.14373]}}, {"type": "Feature", "properties": {"cell_id": "c_2145"}, "geometry": {"type": "Point", "coordinates": [55.367565, 25.14373]}}, {"type": "Feature", "properties": {"cell_id": "c_2146"}, "geometry": {"type": "Point", "coordinates": [55.372527, 25.14373]}}, {"type": "Feature", "properties": {"cell_id": "c_2147"}, "geometry": {"type": "Point", "coordinates": [55.377489, 25.14373]}}, {"type": "Feature", "properties": {"cell_id": "c_2148"}, "geometry": {"type": "Point", "coordinates": [55.382451, 25.14373]}}, {"type": "Feature", "properties": {"cell_id": "c_2149"}, "geometry": {"type": "Point", "coordinates": [55.387413, 25.14373]}}, {"type": "Feature", "properties": {"cell_id": "c_2150"}, "geometry": {"type": "Point", "coordinates": [55.392375, 25.14373]}}, {"type": "Feature", "properties": {"cell_id": "c_2151"}, "geometry": {"type": "Point", "coordinates": [55.397337, 25.14373]}}, {"type": "Feature", "properties": {"cell_id": "c_2152"}, "geometry": {"type": "Point", "coordinates": [55.402299, 25.14373]}}, {"type": "Feature", "properties": {"cell_id": "c_2153"}, "geometry": {"type": "Point", "coordinates": [55.407261, 25.14373]}}, {"type": "Feature", "properties": {"cell_id": "c_2154"}, "geometry": {"type": "Point", "coordinates": [55.412223, 25.14373]}}, {"type": "Feature", "properties": {"cell_id": "c_2155"}, "geometry": {"type": "Point", "coordinates": [55.417185, 25.14373]}}, {"type": "Feature", "properties": {"cell_id": "c_2156"}, "geometry": {"type": "Point", "coordinates": [55.422147, 25.14373]}}, {"type": "Feature", "properties": {"cell_id": "c_2157"}, "geometry": {"type": "Point", "coordinates": [55.427109, 25.14373]}}, {"type": "Feature", "properties": {"cell_id": "c_2158"}, "geometry": {"type": "Point", "coordinates": [55.432071, 25.14373]}}, {"type": "Feature", "properties": {"cell_id": "c_2159"}, "geometry": {"type": "Point", "coordinates": [55.437033, 25.14373]}}, {"type": "Feature", "properties": {"cell_id": "c_2160"}, "geometry": {"type": "Point", "coordinates": [55.441995, 25.14373]}}, {"type": "Feature", "properties": {"cell_id": "c_2161"}, "geometry": {"type": "Point", "coordinates": [55.446957, 25.14373]}}, {"type": "Feature", "properties": {"cell_id": "c_2162"}, "geometry": {"type": "Point", "coordinates": [55.193897, 25.148221]}}, {"type": "Feature", "properties": {"cell_id": "c_2163"}, "geometry": {"type": "Point", "coordinates": [55.198859, 25.148221]}}, {"type": "Feature", "properties": {"cell_id": "c_2164"}, "geometry": {"type": "Point", "coordinates": [55.203821, 25.148221]}}, {"type": "Feature", "properties": {"cell_id": "c_2165"}, "geometry": {"type": "Point", "coordinates": [55.208783, 25.148221]}}, {"type": "Feature", "properties": {"cell_id": "c_2166"}, "geometry": {"type": "Point", "coordinates": [55.213745, 25.148221]}}, {"type": "Feature", "properties": {"cell_id": "c_2167"}, "geometry": {"type": "Point", "coordinates": [55.218707, 25.148221]}}, {"type": "Feature", "properties": {"cell_id": "c_2168"}, "geometry": {"type": "Point", "coordinates": [55.223669, 25.148221]}}, {"type": "Feature", "properties": {"cell_id": "c_2169"}, "geometry": {"type": "Point", "coordinates": [55.22863, 25.148221]}}, {"type": "Feature", "properties": {"cell_id": "c_2170"}, "geometry": {"type": "Point", "coordinates": [55.233592, 25.148221]}}, {"type": "Feature", "properties": {"cell_id": "c_2171"}, "geometry": {"type": "Point", "coordinates": [55.238554, 25.148221]}}, {"type": "Feature", "properties": {"cell_id": "c_2172"}, "geometry": {"type": "Point", "coordinates": [55.243516, 25.148221]}}, {"type": "Feature", "properties": {"cell_id": "c_2173"}, "geometry": {"type": "Point", "coordinates": [55.248478, 25.148221]}}, {"type": "Feature", "properties": {"cell_id": "c_2174"}, "geometry": {"type": "Point", "coordinates": [55.25344, 25.148221]}}, {"type": "Feature", "properties": {"cell_id": "c_2175"}, "geometry": {"type": "Point", "coordinates": [55.258402, 25.148221]}}, {"type": "Feature", "properties": {"cell_id": "c_2176"}, "geometry": {"type": "Point", "coordinates": [55.263364, 25.148221]}}, {"type": "Feature", "properties": {"cell_id": "c_2177"}, "geometry": {"type": "Point", "coordinates": [55.268326, 25.148221]}}, {"type": "Feature", "properties": {"cell_id": "c_2178"}, "geometry": {"type": "Point", "coordinates": [55.273288, 25.148221]}}, {"type": "Feature", "properties": {"cell_id": "c_2179"}, "geometry": {"type": "Point", "coordinates": [55.27825, 25.148221]}}, {"type": "Feature", "properties": {"cell_id": "c_2180"}, "geometry": {"type": "Point", "coordinates": [55.283212, 25.148221]}}, {"type": "Feature", "properties": {"cell_id": "c_2181"}, "geometry": {"type": "Point", "coordinates": [55.288174, 25.148221]}}, {"type": "Feature", "properties": {"cell_id": "c_2182"}, "geometry": {"type": "Point", "coordinates": [55.293136, 25.148221]}}, {"type": "Feature", "properties": {"cell_id": "c_2183"}, "geometry": {"type": "Point", "coordinates": [55.298098, 25.148221]}}, {"type": "Feature", "properties": {"cell_id": "c_2184"}, "geometry": {"type": "Point", "coordinates": [55.30306, 25.148221]}}, {"type": "Feature", "properties": {"cell_id": "c_2185"}, "geometry": {"type": "Point", "coordinates": [55.308022, 25.148221]}}, {"type": "Feature", "properties": {"cell_id": "c_2186"}, "geometry": {"type": "Point", "coordinates": [55.312984, 25.148221]}}, {"type": "Feature", "properties": {"cell_id": "c_2187"}, "geometry": {"type": "Point", "coordinates": [55.317946, 25.148221]}}, {"type": "Feature", "properties": {"cell_id": "c_2188"}, "geometry": {"type": "Point", "coordinates": [55.322908, 25.148221]}}, {"type": "Feature", "properties": {"cell_id": "c_2189"}, "geometry": {"type": "Point", "coordinates": [55.32787, 25.148221]}}, {"type": "Feature", "properties": {"cell_id": "c_2190"}, "geometry": {"type": "Point", "coordinates": [55.332832, 25.148221]}}, {"type": "Feature", "properties": {"cell_id": "c_2191"}, "geometry": {"type": "Point", "coordinates": [55.337794, 25.148221]}}, {"type": "Feature", "properties": {"cell_id": "c_2192"}, "geometry": {"type": "Point", "coordinates": [55.342756, 25.148221]}}, {"type": "Feature", "properties": {"cell_id": "c_2193"}, "geometry": {"type": "Point", "coordinates": [55.347717, 25.148221]}}, {"type": "Feature", "properties": {"cell_id": "c_2194"}, "geometry": {"type": "Point", "coordinates": [55.352679, 25.148221]}}, {"type": "Feature", "properties": {"cell_id": "c_2195"}, "geometry": {"type": "Point", "coordinates": [55.357641, 25.148221]}}, {"type": "Feature", "properties": {"cell_id": "c_2196"}, "geometry": {"type": "Point", "coordinates": [55.362603, 25.148221]}}, {"type": "Feature", "properties": {"cell_id": "c_2197"}, "geometry": {"type": "Point", "coordinates": [55.367565, 25.148221]}}, {"type": "Feature", "properties": {"cell_id": "c_2198"}, "geometry": {"type": "Point", "coordinates": [55.372527, 25.148221]}}, {"type": "Feature", "properties": {"cell_id": "c_2199"}, "geometry": {"type": "Point", "coordinates": [55.377489, 25.148221]}}, {"type": "Feature", "properties": {"cell_id": "c_2200"}, "geometry": {"type": "Point", "coordinates": [55.382451, 25.148221]}}, {"type": "Feature", "properties": {"cell_id": "c_2201"}, "geometry": {"type": "Point", "coordinates": [55.387413, 25.148221]}}, {"type": "Feature", "properties": {"cell_id": "c_2202"}, "geometry": {"type": "Point", "coordinates": [55.392375, 25.148221]}}, {"type": "Feature", "properties": {"cell_id": "c_2203"}, "geometry": {"type": "Point", "coordinates": [55.397337, 25.148221]}}, {"type": "Feature", "properties": {"cell_id": "c_2204"}, "geometry": {"type": "Point", "coordinates": [55.402299, 25.148221]}}, {"type": "Feature", "properties": {"cell_id": "c_2205"}, "geometry": {"type": "Point", "coordinates": [55.407261, 25.148221]}}, {"type": "Feature", "properties": {"cell_id": "c_2206"}, "geometry": {"type": "Point", "coordinates": [55.412223, 25.148221]}}, {"type": "Feature", "properties": {"cell_id": "c_2207"}, "geometry": {"type": "Point", "coordinates": [55.417185, 25.148221]}}, {"type": "Feature", "properties": {"cell_id": "c_2208"}, "geometry": {"type": "Point", "coordinates": [55.422147, 25.148221]}}, {"type": "Feature", "properties": {"cell_id": "c_2209"}, "geometry": {"type": "Point", "coordinates": [55.427109, 25.148221]}}, {"type": "Feature", "properties": {"cell_id": "c_2210"}, "geometry": {"type": "Point", "coordinates": [55.432071, 25.148221]}}, {"type": "Feature", "properties": {"cell_id": "c_2211"}, "geometry": {"type": "Point", "coordinates": [55.437033, 25.148221]}}, {"type": "Feature", "properties": {"cell_id": "c_2212"}, "geometry": {"type": "Point", "coordinates": [55.441995, 25.148221]}}, {"type": "Feature", "properties": {"cell_id": "c_2213"}, "geometry": {"type": "Point", "coordinates": [55.446957, 25.148221]}}, {"type": "Feature", "properties": {"cell_id": "c_2214"}, "geometry": {"type": "Point", "coordinates": [55.203821, 25.152713]}}, {"type": "Feature", "properties": {"cell_id": "c_2215"}, "geometry": {"type": "Point", "coordinates": [55.208783, 25.152713]}}, {"type": "Feature", "properties": {"cell_id": "c_2216"}, "geometry": {"type": "Point", "coordinates": [55.213745, 25.152713]}}, {"type": "Feature", "properties": {"cell_id": "c_2217"}, "geometry": {"type": "Point", "coordinates": [55.218707, 25.152713]}}, {"type": "Feature", "properties": {"cell_id": "c_2218"}, "geometry": {"type": "Point", "coordinates": [55.223669, 25.152713]}}, {"type": "Feature", "properties": {"cell_id": "c_2219"}, "geometry": {"type": "Point", "coordinates": [55.22863, 25.152713]}}, {"type": "Feature", "properties": {"cell_id": "c_2220"}, "geometry": {"type": "Point", "coordinates": [55.233592, 25.152713]}}, {"type": "Feature", "properties": {"cell_id": "c_2221"}, "geometry": {"type": "Point", "coordinates": [55.238554, 25.152713]}}, {"type": "Feature", "properties": {"cell_id": "c_2222"}, "geometry": {"type": "Point", "coordinates": [55.243516, 25.152713]}}, {"type": "Feature", "properties": {"cell_id": "c_2223"}, "geometry": {"type": "Point", "coordinates": [55.248478, 25.152713]}}, {"type": "Feature", "properties": {"cell_id": "c_2224"}, "geometry": {"type": "Point", "coordinates": [55.25344, 25.152713]}}, {"type": "Feature", "properties": {"cell_id": "c_2225"}, "geometry": {"type": "Point", "coordinates": [55.258402, 25.152713]}}, {"type": "Feature", "properties": {"cell_id": "c_2226"}, "geometry": {"type": "Point", "coordinates": [55.263364, 25.152713]}}, {"type": "Feature", "properties": {"cell_id": "c_2227"}, "geometry": {"type": "Point", "coordinates": [55.268326, 25.152713]}}, {"type": "Feature", "properties": {"cell_id": "c_2228"}, "geometry": {"type": "Point", "coordinates": [55.273288, 25.152713]}}, {"type": "Feature", "properties": {"cell_id": "c_2229"}, "geometry": {"type": "Point", "coordinates": [55.27825, 25.152713]}}, {"type": "Feature", "properties": {"cell_id": "c_2230"}, "geometry": {"type": "Point", "coordinates": [55.283212, 25.152713]}}, {"type": "Feature", "properties": {"cell_id": "c_2231"}, "geometry": {"type": "Point", "coordinates": [55.288174, 25.152713]}}, {"type": "Feature", "properties": {"cell_id": "c_2232"}, "geometry": {"type": "Point", "coordinates": [55.293136, 25.152713]}}, {"type": "Feature", "properties": {"cell_id": "c_2233"}, "geometry": {"type": "Point", "coordinates": [55.298098, 25.152713]}}, {"type": "Feature", "properties": {"cell_id": "c_2234"}, "geometry": {"type": "Point", "coordinates": [55.30306, 25.152713]}}, {"type": "Feature", "properties": {"cell_id": "c_2235"}, "geometry": {"type": "Point", "coordinates": [55.308022, 25.152713]}}, {"type": "Feature", "properties": {"cell_id": "c_2236"}, "geometry": {"type": "Point", "coordinates": [55.312984, 25.152713]}}, {"type": "Feature", "properties": {"cell_id": "c_2237"}, "geometry": {"type": "Point", "coordinates": [55.317946, 25.152713]}}, {"type": "Feature", "properties": {"cell_id": "c_2238"}, "geometry": {"type": "Point", "coordinates": [55.322908, 25.152713]}}, {"type": "Feature", "properties": {"cell_id": "c_2239"}, "geometry": {"type": "Point", "coordinates": [55.32787, 25.152713]}}, {"type": "Feature", "properties": {"cell_id": "c_2240"}, "geometry": {"type": "Point", "coordinates": [55.332832, 25.152713]}}, {"type": "Feature", "properties": {"cell_id": "c_2241"}, "geometry": {"type": "Point", "coordinates": [55.337794, 25.152713]}}, {"type": "Feature", "properties": {"cell_id": "c_2242"}, "geometry": {"type": "Point", "coordinates": [55.342756, 25.152713]}}, {"type": "Feature", "properties": {"cell_id": "c_2243"}, "geometry": {"type": "Point", "coordinates": [55.347717, 25.152713]}}, {"type": "Feature", "properties": {"cell_id": "c_2244"}, "geometry": {"type": "Point", "coordinates": [55.352679, 25.152713]}}, {"type": "Feature", "properties": {"cell_id": "c_2245"}, "geometry": {"type": "Point", "coordinates": [55.357641, 25.152713]}}, {"type": "Feature", "properties": {"cell_id": "c_2246"}, "geometry": {"type": "Point", "coordinates": [55.362603, 25.152713]}}, {"type": "Feature", "properties": {"cell_id": "c_2247"}, "geometry": {"type": "Point", "coordinates": [55.367565, 25.152713]}}, {"type": "Feature", "properties": {"cell_id": "c_2248"}, "geometry": {"type": "Point", "coordinates": [55.372527, 25.152713]}}, {"type": "Feature", "properties": {"cell_id": "c_2249"}, "geometry": {"type": "Point", "coordinates": [55.377489, 25.152713]}}, {"type": "Feature", "properties": {"cell_id": "c_2250"}, "geometry": {"type": "Point", "coordinates": [55.382451, 25.152713]}}, {"type": "Feature", "properties": {"cell_id": "c_2251"}, "geometry": {"type": "Point", "coordinates": [55.387413, 25.152713]}}, {"type": "Feature", "properties": {"cell_id": "c_2252"}, "geometry": {"type": "Point", "coordinates": [55.392375, 25.152713]}}, {"type": "Feature", "properties": {"cell_id": "c_2253"}, "geometry": {"type": "Point", "coordinates": [55.397337, 25.152713]}}, {"type": "Feature", "properties": {"cell_id": "c_2254"}, "geometry": {"type": "Point", "coordinates": [55.402299, 25.152713]}}, {"type": "Feature", "properties": {"cell_id": "c_2255"}, "geometry": {"type": "Point", "coordinates": [55.407261, 25.152713]}}, {"type": "Feature", "properties": {"cell_id": "c_2256"}, "geometry": {"type": "Point", "coordinates": [55.412223, 25.152713]}}, {"type": "Feature", "properties": {"cell_id": "c_2257"}, "geometry": {"type": "Point", "coordinates": [55.417185, 25.152713]}}, {"type": "Feature", "properties": {"cell_id": "c_2258"}, "geometry": {"type": "Point", "coordinates": [55.422147, 25.152713]}}, {"type": "Feature", "properties": {"cell_id": "c_2259"}, "geometry": {"type": "Point", "coordinates": [55.427109, 25.152713]}}, {"type": "Feature", "properties": {"cell_id": "c_2260"}, "geometry": {"type": "Point", "coordinates": [55.432071, 25.152713]}}, {"type": "Feature", "properties": {"cell_id": "c_2261"}, "geometry": {"type": "Point", "coordinates": [55.437033, 25.152713]}}, {"type": "Feature", "properties": {"cell_id": "c_2262"}, "geometry": {"type": "Point", "coordinates": [55.441995, 25.152713]}}, {"type": "Feature", "properties": {"cell_id": "c_2263"}, "geometry": {"type": "Point", "coordinates": [55.446957, 25.152713]}}, {"type": "Feature", "properties": {"cell_id": "c_2264"}, "geometry": {"type": "Point", "coordinates": [55.203821, 25.157204]}}, {"type": "Feature", "properties": {"cell_id": "c_2265"}, "geometry": {"type": "Point", "coordinates": [55.208783, 25.157204]}}, {"type": "Feature", "properties": {"cell_id": "c_2266"}, "geometry": {"type": "Point", "coordinates": [55.213745, 25.157204]}}, {"type": "Feature", "properties": {"cell_id": "c_2267"}, "geometry": {"type": "Point", "coordinates": [55.218707, 25.157204]}}, {"type": "Feature", "properties": {"cell_id": "c_2268"}, "geometry": {"type": "Point", "coordinates": [55.223669, 25.157204]}}, {"type": "Feature", "properties": {"cell_id": "c_2269"}, "geometry": {"type": "Point", "coordinates": [55.22863, 25.157204]}}, {"type": "Feature", "properties": {"cell_id": "c_2270"}, "geometry": {"type": "Point", "coordinates": [55.233592, 25.157204]}}, {"type": "Feature", "properties": {"cell_id": "c_2271"}, "geometry": {"type": "Point", "coordinates": [55.238554, 25.157204]}}, {"type": "Feature", "properties": {"cell_id": "c_2272"}, "geometry": {"type": "Point", "coordinates": [55.243516, 25.157204]}}, {"type": "Feature", "properties": {"cell_id": "c_2273"}, "geometry": {"type": "Point", "coordinates": [55.248478, 25.157204]}}, {"type": "Feature", "properties": {"cell_id": "c_2274"}, "geometry": {"type": "Point", "coordinates": [55.25344, 25.157204]}}, {"type": "Feature", "properties": {"cell_id": "c_2275"}, "geometry": {"type": "Point", "coordinates": [55.258402, 25.157204]}}, {"type": "Feature", "properties": {"cell_id": "c_2276"}, "geometry": {"type": "Point", "coordinates": [55.263364, 25.157204]}}, {"type": "Feature", "properties": {"cell_id": "c_2277"}, "geometry": {"type": "Point", "coordinates": [55.268326, 25.157204]}}, {"type": "Feature", "properties": {"cell_id": "c_2278"}, "geometry": {"type": "Point", "coordinates": [55.273288, 25.157204]}}, {"type": "Feature", "properties": {"cell_id": "c_2279"}, "geometry": {"type": "Point", "coordinates": [55.27825, 25.157204]}}, {"type": "Feature", "properties": {"cell_id": "c_2280"}, "geometry": {"type": "Point", "coordinates": [55.283212, 25.157204]}}, {"type": "Feature", "properties": {"cell_id": "c_2281"}, "geometry": {"type": "Point", "coordinates": [55.288174, 25.157204]}}, {"type": "Feature", "properties": {"cell_id": "c_2282"}, "geometry": {"type": "Point", "coordinates": [55.293136, 25.157204]}}, {"type": "Feature", "properties": {"cell_id": "c_2283"}, "geometry": {"type": "Point", "coordinates": [55.298098, 25.157204]}}, {"type": "Feature", "properties": {"cell_id": "c_2284"}, "geometry": {"type": "Point", "coordinates": [55.30306, 25.157204]}}, {"type": "Feature", "properties": {"cell_id": "c_2285"}, "geometry": {"type": "Point", "coordinates": [55.308022, 25.157204]}}, {"type": "Feature", "properties": {"cell_id": "c_2286"}, "geometry": {"type": "Point", "coordinates": [55.312984, 25.157204]}}, {"type": "Feature", "properties": {"cell_id": "c_2287"}, "geometry": {"type": "Point", "coordinates": [55.317946, 25.157204]}}, {"type": "Feature", "properties": {"cell_id": "c_2288"}, "geometry": {"type": "Point", "coordinates": [55.322908, 25.157204]}}, {"type": "Feature", "properties": {"cell_id": "c_2289"}, "geometry": {"type": "Point", "coordinates": [55.32787, 25.157204]}}, {"type": "Feature", "properties": {"cell_id": "c_2290"}, "geometry": {"type": "Point", "coordinates": [55.332832, 25.157204]}}, {"type": "Feature", "properties": {"cell_id": "c_2291"}, "geometry": {"type": "Point", "coordinates": [55.337794, 25.157204]}}, {"type": "Feature", "properties": {"cell_id": "c_2292"}, "geometry": {"type": "Point", "coordinates": [55.342756, 25.157204]}}, {"type": "Feature", "properties": {"cell_id": "c_2293"}, "geometry": {"type": "Point", "coordinates": [55.347717, 25.157204]}}, {"type": "Feature", "properties": {"cell_id": "c_2294"}, "geometry": {"type": "Point", "coordinates": [55.352679, 25.157204]}}, {"type": "Feature", "properties": {"cell_id": "c_2295"}, "geometry": {"type": "Point", "coordinates": [55.357641, 25.157204]}}, {"type": "Feature", "properties": {"cell_id": "c_2296"}, "geometry": {"type": "Point", "coordinates": [55.362603, 25.157204]}}, {"type": "Feature", "properties": {"cell_id": "c_2297"}, "geometry": {"type": "Point", "coordinates": [55.367565, 25.157204]}}, {"type": "Feature", "properties": {"cell_id": "c_2298"}, "geometry": {"type": "Point", "coordinates": [55.372527, 25.157204]}}, {"type": "Feature", "properties": {"cell_id": "c_2299"}, "geometry": {"type": "Point", "coordinates": [55.377489, 25.157204]}}, {"type": "Feature", "properties": {"cell_id": "c_2300"}, "geometry": {"type": "Point", "coordinates": [55.382451, 25.157204]}}, {"type": "Feature", "properties": {"cell_id": "c_2301"}, "geometry": {"type": "Point", "coordinates": [55.387413, 25.157204]}}, {"type": "Feature", "properties": {"cell_id": "c_2302"}, "geometry": {"type": "Point", "coordinates": [55.392375, 25.157204]}}, {"type": "Feature", "properties": {"cell_id": "c_2303"}, "geometry": {"type": "Point", "coordinates": [55.397337, 25.157204]}}, {"type": "Feature", "properties": {"cell_id": "c_2304"}, "geometry": {"type": "Point", "coordinates": [55.402299, 25.157204]}}, {"type": "Feature", "properties": {"cell_id": "c_2305"}, "geometry": {"type": "Point", "coordinates": [55.407261, 25.157204]}}, {"type": "Feature", "properties": {"cell_id": "c_2306"}, "geometry": {"type": "Point", "coordinates": [55.412223, 25.157204]}}, {"type": "Feature", "properties": {"cell_id": "c_2307"}, "geometry": {"type": "Point", "coordinates": [55.417185, 25.157204]}}, {"type": "Feature", "properties": {"cell_id": "c_2308"}, "geometry": {"type": "Point", "coordinates": [55.422147, 25.157204]}}, {"type": "Feature", "properties": {"cell_id": "c_2309"}, "geometry": {"type": "Point", "coordinates": [55.427109, 25.157204]}}, {"type": "Feature", "properties": {"cell_id": "c_2310"}, "geometry": {"type": "Point", "coordinates": [55.432071, 25.157204]}}, {"type": "Feature", "properties": {"cell_id": "c_2311"}, "geometry": {"type": "Point", "coordinates": [55.437033, 25.157204]}}, {"type": "Feature", "properties": {"cell_id": "c_2312"}, "geometry": {"type": "Point", "coordinates": [55.441995, 25.157204]}}, {"type": "Feature", "properties": {"cell_id": "c_2313"}, "geometry": {"type": "Point", "coordinates": [55.446957, 25.157204]}}, {"type": "Feature", "properties": {"cell_id": "c_2314"}, "geometry": {"type": "Point", "coordinates": [55.208783, 25.161696]}}, {"type": "Feature", "properties": {"cell_id": "c_2315"}, "geometry": {"type": "Point", "coordinates": [55.213745, 25.161696]}}, {"type": "Feature", "properties": {"cell_id": "c_2316"}, "geometry": {"type": "Point", "coordinates": [55.218707, 25.161696]}}, {"type": "Feature", "properties": {"cell_id": "c_2317"}, "geometry": {"type": "Point", "coordinates": [55.223669, 25.161696]}}, {"type": "Feature", "properties": {"cell_id": "c_2318"}, "geometry": {"type": "Point", "coordinates": [55.22863, 25.161696]}}, {"type": "Feature", "properties": {"cell_id": "c_2319"}, "geometry": {"type": "Point", "coordinates": [55.233592, 25.161696]}}, {"type": "Feature", "properties": {"cell_id": "c_2320"}, "geometry": {"type": "Point", "coordinates": [55.238554, 25.161696]}}, {"type": "Feature", "properties": {"cell_id": "c_2321"}, "geometry": {"type": "Point", "coordinates": [55.243516, 25.161696]}}, {"type": "Feature", "properties": {"cell_id": "c_2322"}, "geometry": {"type": "Point", "coordinates": [55.248478, 25.161696]}}, {"type": "Feature", "properties": {"cell_id": "c_2323"}, "geometry": {"type": "Point", "coordinates": [55.25344, 25.161696]}}, {"type": "Feature", "properties": {"cell_id": "c_2324"}, "geometry": {"type": "Point", "coordinates": [55.258402, 25.161696]}}, {"type": "Feature", "properties": {"cell_id": "c_2325"}, "geometry": {"type": "Point", "coordinates": [55.263364, 25.161696]}}, {"type": "Feature", "properties": {"cell_id": "c_2326"}, "geometry": {"type": "Point", "coordinates": [55.268326, 25.161696]}}, {"type": "Feature", "properties": {"cell_id": "c_2327"}, "geometry": {"type": "Point", "coordinates": [55.273288, 25.161696]}}, {"type": "Feature", "properties": {"cell_id": "c_2328"}, "geometry": {"type": "Point", "coordinates": [55.27825, 25.161696]}}, {"type": "Feature", "properties": {"cell_id": "c_2329"}, "geometry": {"type": "Point", "coordinates": [55.283212, 25.161696]}}, {"type": "Feature", "properties": {"cell_id": "c_2330"}, "geometry": {"type": "Point", "coordinates": [55.288174, 25.161696]}}, {"type": "Feature", "properties": {"cell_id": "c_2331"}, "geometry": {"type": "Point", "coordinates": [55.293136, 25.161696]}}, {"type": "Feature", "properties": {"cell_id": "c_2332"}, "geometry": {"type": "Point", "coordinates": [55.298098, 25.161696]}}, {"type": "Feature", "properties": {"cell_id": "c_2333"}, "geometry": {"type": "Point", "coordinates": [55.30306, 25.161696]}}, {"type": "Feature", "properties": {"cell_id": "c_2334"}, "geometry": {"type": "Point", "coordinates": [55.308022, 25.161696]}}, {"type": "Feature", "properties": {"cell_id": "c_2335"}, "geometry": {"type": "Point", "coordinates": [55.312984, 25.161696]}}, {"type": "Feature", "properties": {"cell_id": "c_2336"}, "geometry": {"type": "Point", "coordinates": [55.317946, 25.161696]}}, {"type": "Feature", "properties": {"cell_id": "c_2337"}, "geometry": {"type": "Point", "coordinates": [55.322908, 25.161696]}}, {"type": "Feature", "properties": {"cell_id": "c_2338"}, "geometry": {"type": "Point", "coordinates": [55.32787, 25.161696]}}, {"type": "Feature", "properties": {"cell_id": "c_2339"}, "geometry": {"type": "Point", "coordinates": [55.332832, 25.161696]}}, {"type": "Feature", "properties": {"cell_id": "c_2340"}, "geometry": {"type": "Point", "coordinates": [55.337794, 25.161696]}}, {"type": "Feature", "properties": {"cell_id": "c_2341"}, "geometry": {"type": "Point", "coordinates": [55.342756, 25.161696]}}, {"type": "Feature", "properties": {"cell_id": "c_2342"}, "geometry": {"type": "Point", "coordinates": [55.347717, 25.161696]}}, {"type": "Feature", "properties": {"cell_id": "c_2343"}, "geometry": {"type": "Point", "coordinates": [55.352679, 25.161696]}}, {"type": "Feature", "properties": {"cell_id": "c_2344"}, "geometry": {"type": "Point", "coordinates": [55.357641, 25.161696]}}, {"type": "Feature", "properties": {"cell_id": "c_2345"}, "geometry": {"type": "Point", "coordinates": [55.362603, 25.161696]}}, {"type": "Feature", "properties": {"cell_id": "c_2346"}, "geometry": {"type": "Point", "coordinates": [55.367565, 25.161696]}}, {"type": "Feature", "properties": {"cell_id": "c_2347"}, "geometry": {"type": "Point", "coordinates": [55.372527, 25.161696]}}, {"type": "Feature", "properties": {"cell_id": "c_2348"}, "geometry": {"type": "Point", "coordinates": [55.377489, 25.161696]}}, {"type": "Feature", "properties": {"cell_id": "c_2349"}, "geometry": {"type": "Point", "coordinates": [55.382451, 25.161696]}}, {"type": "Feature", "properties": {"cell_id": "c_2350"}, "geometry": {"type": "Point", "coordinates": [55.387413, 25.161696]}}, {"type": "Feature", "properties": {"cell_id": "c_2351"}, "geometry": {"type": "Point", "coordinates": [55.392375, 25.161696]}}, {"type": "Feature", "properties": {"cell_id": "c_2352"}, "geometry": {"type": "Point", "coordinates": [55.397337, 25.161696]}}, {"type": "Feature", "properties": {"cell_id": "c_2353"}, "geometry": {"type": "Point", "coordinates": [55.402299, 25.161696]}}, {"type": "Feature", "properties": {"cell_id": "c_2354"}, "geometry": {"type": "Point", "coordinates": [55.407261, 25.161696]}}, {"type": "Feature", "properties": {"cell_id": "c_2355"}, "geometry": {"type": "Point", "coordinates": [55.412223, 25.161696]}}, {"type": "Feature", "properties": {"cell_id": "c_2356"}, "geometry": {"type": "Point", "coordinates": [55.417185, 25.161696]}}, {"type": "Feature", "properties": {"cell_id": "c_2357"}, "geometry": {"type": "Point", "coordinates": [55.422147, 25.161696]}}, {"type": "Feature", "properties": {"cell_id": "c_2358"}, "geometry": {"type": "Point", "coordinates": [55.427109, 25.161696]}}, {"type": "Feature", "properties": {"cell_id": "c_2359"}, "geometry": {"type": "Point", "coordinates": [55.432071, 25.161696]}}, {"type": "Feature", "properties": {"cell_id": "c_2360"}, "geometry": {"type": "Point", "coordinates": [55.437033, 25.161696]}}, {"type": "Feature", "properties": {"cell_id": "c_2361"}, "geometry": {"type": "Point", "coordinates": [55.441995, 25.161696]}}, {"type": "Feature", "properties": {"cell_id": "c_2362"}, "geometry": {"type": "Point", "coordinates": [55.446957, 25.161696]}}, {"type": "Feature", "properties": {"cell_id": "c_2363"}, "geometry": {"type": "Point", "coordinates": [55.208783, 25.166188]}}, {"type": "Feature", "properties": {"cell_id": "c_2364"}, "geometry": {"type": "Point", "coordinates": [55.213745, 25.166188]}}, {"type": "Feature", "properties": {"cell_id": "c_2365"}, "geometry": {"type": "Point", "coordinates": [55.218707, 25.166188]}}, {"type": "Feature", "properties": {"cell_id": "c_2366"}, "geometry": {"type": "Point", "coordinates": [55.223669, 25.166188]}}, {"type": "Feature", "properties": {"cell_id": "c_2367"}, "geometry": {"type": "Point", "coordinates": [55.22863, 25.166188]}}, {"type": "Feature", "properties": {"cell_id": "c_2368"}, "geometry": {"type": "Point", "coordinates": [55.233592, 25.166188]}}, {"type": "Feature", "properties": {"cell_id": "c_2369"}, "geometry": {"type": "Point", "coordinates": [55.238554, 25.166188]}}, {"type": "Feature", "properties": {"cell_id": "c_2370"}, "geometry": {"type": "Point", "coordinates": [55.243516, 25.166188]}}, {"type": "Feature", "properties": {"cell_id": "c_2371"}, "geometry": {"type": "Point", "coordinates": [55.248478, 25.166188]}}, {"type": "Feature", "properties": {"cell_id": "c_2372"}, "geometry": {"type": "Point", "coordinates": [55.25344, 25.166188]}}, {"type": "Feature", "properties": {"cell_id": "c_2373"}, "geometry": {"type": "Point", "coordinates": [55.258402, 25.166188]}}, {"type": "Feature", "properties": {"cell_id": "c_2374"}, "geometry": {"type": "Point", "coordinates": [55.263364, 25.166188]}}, {"type": "Feature", "properties": {"cell_id": "c_2375"}, "geometry": {"type": "Point", "coordinates": [55.268326, 25.166188]}}, {"type": "Feature", "properties": {"cell_id": "c_2376"}, "geometry": {"type": "Point", "coordinates": [55.273288, 25.166188]}}, {"type": "Feature", "properties": {"cell_id": "c_2377"}, "geometry": {"type": "Point", "coordinates": [55.27825, 25.166188]}}, {"type": "Feature", "properties": {"cell_id": "c_2378"}, "geometry": {"type": "Point", "coordinates": [55.283212, 25.166188]}}, {"type": "Feature", "properties": {"cell_id": "c_2379"}, "geometry": {"type": "Point", "coordinates": [55.288174, 25.166188]}}, {"type": "Feature", "properties": {"cell_id": "c_2380"}, "geometry": {"type": "Point", "coordinates": [55.293136, 25.166188]}}, {"type": "Feature", "properties": {"cell_id": "c_2381"}, "geometry": {"type": "Point", "coordinates": [55.298098, 25.166188]}}, {"type": "Feature", "properties": {"cell_id": "c_2382"}, "geometry": {"type": "Point", "coordinates": [55.30306, 25.166188]}}, {"type": "Feature", "properties": {"cell_id": "c_2383"}, "geometry": {"type": "Point", "coordinates": [55.308022, 25.166188]}}, {"type": "Feature", "properties": {"cell_id": "c_2384"}, "geometry": {"type": "Point", "coordinates": [55.312984, 25.166188]}}, {"type": "Feature", "properties": {"cell_id": "c_2385"}, "geometry": {"type": "Point", "coordinates": [55.317946, 25.166188]}}, {"type": "Feature", "properties": {"cell_id": "c_2386"}, "geometry": {"type": "Point", "coordinates": [55.322908, 25.166188]}}, {"type": "Feature", "properties": {"cell_id": "c_2387"}, "geometry": {"type": "Point", "coordinates": [55.32787, 25.166188]}}, {"type": "Feature", "properties": {"cell_id": "c_2388"}, "geometry": {"type": "Point", "coordinates": [55.332832, 25.166188]}}, {"type": "Feature", "properties": {"cell_id": "c_2389"}, "geometry": {"type": "Point", "coordinates": [55.337794, 25.166188]}}, {"type": "Feature", "properties": {"cell_id": "c_2390"}, "geometry": {"type": "Point", "coordinates": [55.342756, 25.166188]}}, {"type": "Feature", "properties": {"cell_id": "c_2391"}, "geometry": {"type": "Point", "coordinates": [55.347717, 25.166188]}}, {"type": "Feature", "properties": {"cell_id": "c_2392"}, "geometry": {"type": "Point", "coordinates": [55.352679, 25.166188]}}, {"type": "Feature", "properties": {"cell_id": "c_2393"}, "geometry": {"type": "Point", "coordinates": [55.357641, 25.166188]}}, {"type": "Feature", "properties": {"cell_id": "c_2394"}, "geometry": {"type": "Point", "coordinates": [55.362603, 25.166188]}}, {"type": "Feature", "properties": {"cell_id": "c_2395"}, "geometry": {"type": "Point", "coordinates": [55.367565, 25.166188]}}, {"type": "Feature", "properties": {"cell_id": "c_2396"}, "geometry": {"type": "Point", "coordinates": [55.372527, 25.166188]}}, {"type": "Feature", "properties": {"cell_id": "c_2397"}, "geometry": {"type": "Point", "coordinates": [55.377489, 25.166188]}}, {"type": "Feature", "properties": {"cell_id": "c_2398"}, "geometry": {"type": "Point", "coordinates": [55.382451, 25.166188]}}, {"type": "Feature", "properties": {"cell_id": "c_2399"}, "geometry": {"type": "Point", "coordinates": [55.387413, 25.166188]}}, {"type": "Feature", "properties": {"cell_id": "c_2400"}, "geometry": {"type": "Point", "coordinates": [55.392375, 25.166188]}}, {"type": "Feature", "properties": {"cell_id": "c_2401"}, "geometry": {"type": "Point", "coordinates": [55.397337, 25.166188]}}, {"type": "Feature", "properties": {"cell_id": "c_2402"}, "geometry": {"type": "Point", "coordinates": [55.402299, 25.166188]}}, {"type": "Feature", "properties": {"cell_id": "c_2403"}, "geometry": {"type": "Point", "coordinates": [55.407261, 25.166188]}}, {"type": "Feature", "properties": {"cell_id": "c_2404"}, "geometry": {"type": "Point", "coordinates": [55.412223, 25.166188]}}, {"type": "Feature", "properties": {"cell_id": "c_2405"}, "geometry": {"type": "Point", "coordinates": [55.417185, 25.166188]}}, {"type": "Feature", "properties": {"cell_id": "c_2406"}, "geometry": {"type": "Point", "coordinates": [55.422147, 25.166188]}}, {"type": "Feature", "properties": {"cell_id": "c_2407"}, "geometry": {"type": "Point", "coordinates": [55.427109, 25.166188]}}, {"type": "Feature", "properties": {"cell_id": "c_2408"}, "geometry": {"type": "Point", "coordinates": [55.432071, 25.166188]}}, {"type": "Feature", "properties": {"cell_id": "c_2409"}, "geometry": {"type": "Point", "coordinates": [55.437033, 25.166188]}}, {"type": "Feature", "properties": {"cell_id": "c_2410"}, "geometry": {"type": "Point", "coordinates": [55.441995, 25.166188]}}, {"type": "Feature", "properties": {"cell_id": "c_2411"}, "geometry": {"type": "Point", "coordinates": [55.446957, 25.166188]}}, {"type": "Feature", "properties": {"cell_id": "c_2412"}, "geometry": {"type": "Point", "coordinates": [55.208783, 25.170679]}}, {"type": "Feature", "properties": {"cell_id": "c_2413"}, "geometry": {"type": "Point", "coordinates": [55.213745, 25.170679]}}, {"type": "Feature", "properties": {"cell_id": "c_2414"}, "geometry": {"type": "Point", "coordinates": [55.218707, 25.170679]}}, {"type": "Feature", "properties": {"cell_id": "c_2415"}, "geometry": {"type": "Point", "coordinates": [55.223669, 25.170679]}}, {"type": "Feature", "properties": {"cell_id": "c_2416"}, "geometry": {"type": "Point", "coordinates": [55.22863, 25.170679]}}, {"type": "Feature", "properties": {"cell_id": "c_2417"}, "geometry": {"type": "Point", "coordinates": [55.233592, 25.170679]}}, {"type": "Feature", "properties": {"cell_id": "c_2418"}, "geometry": {"type": "Point", "coordinates": [55.238554, 25.170679]}}, {"type": "Feature", "properties": {"cell_id": "c_2419"}, "geometry": {"type": "Point", "coordinates": [55.243516, 25.170679]}}, {"type": "Feature", "properties": {"cell_id": "c_2420"}, "geometry": {"type": "Point", "coordinates": [55.248478, 25.170679]}}, {"type": "Feature", "properties": {"cell_id": "c_2421"}, "geometry": {"type": "Point", "coordinates": [55.25344, 25.170679]}}, {"type": "Feature", "properties": {"cell_id": "c_2422"}, "geometry": {"type": "Point", "coordinates": [55.258402, 25.170679]}}, {"type": "Feature", "properties": {"cell_id": "c_2423"}, "geometry": {"type": "Point", "coordinates": [55.263364, 25.170679]}}, {"type": "Feature", "properties": {"cell_id": "c_2424"}, "geometry": {"type": "Point", "coordinates": [55.268326, 25.170679]}}, {"type": "Feature", "properties": {"cell_id": "c_2425"}, "geometry": {"type": "Point", "coordinates": [55.273288, 25.170679]}}, {"type": "Feature", "properties": {"cell_id": "c_2426"}, "geometry": {"type": "Point", "coordinates": [55.27825, 25.170679]}}, {"type": "Feature", "properties": {"cell_id": "c_2427"}, "geometry": {"type": "Point", "coordinates": [55.283212, 25.170679]}}, {"type": "Feature", "properties": {"cell_id": "c_2428"}, "geometry": {"type": "Point", "coordinates": [55.288174, 25.170679]}}, {"type": "Feature", "properties": {"cell_id": "c_2429"}, "geometry": {"type": "Point", "coordinates": [55.293136, 25.170679]}}, {"type": "Feature", "properties": {"cell_id": "c_2430"}, "geometry": {"type": "Point", "coordinates": [55.298098, 25.170679]}}, {"type": "Feature", "properties": {"cell_id": "c_2431"}, "geometry": {"type": "Point", "coordinates": [55.30306, 25.170679]}}, {"type": "Feature", "properties": {"cell_id": "c_2432"}, "geometry": {"type": "Point", "coordinates": [55.308022, 25.170679]}}, {"type": "Feature", "properties": {"cell_id": "c_2433"}, "geometry": {"type": "Point", "coordinates": [55.312984, 25.170679]}}, {"type": "Feature", "properties": {"cell_id": "c_2434"}, "geometry": {"type": "Point", "coordinates": [55.317946, 25.170679]}}, {"type": "Feature", "properties": {"cell_id": "c_2435"}, "geometry": {"type": "Point", "coordinates": [55.322908, 25.170679]}}, {"type": "Feature", "properties": {"cell_id": "c_2436"}, "geometry": {"type": "Point", "coordinates": [55.32787, 25.170679]}}, {"type": "Feature", "properties": {"cell_id": "c_2437"}, "geometry": {"type": "Point", "coordinates": [55.332832, 25.170679]}}, {"type": "Feature", "properties": {"cell_id": "c_2438"}, "geometry": {"type": "Point", "coordinates": [55.337794, 25.170679]}}, {"type": "Feature", "properties": {"cell_id": "c_2439"}, "geometry": {"type": "Point", "coordinates": [55.342756, 25.170679]}}, {"type": "Feature", "properties": {"cell_id": "c_2440"}, "geometry": {"type": "Point", "coordinates": [55.347717, 25.170679]}}, {"type": "Feature", "properties": {"cell_id": "c_2441"}, "geometry": {"type": "Point", "coordinates": [55.352679, 25.170679]}}, {"type": "Feature", "properties": {"cell_id": "c_2442"}, "geometry": {"type": "Point", "coordinates": [55.357641, 25.170679]}}, {"type": "Feature", "properties": {"cell_id": "c_2443"}, "geometry": {"type": "Point", "coordinates": [55.362603, 25.170679]}}, {"type": "Feature", "properties": {"cell_id": "c_2444"}, "geometry": {"type": "Point", "coordinates": [55.367565, 25.170679]}}, {"type": "Feature", "properties": {"cell_id": "c_2445"}, "geometry": {"type": "Point", "coordinates": [55.372527, 25.170679]}}, {"type": "Feature", "properties": {"cell_id": "c_2446"}, "geometry": {"type": "Point", "coordinates": [55.377489, 25.170679]}}, {"type": "Feature", "properties": {"cell_id": "c_2447"}, "geometry": {"type": "Point", "coordinates": [55.382451, 25.170679]}}, {"type": "Feature", "properties": {"cell_id": "c_2448"}, "geometry": {"type": "Point", "coordinates": [55.387413, 25.170679]}}, {"type": "Feature", "properties": {"cell_id": "c_2449"}, "geometry": {"type": "Point", "coordinates": [55.392375, 25.170679]}}, {"type": "Feature", "properties": {"cell_id": "c_2450"}, "geometry": {"type": "Point", "coordinates": [55.397337, 25.170679]}}, {"type": "Feature", "properties": {"cell_id": "c_2451"}, "geometry": {"type": "Point", "coordinates": [55.402299, 25.170679]}}, {"type": "Feature", "properties": {"cell_id": "c_2452"}, "geometry": {"type": "Point", "coordinates": [55.407261, 25.170679]}}, {"type": "Feature", "properties": {"cell_id": "c_2453"}, "geometry": {"type": "Point", "coordinates": [55.412223, 25.170679]}}, {"type": "Feature", "properties": {"cell_id": "c_2454"}, "geometry": {"type": "Point", "coordinates": [55.417185, 25.170679]}}, {"type": "Feature", "properties": {"cell_id": "c_2455"}, "geometry": {"type": "Point", "coordinates": [55.422147, 25.170679]}}, {"type": "Feature", "properties": {"cell_id": "c_2456"}, "geometry": {"type": "Point", "coordinates": [55.427109, 25.170679]}}, {"type": "Feature", "properties": {"cell_id": "c_2457"}, "geometry": {"type": "Point", "coordinates": [55.432071, 25.170679]}}, {"type": "Feature", "properties": {"cell_id": "c_2458"}, "geometry": {"type": "Point", "coordinates": [55.437033, 25.170679]}}, {"type": "Feature", "properties": {"cell_id": "c_2459"}, "geometry": {"type": "Point", "coordinates": [55.441995, 25.170679]}}, {"type": "Feature", "properties": {"cell_id": "c_2460"}, "geometry": {"type": "Point", "coordinates": [55.446957, 25.170679]}}, {"type": "Feature", "properties": {"cell_id": "c_2461"}, "geometry": {"type": "Point", "coordinates": [55.218707, 25.175171]}}, {"type": "Feature", "properties": {"cell_id": "c_2462"}, "geometry": {"type": "Point", "coordinates": [55.223669, 25.175171]}}, {"type": "Feature", "properties": {"cell_id": "c_2463"}, "geometry": {"type": "Point", "coordinates": [55.22863, 25.175171]}}, {"type": "Feature", "properties": {"cell_id": "c_2464"}, "geometry": {"type": "Point", "coordinates": [55.233592, 25.175171]}}, {"type": "Feature", "properties": {"cell_id": "c_2465"}, "geometry": {"type": "Point", "coordinates": [55.238554, 25.175171]}}, {"type": "Feature", "properties": {"cell_id": "c_2466"}, "geometry": {"type": "Point", "coordinates": [55.243516, 25.175171]}}, {"type": "Feature", "properties": {"cell_id": "c_2467"}, "geometry": {"type": "Point", "coordinates": [55.248478, 25.175171]}}, {"type": "Feature", "properties": {"cell_id": "c_2468"}, "geometry": {"type": "Point", "coordinates": [55.25344, 25.175171]}}, {"type": "Feature", "properties": {"cell_id": "c_2469"}, "geometry": {"type": "Point", "coordinates": [55.258402, 25.175171]}}, {"type": "Feature", "properties": {"cell_id": "c_2470"}, "geometry": {"type": "Point", "coordinates": [55.263364, 25.175171]}}, {"type": "Feature", "properties": {"cell_id": "c_2471"}, "geometry": {"type": "Point", "coordinates": [55.268326, 25.175171]}}, {"type": "Feature", "properties": {"cell_id": "c_2472"}, "geometry": {"type": "Point", "coordinates": [55.273288, 25.175171]}}, {"type": "Feature", "properties": {"cell_id": "c_2473"}, "geometry": {"type": "Point", "coordinates": [55.27825, 25.175171]}}, {"type": "Feature", "properties": {"cell_id": "c_2474"}, "geometry": {"type": "Point", "coordinates": [55.283212, 25.175171]}}, {"type": "Feature", "properties": {"cell_id": "c_2475"}, "geometry": {"type": "Point", "coordinates": [55.288174, 25.175171]}}, {"type": "Feature", "properties": {"cell_id": "c_2476"}, "geometry": {"type": "Point", "coordinates": [55.293136, 25.175171]}}, {"type": "Feature", "properties": {"cell_id": "c_2477"}, "geometry": {"type": "Point", "coordinates": [55.298098, 25.175171]}}, {"type": "Feature", "properties": {"cell_id": "c_2478"}, "geometry": {"type": "Point", "coordinates": [55.30306, 25.175171]}}, {"type": "Feature", "properties": {"cell_id": "c_2479"}, "geometry": {"type": "Point", "coordinates": [55.308022, 25.175171]}}, {"type": "Feature", "properties": {"cell_id": "c_2480"}, "geometry": {"type": "Point", "coordinates": [55.312984, 25.175171]}}, {"type": "Feature", "properties": {"cell_id": "c_2481"}, "geometry": {"type": "Point", "coordinates": [55.317946, 25.175171]}}, {"type": "Feature", "properties": {"cell_id": "c_2482"}, "geometry": {"type": "Point", "coordinates": [55.322908, 25.175171]}}, {"type": "Feature", "properties": {"cell_id": "c_2483"}, "geometry": {"type": "Point", "coordinates": [55.32787, 25.175171]}}, {"type": "Feature", "properties": {"cell_id": "c_2484"}, "geometry": {"type": "Point", "coordinates": [55.332832, 25.175171]}}, {"type": "Feature", "properties": {"cell_id": "c_2485"}, "geometry": {"type": "Point", "coordinates": [55.337794, 25.175171]}}, {"type": "Feature", "properties": {"cell_id": "c_2486"}, "geometry": {"type": "Point", "coordinates": [55.342756, 25.175171]}}, {"type": "Feature", "properties": {"cell_id": "c_2487"}, "geometry": {"type": "Point", "coordinates": [55.347717, 25.175171]}}, {"type": "Feature", "properties": {"cell_id": "c_2488"}, "geometry": {"type": "Point", "coordinates": [55.352679, 25.175171]}}, {"type": "Feature", "properties": {"cell_id": "c_2489"}, "geometry": {"type": "Point", "coordinates": [55.357641, 25.175171]}}, {"type": "Feature", "properties": {"cell_id": "c_2490"}, "geometry": {"type": "Point", "coordinates": [55.362603, 25.175171]}}, {"type": "Feature", "properties": {"cell_id": "c_2491"}, "geometry": {"type": "Point", "coordinates": [55.367565, 25.175171]}}, {"type": "Feature", "properties": {"cell_id": "c_2492"}, "geometry": {"type": "Point", "coordinates": [55.372527, 25.175171]}}, {"type": "Feature", "properties": {"cell_id": "c_2493"}, "geometry": {"type": "Point", "coordinates": [55.377489, 25.175171]}}, {"type": "Feature", "properties": {"cell_id": "c_2494"}, "geometry": {"type": "Point", "coordinates": [55.382451, 25.175171]}}, {"type": "Feature", "properties": {"cell_id": "c_2495"}, "geometry": {"type": "Point", "coordinates": [55.387413, 25.175171]}}, {"type": "Feature", "properties": {"cell_id": "c_2496"}, "geometry": {"type": "Point", "coordinates": [55.392375, 25.175171]}}, {"type": "Feature", "properties": {"cell_id": "c_2497"}, "geometry": {"type": "Point", "coordinates": [55.397337, 25.175171]}}, {"type": "Feature", "properties": {"cell_id": "c_2498"}, "geometry": {"type": "Point", "coordinates": [55.402299, 25.175171]}}, {"type": "Feature", "properties": {"cell_id": "c_2499"}, "geometry": {"type": "Point", "coordinates": [55.407261, 25.175171]}}, {"type": "Feature", "properties": {"cell_id": "c_2500"}, "geometry": {"type": "Point", "coordinates": [55.412223, 25.175171]}}, {"type": "Feature", "properties": {"cell_id": "c_2501"}, "geometry": {"type": "Point", "coordinates": [55.417185, 25.175171]}}, {"type": "Feature", "properties": {"cell_id": "c_2502"}, "geometry": {"type": "Point", "coordinates": [55.422147, 25.175171]}}, {"type": "Feature", "properties": {"cell_id": "c_2503"}, "geometry": {"type": "Point", "coordinates": [55.427109, 25.175171]}}, {"type": "Feature", "properties": {"cell_id": "c_2504"}, "geometry": {"type": "Point", "coordinates": [55.432071, 25.175171]}}, {"type": "Feature", "properties": {"cell_id": "c_2505"}, "geometry": {"type": "Point", "coordinates": [55.437033, 25.175171]}}, {"type": "Feature", "properties": {"cell_id": "c_2506"}, "geometry": {"type": "Point", "coordinates": [55.441995, 25.175171]}}, {"type": "Feature", "properties": {"cell_id": "c_2507"}, "geometry": {"type": "Point", "coordinates": [55.446957, 25.175171]}}, {"type": "Feature", "properties": {"cell_id": "c_2508"}, "geometry": {"type": "Point", "coordinates": [55.218707, 25.179662]}}, {"type": "Feature", "properties": {"cell_id": "c_2509"}, "geometry": {"type": "Point", "coordinates": [55.223669, 25.179662]}}, {"type": "Feature", "properties": {"cell_id": "c_2510"}, "geometry": {"type": "Point", "coordinates": [55.22863, 25.179662]}}, {"type": "Feature", "properties": {"cell_id": "c_2511"}, "geometry": {"type": "Point", "coordinates": [55.233592, 25.179662]}}, {"type": "Feature", "properties": {"cell_id": "c_2512"}, "geometry": {"type": "Point", "coordinates": [55.238554, 25.179662]}}, {"type": "Feature", "properties": {"cell_id": "c_2513"}, "geometry": {"type": "Point", "coordinates": [55.243516, 25.179662]}}, {"type": "Feature", "properties": {"cell_id": "c_2514"}, "geometry": {"type": "Point", "coordinates": [55.248478, 25.179662]}}, {"type": "Feature", "properties": {"cell_id": "c_2515"}, "geometry": {"type": "Point", "coordinates": [55.25344, 25.179662]}}, {"type": "Feature", "properties": {"cell_id": "c_2516"}, "geometry": {"type": "Point", "coordinates": [55.258402, 25.179662]}}, {"type": "Feature", "properties": {"cell_id": "c_2517"}, "geometry": {"type": "Point", "coordinates": [55.263364, 25.179662]}}, {"type": "Feature", "properties": {"cell_id": "c_2518"}, "geometry": {"type": "Point", "coordinates": [55.268326, 25.179662]}}, {"type": "Feature", "properties": {"cell_id": "c_2519"}, "geometry": {"type": "Point", "coordinates": [55.273288, 25.179662]}}, {"type": "Feature", "properties": {"cell_id": "c_2520"}, "geometry": {"type": "Point", "coordinates": [55.27825, 25.179662]}}, {"type": "Feature", "properties": {"cell_id": "c_2521"}, "geometry": {"type": "Point", "coordinates": [55.283212, 25.179662]}}, {"type": "Feature", "properties": {"cell_id": "c_2522"}, "geometry": {"type": "Point", "coordinates": [55.288174, 25.179662]}}, {"type": "Feature", "properties": {"cell_id": "c_2523"}, "geometry": {"type": "Point", "coordinates": [55.293136, 25.179662]}}, {"type": "Feature", "properties": {"cell_id": "c_2524"}, "geometry": {"type": "Point", "coordinates": [55.298098, 25.179662]}}, {"type": "Feature", "properties": {"cell_id": "c_2525"}, "geometry": {"type": "Point", "coordinates": [55.30306, 25.179662]}}, {"type": "Feature", "properties": {"cell_id": "c_2526"}, "geometry": {"type": "Point", "coordinates": [55.308022, 25.179662]}}, {"type": "Feature", "properties": {"cell_id": "c_2527"}, "geometry": {"type": "Point", "coordinates": [55.312984, 25.179662]}}, {"type": "Feature", "properties": {"cell_id": "c_2528"}, "geometry": {"type": "Point", "coordinates": [55.317946, 25.179662]}}, {"type": "Feature", "properties": {"cell_id": "c_2529"}, "geometry": {"type": "Point", "coordinates": [55.322908, 25.179662]}}, {"type": "Feature", "properties": {"cell_id": "c_2530"}, "geometry": {"type": "Point", "coordinates": [55.32787, 25.179662]}}, {"type": "Feature", "properties": {"cell_id": "c_2531"}, "geometry": {"type": "Point", "coordinates": [55.332832, 25.179662]}}, {"type": "Feature", "properties": {"cell_id": "c_2532"}, "geometry": {"type": "Point", "coordinates": [55.337794, 25.179662]}}, {"type": "Feature", "properties": {"cell_id": "c_2533"}, "geometry": {"type": "Point", "coordinates": [55.342756, 25.179662]}}, {"type": "Feature", "properties": {"cell_id": "c_2534"}, "geometry": {"type": "Point", "coordinates": [55.347717, 25.179662]}}, {"type": "Feature", "properties": {"cell_id": "c_2535"}, "geometry": {"type": "Point", "coordinates": [55.352679, 25.179662]}}, {"type": "Feature", "properties": {"cell_id": "c_2536"}, "geometry": {"type": "Point", "coordinates": [55.357641, 25.179662]}}, {"type": "Feature", "properties": {"cell_id": "c_2537"}, "geometry": {"type": "Point", "coordinates": [55.362603, 25.179662]}}, {"type": "Feature", "properties": {"cell_id": "c_2538"}, "geometry": {"type": "Point", "coordinates": [55.367565, 25.179662]}}, {"type": "Feature", "properties": {"cell_id": "c_2539"}, "geometry": {"type": "Point", "coordinates": [55.372527, 25.179662]}}, {"type": "Feature", "properties": {"cell_id": "c_2540"}, "geometry": {"type": "Point", "coordinates": [55.377489, 25.179662]}}, {"type": "Feature", "properties": {"cell_id": "c_2541"}, "geometry": {"type": "Point", "coordinates": [55.382451, 25.179662]}}, {"type": "Feature", "properties": {"cell_id": "c_2542"}, "geometry": {"type": "Point", "coordinates": [55.387413, 25.179662]}}, {"type": "Feature", "properties": {"cell_id": "c_2543"}, "geometry": {"type": "Point", "coordinates": [55.392375, 25.179662]}}, {"type": "Feature", "properties": {"cell_id": "c_2544"}, "geometry": {"type": "Point", "coordinates": [55.397337, 25.179662]}}, {"type": "Feature", "properties": {"cell_id": "c_2545"}, "geometry": {"type": "Point", "coordinates": [55.402299, 25.179662]}}, {"type": "Feature", "properties": {"cell_id": "c_2546"}, "geometry": {"type": "Point", "coordinates": [55.407261, 25.179662]}}, {"type": "Feature", "properties": {"cell_id": "c_2547"}, "geometry": {"type": "Point", "coordinates": [55.412223, 25.179662]}}, {"type": "Feature", "properties": {"cell_id": "c_2548"}, "geometry": {"type": "Point", "coordinates": [55.417185, 25.179662]}}, {"type": "Feature", "properties": {"cell_id": "c_2549"}, "geometry": {"type": "Point", "coordinates": [55.422147, 25.179662]}}, {"type": "Feature", "properties": {"cell_id": "c_2550"}, "geometry": {"type": "Point", "coordinates": [55.427109, 25.179662]}}, {"type": "Feature", "properties": {"cell_id": "c_2551"}, "geometry": {"type": "Point", "coordinates": [55.432071, 25.179662]}}, {"type": "Feature", "properties": {"cell_id": "c_2552"}, "geometry": {"type": "Point", "coordinates": [55.437033, 25.179662]}}, {"type": "Feature", "properties": {"cell_id": "c_2553"}, "geometry": {"type": "Point", "coordinates": [55.441995, 25.179662]}}, {"type": "Feature", "properties": {"cell_id": "c_2554"}, "geometry": {"type": "Point", "coordinates": [55.446957, 25.179662]}}, {"type": "Feature", "properties": {"cell_id": "c_2555"}, "geometry": {"type": "Point", "coordinates": [55.22863, 25.184154]}}, {"type": "Feature", "properties": {"cell_id": "c_2556"}, "geometry": {"type": "Point", "coordinates": [55.233592, 25.184154]}}, {"type": "Feature", "properties": {"cell_id": "c_2557"}, "geometry": {"type": "Point", "coordinates": [55.238554, 25.184154]}}, {"type": "Feature", "properties": {"cell_id": "c_2558"}, "geometry": {"type": "Point", "coordinates": [55.243516, 25.184154]}}, {"type": "Feature", "properties": {"cell_id": "c_2559"}, "geometry": {"type": "Point", "coordinates": [55.248478, 25.184154]}}, {"type": "Feature", "properties": {"cell_id": "c_2560"}, "geometry": {"type": "Point", "coordinates": [55.25344, 25.184154]}}, {"type": "Feature", "properties": {"cell_id": "c_2561"}, "geometry": {"type": "Point", "coordinates": [55.258402, 25.184154]}}, {"type": "Feature", "properties": {"cell_id": "c_2562"}, "geometry": {"type": "Point", "coordinates": [55.263364, 25.184154]}}, {"type": "Feature", "properties": {"cell_id": "c_2563"}, "geometry": {"type": "Point", "coordinates": [55.268326, 25.184154]}}, {"type": "Feature", "properties": {"cell_id": "c_2564"}, "geometry": {"type": "Point", "coordinates": [55.273288, 25.184154]}}, {"type": "Feature", "properties": {"cell_id": "c_2565"}, "geometry": {"type": "Point", "coordinates": [55.27825, 25.184154]}}, {"type": "Feature", "properties": {"cell_id": "c_2566"}, "geometry": {"type": "Point", "coordinates": [55.283212, 25.184154]}}, {"type": "Feature", "properties": {"cell_id": "c_2567"}, "geometry": {"type": "Point", "coordinates": [55.288174, 25.184154]}}, {"type": "Feature", "properties": {"cell_id": "c_2568"}, "geometry": {"type": "Point", "coordinates": [55.293136, 25.184154]}}, {"type": "Feature", "properties": {"cell_id": "c_2569"}, "geometry": {"type": "Point", "coordinates": [55.298098, 25.184154]}}, {"type": "Feature", "properties": {"cell_id": "c_2570"}, "geometry": {"type": "Point", "coordinates": [55.30306, 25.184154]}}, {"type": "Feature", "properties": {"cell_id": "c_2571"}, "geometry": {"type": "Point", "coordinates": [55.308022, 25.184154]}}, {"type": "Feature", "properties": {"cell_id": "c_2572"}, "geometry": {"type": "Point", "coordinates": [55.312984, 25.184154]}}, {"type": "Feature", "properties": {"cell_id": "c_2573"}, "geometry": {"type": "Point", "coordinates": [55.317946, 25.184154]}}, {"type": "Feature", "properties": {"cell_id": "c_2574"}, "geometry": {"type": "Point", "coordinates": [55.322908, 25.184154]}}, {"type": "Feature", "properties": {"cell_id": "c_2575"}, "geometry": {"type": "Point", "coordinates": [55.32787, 25.184154]}}, {"type": "Feature", "properties": {"cell_id": "c_2576"}, "geometry": {"type": "Point", "coordinates": [55.332832, 25.184154]}}, {"type": "Feature", "properties": {"cell_id": "c_2577"}, "geometry": {"type": "Point", "coordinates": [55.337794, 25.184154]}}, {"type": "Feature", "properties": {"cell_id": "c_2578"}, "geometry": {"type": "Point", "coordinates": [55.342756, 25.184154]}}, {"type": "Feature", "properties": {"cell_id": "c_2579"}, "geometry": {"type": "Point", "coordinates": [55.347717, 25.184154]}}, {"type": "Feature", "properties": {"cell_id": "c_2580"}, "geometry": {"type": "Point", "coordinates": [55.352679, 25.184154]}}, {"type": "Feature", "properties": {"cell_id": "c_2581"}, "geometry": {"type": "Point", "coordinates": [55.357641, 25.184154]}}, {"type": "Feature", "properties": {"cell_id": "c_2582"}, "geometry": {"type": "Point", "coordinates": [55.362603, 25.184154]}}, {"type": "Feature", "properties": {"cell_id": "c_2583"}, "geometry": {"type": "Point", "coordinates": [55.367565, 25.184154]}}, {"type": "Feature", "properties": {"cell_id": "c_2584"}, "geometry": {"type": "Point", "coordinates": [55.372527, 25.184154]}}, {"type": "Feature", "properties": {"cell_id": "c_2585"}, "geometry": {"type": "Point", "coordinates": [55.377489, 25.184154]}}, {"type": "Feature", "properties": {"cell_id": "c_2586"}, "geometry": {"type": "Point", "coordinates": [55.382451, 25.184154]}}, {"type": "Feature", "properties": {"cell_id": "c_2587"}, "geometry": {"type": "Point", "coordinates": [55.387413, 25.184154]}}, {"type": "Feature", "properties": {"cell_id": "c_2588"}, "geometry": {"type": "Point", "coordinates": [55.392375, 25.184154]}}, {"type": "Feature", "properties": {"cell_id": "c_2589"}, "geometry": {"type": "Point", "coordinates": [55.397337, 25.184154]}}, {"type": "Feature", "properties": {"cell_id": "c_2590"}, "geometry": {"type": "Point", "coordinates": [55.402299, 25.184154]}}, {"type": "Feature", "properties": {"cell_id": "c_2591"}, "geometry": {"type": "Point", "coordinates": [55.407261, 25.184154]}}, {"type": "Feature", "properties": {"cell_id": "c_2592"}, "geometry": {"type": "Point", "coordinates": [55.412223, 25.184154]}}, {"type": "Feature", "properties": {"cell_id": "c_2593"}, "geometry": {"type": "Point", "coordinates": [55.417185, 25.184154]}}, {"type": "Feature", "properties": {"cell_id": "c_2594"}, "geometry": {"type": "Point", "coordinates": [55.422147, 25.184154]}}, {"type": "Feature", "properties": {"cell_id": "c_2595"}, "geometry": {"type": "Point", "coordinates": [55.427109, 25.184154]}}, {"type": "Feature", "properties": {"cell_id": "c_2596"}, "geometry": {"type": "Point", "coordinates": [55.432071, 25.184154]}}, {"type": "Feature", "properties": {"cell_id": "c_2597"}, "geometry": {"type": "Point", "coordinates": [55.437033, 25.184154]}}, {"type": "Feature", "properties": {"cell_id": "c_2598"}, "geometry": {"type": "Point", "coordinates": [55.441995, 25.184154]}}, {"type": "Feature", "properties": {"cell_id": "c_2599"}, "geometry": {"type": "Point", "coordinates": [55.446957, 25.184154]}}, {"type": "Feature", "properties": {"cell_id": "c_2600"}, "geometry": {"type": "Point", "coordinates": [55.22863, 25.188645]}}, {"type": "Feature", "properties": {"cell_id": "c_2601"}, "geometry": {"type": "Point", "coordinates": [55.233592, 25.188645]}}, {"type": "Feature", "properties": {"cell_id": "c_2602"}, "geometry": {"type": "Point", "coordinates": [55.238554, 25.188645]}}, {"type": "Feature", "properties": {"cell_id": "c_2603"}, "geometry": {"type": "Point", "coordinates": [55.243516, 25.188645]}}, {"type": "Feature", "properties": {"cell_id": "c_2604"}, "geometry": {"type": "Point", "coordinates": [55.248478, 25.188645]}}, {"type": "Feature", "properties": {"cell_id": "c_2605"}, "geometry": {"type": "Point", "coordinates": [55.25344, 25.188645]}}, {"type": "Feature", "properties": {"cell_id": "c_2606"}, "geometry": {"type": "Point", "coordinates": [55.258402, 25.188645]}}, {"type": "Feature", "properties": {"cell_id": "c_2607"}, "geometry": {"type": "Point", "coordinates": [55.263364, 25.188645]}}, {"type": "Feature", "properties": {"cell_id": "c_2608"}, "geometry": {"type": "Point", "coordinates": [55.268326, 25.188645]}}, {"type": "Feature", "properties": {"cell_id": "c_2609"}, "geometry": {"type": "Point", "coordinates": [55.273288, 25.188645]}}, {"type": "Feature", "properties": {"cell_id": "c_2610"}, "geometry": {"type": "Point", "coordinates": [55.27825, 25.188645]}}, {"type": "Feature", "properties": {"cell_id": "c_2611"}, "geometry": {"type": "Point", "coordinates": [55.283212, 25.188645]}}, {"type": "Feature", "properties": {"cell_id": "c_2612"}, "geometry": {"type": "Point", "coordinates": [55.288174, 25.188645]}}, {"type": "Feature", "properties": {"cell_id": "c_2613"}, "geometry": {"type": "Point", "coordinates": [55.293136, 25.188645]}}, {"type": "Feature", "properties": {"cell_id": "c_2614"}, "geometry": {"type": "Point", "coordinates": [55.298098, 25.188645]}}, {"type": "Feature", "properties": {"cell_id": "c_2615"}, "geometry": {"type": "Point", "coordinates": [55.30306, 25.188645]}}, {"type": "Feature", "properties": {"cell_id": "c_2616"}, "geometry": {"type": "Point", "coordinates": [55.308022, 25.188645]}}, {"type": "Feature", "properties": {"cell_id": "c_2617"}, "geometry": {"type": "Point", "coordinates": [55.312984, 25.188645]}}, {"type": "Feature", "properties": {"cell_id": "c_2618"}, "geometry": {"type": "Point", "coordinates": [55.317946, 25.188645]}}, {"type": "Feature", "properties": {"cell_id": "c_2619"}, "geometry": {"type": "Point", "coordinates": [55.322908, 25.188645]}}, {"type": "Feature", "properties": {"cell_id": "c_2620"}, "geometry": {"type": "Point", "coordinates": [55.32787, 25.188645]}}, {"type": "Feature", "properties": {"cell_id": "c_2621"}, "geometry": {"type": "Point", "coordinates": [55.332832, 25.188645]}}, {"type": "Feature", "properties": {"cell_id": "c_2622"}, "geometry": {"type": "Point", "coordinates": [55.337794, 25.188645]}}, {"type": "Feature", "properties": {"cell_id": "c_2623"}, "geometry": {"type": "Point", "coordinates": [55.342756, 25.188645]}}, {"type": "Feature", "properties": {"cell_id": "c_2624"}, "geometry": {"type": "Point", "coordinates": [55.347717, 25.188645]}}, {"type": "Feature", "properties": {"cell_id": "c_2625"}, "geometry": {"type": "Point", "coordinates": [55.352679, 25.188645]}}, {"type": "Feature", "properties": {"cell_id": "c_2626"}, "geometry": {"type": "Point", "coordinates": [55.357641, 25.188645]}}, {"type": "Feature", "properties": {"cell_id": "c_2627"}, "geometry": {"type": "Point", "coordinates": [55.362603, 25.188645]}}, {"type": "Feature", "properties": {"cell_id": "c_2628"}, "geometry": {"type": "Point", "coordinates": [55.367565, 25.188645]}}, {"type": "Feature", "properties": {"cell_id": "c_2629"}, "geometry": {"type": "Point", "coordinates": [55.372527, 25.188645]}}, {"type": "Feature", "properties": {"cell_id": "c_2630"}, "geometry": {"type": "Point", "coordinates": [55.377489, 25.188645]}}, {"type": "Feature", "properties": {"cell_id": "c_2631"}, "geometry": {"type": "Point", "coordinates": [55.382451, 25.188645]}}, {"type": "Feature", "properties": {"cell_id": "c_2632"}, "geometry": {"type": "Point", "coordinates": [55.387413, 25.188645]}}, {"type": "Feature", "properties": {"cell_id": "c_2633"}, "geometry": {"type": "Point", "coordinates": [55.392375, 25.188645]}}, {"type": "Feature", "properties": {"cell_id": "c_2634"}, "geometry": {"type": "Point", "coordinates": [55.397337, 25.188645]}}, {"type": "Feature", "properties": {"cell_id": "c_2635"}, "geometry": {"type": "Point", "coordinates": [55.402299, 25.188645]}}, {"type": "Feature", "properties": {"cell_id": "c_2636"}, "geometry": {"type": "Point", "coordinates": [55.407261, 25.188645]}}, {"type": "Feature", "properties": {"cell_id": "c_2637"}, "geometry": {"type": "Point", "coordinates": [55.412223, 25.188645]}}, {"type": "Feature", "properties": {"cell_id": "c_2638"}, "geometry": {"type": "Point", "coordinates": [55.417185, 25.188645]}}, {"type": "Feature", "properties": {"cell_id": "c_2639"}, "geometry": {"type": "Point", "coordinates": [55.422147, 25.188645]}}, {"type": "Feature", "properties": {"cell_id": "c_2640"}, "geometry": {"type": "Point", "coordinates": [55.427109, 25.188645]}}, {"type": "Feature", "properties": {"cell_id": "c_2641"}, "geometry": {"type": "Point", "coordinates": [55.432071, 25.188645]}}, {"type": "Feature", "properties": {"cell_id": "c_2642"}, "geometry": {"type": "Point", "coordinates": [55.437033, 25.188645]}}, {"type": "Feature", "properties": {"cell_id": "c_2643"}, "geometry": {"type": "Point", "coordinates": [55.441995, 25.188645]}}, {"type": "Feature", "properties": {"cell_id": "c_2644"}, "geometry": {"type": "Point", "coordinates": [55.446957, 25.188645]}}, {"type": "Feature", "properties": {"cell_id": "c_2645"}, "geometry": {"type": "Point", "coordinates": [55.233592, 25.193137]}}, {"type": "Feature", "properties": {"cell_id": "c_2646"}, "geometry": {"type": "Point", "coordinates": [55.238554, 25.193137]}}, {"type": "Feature", "properties": {"cell_id": "c_2647"}, "geometry": {"type": "Point", "coordinates": [55.243516, 25.193137]}}, {"type": "Feature", "properties": {"cell_id": "c_2648"}, "geometry": {"type": "Point", "coordinates": [55.248478, 25.193137]}}, {"type": "Feature", "properties": {"cell_id": "c_2649"}, "geometry": {"type": "Point", "coordinates": [55.25344, 25.193137]}}, {"type": "Feature", "properties": {"cell_id": "c_2650"}, "geometry": {"type": "Point", "coordinates": [55.258402, 25.193137]}}, {"type": "Feature", "properties": {"cell_id": "c_2651"}, "geometry": {"type": "Point", "coordinates": [55.263364, 25.193137]}}, {"type": "Feature", "properties": {"cell_id": "c_2652"}, "geometry": {"type": "Point", "coordinates": [55.268326, 25.193137]}}, {"type": "Feature", "properties": {"cell_id": "c_2653"}, "geometry": {"type": "Point", "coordinates": [55.273288, 25.193137]}}, {"type": "Feature", "properties": {"cell_id": "c_2654"}, "geometry": {"type": "Point", "coordinates": [55.27825, 25.193137]}}, {"type": "Feature", "properties": {"cell_id": "c_2655"}, "geometry": {"type": "Point", "coordinates": [55.283212, 25.193137]}}, {"type": "Feature", "properties": {"cell_id": "c_2656"}, "geometry": {"type": "Point", "coordinates": [55.288174, 25.193137]}}, {"type": "Feature", "properties": {"cell_id": "c_2657"}, "geometry": {"type": "Point", "coordinates": [55.293136, 25.193137]}}, {"type": "Feature", "properties": {"cell_id": "c_2658"}, "geometry": {"type": "Point", "coordinates": [55.298098, 25.193137]}}, {"type": "Feature", "properties": {"cell_id": "c_2659"}, "geometry": {"type": "Point", "coordinates": [55.30306, 25.193137]}}, {"type": "Feature", "properties": {"cell_id": "c_2660"}, "geometry": {"type": "Point", "coordinates": [55.308022, 25.193137]}}, {"type": "Feature", "properties": {"cell_id": "c_2661"}, "geometry": {"type": "Point", "coordinates": [55.312984, 25.193137]}}, {"type": "Feature", "properties": {"cell_id": "c_2662"}, "geometry": {"type": "Point", "coordinates": [55.317946, 25.193137]}}, {"type": "Feature", "properties": {"cell_id": "c_2663"}, "geometry": {"type": "Point", "coordinates": [55.322908, 25.193137]}}, {"type": "Feature", "properties": {"cell_id": "c_2664"}, "geometry": {"type": "Point", "coordinates": [55.32787, 25.193137]}}, {"type": "Feature", "properties": {"cell_id": "c_2665"}, "geometry": {"type": "Point", "coordinates": [55.332832, 25.193137]}}, {"type": "Feature", "properties": {"cell_id": "c_2666"}, "geometry": {"type": "Point", "coordinates": [55.337794, 25.193137]}}, {"type": "Feature", "properties": {"cell_id": "c_2667"}, "geometry": {"type": "Point", "coordinates": [55.342756, 25.193137]}}, {"type": "Feature", "properties": {"cell_id": "c_2668"}, "geometry": {"type": "Point", "coordinates": [55.347717, 25.193137]}}, {"type": "Feature", "properties": {"cell_id": "c_2669"}, "geometry": {"type": "Point", "coordinates": [55.352679, 25.193137]}}, {"type": "Feature", "properties": {"cell_id": "c_2670"}, "geometry": {"type": "Point", "coordinates": [55.357641, 25.193137]}}, {"type": "Feature", "properties": {"cell_id": "c_2671"}, "geometry": {"type": "Point", "coordinates": [55.362603, 25.193137]}}, {"type": "Feature", "properties": {"cell_id": "c_2672"}, "geometry": {"type": "Point", "coordinates": [55.367565, 25.193137]}}, {"type": "Feature", "properties": {"cell_id": "c_2673"}, "geometry": {"type": "Point", "coordinates": [55.372527, 25.193137]}}, {"type": "Feature", "properties": {"cell_id": "c_2674"}, "geometry": {"type": "Point", "coordinates": [55.377489, 25.193137]}}, {"type": "Feature", "properties": {"cell_id": "c_2675"}, "geometry": {"type": "Point", "coordinates": [55.382451, 25.193137]}}, {"type": "Feature", "properties": {"cell_id": "c_2676"}, "geometry": {"type": "Point", "coordinates": [55.387413, 25.193137]}}, {"type": "Feature", "properties": {"cell_id": "c_2677"}, "geometry": {"type": "Point", "coordinates": [55.392375, 25.193137]}}, {"type": "Feature", "properties": {"cell_id": "c_2678"}, "geometry": {"type": "Point", "coordinates": [55.397337, 25.193137]}}, {"type": "Feature", "properties": {"cell_id": "c_2679"}, "geometry": {"type": "Point", "coordinates": [55.402299, 25.193137]}}, {"type": "Feature", "properties": {"cell_id": "c_2680"}, "geometry": {"type": "Point", "coordinates": [55.407261, 25.193137]}}, {"type": "Feature", "properties": {"cell_id": "c_2681"}, "geometry": {"type": "Point", "coordinates": [55.412223, 25.193137]}}, {"type": "Feature", "properties": {"cell_id": "c_2682"}, "geometry": {"type": "Point", "coordinates": [55.417185, 25.193137]}}, {"type": "Feature", "properties": {"cell_id": "c_2683"}, "geometry": {"type": "Point", "coordinates": [55.422147, 25.193137]}}, {"type": "Feature", "properties": {"cell_id": "c_2684"}, "geometry": {"type": "Point", "coordinates": [55.427109, 25.193137]}}, {"type": "Feature", "properties": {"cell_id": "c_2685"}, "geometry": {"type": "Point", "coordinates": [55.432071, 25.193137]}}, {"type": "Feature", "properties": {"cell_id": "c_2686"}, "geometry": {"type": "Point", "coordinates": [55.437033, 25.193137]}}, {"type": "Feature", "properties": {"cell_id": "c_2687"}, "geometry": {"type": "Point", "coordinates": [55.441995, 25.193137]}}, {"type": "Feature", "properties": {"cell_id": "c_2688"}, "geometry": {"type": "Point", "coordinates": [55.446957, 25.193137]}}, {"type": "Feature", "properties": {"cell_id": "c_2689"}, "geometry": {"type": "Point", "coordinates": [55.233592, 25.197628]}}, {"type": "Feature", "properties": {"cell_id": "c_2690"}, "geometry": {"type": "Point", "coordinates": [55.238554, 25.197628]}}, {"type": "Feature", "properties": {"cell_id": "c_2691"}, "geometry": {"type": "Point", "coordinates": [55.243516, 25.197628]}}, {"type": "Feature", "properties": {"cell_id": "c_2692"}, "geometry": {"type": "Point", "coordinates": [55.248478, 25.197628]}}, {"type": "Feature", "properties": {"cell_id": "c_2693"}, "geometry": {"type": "Point", "coordinates": [55.25344, 25.197628]}}, {"type": "Feature", "properties": {"cell_id": "c_2694"}, "geometry": {"type": "Point", "coordinates": [55.258402, 25.197628]}}, {"type": "Feature", "properties": {"cell_id": "c_2695"}, "geometry": {"type": "Point", "coordinates": [55.263364, 25.197628]}}, {"type": "Feature", "properties": {"cell_id": "c_2696"}, "geometry": {"type": "Point", "coordinates": [55.268326, 25.197628]}}, {"type": "Feature", "properties": {"cell_id": "c_2697"}, "geometry": {"type": "Point", "coordinates": [55.273288, 25.197628]}}, {"type": "Feature", "properties": {"cell_id": "c_2698"}, "geometry": {"type": "Point", "coordinates": [55.27825, 25.197628]}}, {"type": "Feature", "properties": {"cell_id": "c_2699"}, "geometry": {"type": "Point", "coordinates": [55.283212, 25.197628]}}, {"type": "Feature", "properties": {"cell_id": "c_2700"}, "geometry": {"type": "Point", "coordinates": [55.288174, 25.197628]}}, {"type": "Feature", "properties": {"cell_id": "c_2701"}, "geometry": {"type": "Point", "coordinates": [55.293136, 25.197628]}}, {"type": "Feature", "properties": {"cell_id": "c_2702"}, "geometry": {"type": "Point", "coordinates": [55.298098, 25.197628]}}, {"type": "Feature", "properties": {"cell_id": "c_2703"}, "geometry": {"type": "Point", "coordinates": [55.30306, 25.197628]}}, {"type": "Feature", "properties": {"cell_id": "c_2704"}, "geometry": {"type": "Point", "coordinates": [55.308022, 25.197628]}}, {"type": "Feature", "properties": {"cell_id": "c_2705"}, "geometry": {"type": "Point", "coordinates": [55.312984, 25.197628]}}, {"type": "Feature", "properties": {"cell_id": "c_2706"}, "geometry": {"type": "Point", "coordinates": [55.317946, 25.197628]}}, {"type": "Feature", "properties": {"cell_id": "c_2707"}, "geometry": {"type": "Point", "coordinates": [55.322908, 25.197628]}}, {"type": "Feature", "properties": {"cell_id": "c_2708"}, "geometry": {"type": "Point", "coordinates": [55.32787, 25.197628]}}, {"type": "Feature", "properties": {"cell_id": "c_2709"}, "geometry": {"type": "Point", "coordinates": [55.332832, 25.197628]}}, {"type": "Feature", "properties": {"cell_id": "c_2710"}, "geometry": {"type": "Point", "coordinates": [55.337794, 25.197628]}}, {"type": "Feature", "properties": {"cell_id": "c_2711"}, "geometry": {"type": "Point", "coordinates": [55.342756, 25.197628]}}, {"type": "Feature", "properties": {"cell_id": "c_2712"}, "geometry": {"type": "Point", "coordinates": [55.347717, 25.197628]}}, {"type": "Feature", "properties": {"cell_id": "c_2713"}, "geometry": {"type": "Point", "coordinates": [55.352679, 25.197628]}}, {"type": "Feature", "properties": {"cell_id": "c_2714"}, "geometry": {"type": "Point", "coordinates": [55.357641, 25.197628]}}, {"type": "Feature", "properties": {"cell_id": "c_2715"}, "geometry": {"type": "Point", "coordinates": [55.362603, 25.197628]}}, {"type": "Feature", "properties": {"cell_id": "c_2716"}, "geometry": {"type": "Point", "coordinates": [55.367565, 25.197628]}}, {"type": "Feature", "properties": {"cell_id": "c_2717"}, "geometry": {"type": "Point", "coordinates": [55.372527, 25.197628]}}, {"type": "Feature", "properties": {"cell_id": "c_2718"}, "geometry": {"type": "Point", "coordinates": [55.377489, 25.197628]}}, {"type": "Feature", "properties": {"cell_id": "c_2719"}, "geometry": {"type": "Point", "coordinates": [55.382451, 25.197628]}}, {"type": "Feature", "properties": {"cell_id": "c_2720"}, "geometry": {"type": "Point", "coordinates": [55.387413, 25.197628]}}, {"type": "Feature", "properties": {"cell_id": "c_2721"}, "geometry": {"type": "Point", "coordinates": [55.392375, 25.197628]}}, {"type": "Feature", "properties": {"cell_id": "c_2722"}, "geometry": {"type": "Point", "coordinates": [55.397337, 25.197628]}}, {"type": "Feature", "properties": {"cell_id": "c_2723"}, "geometry": {"type": "Point", "coordinates": [55.402299, 25.197628]}}, {"type": "Feature", "properties": {"cell_id": "c_2724"}, "geometry": {"type": "Point", "coordinates": [55.407261, 25.197628]}}, {"type": "Feature", "properties": {"cell_id": "c_2725"}, "geometry": {"type": "Point", "coordinates": [55.412223, 25.197628]}}, {"type": "Feature", "properties": {"cell_id": "c_2726"}, "geometry": {"type": "Point", "coordinates": [55.417185, 25.197628]}}, {"type": "Feature", "properties": {"cell_id": "c_2727"}, "geometry": {"type": "Point", "coordinates": [55.422147, 25.197628]}}, {"type": "Feature", "properties": {"cell_id": "c_2728"}, "geometry": {"type": "Point", "coordinates": [55.427109, 25.197628]}}, {"type": "Feature", "properties": {"cell_id": "c_2729"}, "geometry": {"type": "Point", "coordinates": [55.432071, 25.197628]}}, {"type": "Feature", "properties": {"cell_id": "c_2730"}, "geometry": {"type": "Point", "coordinates": [55.437033, 25.197628]}}, {"type": "Feature", "properties": {"cell_id": "c_2731"}, "geometry": {"type": "Point", "coordinates": [55.441995, 25.197628]}}, {"type": "Feature", "properties": {"cell_id": "c_2732"}, "geometry": {"type": "Point", "coordinates": [55.446957, 25.197628]}}, {"type": "Feature", "properties": {"cell_id": "c_2733"}, "geometry": {"type": "Point", "coordinates": [55.233592, 25.20212]}}, {"type": "Feature", "properties": {"cell_id": "c_2734"}, "geometry": {"type": "Point", "coordinates": [55.238554, 25.20212]}}, {"type": "Feature", "properties": {"cell_id": "c_2735"}, "geometry": {"type": "Point", "coordinates": [55.243516, 25.20212]}}, {"type": "Feature", "properties": {"cell_id": "c_2736"}, "geometry": {"type": "Point", "coordinates": [55.248478, 25.20212]}}, {"type": "Feature", "properties": {"cell_id": "c_2737"}, "geometry": {"type": "Point", "coordinates": [55.25344, 25.20212]}}, {"type": "Feature", "properties": {"cell_id": "c_2738"}, "geometry": {"type": "Point", "coordinates": [55.258402, 25.20212]}}, {"type": "Feature", "properties": {"cell_id": "c_2739"}, "geometry": {"type": "Point", "coordinates": [55.263364, 25.20212]}}, {"type": "Feature", "properties": {"cell_id": "c_2740"}, "geometry": {"type": "Point", "coordinates": [55.268326, 25.20212]}}, {"type": "Feature", "properties": {"cell_id": "c_2741"}, "geometry": {"type": "Point", "coordinates": [55.273288, 25.20212]}}, {"type": "Feature", "properties": {"cell_id": "c_2742"}, "geometry": {"type": "Point", "coordinates": [55.27825, 25.20212]}}, {"type": "Feature", "properties": {"cell_id": "c_2743"}, "geometry": {"type": "Point", "coordinates": [55.283212, 25.20212]}}, {"type": "Feature", "properties": {"cell_id": "c_2744"}, "geometry": {"type": "Point", "coordinates": [55.288174, 25.20212]}}, {"type": "Feature", "properties": {"cell_id": "c_2745"}, "geometry": {"type": "Point", "coordinates": [55.293136, 25.20212]}}, {"type": "Feature", "properties": {"cell_id": "c_2746"}, "geometry": {"type": "Point", "coordinates": [55.298098, 25.20212]}}, {"type": "Feature", "properties": {"cell_id": "c_2747"}, "geometry": {"type": "Point", "coordinates": [55.30306, 25.20212]}}, {"type": "Feature", "properties": {"cell_id": "c_2748"}, "geometry": {"type": "Point", "coordinates": [55.308022, 25.20212]}}, {"type": "Feature", "properties": {"cell_id": "c_2749"}, "geometry": {"type": "Point", "coordinates": [55.312984, 25.20212]}}, {"type": "Feature", "properties": {"cell_id": "c_2750"}, "geometry": {"type": "Point", "coordinates": [55.317946, 25.20212]}}, {"type": "Feature", "properties": {"cell_id": "c_2751"}, "geometry": {"type": "Point", "coordinates": [55.322908, 25.20212]}}, {"type": "Feature", "properties": {"cell_id": "c_2752"}, "geometry": {"type": "Point", "coordinates": [55.32787, 25.20212]}}, {"type": "Feature", "properties": {"cell_id": "c_2753"}, "geometry": {"type": "Point", "coordinates": [55.332832, 25.20212]}}, {"type": "Feature", "properties": {"cell_id": "c_2754"}, "geometry": {"type": "Point", "coordinates": [55.337794, 25.20212]}}, {"type": "Feature", "properties": {"cell_id": "c_2755"}, "geometry": {"type": "Point", "coordinates": [55.342756, 25.20212]}}, {"type": "Feature", "properties": {"cell_id": "c_2756"}, "geometry": {"type": "Point", "coordinates": [55.347717, 25.20212]}}, {"type": "Feature", "properties": {"cell_id": "c_2757"}, "geometry": {"type": "Point", "coordinates": [55.352679, 25.20212]}}, {"type": "Feature", "properties": {"cell_id": "c_2758"}, "geometry": {"type": "Point", "coordinates": [55.357641, 25.20212]}}, {"type": "Feature", "properties": {"cell_id": "c_2759"}, "geometry": {"type": "Point", "coordinates": [55.362603, 25.20212]}}, {"type": "Feature", "properties": {"cell_id": "c_2760"}, "geometry": {"type": "Point", "coordinates": [55.367565, 25.20212]}}, {"type": "Feature", "properties": {"cell_id": "c_2761"}, "geometry": {"type": "Point", "coordinates": [55.372527, 25.20212]}}, {"type": "Feature", "properties": {"cell_id": "c_2762"}, "geometry": {"type": "Point", "coordinates": [55.377489, 25.20212]}}, {"type": "Feature", "properties": {"cell_id": "c_2763"}, "geometry": {"type": "Point", "coordinates": [55.382451, 25.20212]}}, {"type": "Feature", "properties": {"cell_id": "c_2764"}, "geometry": {"type": "Point", "coordinates": [55.387413, 25.20212]}}, {"type": "Feature", "properties": {"cell_id": "c_2765"}, "geometry": {"type": "Point", "coordinates": [55.392375, 25.20212]}}, {"type": "Feature", "properties": {"cell_id": "c_2766"}, "geometry": {"type": "Point", "coordinates": [55.397337, 25.20212]}}, {"type": "Feature", "properties": {"cell_id": "c_2767"}, "geometry": {"type": "Point", "coordinates": [55.402299, 25.20212]}}, {"type": "Feature", "properties": {"cell_id": "c_2768"}, "geometry": {"type": "Point", "coordinates": [55.407261, 25.20212]}}, {"type": "Feature", "properties": {"cell_id": "c_2769"}, "geometry": {"type": "Point", "coordinates": [55.412223, 25.20212]}}, {"type": "Feature", "properties": {"cell_id": "c_2770"}, "geometry": {"type": "Point", "coordinates": [55.417185, 25.20212]}}, {"type": "Feature", "properties": {"cell_id": "c_2771"}, "geometry": {"type": "Point", "coordinates": [55.422147, 25.20212]}}, {"type": "Feature", "properties": {"cell_id": "c_2772"}, "geometry": {"type": "Point", "coordinates": [55.427109, 25.20212]}}, {"type": "Feature", "properties": {"cell_id": "c_2773"}, "geometry": {"type": "Point", "coordinates": [55.432071, 25.20212]}}, {"type": "Feature", "properties": {"cell_id": "c_2774"}, "geometry": {"type": "Point", "coordinates": [55.437033, 25.20212]}}, {"type": "Feature", "properties": {"cell_id": "c_2775"}, "geometry": {"type": "Point", "coordinates": [55.441995, 25.20212]}}, {"type": "Feature", "properties": {"cell_id": "c_2776"}, "geometry": {"type": "Point", "coordinates": [55.446957, 25.20212]}}, {"type": "Feature", "properties": {"cell_id": "c_2777"}, "geometry": {"type": "Point", "coordinates": [55.233592, 25.206612]}}, {"type": "Feature", "properties": {"cell_id": "c_2778"}, "geometry": {"type": "Point", "coordinates": [55.238554, 25.206612]}}, {"type": "Feature", "properties": {"cell_id": "c_2779"}, "geometry": {"type": "Point", "coordinates": [55.243516, 25.206612]}}, {"type": "Feature", "properties": {"cell_id": "c_2780"}, "geometry": {"type": "Point", "coordinates": [55.248478, 25.206612]}}, {"type": "Feature", "properties": {"cell_id": "c_2781"}, "geometry": {"type": "Point", "coordinates": [55.25344, 25.206612]}}, {"type": "Feature", "properties": {"cell_id": "c_2782"}, "geometry": {"type": "Point", "coordinates": [55.258402, 25.206612]}}, {"type": "Feature", "properties": {"cell_id": "c_2783"}, "geometry": {"type": "Point", "coordinates": [55.263364, 25.206612]}}, {"type": "Feature", "properties": {"cell_id": "c_2784"}, "geometry": {"type": "Point", "coordinates": [55.268326, 25.206612]}}, {"type": "Feature", "properties": {"cell_id": "c_2785"}, "geometry": {"type": "Point", "coordinates": [55.273288, 25.206612]}}, {"type": "Feature", "properties": {"cell_id": "c_2786"}, "geometry": {"type": "Point", "coordinates": [55.27825, 25.206612]}}, {"type": "Feature", "properties": {"cell_id": "c_2787"}, "geometry": {"type": "Point", "coordinates": [55.283212, 25.206612]}}, {"type": "Feature", "properties": {"cell_id": "c_2788"}, "geometry": {"type": "Point", "coordinates": [55.288174, 25.206612]}}, {"type": "Feature", "properties": {"cell_id": "c_2789"}, "geometry": {"type": "Point", "coordinates": [55.293136, 25.206612]}}, {"type": "Feature", "properties": {"cell_id": "c_2790"}, "geometry": {"type": "Point", "coordinates": [55.298098, 25.206612]}}, {"type": "Feature", "properties": {"cell_id": "c_2791"}, "geometry": {"type": "Point", "coordinates": [55.30306, 25.206612]}}, {"type": "Feature", "properties": {"cell_id": "c_2792"}, "geometry": {"type": "Point", "coordinates": [55.308022, 25.206612]}}, {"type": "Feature", "properties": {"cell_id": "c_2793"}, "geometry": {"type": "Point", "coordinates": [55.312984, 25.206612]}}, {"type": "Feature", "properties": {"cell_id": "c_2794"}, "geometry": {"type": "Point", "coordinates": [55.317946, 25.206612]}}, {"type": "Feature", "properties": {"cell_id": "c_2795"}, "geometry": {"type": "Point", "coordinates": [55.322908, 25.206612]}}, {"type": "Feature", "properties": {"cell_id": "c_2796"}, "geometry": {"type": "Point", "coordinates": [55.32787, 25.206612]}}, {"type": "Feature", "properties": {"cell_id": "c_2797"}, "geometry": {"type": "Point", "coordinates": [55.332832, 25.206612]}}, {"type": "Feature", "properties": {"cell_id": "c_2798"}, "geometry": {"type": "Point", "coordinates": [55.337794, 25.206612]}}, {"type": "Feature", "properties": {"cell_id": "c_2799"}, "geometry": {"type": "Point", "coordinates": [55.342756, 25.206612]}}, {"type": "Feature", "properties": {"cell_id": "c_2800"}, "geometry": {"type": "Point", "coordinates": [55.347717, 25.206612]}}, {"type": "Feature", "properties": {"cell_id": "c_2801"}, "geometry": {"type": "Point", "coordinates": [55.352679, 25.206612]}}, {"type": "Feature", "properties": {"cell_id": "c_2802"}, "geometry": {"type": "Point", "coordinates": [55.357641, 25.206612]}}, {"type": "Feature", "properties": {"cell_id": "c_2803"}, "geometry": {"type": "Point", "coordinates": [55.362603, 25.206612]}}, {"type": "Feature", "properties": {"cell_id": "c_2804"}, "geometry": {"type": "Point", "coordinates": [55.367565, 25.206612]}}, {"type": "Feature", "properties": {"cell_id": "c_2805"}, "geometry": {"type": "Point", "coordinates": [55.372527, 25.206612]}}, {"type": "Feature", "properties": {"cell_id": "c_2806"}, "geometry": {"type": "Point", "coordinates": [55.377489, 25.206612]}}, {"type": "Feature", "properties": {"cell_id": "c_2807"}, "geometry": {"type": "Point", "coordinates": [55.382451, 25.206612]}}, {"type": "Feature", "properties": {"cell_id": "c_2808"}, "geometry": {"type": "Point", "coordinates": [55.387413, 25.206612]}}, {"type": "Feature", "properties": {"cell_id": "c_2809"}, "geometry": {"type": "Point", "coordinates": [55.392375, 25.206612]}}, {"type": "Feature", "properties": {"cell_id": "c_2810"}, "geometry": {"type": "Point", "coordinates": [55.397337, 25.206612]}}, {"type": "Feature", "properties": {"cell_id": "c_2811"}, "geometry": {"type": "Point", "coordinates": [55.402299, 25.206612]}}, {"type": "Feature", "properties": {"cell_id": "c_2812"}, "geometry": {"type": "Point", "coordinates": [55.407261, 25.206612]}}, {"type": "Feature", "properties": {"cell_id": "c_2813"}, "geometry": {"type": "Point", "coordinates": [55.412223, 25.206612]}}, {"type": "Feature", "properties": {"cell_id": "c_2814"}, "geometry": {"type": "Point", "coordinates": [55.417185, 25.206612]}}, {"type": "Feature", "properties": {"cell_id": "c_2815"}, "geometry": {"type": "Point", "coordinates": [55.422147, 25.206612]}}, {"type": "Feature", "properties": {"cell_id": "c_2816"}, "geometry": {"type": "Point", "coordinates": [55.427109, 25.206612]}}, {"type": "Feature", "properties": {"cell_id": "c_2817"}, "geometry": {"type": "Point", "coordinates": [55.432071, 25.206612]}}, {"type": "Feature", "properties": {"cell_id": "c_2818"}, "geometry": {"type": "Point", "coordinates": [55.437033, 25.206612]}}, {"type": "Feature", "properties": {"cell_id": "c_2819"}, "geometry": {"type": "Point", "coordinates": [55.441995, 25.206612]}}, {"type": "Feature", "properties": {"cell_id": "c_2820"}, "geometry": {"type": "Point", "coordinates": [55.446957, 25.206612]}}, {"type": "Feature", "properties": {"cell_id": "c_2821"}, "geometry": {"type": "Point", "coordinates": [55.243516, 25.211103]}}, {"type": "Feature", "properties": {"cell_id": "c_2822"}, "geometry": {"type": "Point", "coordinates": [55.248478, 25.211103]}}, {"type": "Feature", "properties": {"cell_id": "c_2823"}, "geometry": {"type": "Point", "coordinates": [55.25344, 25.211103]}}, {"type": "Feature", "properties": {"cell_id": "c_2824"}, "geometry": {"type": "Point", "coordinates": [55.258402, 25.211103]}}, {"type": "Feature", "properties": {"cell_id": "c_2825"}, "geometry": {"type": "Point", "coordinates": [55.263364, 25.211103]}}, {"type": "Feature", "properties": {"cell_id": "c_2826"}, "geometry": {"type": "Point", "coordinates": [55.268326, 25.211103]}}, {"type": "Feature", "properties": {"cell_id": "c_2827"}, "geometry": {"type": "Point", "coordinates": [55.273288, 25.211103]}}, {"type": "Feature", "properties": {"cell_id": "c_2828"}, "geometry": {"type": "Point", "coordinates": [55.27825, 25.211103]}}, {"type": "Feature", "properties": {"cell_id": "c_2829"}, "geometry": {"type": "Point", "coordinates": [55.283212, 25.211103]}}, {"type": "Feature", "properties": {"cell_id": "c_2830"}, "geometry": {"type": "Point", "coordinates": [55.288174, 25.211103]}}, {"type": "Feature", "properties": {"cell_id": "c_2831"}, "geometry": {"type": "Point", "coordinates": [55.293136, 25.211103]}}, {"type": "Feature", "properties": {"cell_id": "c_2832"}, "geometry": {"type": "Point", "coordinates": [55.298098, 25.211103]}}, {"type": "Feature", "properties": {"cell_id": "c_2833"}, "geometry": {"type": "Point", "coordinates": [55.30306, 25.211103]}}, {"type": "Feature", "properties": {"cell_id": "c_2834"}, "geometry": {"type": "Point", "coordinates": [55.308022, 25.211103]}}, {"type": "Feature", "properties": {"cell_id": "c_2835"}, "geometry": {"type": "Point", "coordinates": [55.312984, 25.211103]}}, {"type": "Feature", "properties": {"cell_id": "c_2836"}, "geometry": {"type": "Point", "coordinates": [55.317946, 25.211103]}}, {"type": "Feature", "properties": {"cell_id": "c_2837"}, "geometry": {"type": "Point", "coordinates": [55.322908, 25.211103]}}, {"type": "Feature", "properties": {"cell_id": "c_2838"}, "geometry": {"type": "Point", "coordinates": [55.32787, 25.211103]}}, {"type": "Feature", "properties": {"cell_id": "c_2839"}, "geometry": {"type": "Point", "coordinates": [55.332832, 25.211103]}}, {"type": "Feature", "properties": {"cell_id": "c_2840"}, "geometry": {"type": "Point", "coordinates": [55.337794, 25.211103]}}, {"type": "Feature", "properties": {"cell_id": "c_2841"}, "geometry": {"type": "Point", "coordinates": [55.342756, 25.211103]}}, {"type": "Feature", "properties": {"cell_id": "c_2842"}, "geometry": {"type": "Point", "coordinates": [55.347717, 25.211103]}}, {"type": "Feature", "properties": {"cell_id": "c_2843"}, "geometry": {"type": "Point", "coordinates": [55.352679, 25.211103]}}, {"type": "Feature", "properties": {"cell_id": "c_2844"}, "geometry": {"type": "Point", "coordinates": [55.357641, 25.211103]}}, {"type": "Feature", "properties": {"cell_id": "c_2845"}, "geometry": {"type": "Point", "coordinates": [55.362603, 25.211103]}}, {"type": "Feature", "properties": {"cell_id": "c_2846"}, "geometry": {"type": "Point", "coordinates": [55.367565, 25.211103]}}, {"type": "Feature", "properties": {"cell_id": "c_2847"}, "geometry": {"type": "Point", "coordinates": [55.372527, 25.211103]}}, {"type": "Feature", "properties": {"cell_id": "c_2848"}, "geometry": {"type": "Point", "coordinates": [55.377489, 25.211103]}}, {"type": "Feature", "properties": {"cell_id": "c_2849"}, "geometry": {"type": "Point", "coordinates": [55.382451, 25.211103]}}, {"type": "Feature", "properties": {"cell_id": "c_2850"}, "geometry": {"type": "Point", "coordinates": [55.387413, 25.211103]}}, {"type": "Feature", "properties": {"cell_id": "c_2851"}, "geometry": {"type": "Point", "coordinates": [55.392375, 25.211103]}}, {"type": "Feature", "properties": {"cell_id": "c_2852"}, "geometry": {"type": "Point", "coordinates": [55.397337, 25.211103]}}, {"type": "Feature", "properties": {"cell_id": "c_2853"}, "geometry": {"type": "Point", "coordinates": [55.402299, 25.211103]}}, {"type": "Feature", "properties": {"cell_id": "c_2854"}, "geometry": {"type": "Point", "coordinates": [55.407261, 25.211103]}}, {"type": "Feature", "properties": {"cell_id": "c_2855"}, "geometry": {"type": "Point", "coordinates": [55.412223, 25.211103]}}, {"type": "Feature", "properties": {"cell_id": "c_2856"}, "geometry": {"type": "Point", "coordinates": [55.417185, 25.211103]}}, {"type": "Feature", "properties": {"cell_id": "c_2857"}, "geometry": {"type": "Point", "coordinates": [55.422147, 25.211103]}}, {"type": "Feature", "properties": {"cell_id": "c_2858"}, "geometry": {"type": "Point", "coordinates": [55.427109, 25.211103]}}, {"type": "Feature", "properties": {"cell_id": "c_2859"}, "geometry": {"type": "Point", "coordinates": [55.432071, 25.211103]}}, {"type": "Feature", "properties": {"cell_id": "c_2860"}, "geometry": {"type": "Point", "coordinates": [55.437033, 25.211103]}}, {"type": "Feature", "properties": {"cell_id": "c_2861"}, "geometry": {"type": "Point", "coordinates": [55.441995, 25.211103]}}, {"type": "Feature", "properties": {"cell_id": "c_2862"}, "geometry": {"type": "Point", "coordinates": [55.446957, 25.211103]}}, {"type": "Feature", "properties": {"cell_id": "c_2863"}, "geometry": {"type": "Point", "coordinates": [55.243516, 25.215595]}}, {"type": "Feature", "properties": {"cell_id": "c_2864"}, "geometry": {"type": "Point", "coordinates": [55.248478, 25.215595]}}, {"type": "Feature", "properties": {"cell_id": "c_2865"}, "geometry": {"type": "Point", "coordinates": [55.25344, 25.215595]}}, {"type": "Feature", "properties": {"cell_id": "c_2866"}, "geometry": {"type": "Point", "coordinates": [55.258402, 25.215595]}}, {"type": "Feature", "properties": {"cell_id": "c_2867"}, "geometry": {"type": "Point", "coordinates": [55.263364, 25.215595]}}, {"type": "Feature", "properties": {"cell_id": "c_2868"}, "geometry": {"type": "Point", "coordinates": [55.268326, 25.215595]}}, {"type": "Feature", "properties": {"cell_id": "c_2869"}, "geometry": {"type": "Point", "coordinates": [55.273288, 25.215595]}}, {"type": "Feature", "properties": {"cell_id": "c_2870"}, "geometry": {"type": "Point", "coordinates": [55.27825, 25.215595]}}, {"type": "Feature", "properties": {"cell_id": "c_2871"}, "geometry": {"type": "Point", "coordinates": [55.283212, 25.215595]}}, {"type": "Feature", "properties": {"cell_id": "c_2872"}, "geometry": {"type": "Point", "coordinates": [55.288174, 25.215595]}}, {"type": "Feature", "properties": {"cell_id": "c_2873"}, "geometry": {"type": "Point", "coordinates": [55.293136, 25.215595]}}, {"type": "Feature", "properties": {"cell_id": "c_2874"}, "geometry": {"type": "Point", "coordinates": [55.298098, 25.215595]}}, {"type": "Feature", "properties": {"cell_id": "c_2875"}, "geometry": {"type": "Point", "coordinates": [55.30306, 25.215595]}}, {"type": "Feature", "properties": {"cell_id": "c_2876"}, "geometry": {"type": "Point", "coordinates": [55.308022, 25.215595]}}, {"type": "Feature", "properties": {"cell_id": "c_2877"}, "geometry": {"type": "Point", "coordinates": [55.312984, 25.215595]}}, {"type": "Feature", "properties": {"cell_id": "c_2878"}, "geometry": {"type": "Point", "coordinates": [55.317946, 25.215595]}}, {"type": "Feature", "properties": {"cell_id": "c_2879"}, "geometry": {"type": "Point", "coordinates": [55.322908, 25.215595]}}, {"type": "Feature", "properties": {"cell_id": "c_2880"}, "geometry": {"type": "Point", "coordinates": [55.32787, 25.215595]}}, {"type": "Feature", "properties": {"cell_id": "c_2881"}, "geometry": {"type": "Point", "coordinates": [55.332832, 25.215595]}}, {"type": "Feature", "properties": {"cell_id": "c_2882"}, "geometry": {"type": "Point", "coordinates": [55.337794, 25.215595]}}, {"type": "Feature", "properties": {"cell_id": "c_2883"}, "geometry": {"type": "Point", "coordinates": [55.342756, 25.215595]}}, {"type": "Feature", "properties": {"cell_id": "c_2884"}, "geometry": {"type": "Point", "coordinates": [55.347717, 25.215595]}}, {"type": "Feature", "properties": {"cell_id": "c_2885"}, "geometry": {"type": "Point", "coordinates": [55.352679, 25.215595]}}, {"type": "Feature", "properties": {"cell_id": "c_2886"}, "geometry": {"type": "Point", "coordinates": [55.357641, 25.215595]}}, {"type": "Feature", "properties": {"cell_id": "c_2887"}, "geometry": {"type": "Point", "coordinates": [55.362603, 25.215595]}}, {"type": "Feature", "properties": {"cell_id": "c_2888"}, "geometry": {"type": "Point", "coordinates": [55.367565, 25.215595]}}, {"type": "Feature", "properties": {"cell_id": "c_2889"}, "geometry": {"type": "Point", "coordinates": [55.372527, 25.215595]}}, {"type": "Feature", "properties": {"cell_id": "c_2890"}, "geometry": {"type": "Point", "coordinates": [55.377489, 25.215595]}}, {"type": "Feature", "properties": {"cell_id": "c_2891"}, "geometry": {"type": "Point", "coordinates": [55.382451, 25.215595]}}, {"type": "Feature", "properties": {"cell_id": "c_2892"}, "geometry": {"type": "Point", "coordinates": [55.387413, 25.215595]}}, {"type": "Feature", "properties": {"cell_id": "c_2893"}, "geometry": {"type": "Point", "coordinates": [55.392375, 25.215595]}}, {"type": "Feature", "properties": {"cell_id": "c_2894"}, "geometry": {"type": "Point", "coordinates": [55.397337, 25.215595]}}, {"type": "Feature", "properties": {"cell_id": "c_2895"}, "geometry": {"type": "Point", "coordinates": [55.402299, 25.215595]}}, {"type": "Feature", "properties": {"cell_id": "c_2896"}, "geometry": {"type": "Point", "coordinates": [55.407261, 25.215595]}}, {"type": "Feature", "properties": {"cell_id": "c_2897"}, "geometry": {"type": "Point", "coordinates": [55.412223, 25.215595]}}, {"type": "Feature", "properties": {"cell_id": "c_2898"}, "geometry": {"type": "Point", "coordinates": [55.417185, 25.215595]}}, {"type": "Feature", "properties": {"cell_id": "c_2899"}, "geometry": {"type": "Point", "coordinates": [55.422147, 25.215595]}}, {"type": "Feature", "properties": {"cell_id": "c_2900"}, "geometry": {"type": "Point", "coordinates": [55.427109, 25.215595]}}, {"type": "Feature", "properties": {"cell_id": "c_2901"}, "geometry": {"type": "Point", "coordinates": [55.432071, 25.215595]}}, {"type": "Feature", "properties": {"cell_id": "c_2902"}, "geometry": {"type": "Point", "coordinates": [55.437033, 25.215595]}}, {"type": "Feature", "properties": {"cell_id": "c_2903"}, "geometry": {"type": "Point", "coordinates": [55.441995, 25.215595]}}, {"type": "Feature", "properties": {"cell_id": "c_2904"}, "geometry": {"type": "Point", "coordinates": [55.446957, 25.215595]}}, {"type": "Feature", "properties": {"cell_id": "c_2905"}, "geometry": {"type": "Point", "coordinates": [55.25344, 25.220086]}}, {"type": "Feature", "properties": {"cell_id": "c_2906"}, "geometry": {"type": "Point", "coordinates": [55.258402, 25.220086]}}, {"type": "Feature", "properties": {"cell_id": "c_2907"}, "geometry": {"type": "Point", "coordinates": [55.263364, 25.220086]}}, {"type": "Feature", "properties": {"cell_id": "c_2908"}, "geometry": {"type": "Point", "coordinates": [55.268326, 25.220086]}}, {"type": "Feature", "properties": {"cell_id": "c_2909"}, "geometry": {"type": "Point", "coordinates": [55.273288, 25.220086]}}, {"type": "Feature", "properties": {"cell_id": "c_2910"}, "geometry": {"type": "Point", "coordinates": [55.27825, 25.220086]}}, {"type": "Feature", "properties": {"cell_id": "c_2911"}, "geometry": {"type": "Point", "coordinates": [55.283212, 25.220086]}}, {"type": "Feature", "properties": {"cell_id": "c_2912"}, "geometry": {"type": "Point", "coordinates": [55.288174, 25.220086]}}, {"type": "Feature", "properties": {"cell_id": "c_2913"}, "geometry": {"type": "Point", "coordinates": [55.293136, 25.220086]}}, {"type": "Feature", "properties": {"cell_id": "c_2914"}, "geometry": {"type": "Point", "coordinates": [55.298098, 25.220086]}}, {"type": "Feature", "properties": {"cell_id": "c_2915"}, "geometry": {"type": "Point", "coordinates": [55.30306, 25.220086]}}, {"type": "Feature", "properties": {"cell_id": "c_2916"}, "geometry": {"type": "Point", "coordinates": [55.308022, 25.220086]}}, {"type": "Feature", "properties": {"cell_id": "c_2917"}, "geometry": {"type": "Point", "coordinates": [55.312984, 25.220086]}}, {"type": "Feature", "properties": {"cell_id": "c_2918"}, "geometry": {"type": "Point", "coordinates": [55.317946, 25.220086]}}, {"type": "Feature", "properties": {"cell_id": "c_2919"}, "geometry": {"type": "Point", "coordinates": [55.322908, 25.220086]}}, {"type": "Feature", "properties": {"cell_id": "c_2920"}, "geometry": {"type": "Point", "coordinates": [55.32787, 25.220086]}}, {"type": "Feature", "properties": {"cell_id": "c_2921"}, "geometry": {"type": "Point", "coordinates": [55.332832, 25.220086]}}, {"type": "Feature", "properties": {"cell_id": "c_2922"}, "geometry": {"type": "Point", "coordinates": [55.337794, 25.220086]}}, {"type": "Feature", "properties": {"cell_id": "c_2923"}, "geometry": {"type": "Point", "coordinates": [55.342756, 25.220086]}}, {"type": "Feature", "properties": {"cell_id": "c_2924"}, "geometry": {"type": "Point", "coordinates": [55.347717, 25.220086]}}, {"type": "Feature", "properties": {"cell_id": "c_2925"}, "geometry": {"type": "Point", "coordinates": [55.352679, 25.220086]}}, {"type": "Feature", "properties": {"cell_id": "c_2926"}, "geometry": {"type": "Point", "coordinates": [55.357641, 25.220086]}}, {"type": "Feature", "properties": {"cell_id": "c_2927"}, "geometry": {"type": "Point", "coordinates": [55.362603, 25.220086]}}, {"type": "Feature", "properties": {"cell_id": "c_2928"}, "geometry": {"type": "Point", "coordinates": [55.367565, 25.220086]}}, {"type": "Feature", "properties": {"cell_id": "c_2929"}, "geometry": {"type": "Point", "coordinates": [55.372527, 25.220086]}}, {"type": "Feature", "properties": {"cell_id": "c_2930"}, "geometry": {"type": "Point", "coordinates": [55.377489, 25.220086]}}, {"type": "Feature", "properties": {"cell_id": "c_2931"}, "geometry": {"type": "Point", "coordinates": [55.382451, 25.220086]}}, {"type": "Feature", "properties": {"cell_id": "c_2932"}, "geometry": {"type": "Point", "coordinates": [55.387413, 25.220086]}}, {"type": "Feature", "properties": {"cell_id": "c_2933"}, "geometry": {"type": "Point", "coordinates": [55.392375, 25.220086]}}, {"type": "Feature", "properties": {"cell_id": "c_2934"}, "geometry": {"type": "Point", "coordinates": [55.397337, 25.220086]}}, {"type": "Feature", "properties": {"cell_id": "c_2935"}, "geometry": {"type": "Point", "coordinates": [55.402299, 25.220086]}}, {"type": "Feature", "properties": {"cell_id": "c_2936"}, "geometry": {"type": "Point", "coordinates": [55.407261, 25.220086]}}, {"type": "Feature", "properties": {"cell_id": "c_2937"}, "geometry": {"type": "Point", "coordinates": [55.412223, 25.220086]}}, {"type": "Feature", "properties": {"cell_id": "c_2938"}, "geometry": {"type": "Point", "coordinates": [55.417185, 25.220086]}}, {"type": "Feature", "properties": {"cell_id": "c_2939"}, "geometry": {"type": "Point", "coordinates": [55.422147, 25.220086]}}, {"type": "Feature", "properties": {"cell_id": "c_2940"}, "geometry": {"type": "Point", "coordinates": [55.427109, 25.220086]}}, {"type": "Feature", "properties": {"cell_id": "c_2941"}, "geometry": {"type": "Point", "coordinates": [55.432071, 25.220086]}}, {"type": "Feature", "properties": {"cell_id": "c_2942"}, "geometry": {"type": "Point", "coordinates": [55.437033, 25.220086]}}, {"type": "Feature", "properties": {"cell_id": "c_2943"}, "geometry": {"type": "Point", "coordinates": [55.441995, 25.220086]}}, {"type": "Feature", "properties": {"cell_id": "c_2944"}, "geometry": {"type": "Point", "coordinates": [55.446957, 25.220086]}}, {"type": "Feature", "properties": {"cell_id": "c_2945"}, "geometry": {"type": "Point", "coordinates": [55.25344, 25.224578]}}, {"type": "Feature", "properties": {"cell_id": "c_2946"}, "geometry": {"type": "Point", "coordinates": [55.258402, 25.224578]}}, {"type": "Feature", "properties": {"cell_id": "c_2947"}, "geometry": {"type": "Point", "coordinates": [55.263364, 25.224578]}}, {"type": "Feature", "properties": {"cell_id": "c_2948"}, "geometry": {"type": "Point", "coordinates": [55.268326, 25.224578]}}, {"type": "Feature", "properties": {"cell_id": "c_2949"}, "geometry": {"type": "Point", "coordinates": [55.273288, 25.224578]}}, {"type": "Feature", "properties": {"cell_id": "c_2950"}, "geometry": {"type": "Point", "coordinates": [55.27825, 25.224578]}}, {"type": "Feature", "properties": {"cell_id": "c_2951"}, "geometry": {"type": "Point", "coordinates": [55.283212, 25.224578]}}, {"type": "Feature", "properties": {"cell_id": "c_2952"}, "geometry": {"type": "Point", "coordinates": [55.288174, 25.224578]}}, {"type": "Feature", "properties": {"cell_id": "c_2953"}, "geometry": {"type": "Point", "coordinates": [55.293136, 25.224578]}}, {"type": "Feature", "properties": {"cell_id": "c_2954"}, "geometry": {"type": "Point", "coordinates": [55.298098, 25.224578]}}, {"type": "Feature", "properties": {"cell_id": "c_2955"}, "geometry": {"type": "Point", "coordinates": [55.30306, 25.224578]}}, {"type": "Feature", "properties": {"cell_id": "c_2956"}, "geometry": {"type": "Point", "coordinates": [55.308022, 25.224578]}}, {"type": "Feature", "properties": {"cell_id": "c_2957"}, "geometry": {"type": "Point", "coordinates": [55.312984, 25.224578]}}, {"type": "Feature", "properties": {"cell_id": "c_2958"}, "geometry": {"type": "Point", "coordinates": [55.317946, 25.224578]}}, {"type": "Feature", "properties": {"cell_id": "c_2959"}, "geometry": {"type": "Point", "coordinates": [55.322908, 25.224578]}}, {"type": "Feature", "properties": {"cell_id": "c_2960"}, "geometry": {"type": "Point", "coordinates": [55.32787, 25.224578]}}, {"type": "Feature", "properties": {"cell_id": "c_2961"}, "geometry": {"type": "Point", "coordinates": [55.332832, 25.224578]}}, {"type": "Feature", "properties": {"cell_id": "c_2962"}, "geometry": {"type": "Point", "coordinates": [55.337794, 25.224578]}}, {"type": "Feature", "properties": {"cell_id": "c_2963"}, "geometry": {"type": "Point", "coordinates": [55.342756, 25.224578]}}, {"type": "Feature", "properties": {"cell_id": "c_2964"}, "geometry": {"type": "Point", "coordinates": [55.347717, 25.224578]}}, {"type": "Feature", "properties": {"cell_id": "c_2965"}, "geometry": {"type": "Point", "coordinates": [55.352679, 25.224578]}}, {"type": "Feature", "properties": {"cell_id": "c_2966"}, "geometry": {"type": "Point", "coordinates": [55.357641, 25.224578]}}, {"type": "Feature", "properties": {"cell_id": "c_2967"}, "geometry": {"type": "Point", "coordinates": [55.362603, 25.224578]}}, {"type": "Feature", "properties": {"cell_id": "c_2968"}, "geometry": {"type": "Point", "coordinates": [55.367565, 25.224578]}}, {"type": "Feature", "properties": {"cell_id": "c_2969"}, "geometry": {"type": "Point", "coordinates": [55.372527, 25.224578]}}, {"type": "Feature", "properties": {"cell_id": "c_2970"}, "geometry": {"type": "Point", "coordinates": [55.377489, 25.224578]}}, {"type": "Feature", "properties": {"cell_id": "c_2971"}, "geometry": {"type": "Point", "coordinates": [55.382451, 25.224578]}}, {"type": "Feature", "properties": {"cell_id": "c_2972"}, "geometry": {"type": "Point", "coordinates": [55.387413, 25.224578]}}, {"type": "Feature", "properties": {"cell_id": "c_2973"}, "geometry": {"type": "Point", "coordinates": [55.392375, 25.224578]}}, {"type": "Feature", "properties": {"cell_id": "c_2974"}, "geometry": {"type": "Point", "coordinates": [55.397337, 25.224578]}}, {"type": "Feature", "properties": {"cell_id": "c_2975"}, "geometry": {"type": "Point", "coordinates": [55.402299, 25.224578]}}, {"type": "Feature", "properties": {"cell_id": "c_2976"}, "geometry": {"type": "Point", "coordinates": [55.407261, 25.224578]}}, {"type": "Feature", "properties": {"cell_id": "c_2977"}, "geometry": {"type": "Point", "coordinates": [55.412223, 25.224578]}}, {"type": "Feature", "properties": {"cell_id": "c_2978"}, "geometry": {"type": "Point", "coordinates": [55.417185, 25.224578]}}, {"type": "Feature", "properties": {"cell_id": "c_2979"}, "geometry": {"type": "Point", "coordinates": [55.422147, 25.224578]}}, {"type": "Feature", "properties": {"cell_id": "c_2980"}, "geometry": {"type": "Point", "coordinates": [55.427109, 25.224578]}}, {"type": "Feature", "properties": {"cell_id": "c_2981"}, "geometry": {"type": "Point", "coordinates": [55.432071, 25.224578]}}, {"type": "Feature", "properties": {"cell_id": "c_2982"}, "geometry": {"type": "Point", "coordinates": [55.437033, 25.224578]}}, {"type": "Feature", "properties": {"cell_id": "c_2983"}, "geometry": {"type": "Point", "coordinates": [55.441995, 25.224578]}}, {"type": "Feature", "properties": {"cell_id": "c_2984"}, "geometry": {"type": "Point", "coordinates": [55.446957, 25.224578]}}, {"type": "Feature", "properties": {"cell_id": "c_2985"}, "geometry": {"type": "Point", "coordinates": [55.25344, 25.229069]}}, {"type": "Feature", "properties": {"cell_id": "c_2986"}, "geometry": {"type": "Point", "coordinates": [55.258402, 25.229069]}}, {"type": "Feature", "properties": {"cell_id": "c_2987"}, "geometry": {"type": "Point", "coordinates": [55.263364, 25.229069]}}, {"type": "Feature", "properties": {"cell_id": "c_2988"}, "geometry": {"type": "Point", "coordinates": [55.268326, 25.229069]}}, {"type": "Feature", "properties": {"cell_id": "c_2989"}, "geometry": {"type": "Point", "coordinates": [55.273288, 25.229069]}}, {"type": "Feature", "properties": {"cell_id": "c_2990"}, "geometry": {"type": "Point", "coordinates": [55.27825, 25.229069]}}, {"type": "Feature", "properties": {"cell_id": "c_2991"}, "geometry": {"type": "Point", "coordinates": [55.283212, 25.229069]}}, {"type": "Feature", "properties": {"cell_id": "c_2992"}, "geometry": {"type": "Point", "coordinates": [55.288174, 25.229069]}}, {"type": "Feature", "properties": {"cell_id": "c_2993"}, "geometry": {"type": "Point", "coordinates": [55.293136, 25.229069]}}, {"type": "Feature", "properties": {"cell_id": "c_2994"}, "geometry": {"type": "Point", "coordinates": [55.298098, 25.229069]}}, {"type": "Feature", "properties": {"cell_id": "c_2995"}, "geometry": {"type": "Point", "coordinates": [55.30306, 25.229069]}}, {"type": "Feature", "properties": {"cell_id": "c_2996"}, "geometry": {"type": "Point", "coordinates": [55.308022, 25.229069]}}, {"type": "Feature", "properties": {"cell_id": "c_2997"}, "geometry": {"type": "Point", "coordinates": [55.312984, 25.229069]}}, {"type": "Feature", "properties": {"cell_id": "c_2998"}, "geometry": {"type": "Point", "coordinates": [55.317946, 25.229069]}}, {"type": "Feature", "properties": {"cell_id": "c_2999"}, "geometry": {"type": "Point", "coordinates": [55.322908, 25.229069]}}, {"type": "Feature", "properties": {"cell_id": "c_3000"}, "geometry": {"type": "Point", "coordinates": [55.32787, 25.229069]}}, {"type": "Feature", "properties": {"cell_id": "c_3001"}, "geometry": {"type": "Point", "coordinates": [55.332832, 25.229069]}}, {"type": "Feature", "properties": {"cell_id": "c_3002"}, "geometry": {"type": "Point", "coordinates": [55.337794, 25.229069]}}, {"type": "Feature", "properties": {"cell_id": "c_3003"}, "geometry": {"type": "Point", "coordinates": [55.342756, 25.229069]}}, {"type": "Feature", "properties": {"cell_id": "c_3004"}, "geometry": {"type": "Point", "coordinates": [55.347717, 25.229069]}}, {"type": "Feature", "properties": {"cell_id": "c_3005"}, "geometry": {"type": "Point", "coordinates": [55.352679, 25.229069]}}, {"type": "Feature", "properties": {"cell_id": "c_3006"}, "geometry": {"type": "Point", "coordinates": [55.357641, 25.229069]}}, {"type": "Feature", "properties": {"cell_id": "c_3007"}, "geometry": {"type": "Point", "coordinates": [55.362603, 25.229069]}}, {"type": "Feature", "properties": {"cell_id": "c_3008"}, "geometry": {"type": "Point", "coordinates": [55.367565, 25.229069]}}, {"type": "Feature", "properties": {"cell_id": "c_3009"}, "geometry": {"type": "Point", "coordinates": [55.372527, 25.229069]}}, {"type": "Feature", "properties": {"cell_id": "c_3010"}, "geometry": {"type": "Point", "coordinates": [55.377489, 25.229069]}}, {"type": "Feature", "properties": {"cell_id": "c_3011"}, "geometry": {"type": "Point", "coordinates": [55.382451, 25.229069]}}, {"type": "Feature", "properties": {"cell_id": "c_3012"}, "geometry": {"type": "Point", "coordinates": [55.387413, 25.229069]}}, {"type": "Feature", "properties": {"cell_id": "c_3013"}, "geometry": {"type": "Point", "coordinates": [55.392375, 25.229069]}}, {"type": "Feature", "properties": {"cell_id": "c_3014"}, "geometry": {"type": "Point", "coordinates": [55.397337, 25.229069]}}, {"type": "Feature", "properties": {"cell_id": "c_3015"}, "geometry": {"type": "Point", "coordinates": [55.402299, 25.229069]}}, {"type": "Feature", "properties": {"cell_id": "c_3016"}, "geometry": {"type": "Point", "coordinates": [55.407261, 25.229069]}}, {"type": "Feature", "properties": {"cell_id": "c_3017"}, "geometry": {"type": "Point", "coordinates": [55.412223, 25.229069]}}, {"type": "Feature", "properties": {"cell_id": "c_3018"}, "geometry": {"type": "Point", "coordinates": [55.417185, 25.229069]}}, {"type": "Feature", "properties": {"cell_id": "c_3019"}, "geometry": {"type": "Point", "coordinates": [55.422147, 25.229069]}}, {"type": "Feature", "properties": {"cell_id": "c_3020"}, "geometry": {"type": "Point", "coordinates": [55.427109, 25.229069]}}, {"type": "Feature", "properties": {"cell_id": "c_3021"}, "geometry": {"type": "Point", "coordinates": [55.432071, 25.229069]}}, {"type": "Feature", "properties": {"cell_id": "c_3022"}, "geometry": {"type": "Point", "coordinates": [55.437033, 25.229069]}}, {"type": "Feature", "properties": {"cell_id": "c_3023"}, "geometry": {"type": "Point", "coordinates": [55.441995, 25.229069]}}, {"type": "Feature", "properties": {"cell_id": "c_3024"}, "geometry": {"type": "Point", "coordinates": [55.446957, 25.229069]}}, {"type": "Feature", "properties": {"cell_id": "c_3025"}, "geometry": {"type": "Point", "coordinates": [55.258402, 25.233561]}}, {"type": "Feature", "properties": {"cell_id": "c_3026"}, "geometry": {"type": "Point", "coordinates": [55.263364, 25.233561]}}, {"type": "Feature", "properties": {"cell_id": "c_3027"}, "geometry": {"type": "Point", "coordinates": [55.268326, 25.233561]}}, {"type": "Feature", "properties": {"cell_id": "c_3028"}, "geometry": {"type": "Point", "coordinates": [55.273288, 25.233561]}}, {"type": "Feature", "properties": {"cell_id": "c_3029"}, "geometry": {"type": "Point", "coordinates": [55.27825, 25.233561]}}, {"type": "Feature", "properties": {"cell_id": "c_3030"}, "geometry": {"type": "Point", "coordinates": [55.283212, 25.233561]}}, {"type": "Feature", "properties": {"cell_id": "c_3031"}, "geometry": {"type": "Point", "coordinates": [55.288174, 25.233561]}}, {"type": "Feature", "properties": {"cell_id": "c_3032"}, "geometry": {"type": "Point", "coordinates": [55.293136, 25.233561]}}, {"type": "Feature", "properties": {"cell_id": "c_3033"}, "geometry": {"type": "Point", "coordinates": [55.298098, 25.233561]}}, {"type": "Feature", "properties": {"cell_id": "c_3034"}, "geometry": {"type": "Point", "coordinates": [55.30306, 25.233561]}}, {"type": "Feature", "properties": {"cell_id": "c_3035"}, "geometry": {"type": "Point", "coordinates": [55.308022, 25.233561]}}, {"type": "Feature", "properties": {"cell_id": "c_3036"}, "geometry": {"type": "Point", "coordinates": [55.312984, 25.233561]}}, {"type": "Feature", "properties": {"cell_id": "c_3037"}, "geometry": {"type": "Point", "coordinates": [55.317946, 25.233561]}}, {"type": "Feature", "properties": {"cell_id": "c_3038"}, "geometry": {"type": "Point", "coordinates": [55.322908, 25.233561]}}, {"type": "Feature", "properties": {"cell_id": "c_3039"}, "geometry": {"type": "Point", "coordinates": [55.32787, 25.233561]}}, {"type": "Feature", "properties": {"cell_id": "c_3040"}, "geometry": {"type": "Point", "coordinates": [55.332832, 25.233561]}}, {"type": "Feature", "properties": {"cell_id": "c_3041"}, "geometry": {"type": "Point", "coordinates": [55.337794, 25.233561]}}, {"type": "Feature", "properties": {"cell_id": "c_3042"}, "geometry": {"type": "Point", "coordinates": [55.342756, 25.233561]}}, {"type": "Feature", "properties": {"cell_id": "c_3043"}, "geometry": {"type": "Point", "coordinates": [55.347717, 25.233561]}}, {"type": "Feature", "properties": {"cell_id": "c_3044"}, "geometry": {"type": "Point", "coordinates": [55.352679, 25.233561]}}, {"type": "Feature", "properties": {"cell_id": "c_3045"}, "geometry": {"type": "Point", "coordinates": [55.357641, 25.233561]}}, {"type": "Feature", "properties": {"cell_id": "c_3046"}, "geometry": {"type": "Point", "coordinates": [55.362603, 25.233561]}}, {"type": "Feature", "properties": {"cell_id": "c_3047"}, "geometry": {"type": "Point", "coordinates": [55.367565, 25.233561]}}, {"type": "Feature", "properties": {"cell_id": "c_3048"}, "geometry": {"type": "Point", "coordinates": [55.372527, 25.233561]}}, {"type": "Feature", "properties": {"cell_id": "c_3049"}, "geometry": {"type": "Point", "coordinates": [55.377489, 25.233561]}}, {"type": "Feature", "properties": {"cell_id": "c_3050"}, "geometry": {"type": "Point", "coordinates": [55.382451, 25.233561]}}, {"type": "Feature", "properties": {"cell_id": "c_3051"}, "geometry": {"type": "Point", "coordinates": [55.387413, 25.233561]}}, {"type": "Feature", "properties": {"cell_id": "c_3052"}, "geometry": {"type": "Point", "coordinates": [55.392375, 25.233561]}}, {"type": "Feature", "properties": {"cell_id": "c_3053"}, "geometry": {"type": "Point", "coordinates": [55.397337, 25.233561]}}, {"type": "Feature", "properties": {"cell_id": "c_3054"}, "geometry": {"type": "Point", "coordinates": [55.402299, 25.233561]}}, {"type": "Feature", "properties": {"cell_id": "c_3055"}, "geometry": {"type": "Point", "coordinates": [55.407261, 25.233561]}}, {"type": "Feature", "properties": {"cell_id": "c_3056"}, "geometry": {"type": "Point", "coordinates": [55.412223, 25.233561]}}, {"type": "Feature", "properties": {"cell_id": "c_3057"}, "geometry": {"type": "Point", "coordinates": [55.417185, 25.233561]}}, {"type": "Feature", "properties": {"cell_id": "c_3058"}, "geometry": {"type": "Point", "coordinates": [55.422147, 25.233561]}}, {"type": "Feature", "properties": {"cell_id": "c_3059"}, "geometry": {"type": "Point", "coordinates": [55.427109, 25.233561]}}, {"type": "Feature", "properties": {"cell_id": "c_3060"}, "geometry": {"type": "Point", "coordinates": [55.432071, 25.233561]}}, {"type": "Feature", "properties": {"cell_id": "c_3061"}, "geometry": {"type": "Point", "coordinates": [55.437033, 25.233561]}}, {"type": "Feature", "properties": {"cell_id": "c_3062"}, "geometry": {"type": "Point", "coordinates": [55.441995, 25.233561]}}, {"type": "Feature", "properties": {"cell_id": "c_3063"}, "geometry": {"type": "Point", "coordinates": [55.446957, 25.233561]}}, {"type": "Feature", "properties": {"cell_id": "c_3064"}, "geometry": {"type": "Point", "coordinates": [55.258402, 25.238052]}}, {"type": "Feature", "properties": {"cell_id": "c_3065"}, "geometry": {"type": "Point", "coordinates": [55.263364, 25.238052]}}, {"type": "Feature", "properties": {"cell_id": "c_3066"}, "geometry": {"type": "Point", "coordinates": [55.268326, 25.238052]}}, {"type": "Feature", "properties": {"cell_id": "c_3067"}, "geometry": {"type": "Point", "coordinates": [55.273288, 25.238052]}}, {"type": "Feature", "properties": {"cell_id": "c_3068"}, "geometry": {"type": "Point", "coordinates": [55.27825, 25.238052]}}, {"type": "Feature", "properties": {"cell_id": "c_3069"}, "geometry": {"type": "Point", "coordinates": [55.283212, 25.238052]}}, {"type": "Feature", "properties": {"cell_id": "c_3070"}, "geometry": {"type": "Point", "coordinates": [55.288174, 25.238052]}}, {"type": "Feature", "properties": {"cell_id": "c_3071"}, "geometry": {"type": "Point", "coordinates": [55.293136, 25.238052]}}, {"type": "Feature", "properties": {"cell_id": "c_3072"}, "geometry": {"type": "Point", "coordinates": [55.298098, 25.238052]}}, {"type": "Feature", "properties": {"cell_id": "c_3073"}, "geometry": {"type": "Point", "coordinates": [55.30306, 25.238052]}}, {"type": "Feature", "properties": {"cell_id": "c_3074"}, "geometry": {"type": "Point", "coordinates": [55.308022, 25.238052]}}, {"type": "Feature", "properties": {"cell_id": "c_3075"}, "geometry": {"type": "Point", "coordinates": [55.312984, 25.238052]}}, {"type": "Feature", "properties": {"cell_id": "c_3076"}, "geometry": {"type": "Point", "coordinates": [55.317946, 25.238052]}}, {"type": "Feature", "properties": {"cell_id": "c_3077"}, "geometry": {"type": "Point", "coordinates": [55.322908, 25.238052]}}, {"type": "Feature", "properties": {"cell_id": "c_3078"}, "geometry": {"type": "Point", "coordinates": [55.32787, 25.238052]}}, {"type": "Feature", "properties": {"cell_id": "c_3079"}, "geometry": {"type": "Point", "coordinates": [55.332832, 25.238052]}}, {"type": "Feature", "properties": {"cell_id": "c_3080"}, "geometry": {"type": "Point", "coordinates": [55.337794, 25.238052]}}, {"type": "Feature", "properties": {"cell_id": "c_3081"}, "geometry": {"type": "Point", "coordinates": [55.342756, 25.238052]}}, {"type": "Feature", "properties": {"cell_id": "c_3082"}, "geometry": {"type": "Point", "coordinates": [55.347717, 25.238052]}}, {"type": "Feature", "properties": {"cell_id": "c_3083"}, "geometry": {"type": "Point", "coordinates": [55.352679, 25.238052]}}, {"type": "Feature", "properties": {"cell_id": "c_3084"}, "geometry": {"type": "Point", "coordinates": [55.357641, 25.238052]}}, {"type": "Feature", "properties": {"cell_id": "c_3085"}, "geometry": {"type": "Point", "coordinates": [55.362603, 25.238052]}}, {"type": "Feature", "properties": {"cell_id": "c_3086"}, "geometry": {"type": "Point", "coordinates": [55.367565, 25.238052]}}, {"type": "Feature", "properties": {"cell_id": "c_3087"}, "geometry": {"type": "Point", "coordinates": [55.372527, 25.238052]}}, {"type": "Feature", "properties": {"cell_id": "c_3088"}, "geometry": {"type": "Point", "coordinates": [55.377489, 25.238052]}}, {"type": "Feature", "properties": {"cell_id": "c_3089"}, "geometry": {"type": "Point", "coordinates": [55.382451, 25.238052]}}, {"type": "Feature", "properties": {"cell_id": "c_3090"}, "geometry": {"type": "Point", "coordinates": [55.387413, 25.238052]}}, {"type": "Feature", "properties": {"cell_id": "c_3091"}, "geometry": {"type": "Point", "coordinates": [55.392375, 25.238052]}}, {"type": "Feature", "properties": {"cell_id": "c_3092"}, "geometry": {"type": "Point", "coordinates": [55.397337, 25.238052]}}, {"type": "Feature", "properties": {"cell_id": "c_3093"}, "geometry": {"type": "Point", "coordinates": [55.402299, 25.238052]}}, {"type": "Feature", "properties": {"cell_id": "c_3094"}, "geometry": {"type": "Point", "coordinates": [55.407261, 25.238052]}}, {"type": "Feature", "properties": {"cell_id": "c_3095"}, "geometry": {"type": "Point", "coordinates": [55.412223, 25.238052]}}, {"type": "Feature", "properties": {"cell_id": "c_3096"}, "geometry": {"type": "Point", "coordinates": [55.417185, 25.238052]}}, {"type": "Feature", "properties": {"cell_id": "c_3097"}, "geometry": {"type": "Point", "coordinates": [55.422147, 25.238052]}}, {"type": "Feature", "properties": {"cell_id": "c_3098"}, "geometry": {"type": "Point", "coordinates": [55.427109, 25.238052]}}, {"type": "Feature", "properties": {"cell_id": "c_3099"}, "geometry": {"type": "Point", "coordinates": [55.432071, 25.238052]}}, {"type": "Feature", "properties": {"cell_id": "c_3100"}, "geometry": {"type": "Point", "coordinates": [55.437033, 25.238052]}}, {"type": "Feature", "properties": {"cell_id": "c_3101"}, "geometry": {"type": "Point", "coordinates": [55.441995, 25.238052]}}, {"type": "Feature", "properties": {"cell_id": "c_3102"}, "geometry": {"type": "Point", "coordinates": [55.446957, 25.238052]}}, {"type": "Feature", "properties": {"cell_id": "c_3103"}, "geometry": {"type": "Point", "coordinates": [55.268326, 25.242544]}}, {"type": "Feature", "properties": {"cell_id": "c_3104"}, "geometry": {"type": "Point", "coordinates": [55.273288, 25.242544]}}, {"type": "Feature", "properties": {"cell_id": "c_3105"}, "geometry": {"type": "Point", "coordinates": [55.27825, 25.242544]}}, {"type": "Feature", "properties": {"cell_id": "c_3106"}, "geometry": {"type": "Point", "coordinates": [55.283212, 25.242544]}}, {"type": "Feature", "properties": {"cell_id": "c_3107"}, "geometry": {"type": "Point", "coordinates": [55.288174, 25.242544]}}, {"type": "Feature", "properties": {"cell_id": "c_3108"}, "geometry": {"type": "Point", "coordinates": [55.293136, 25.242544]}}, {"type": "Feature", "properties": {"cell_id": "c_3109"}, "geometry": {"type": "Point", "coordinates": [55.298098, 25.242544]}}, {"type": "Feature", "properties": {"cell_id": "c_3110"}, "geometry": {"type": "Point", "coordinates": [55.30306, 25.242544]}}, {"type": "Feature", "properties": {"cell_id": "c_3111"}, "geometry": {"type": "Point", "coordinates": [55.308022, 25.242544]}}, {"type": "Feature", "properties": {"cell_id": "c_3112"}, "geometry": {"type": "Point", "coordinates": [55.312984, 25.242544]}}, {"type": "Feature", "properties": {"cell_id": "c_3113"}, "geometry": {"type": "Point", "coordinates": [55.317946, 25.242544]}}, {"type": "Feature", "properties": {"cell_id": "c_3114"}, "geometry": {"type": "Point", "coordinates": [55.322908, 25.242544]}}, {"type": "Feature", "properties": {"cell_id": "c_3115"}, "geometry": {"type": "Point", "coordinates": [55.32787, 25.242544]}}, {"type": "Feature", "properties": {"cell_id": "c_3116"}, "geometry": {"type": "Point", "coordinates": [55.332832, 25.242544]}}, {"type": "Feature", "properties": {"cell_id": "c_3117"}, "geometry": {"type": "Point", "coordinates": [55.337794, 25.242544]}}, {"type": "Feature", "properties": {"cell_id": "c_3118"}, "geometry": {"type": "Point", "coordinates": [55.342756, 25.242544]}}, {"type": "Feature", "properties": {"cell_id": "c_3119"}, "geometry": {"type": "Point", "coordinates": [55.347717, 25.242544]}}, {"type": "Feature", "properties": {"cell_id": "c_3120"}, "geometry": {"type": "Point", "coordinates": [55.352679, 25.242544]}}, {"type": "Feature", "properties": {"cell_id": "c_3121"}, "geometry": {"type": "Point", "coordinates": [55.357641, 25.242544]}}, {"type": "Feature", "properties": {"cell_id": "c_3122"}, "geometry": {"type": "Point", "coordinates": [55.362603, 25.242544]}}, {"type": "Feature", "properties": {"cell_id": "c_3123"}, "geometry": {"type": "Point", "coordinates": [55.367565, 25.242544]}}, {"type": "Feature", "properties": {"cell_id": "c_3124"}, "geometry": {"type": "Point", "coordinates": [55.372527, 25.242544]}}, {"type": "Feature", "properties": {"cell_id": "c_3125"}, "geometry": {"type": "Point", "coordinates": [55.377489, 25.242544]}}, {"type": "Feature", "properties": {"cell_id": "c_3126"}, "geometry": {"type": "Point", "coordinates": [55.382451, 25.242544]}}, {"type": "Feature", "properties": {"cell_id": "c_3127"}, "geometry": {"type": "Point", "coordinates": [55.387413, 25.242544]}}, {"type": "Feature", "properties": {"cell_id": "c_3128"}, "geometry": {"type": "Point", "coordinates": [55.392375, 25.242544]}}, {"type": "Feature", "properties": {"cell_id": "c_3129"}, "geometry": {"type": "Point", "coordinates": [55.397337, 25.242544]}}, {"type": "Feature", "properties": {"cell_id": "c_3130"}, "geometry": {"type": "Point", "coordinates": [55.402299, 25.242544]}}, {"type": "Feature", "properties": {"cell_id": "c_3131"}, "geometry": {"type": "Point", "coordinates": [55.407261, 25.242544]}}, {"type": "Feature", "properties": {"cell_id": "c_3132"}, "geometry": {"type": "Point", "coordinates": [55.412223, 25.242544]}}, {"type": "Feature", "properties": {"cell_id": "c_3133"}, "geometry": {"type": "Point", "coordinates": [55.417185, 25.242544]}}, {"type": "Feature", "properties": {"cell_id": "c_3134"}, "geometry": {"type": "Point", "coordinates": [55.422147, 25.242544]}}, {"type": "Feature", "properties": {"cell_id": "c_3135"}, "geometry": {"type": "Point", "coordinates": [55.427109, 25.242544]}}, {"type": "Feature", "properties": {"cell_id": "c_3136"}, "geometry": {"type": "Point", "coordinates": [55.432071, 25.242544]}}, {"type": "Feature", "properties": {"cell_id": "c_3137"}, "geometry": {"type": "Point", "coordinates": [55.437033, 25.242544]}}, {"type": "Feature", "properties": {"cell_id": "c_3138"}, "geometry": {"type": "Point", "coordinates": [55.441995, 25.242544]}}, {"type": "Feature", "properties": {"cell_id": "c_3139"}, "geometry": {"type": "Point", "coordinates": [55.446957, 25.242544]}}, {"type": "Feature", "properties": {"cell_id": "c_3140"}, "geometry": {"type": "Point", "coordinates": [55.268326, 25.247036]}}, {"type": "Feature", "properties": {"cell_id": "c_3141"}, "geometry": {"type": "Point", "coordinates": [55.273288, 25.247036]}}, {"type": "Feature", "properties": {"cell_id": "c_3142"}, "geometry": {"type": "Point", "coordinates": [55.27825, 25.247036]}}, {"type": "Feature", "properties": {"cell_id": "c_3143"}, "geometry": {"type": "Point", "coordinates": [55.283212, 25.247036]}}, {"type": "Feature", "properties": {"cell_id": "c_3144"}, "geometry": {"type": "Point", "coordinates": [55.288174, 25.247036]}}, {"type": "Feature", "properties": {"cell_id": "c_3145"}, "geometry": {"type": "Point", "coordinates": [55.293136, 25.247036]}}, {"type": "Feature", "properties": {"cell_id": "c_3146"}, "geometry": {"type": "Point", "coordinates": [55.298098, 25.247036]}}, {"type": "Feature", "properties": {"cell_id": "c_3147"}, "geometry": {"type": "Point", "coordinates": [55.30306, 25.247036]}}, {"type": "Feature", "properties": {"cell_id": "c_3148"}, "geometry": {"type": "Point", "coordinates": [55.308022, 25.247036]}}, {"type": "Feature", "properties": {"cell_id": "c_3149"}, "geometry": {"type": "Point", "coordinates": [55.312984, 25.247036]}}, {"type": "Feature", "properties": {"cell_id": "c_3150"}, "geometry": {"type": "Point", "coordinates": [55.317946, 25.247036]}}, {"type": "Feature", "properties": {"cell_id": "c_3151"}, "geometry": {"type": "Point", "coordinates": [55.322908, 25.247036]}}, {"type": "Feature", "properties": {"cell_id": "c_3152"}, "geometry": {"type": "Point", "coordinates": [55.32787, 25.247036]}}, {"type": "Feature", "properties": {"cell_id": "c_3153"}, "geometry": {"type": "Point", "coordinates": [55.332832, 25.247036]}}, {"type": "Feature", "properties": {"cell_id": "c_3154"}, "geometry": {"type": "Point", "coordinates": [55.337794, 25.247036]}}, {"type": "Feature", "properties": {"cell_id": "c_3155"}, "geometry": {"type": "Point", "coordinates": [55.342756, 25.247036]}}, {"type": "Feature", "properties": {"cell_id": "c_3156"}, "geometry": {"type": "Point", "coordinates": [55.347717, 25.247036]}}, {"type": "Feature", "properties": {"cell_id": "c_3157"}, "geometry": {"type": "Point", "coordinates": [55.352679, 25.247036]}}, {"type": "Feature", "properties": {"cell_id": "c_3158"}, "geometry": {"type": "Point", "coordinates": [55.357641, 25.247036]}}, {"type": "Feature", "properties": {"cell_id": "c_3159"}, "geometry": {"type": "Point", "coordinates": [55.362603, 25.247036]}}, {"type": "Feature", "properties": {"cell_id": "c_3160"}, "geometry": {"type": "Point", "coordinates": [55.367565, 25.247036]}}, {"type": "Feature", "properties": {"cell_id": "c_3161"}, "geometry": {"type": "Point", "coordinates": [55.372527, 25.247036]}}, {"type": "Feature", "properties": {"cell_id": "c_3162"}, "geometry": {"type": "Point", "coordinates": [55.377489, 25.247036]}}, {"type": "Feature", "properties": {"cell_id": "c_3163"}, "geometry": {"type": "Point", "coordinates": [55.382451, 25.247036]}}, {"type": "Feature", "properties": {"cell_id": "c_3164"}, "geometry": {"type": "Point", "coordinates": [55.387413, 25.247036]}}, {"type": "Feature", "properties": {"cell_id": "c_3165"}, "geometry": {"type": "Point", "coordinates": [55.392375, 25.247036]}}, {"type": "Feature", "properties": {"cell_id": "c_3166"}, "geometry": {"type": "Point", "coordinates": [55.397337, 25.247036]}}, {"type": "Feature", "properties": {"cell_id": "c_3167"}, "geometry": {"type": "Point", "coordinates": [55.402299, 25.247036]}}, {"type": "Feature", "properties": {"cell_id": "c_3168"}, "geometry": {"type": "Point", "coordinates": [55.407261, 25.247036]}}, {"type": "Feature", "properties": {"cell_id": "c_3169"}, "geometry": {"type": "Point", "coordinates": [55.412223, 25.247036]}}, {"type": "Feature", "properties": {"cell_id": "c_3170"}, "geometry": {"type": "Point", "coordinates": [55.417185, 25.247036]}}, {"type": "Feature", "properties": {"cell_id": "c_3171"}, "geometry": {"type": "Point", "coordinates": [55.422147, 25.247036]}}, {"type": "Feature", "properties": {"cell_id": "c_3172"}, "geometry": {"type": "Point", "coordinates": [55.427109, 25.247036]}}, {"type": "Feature", "properties": {"cell_id": "c_3173"}, "geometry": {"type": "Point", "coordinates": [55.432071, 25.247036]}}, {"type": "Feature", "properties": {"cell_id": "c_3174"}, "geometry": {"type": "Point", "coordinates": [55.437033, 25.247036]}}, {"type": "Feature", "properties": {"cell_id": "c_3175"}, "geometry": {"type": "Point", "coordinates": [55.441995, 25.247036]}}, {"type": "Feature", "properties": {"cell_id": "c_3176"}, "geometry": {"type": "Point", "coordinates": [55.446957, 25.247036]}}, {"type": "Feature", "properties": {"cell_id": "c_3177"}, "geometry": {"type": "Point", "coordinates": [55.27825, 25.251527]}}, {"type": "Feature", "properties": {"cell_id": "c_3178"}, "geometry": {"type": "Point", "coordinates": [55.283212, 25.251527]}}, {"type": "Feature", "properties": {"cell_id": "c_3179"}, "geometry": {"type": "Point", "coordinates": [55.288174, 25.251527]}}, {"type": "Feature", "properties": {"cell_id": "c_3180"}, "geometry": {"type": "Point", "coordinates": [55.293136, 25.251527]}}, {"type": "Feature", "properties": {"cell_id": "c_3181"}, "geometry": {"type": "Point", "coordinates": [55.298098, 25.251527]}}, {"type": "Feature", "properties": {"cell_id": "c_3182"}, "geometry": {"type": "Point", "coordinates": [55.30306, 25.251527]}}, {"type": "Feature", "properties": {"cell_id": "c_3183"}, "geometry": {"type": "Point", "coordinates": [55.308022, 25.251527]}}, {"type": "Feature", "properties": {"cell_id": "c_3184"}, "geometry": {"type": "Point", "coordinates": [55.312984, 25.251527]}}, {"type": "Feature", "properties": {"cell_id": "c_3185"}, "geometry": {"type": "Point", "coordinates": [55.317946, 25.251527]}}, {"type": "Feature", "properties": {"cell_id": "c_3186"}, "geometry": {"type": "Point", "coordinates": [55.322908, 25.251527]}}, {"type": "Feature", "properties": {"cell_id": "c_3187"}, "geometry": {"type": "Point", "coordinates": [55.32787, 25.251527]}}, {"type": "Feature", "properties": {"cell_id": "c_3188"}, "geometry": {"type": "Point", "coordinates": [55.332832, 25.251527]}}, {"type": "Feature", "properties": {"cell_id": "c_3189"}, "geometry": {"type": "Point", "coordinates": [55.337794, 25.251527]}}, {"type": "Feature", "properties": {"cell_id": "c_3190"}, "geometry": {"type": "Point", "coordinates": [55.342756, 25.251527]}}, {"type": "Feature", "properties": {"cell_id": "c_3191"}, "geometry": {"type": "Point", "coordinates": [55.347717, 25.251527]}}, {"type": "Feature", "properties": {"cell_id": "c_3192"}, "geometry": {"type": "Point", "coordinates": [55.352679, 25.251527]}}, {"type": "Feature", "properties": {"cell_id": "c_3193"}, "geometry": {"type": "Point", "coordinates": [55.357641, 25.251527]}}, {"type": "Feature", "properties": {"cell_id": "c_3194"}, "geometry": {"type": "Point", "coordinates": [55.362603, 25.251527]}}, {"type": "Feature", "properties": {"cell_id": "c_3195"}, "geometry": {"type": "Point", "coordinates": [55.367565, 25.251527]}}, {"type": "Feature", "properties": {"cell_id": "c_3196"}, "geometry": {"type": "Point", "coordinates": [55.372527, 25.251527]}}, {"type": "Feature", "properties": {"cell_id": "c_3197"}, "geometry": {"type": "Point", "coordinates": [55.377489, 25.251527]}}, {"type": "Feature", "properties": {"cell_id": "c_3198"}, "geometry": {"type": "Point", "coordinates": [55.382451, 25.251527]}}, {"type": "Feature", "properties": {"cell_id": "c_3199"}, "geometry": {"type": "Point", "coordinates": [55.387413, 25.251527]}}, {"type": "Feature", "properties": {"cell_id": "c_3200"}, "geometry": {"type": "Point", "coordinates": [55.392375, 25.251527]}}, {"type": "Feature", "properties": {"cell_id": "c_3201"}, "geometry": {"type": "Point", "coordinates": [55.397337, 25.251527]}}, {"type": "Feature", "properties": {"cell_id": "c_3202"}, "geometry": {"type": "Point", "coordinates": [55.402299, 25.251527]}}, {"type": "Feature", "properties": {"cell_id": "c_3203"}, "geometry": {"type": "Point", "coordinates": [55.407261, 25.251527]}}, {"type": "Feature", "properties": {"cell_id": "c_3204"}, "geometry": {"type": "Point", "coordinates": [55.412223, 25.251527]}}, {"type": "Feature", "properties": {"cell_id": "c_3205"}, "geometry": {"type": "Point", "coordinates": [55.417185, 25.251527]}}, {"type": "Feature", "properties": {"cell_id": "c_3206"}, "geometry": {"type": "Point", "coordinates": [55.422147, 25.251527]}}, {"type": "Feature", "properties": {"cell_id": "c_3207"}, "geometry": {"type": "Point", "coordinates": [55.427109, 25.251527]}}, {"type": "Feature", "properties": {"cell_id": "c_3208"}, "geometry": {"type": "Point", "coordinates": [55.432071, 25.251527]}}, {"type": "Feature", "properties": {"cell_id": "c_3209"}, "geometry": {"type": "Point", "coordinates": [55.437033, 25.251527]}}, {"type": "Feature", "properties": {"cell_id": "c_3210"}, "geometry": {"type": "Point", "coordinates": [55.441995, 25.251527]}}, {"type": "Feature", "properties": {"cell_id": "c_3211"}, "geometry": {"type": "Point", "coordinates": [55.446957, 25.251527]}}, {"type": "Feature", "properties": {"cell_id": "c_3212"}, "geometry": {"type": "Point", "coordinates": [55.27825, 25.256019]}}, {"type": "Feature", "properties": {"cell_id": "c_3213"}, "geometry": {"type": "Point", "coordinates": [55.283212, 25.256019]}}, {"type": "Feature", "properties": {"cell_id": "c_3214"}, "geometry": {"type": "Point", "coordinates": [55.288174, 25.256019]}}, {"type": "Feature", "properties": {"cell_id": "c_3215"}, "geometry": {"type": "Point", "coordinates": [55.293136, 25.256019]}}, {"type": "Feature", "properties": {"cell_id": "c_3216"}, "geometry": {"type": "Point", "coordinates": [55.298098, 25.256019]}}, {"type": "Feature", "properties": {"cell_id": "c_3217"}, "geometry": {"type": "Point", "coordinates": [55.30306, 25.256019]}}, {"type": "Feature", "properties": {"cell_id": "c_3218"}, "geometry": {"type": "Point", "coordinates": [55.308022, 25.256019]}}, {"type": "Feature", "properties": {"cell_id": "c_3219"}, "geometry": {"type": "Point", "coordinates": [55.312984, 25.256019]}}, {"type": "Feature", "properties": {"cell_id": "c_3220"}, "geometry": {"type": "Point", "coordinates": [55.317946, 25.256019]}}, {"type": "Feature", "properties": {"cell_id": "c_3221"}, "geometry": {"type": "Point", "coordinates": [55.322908, 25.256019]}}, {"type": "Feature", "properties": {"cell_id": "c_3222"}, "geometry": {"type": "Point", "coordinates": [55.32787, 25.256019]}}, {"type": "Feature", "properties": {"cell_id": "c_3223"}, "geometry": {"type": "Point", "coordinates": [55.332832, 25.256019]}}, {"type": "Feature", "properties": {"cell_id": "c_3224"}, "geometry": {"type": "Point", "coordinates": [55.337794, 25.256019]}}, {"type": "Feature", "properties": {"cell_id": "c_3225"}, "geometry": {"type": "Point", "coordinates": [55.342756, 25.256019]}}, {"type": "Feature", "properties": {"cell_id": "c_3226"}, "geometry": {"type": "Point", "coordinates": [55.347717, 25.256019]}}, {"type": "Feature", "properties": {"cell_id": "c_3227"}, "geometry": {"type": "Point", "coordinates": [55.352679, 25.256019]}}, {"type": "Feature", "properties": {"cell_id": "c_3228"}, "geometry": {"type": "Point", "coordinates": [55.357641, 25.256019]}}, {"type": "Feature", "properties": {"cell_id": "c_3229"}, "geometry": {"type": "Point", "coordinates": [55.362603, 25.256019]}}, {"type": "Feature", "properties": {"cell_id": "c_3230"}, "geometry": {"type": "Point", "coordinates": [55.367565, 25.256019]}}, {"type": "Feature", "properties": {"cell_id": "c_3231"}, "geometry": {"type": "Point", "coordinates": [55.372527, 25.256019]}}, {"type": "Feature", "properties": {"cell_id": "c_3232"}, "geometry": {"type": "Point", "coordinates": [55.377489, 25.256019]}}, {"type": "Feature", "properties": {"cell_id": "c_3233"}, "geometry": {"type": "Point", "coordinates": [55.382451, 25.256019]}}, {"type": "Feature", "properties": {"cell_id": "c_3234"}, "geometry": {"type": "Point", "coordinates": [55.387413, 25.256019]}}, {"type": "Feature", "properties": {"cell_id": "c_3235"}, "geometry": {"type": "Point", "coordinates": [55.392375, 25.256019]}}, {"type": "Feature", "properties": {"cell_id": "c_3236"}, "geometry": {"type": "Point", "coordinates": [55.397337, 25.256019]}}, {"type": "Feature", "properties": {"cell_id": "c_3237"}, "geometry": {"type": "Point", "coordinates": [55.402299, 25.256019]}}, {"type": "Feature", "properties": {"cell_id": "c_3238"}, "geometry": {"type": "Point", "coordinates": [55.407261, 25.256019]}}, {"type": "Feature", "properties": {"cell_id": "c_3239"}, "geometry": {"type": "Point", "coordinates": [55.412223, 25.256019]}}, {"type": "Feature", "properties": {"cell_id": "c_3240"}, "geometry": {"type": "Point", "coordinates": [55.417185, 25.256019]}}, {"type": "Feature", "properties": {"cell_id": "c_3241"}, "geometry": {"type": "Point", "coordinates": [55.422147, 25.256019]}}, {"type": "Feature", "properties": {"cell_id": "c_3242"}, "geometry": {"type": "Point", "coordinates": [55.427109, 25.256019]}}, {"type": "Feature", "properties": {"cell_id": "c_3243"}, "geometry": {"type": "Point", "coordinates": [55.432071, 25.256019]}}, {"type": "Feature", "properties": {"cell_id": "c_3244"}, "geometry": {"type": "Point", "coordinates": [55.437033, 25.256019]}}, {"type": "Feature", "properties": {"cell_id": "c_3245"}, "geometry": {"type": "Point", "coordinates": [55.441995, 25.256019]}}, {"type": "Feature", "properties": {"cell_id": "c_3246"}, "geometry": {"type": "Point", "coordinates": [55.446957, 25.256019]}}, {"type": "Feature", "properties": {"cell_id": "c_3247"}, "geometry": {"type": "Point", "coordinates": [55.288174, 25.26051]}}, {"type": "Feature", "properties": {"cell_id": "c_3248"}, "geometry": {"type": "Point", "coordinates": [55.30306, 25.26051]}}, {"type": "Feature", "properties": {"cell_id": "c_3249"}, "geometry": {"type": "Point", "coordinates": [55.308022, 25.26051]}}, {"type": "Feature", "properties": {"cell_id": "c_3250"}, "geometry": {"type": "Point", "coordinates": [55.312984, 25.26051]}}, {"type": "Feature", "properties": {"cell_id": "c_3251"}, "geometry": {"type": "Point", "coordinates": [55.317946, 25.26051]}}, {"type": "Feature", "properties": {"cell_id": "c_3252"}, "geometry": {"type": "Point", "coordinates": [55.322908, 25.26051]}}, {"type": "Feature", "properties": {"cell_id": "c_3253"}, "geometry": {"type": "Point", "coordinates": [55.32787, 25.26051]}}, {"type": "Feature", "properties": {"cell_id": "c_3254"}, "geometry": {"type": "Point", "coordinates": [55.332832, 25.26051]}}, {"type": "Feature", "properties": {"cell_id": "c_3255"}, "geometry": {"type": "Point", "coordinates": [55.337794, 25.26051]}}, {"type": "Feature", "properties": {"cell_id": "c_3256"}, "geometry": {"type": "Point", "coordinates": [55.342756, 25.26051]}}, {"type": "Feature", "properties": {"cell_id": "c_3257"}, "geometry": {"type": "Point", "coordinates": [55.347717, 25.26051]}}, {"type": "Feature", "properties": {"cell_id": "c_3258"}, "geometry": {"type": "Point", "coordinates": [55.352679, 25.26051]}}, {"type": "Feature", "properties": {"cell_id": "c_3259"}, "geometry": {"type": "Point", "coordinates": [55.357641, 25.26051]}}, {"type": "Feature", "properties": {"cell_id": "c_3260"}, "geometry": {"type": "Point", "coordinates": [55.362603, 25.26051]}}, {"type": "Feature", "properties": {"cell_id": "c_3261"}, "geometry": {"type": "Point", "coordinates": [55.367565, 25.26051]}}, {"type": "Feature", "properties": {"cell_id": "c_3262"}, "geometry": {"type": "Point", "coordinates": [55.372527, 25.26051]}}, {"type": "Feature", "properties": {"cell_id": "c_3263"}, "geometry": {"type": "Point", "coordinates": [55.377489, 25.26051]}}, {"type": "Feature", "properties": {"cell_id": "c_3264"}, "geometry": {"type": "Point", "coordinates": [55.382451, 25.26051]}}, {"type": "Feature", "properties": {"cell_id": "c_3265"}, "geometry": {"type": "Point", "coordinates": [55.387413, 25.26051]}}, {"type": "Feature", "properties": {"cell_id": "c_3266"}, "geometry": {"type": "Point", "coordinates": [55.392375, 25.26051]}}, {"type": "Feature", "properties": {"cell_id": "c_3267"}, "geometry": {"type": "Point", "coordinates": [55.397337, 25.26051]}}, {"type": "Feature", "properties": {"cell_id": "c_3268"}, "geometry": {"type": "Point", "coordinates": [55.402299, 25.26051]}}, {"type": "Feature", "properties": {"cell_id": "c_3269"}, "geometry": {"type": "Point", "coordinates": [55.407261, 25.26051]}}, {"type": "Feature", "properties": {"cell_id": "c_3270"}, "geometry": {"type": "Point", "coordinates": [55.412223, 25.26051]}}, {"type": "Feature", "properties": {"cell_id": "c_3271"}, "geometry": {"type": "Point", "coordinates": [55.417185, 25.26051]}}, {"type": "Feature", "properties": {"cell_id": "c_3272"}, "geometry": {"type": "Point", "coordinates": [55.422147, 25.26051]}}, {"type": "Feature", "properties": {"cell_id": "c_3273"}, "geometry": {"type": "Point", "coordinates": [55.427109, 25.26051]}}, {"type": "Feature", "properties": {"cell_id": "c_3274"}, "geometry": {"type": "Point", "coordinates": [55.432071, 25.26051]}}, {"type": "Feature", "properties": {"cell_id": "c_3275"}, "geometry": {"type": "Point", "coordinates": [55.437033, 25.26051]}}, {"type": "Feature", "properties": {"cell_id": "c_3276"}, "geometry": {"type": "Point", "coordinates": [55.441995, 25.26051]}}, {"type": "Feature", "properties": {"cell_id": "c_3277"}, "geometry": {"type": "Point", "coordinates": [55.446957, 25.26051]}}, {"type": "Feature", "properties": {"cell_id": "c_3278"}, "geometry": {"type": "Point", "coordinates": [55.288174, 25.265002]}}, {"type": "Feature", "properties": {"cell_id": "c_3279"}, "geometry": {"type": "Point", "coordinates": [55.30306, 25.265002]}}, {"type": "Feature", "properties": {"cell_id": "c_3280"}, "geometry": {"type": "Point", "coordinates": [55.308022, 25.265002]}}, {"type": "Feature", "properties": {"cell_id": "c_3281"}, "geometry": {"type": "Point", "coordinates": [55.312984, 25.265002]}}, {"type": "Feature", "properties": {"cell_id": "c_3282"}, "geometry": {"type": "Point", "coordinates": [55.317946, 25.265002]}}, {"type": "Feature", "properties": {"cell_id": "c_3283"}, "geometry": {"type": "Point", "coordinates": [55.322908, 25.265002]}}, {"type": "Feature", "properties": {"cell_id": "c_3284"}, "geometry": {"type": "Point", "coordinates": [55.32787, 25.265002]}}, {"type": "Feature", "properties": {"cell_id": "c_3285"}, "geometry": {"type": "Point", "coordinates": [55.332832, 25.265002]}}, {"type": "Feature", "properties": {"cell_id": "c_3286"}, "geometry": {"type": "Point", "coordinates": [55.337794, 25.265002]}}, {"type": "Feature", "properties": {"cell_id": "c_3287"}, "geometry": {"type": "Point", "coordinates": [55.342756, 25.265002]}}, {"type": "Feature", "properties": {"cell_id": "c_3288"}, "geometry": {"type": "Point", "coordinates": [55.347717, 25.265002]}}, {"type": "Feature", "properties": {"cell_id": "c_3289"}, "geometry": {"type": "Point", "coordinates": [55.352679, 25.265002]}}, {"type": "Feature", "properties": {"cell_id": "c_3290"}, "geometry": {"type": "Point", "coordinates": [55.357641, 25.265002]}}, {"type": "Feature", "properties": {"cell_id": "c_3291"}, "geometry": {"type": "Point", "coordinates": [55.362603, 25.265002]}}, {"type": "Feature", "properties": {"cell_id": "c_3292"}, "geometry": {"type": "Point", "coordinates": [55.367565, 25.265002]}}, {"type": "Feature", "properties": {"cell_id": "c_3293"}, "geometry": {"type": "Point", "coordinates": [55.372527, 25.265002]}}, {"type": "Feature", "properties": {"cell_id": "c_3294"}, "geometry": {"type": "Point", "coordinates": [55.377489, 25.265002]}}, {"type": "Feature", "properties": {"cell_id": "c_3295"}, "geometry": {"type": "Point", "coordinates": [55.382451, 25.265002]}}, {"type": "Feature", "properties": {"cell_id": "c_3296"}, "geometry": {"type": "Point", "coordinates": [55.387413, 25.265002]}}, {"type": "Feature", "properties": {"cell_id": "c_3297"}, "geometry": {"type": "Point", "coordinates": [55.392375, 25.265002]}}, {"type": "Feature", "properties": {"cell_id": "c_3298"}, "geometry": {"type": "Point", "coordinates": [55.397337, 25.265002]}}, {"type": "Feature", "properties": {"cell_id": "c_3299"}, "geometry": {"type": "Point", "coordinates": [55.402299, 25.265002]}}, {"type": "Feature", "properties": {"cell_id": "c_3300"}, "geometry": {"type": "Point", "coordinates": [55.407261, 25.265002]}}, {"type": "Feature", "properties": {"cell_id": "c_3301"}, "geometry": {"type": "Point", "coordinates": [55.412223, 25.265002]}}, {"type": "Feature", "properties": {"cell_id": "c_3302"}, "geometry": {"type": "Point", "coordinates": [55.417185, 25.265002]}}, {"type": "Feature", "properties": {"cell_id": "c_3303"}, "geometry": {"type": "Point", "coordinates": [55.422147, 25.265002]}}, {"type": "Feature", "properties": {"cell_id": "c_3304"}, "geometry": {"type": "Point", "coordinates": [55.427109, 25.265002]}}, {"type": "Feature", "properties": {"cell_id": "c_3305"}, "geometry": {"type": "Point", "coordinates": [55.432071, 25.265002]}}, {"type": "Feature", "properties": {"cell_id": "c_3306"}, "geometry": {"type": "Point", "coordinates": [55.437033, 25.265002]}}, {"type": "Feature", "properties": {"cell_id": "c_3307"}, "geometry": {"type": "Point", "coordinates": [55.441995, 25.265002]}}, {"type": "Feature", "properties": {"cell_id": "c_3308"}, "geometry": {"type": "Point", "coordinates": [55.446957, 25.265002]}}, {"type": "Feature", "properties": {"cell_id": "c_3309"}, "geometry": {"type": "Point", "coordinates": [55.293136, 25.269493]}}, {"type": "Feature", "properties": {"cell_id": "c_3310"}, "geometry": {"type": "Point", "coordinates": [55.298098, 25.269493]}}, {"type": "Feature", "properties": {"cell_id": "c_3311"}, "geometry": {"type": "Point", "coordinates": [55.30306, 25.269493]}}, {"type": "Feature", "properties": {"cell_id": "c_3312"}, "geometry": {"type": "Point", "coordinates": [55.308022, 25.269493]}}, {"type": "Feature", "properties": {"cell_id": "c_3313"}, "geometry": {"type": "Point", "coordinates": [55.312984, 25.269493]}}, {"type": "Feature", "properties": {"cell_id": "c_3314"}, "geometry": {"type": "Point", "coordinates": [55.317946, 25.269493]}}, {"type": "Feature", "properties": {"cell_id": "c_3315"}, "geometry": {"type": "Point", "coordinates": [55.322908, 25.269493]}}, {"type": "Feature", "properties": {"cell_id": "c_3316"}, "geometry": {"type": "Point", "coordinates": [55.32787, 25.269493]}}, {"type": "Feature", "properties": {"cell_id": "c_3317"}, "geometry": {"type": "Point", "coordinates": [55.332832, 25.269493]}}, {"type": "Feature", "properties": {"cell_id": "c_3318"}, "geometry": {"type": "Point", "coordinates": [55.337794, 25.269493]}}, {"type": "Feature", "properties": {"cell_id": "c_3319"}, "geometry": {"type": "Point", "coordinates": [55.342756, 25.269493]}}, {"type": "Feature", "properties": {"cell_id": "c_3320"}, "geometry": {"type": "Point", "coordinates": [55.347717, 25.269493]}}, {"type": "Feature", "properties": {"cell_id": "c_3321"}, "geometry": {"type": "Point", "coordinates": [55.352679, 25.269493]}}, {"type": "Feature", "properties": {"cell_id": "c_3322"}, "geometry": {"type": "Point", "coordinates": [55.357641, 25.269493]}}, {"type": "Feature", "properties": {"cell_id": "c_3323"}, "geometry": {"type": "Point", "coordinates": [55.362603, 25.269493]}}, {"type": "Feature", "properties": {"cell_id": "c_3324"}, "geometry": {"type": "Point", "coordinates": [55.367565, 25.269493]}}, {"type": "Feature", "properties": {"cell_id": "c_3325"}, "geometry": {"type": "Point", "coordinates": [55.372527, 25.269493]}}, {"type": "Feature", "properties": {"cell_id": "c_3326"}, "geometry": {"type": "Point", "coordinates": [55.377489, 25.269493]}}, {"type": "Feature", "properties": {"cell_id": "c_3327"}, "geometry": {"type": "Point", "coordinates": [55.382451, 25.269493]}}, {"type": "Feature", "properties": {"cell_id": "c_3328"}, "geometry": {"type": "Point", "coordinates": [55.387413, 25.269493]}}, {"type": "Feature", "properties": {"cell_id": "c_3329"}, "geometry": {"type": "Point", "coordinates": [55.392375, 25.269493]}}, {"type": "Feature", "properties": {"cell_id": "c_3330"}, "geometry": {"type": "Point", "coordinates": [55.397337, 25.269493]}}, {"type": "Feature", "properties": {"cell_id": "c_3331"}, "geometry": {"type": "Point", "coordinates": [55.402299, 25.269493]}}, {"type": "Feature", "properties": {"cell_id": "c_3332"}, "geometry": {"type": "Point", "coordinates": [55.407261, 25.269493]}}, {"type": "Feature", "properties": {"cell_id": "c_3333"}, "geometry": {"type": "Point", "coordinates": [55.412223, 25.269493]}}, {"type": "Feature", "properties": {"cell_id": "c_3334"}, "geometry": {"type": "Point", "coordinates": [55.417185, 25.269493]}}, {"type": "Feature", "properties": {"cell_id": "c_3335"}, "geometry": {"type": "Point", "coordinates": [55.422147, 25.269493]}}, {"type": "Feature", "properties": {"cell_id": "c_3336"}, "geometry": {"type": "Point", "coordinates": [55.427109, 25.269493]}}, {"type": "Feature", "properties": {"cell_id": "c_3337"}, "geometry": {"type": "Point", "coordinates": [55.432071, 25.269493]}}, {"type": "Feature", "properties": {"cell_id": "c_3338"}, "geometry": {"type": "Point", "coordinates": [55.437033, 25.269493]}}, {"type": "Feature", "properties": {"cell_id": "c_3339"}, "geometry": {"type": "Point", "coordinates": [55.441995, 25.269493]}}, {"type": "Feature", "properties": {"cell_id": "c_3340"}, "geometry": {"type": "Point", "coordinates": [55.446957, 25.269493]}}, {"type": "Feature", "properties": {"cell_id": "c_3341"}, "geometry": {"type": "Point", "coordinates": [55.293136, 25.273985]}}, {"type": "Feature", "properties": {"cell_id": "c_3342"}, "geometry": {"type": "Point", "coordinates": [55.298098, 25.273985]}}, {"type": "Feature", "properties": {"cell_id": "c_3343"}, "geometry": {"type": "Point", "coordinates": [55.30306, 25.273985]}}, {"type": "Feature", "properties": {"cell_id": "c_3344"}, "geometry": {"type": "Point", "coordinates": [55.308022, 25.273985]}}, {"type": "Feature", "properties": {"cell_id": "c_3345"}, "geometry": {"type": "Point", "coordinates": [55.312984, 25.273985]}}, {"type": "Feature", "properties": {"cell_id": "c_3346"}, "geometry": {"type": "Point", "coordinates": [55.317946, 25.273985]}}, {"type": "Feature", "properties": {"cell_id": "c_3347"}, "geometry": {"type": "Point", "coordinates": [55.322908, 25.273985]}}, {"type": "Feature", "properties": {"cell_id": "c_3348"}, "geometry": {"type": "Point", "coordinates": [55.32787, 25.273985]}}, {"type": "Feature", "properties": {"cell_id": "c_3349"}, "geometry": {"type": "Point", "coordinates": [55.332832, 25.273985]}}, {"type": "Feature", "properties": {"cell_id": "c_3350"}, "geometry": {"type": "Point", "coordinates": [55.337794, 25.273985]}}, {"type": "Feature", "properties": {"cell_id": "c_3351"}, "geometry": {"type": "Point", "coordinates": [55.342756, 25.273985]}}, {"type": "Feature", "properties": {"cell_id": "c_3352"}, "geometry": {"type": "Point", "coordinates": [55.347717, 25.273985]}}, {"type": "Feature", "properties": {"cell_id": "c_3353"}, "geometry": {"type": "Point", "coordinates": [55.352679, 25.273985]}}, {"type": "Feature", "properties": {"cell_id": "c_3354"}, "geometry": {"type": "Point", "coordinates": [55.357641, 25.273985]}}, {"type": "Feature", "properties": {"cell_id": "c_3355"}, "geometry": {"type": "Point", "coordinates": [55.362603, 25.273985]}}, {"type": "Feature", "properties": {"cell_id": "c_3356"}, "geometry": {"type": "Point", "coordinates": [55.367565, 25.273985]}}, {"type": "Feature", "properties": {"cell_id": "c_3357"}, "geometry": {"type": "Point", "coordinates": [55.372527, 25.273985]}}, {"type": "Feature", "properties": {"cell_id": "c_3358"}, "geometry": {"type": "Point", "coordinates": [55.377489, 25.273985]}}, {"type": "Feature", "properties": {"cell_id": "c_3359"}, "geometry": {"type": "Point", "coordinates": [55.382451, 25.273985]}}, {"type": "Feature", "properties": {"cell_id": "c_3360"}, "geometry": {"type": "Point", "coordinates": [55.387413, 25.273985]}}, {"type": "Feature", "properties": {"cell_id": "c_3361"}, "geometry": {"type": "Point", "coordinates": [55.392375, 25.273985]}}, {"type": "Feature", "properties": {"cell_id": "c_3362"}, "geometry": {"type": "Point", "coordinates": [55.397337, 25.273985]}}, {"type": "Feature", "properties": {"cell_id": "c_3363"}, "geometry": {"type": "Point", "coordinates": [55.402299, 25.273985]}}, {"type": "Feature", "properties": {"cell_id": "c_3364"}, "geometry": {"type": "Point", "coordinates": [55.407261, 25.273985]}}, {"type": "Feature", "properties": {"cell_id": "c_3365"}, "geometry": {"type": "Point", "coordinates": [55.412223, 25.273985]}}, {"type": "Feature", "properties": {"cell_id": "c_3366"}, "geometry": {"type": "Point", "coordinates": [55.417185, 25.273985]}}, {"type": "Feature", "properties": {"cell_id": "c_3367"}, "geometry": {"type": "Point", "coordinates": [55.422147, 25.273985]}}, {"type": "Feature", "properties": {"cell_id": "c_3368"}, "geometry": {"type": "Point", "coordinates": [55.427109, 25.273985]}}, {"type": "Feature", "properties": {"cell_id": "c_3369"}, "geometry": {"type": "Point", "coordinates": [55.432071, 25.273985]}}, {"type": "Feature", "properties": {"cell_id": "c_3370"}, "geometry": {"type": "Point", "coordinates": [55.437033, 25.273985]}}, {"type": "Feature", "properties": {"cell_id": "c_3371"}, "geometry": {"type": "Point", "coordinates": [55.441995, 25.273985]}}, {"type": "Feature", "properties": {"cell_id": "c_3372"}, "geometry": {"type": "Point", "coordinates": [55.446957, 25.273985]}}, {"type": "Feature", "properties": {"cell_id": "c_3373"}, "geometry": {"type": "Point", "coordinates": [55.312984, 25.278476]}}, {"type": "Feature", "properties": {"cell_id": "c_3374"}, "geometry": {"type": "Point", "coordinates": [55.317946, 25.278476]}}, {"type": "Feature", "properties": {"cell_id": "c_3375"}, "geometry": {"type": "Point", "coordinates": [55.322908, 25.278476]}}, {"type": "Feature", "properties": {"cell_id": "c_3376"}, "geometry": {"type": "Point", "coordinates": [55.32787, 25.278476]}}, {"type": "Feature", "properties": {"cell_id": "c_3377"}, "geometry": {"type": "Point", "coordinates": [55.332832, 25.278476]}}, {"type": "Feature", "properties": {"cell_id": "c_3378"}, "geometry": {"type": "Point", "coordinates": [55.337794, 25.278476]}}, {"type": "Feature", "properties": {"cell_id": "c_3379"}, "geometry": {"type": "Point", "coordinates": [55.342756, 25.278476]}}, {"type": "Feature", "properties": {"cell_id": "c_3380"}, "geometry": {"type": "Point", "coordinates": [55.347717, 25.278476]}}, {"type": "Feature", "properties": {"cell_id": "c_3381"}, "geometry": {"type": "Point", "coordinates": [55.352679, 25.278476]}}, {"type": "Feature", "properties": {"cell_id": "c_3382"}, "geometry": {"type": "Point", "coordinates": [55.357641, 25.278476]}}, {"type": "Feature", "properties": {"cell_id": "c_3383"}, "geometry": {"type": "Point", "coordinates": [55.362603, 25.278476]}}, {"type": "Feature", "properties": {"cell_id": "c_3384"}, "geometry": {"type": "Point", "coordinates": [55.367565, 25.278476]}}, {"type": "Feature", "properties": {"cell_id": "c_3385"}, "geometry": {"type": "Point", "coordinates": [55.372527, 25.278476]}}, {"type": "Feature", "properties": {"cell_id": "c_3386"}, "geometry": {"type": "Point", "coordinates": [55.377489, 25.278476]}}, {"type": "Feature", "properties": {"cell_id": "c_3387"}, "geometry": {"type": "Point", "coordinates": [55.382451, 25.278476]}}, {"type": "Feature", "properties": {"cell_id": "c_3388"}, "geometry": {"type": "Point", "coordinates": [55.387413, 25.278476]}}, {"type": "Feature", "properties": {"cell_id": "c_3389"}, "geometry": {"type": "Point", "coordinates": [55.392375, 25.278476]}}, {"type": "Feature", "properties": {"cell_id": "c_3390"}, "geometry": {"type": "Point", "coordinates": [55.397337, 25.278476]}}, {"type": "Feature", "properties": {"cell_id": "c_3391"}, "geometry": {"type": "Point", "coordinates": [55.402299, 25.278476]}}, {"type": "Feature", "properties": {"cell_id": "c_3392"}, "geometry": {"type": "Point", "coordinates": [55.407261, 25.278476]}}, {"type": "Feature", "properties": {"cell_id": "c_3393"}, "geometry": {"type": "Point", "coordinates": [55.412223, 25.278476]}}, {"type": "Feature", "properties": {"cell_id": "c_3394"}, "geometry": {"type": "Point", "coordinates": [55.417185, 25.278476]}}, {"type": "Feature", "properties": {"cell_id": "c_3395"}, "geometry": {"type": "Point", "coordinates": [55.422147, 25.278476]}}, {"type": "Feature", "properties": {"cell_id": "c_3396"}, "geometry": {"type": "Point", "coordinates": [55.427109, 25.278476]}}, {"type": "Feature", "properties": {"cell_id": "c_3397"}, "geometry": {"type": "Point", "coordinates": [55.432071, 25.278476]}}, {"type": "Feature", "properties": {"cell_id": "c_3398"}, "geometry": {"type": "Point", "coordinates": [55.437033, 25.278476]}}, {"type": "Feature", "properties": {"cell_id": "c_3399"}, "geometry": {"type": "Point", "coordinates": [55.441995, 25.278476]}}, {"type": "Feature", "properties": {"cell_id": "c_3400"}, "geometry": {"type": "Point", "coordinates": [55.446957, 25.278476]}}, {"type": "Feature", "properties": {"cell_id": "c_3401"}, "geometry": {"type": "Point", "coordinates": [55.312984, 25.282968]}}, {"type": "Feature", "properties": {"cell_id": "c_3402"}, "geometry": {"type": "Point", "coordinates": [55.317946, 25.282968]}}, {"type": "Feature", "properties": {"cell_id": "c_3403"}, "geometry": {"type": "Point", "coordinates": [55.322908, 25.282968]}}, {"type": "Feature", "properties": {"cell_id": "c_3404"}, "geometry": {"type": "Point", "coordinates": [55.32787, 25.282968]}}, {"type": "Feature", "properties": {"cell_id": "c_3405"}, "geometry": {"type": "Point", "coordinates": [55.332832, 25.282968]}}, {"type": "Feature", "properties": {"cell_id": "c_3406"}, "geometry": {"type": "Point", "coordinates": [55.337794, 25.282968]}}, {"type": "Feature", "properties": {"cell_id": "c_3407"}, "geometry": {"type": "Point", "coordinates": [55.342756, 25.282968]}}, {"type": "Feature", "properties": {"cell_id": "c_3408"}, "geometry": {"type": "Point", "coordinates": [55.347717, 25.282968]}}, {"type": "Feature", "properties": {"cell_id": "c_3409"}, "geometry": {"type": "Point", "coordinates": [55.352679, 25.282968]}}, {"type": "Feature", "properties": {"cell_id": "c_3410"}, "geometry": {"type": "Point", "coordinates": [55.357641, 25.282968]}}, {"type": "Feature", "properties": {"cell_id": "c_3411"}, "geometry": {"type": "Point", "coordinates": [55.362603, 25.282968]}}, {"type": "Feature", "properties": {"cell_id": "c_3412"}, "geometry": {"type": "Point", "coordinates": [55.367565, 25.282968]}}, {"type": "Feature", "properties": {"cell_id": "c_3413"}, "geometry": {"type": "Point", "coordinates": [55.372527, 25.282968]}}, {"type": "Feature", "properties": {"cell_id": "c_3414"}, "geometry": {"type": "Point", "coordinates": [55.377489, 25.282968]}}, {"type": "Feature", "properties": {"cell_id": "c_3415"}, "geometry": {"type": "Point", "coordinates": [55.382451, 25.282968]}}, {"type": "Feature", "properties": {"cell_id": "c_3416"}, "geometry": {"type": "Point", "coordinates": [55.387413, 25.282968]}}, {"type": "Feature", "properties": {"cell_id": "c_3417"}, "geometry": {"type": "Point", "coordinates": [55.392375, 25.282968]}}, {"type": "Feature", "properties": {"cell_id": "c_3418"}, "geometry": {"type": "Point", "coordinates": [55.397337, 25.282968]}}, {"type": "Feature", "properties": {"cell_id": "c_3419"}, "geometry": {"type": "Point", "coordinates": [55.402299, 25.282968]}}, {"type": "Feature", "properties": {"cell_id": "c_3420"}, "geometry": {"type": "Point", "coordinates": [55.407261, 25.282968]}}, {"type": "Feature", "properties": {"cell_id": "c_3421"}, "geometry": {"type": "Point", "coordinates": [55.412223, 25.282968]}}, {"type": "Feature", "properties": {"cell_id": "c_3422"}, "geometry": {"type": "Point", "coordinates": [55.417185, 25.282968]}}, {"type": "Feature", "properties": {"cell_id": "c_3423"}, "geometry": {"type": "Point", "coordinates": [55.422147, 25.282968]}}, {"type": "Feature", "properties": {"cell_id": "c_3424"}, "geometry": {"type": "Point", "coordinates": [55.427109, 25.282968]}}, {"type": "Feature", "properties": {"cell_id": "c_3425"}, "geometry": {"type": "Point", "coordinates": [55.432071, 25.282968]}}, {"type": "Feature", "properties": {"cell_id": "c_3426"}, "geometry": {"type": "Point", "coordinates": [55.437033, 25.282968]}}, {"type": "Feature", "properties": {"cell_id": "c_3427"}, "geometry": {"type": "Point", "coordinates": [55.441995, 25.282968]}}, {"type": "Feature", "properties": {"cell_id": "c_3428"}, "geometry": {"type": "Point", "coordinates": [55.446957, 25.282968]}}, {"type": "Feature", "properties": {"cell_id": "c_3429"}, "geometry": {"type": "Point", "coordinates": [55.317946, 25.28746]}}, {"type": "Feature", "properties": {"cell_id": "c_3430"}, "geometry": {"type": "Point", "coordinates": [55.322908, 25.28746]}}, {"type": "Feature", "properties": {"cell_id": "c_3431"}, "geometry": {"type": "Point", "coordinates": [55.32787, 25.28746]}}, {"type": "Feature", "properties": {"cell_id": "c_3432"}, "geometry": {"type": "Point", "coordinates": [55.332832, 25.28746]}}, {"type": "Feature", "properties": {"cell_id": "c_3433"}, "geometry": {"type": "Point", "coordinates": [55.337794, 25.28746]}}, {"type": "Feature", "properties": {"cell_id": "c_3434"}, "geometry": {"type": "Point", "coordinates": [55.342756, 25.28746]}}, {"type": "Feature", "properties": {"cell_id": "c_3435"}, "geometry": {"type": "Point", "coordinates": [55.347717, 25.28746]}}, {"type": "Feature", "properties": {"cell_id": "c_3436"}, "geometry": {"type": "Point", "coordinates": [55.352679, 25.28746]}}, {"type": "Feature", "properties": {"cell_id": "c_3437"}, "geometry": {"type": "Point", "coordinates": [55.357641, 25.28746]}}, {"type": "Feature", "properties": {"cell_id": "c_3438"}, "geometry": {"type": "Point", "coordinates": [55.362603, 25.28746]}}, {"type": "Feature", "properties": {"cell_id": "c_3439"}, "geometry": {"type": "Point", "coordinates": [55.367565, 25.28746]}}, {"type": "Feature", "properties": {"cell_id": "c_3440"}, "geometry": {"type": "Point", "coordinates": [55.372527, 25.28746]}}, {"type": "Feature", "properties": {"cell_id": "c_3441"}, "geometry": {"type": "Point", "coordinates": [55.377489, 25.28746]}}, {"type": "Feature", "properties": {"cell_id": "c_3442"}, "geometry": {"type": "Point", "coordinates": [55.382451, 25.28746]}}, {"type": "Feature", "properties": {"cell_id": "c_3443"}, "geometry": {"type": "Point", "coordinates": [55.387413, 25.28746]}}, {"type": "Feature", "properties": {"cell_id": "c_3444"}, "geometry": {"type": "Point", "coordinates": [55.392375, 25.28746]}}, {"type": "Feature", "properties": {"cell_id": "c_3445"}, "geometry": {"type": "Point", "coordinates": [55.397337, 25.28746]}}, {"type": "Feature", "properties": {"cell_id": "c_3446"}, "geometry": {"type": "Point", "coordinates": [55.402299, 25.28746]}}, {"type": "Feature", "properties": {"cell_id": "c_3447"}, "geometry": {"type": "Point", "coordinates": [55.407261, 25.28746]}}, {"type": "Feature", "properties": {"cell_id": "c_3448"}, "geometry": {"type": "Point", "coordinates": [55.412223, 25.28746]}}, {"type": "Feature", "properties": {"cell_id": "c_3449"}, "geometry": {"type": "Point", "coordinates": [55.417185, 25.28746]}}, {"type": "Feature", "properties": {"cell_id": "c_3450"}, "geometry": {"type": "Point", "coordinates": [55.422147, 25.28746]}}, {"type": "Feature", "properties": {"cell_id": "c_3451"}, "geometry": {"type": "Point", "coordinates": [55.427109, 25.28746]}}, {"type": "Feature", "properties": {"cell_id": "c_3452"}, "geometry": {"type": "Point", "coordinates": [55.432071, 25.28746]}}, {"type": "Feature", "properties": {"cell_id": "c_3453"}, "geometry": {"type": "Point", "coordinates": [55.437033, 25.28746]}}, {"type": "Feature", "properties": {"cell_id": "c_3454"}, "geometry": {"type": "Point", "coordinates": [55.441995, 25.28746]}}, {"type": "Feature", "properties": {"cell_id": "c_3455"}, "geometry": {"type": "Point", "coordinates": [55.446957, 25.28746]}}, {"type": "Feature", "properties": {"cell_id": "c_3456"}, "geometry": {"type": "Point", "coordinates": [55.32787, 25.291951]}}, {"type": "Feature", "properties": {"cell_id": "c_3457"}, "geometry": {"type": "Point", "coordinates": [55.332832, 25.291951]}}, {"type": "Feature", "properties": {"cell_id": "c_3458"}, "geometry": {"type": "Point", "coordinates": [55.337794, 25.291951]}}, {"type": "Feature", "properties": {"cell_id": "c_3459"}, "geometry": {"type": "Point", "coordinates": [55.342756, 25.291951]}}, {"type": "Feature", "properties": {"cell_id": "c_3460"}, "geometry": {"type": "Point", "coordinates": [55.347717, 25.291951]}}, {"type": "Feature", "properties": {"cell_id": "c_3461"}, "geometry": {"type": "Point", "coordinates": [55.352679, 25.291951]}}, {"type": "Feature", "properties": {"cell_id": "c_3462"}, "geometry": {"type": "Point", "coordinates": [55.357641, 25.291951]}}, {"type": "Feature", "properties": {"cell_id": "c_3463"}, "geometry": {"type": "Point", "coordinates": [55.362603, 25.291951]}}, {"type": "Feature", "properties": {"cell_id": "c_3464"}, "geometry": {"type": "Point", "coordinates": [55.367565, 25.291951]}}, {"type": "Feature", "properties": {"cell_id": "c_3465"}, "geometry": {"type": "Point", "coordinates": [55.372527, 25.291951]}}, {"type": "Feature", "properties": {"cell_id": "c_3466"}, "geometry": {"type": "Point", "coordinates": [55.377489, 25.291951]}}, {"type": "Feature", "properties": {"cell_id": "c_3467"}, "geometry": {"type": "Point", "coordinates": [55.382451, 25.291951]}}, {"type": "Feature", "properties": {"cell_id": "c_3468"}, "geometry": {"type": "Point", "coordinates": [55.387413, 25.291951]}}, {"type": "Feature", "properties": {"cell_id": "c_3469"}, "geometry": {"type": "Point", "coordinates": [55.392375, 25.291951]}}, {"type": "Feature", "properties": {"cell_id": "c_3470"}, "geometry": {"type": "Point", "coordinates": [55.397337, 25.291951]}}, {"type": "Feature", "properties": {"cell_id": "c_3471"}, "geometry": {"type": "Point", "coordinates": [55.402299, 25.291951]}}, {"type": "Feature", "properties": {"cell_id": "c_3472"}, "geometry": {"type": "Point", "coordinates": [55.407261, 25.291951]}}, {"type": "Feature", "properties": {"cell_id": "c_3473"}, "geometry": {"type": "Point", "coordinates": [55.412223, 25.291951]}}, {"type": "Feature", "properties": {"cell_id": "c_3474"}, "geometry": {"type": "Point", "coordinates": [55.417185, 25.291951]}}, {"type": "Feature", "properties": {"cell_id": "c_3475"}, "geometry": {"type": "Point", "coordinates": [55.422147, 25.291951]}}, {"type": "Feature", "properties": {"cell_id": "c_3476"}, "geometry": {"type": "Point", "coordinates": [55.427109, 25.291951]}}, {"type": "Feature", "properties": {"cell_id": "c_3477"}, "geometry": {"type": "Point", "coordinates": [55.432071, 25.291951]}}, {"type": "Feature", "properties": {"cell_id": "c_3478"}, "geometry": {"type": "Point", "coordinates": [55.437033, 25.291951]}}, {"type": "Feature", "properties": {"cell_id": "c_3479"}, "geometry": {"type": "Point", "coordinates": [55.441995, 25.291951]}}, {"type": "Feature", "properties": {"cell_id": "c_3480"}, "geometry": {"type": "Point", "coordinates": [55.446957, 25.291951]}}, {"type": "Feature", "properties": {"cell_id": "c_3481"}, "geometry": {"type": "Point", "coordinates": [55.32787, 25.296443]}}, {"type": "Feature", "properties": {"cell_id": "c_3482"}, "geometry": {"type": "Point", "coordinates": [55.332832, 25.296443]}}, {"type": "Feature", "properties": {"cell_id": "c_3483"}, "geometry": {"type": "Point", "coordinates": [55.337794, 25.296443]}}, {"type": "Feature", "properties": {"cell_id": "c_3484"}, "geometry": {"type": "Point", "coordinates": [55.342756, 25.296443]}}, {"type": "Feature", "properties": {"cell_id": "c_3485"}, "geometry": {"type": "Point", "coordinates": [55.347717, 25.296443]}}, {"type": "Feature", "properties": {"cell_id": "c_3486"}, "geometry": {"type": "Point", "coordinates": [55.352679, 25.296443]}}, {"type": "Feature", "properties": {"cell_id": "c_3487"}, "geometry": {"type": "Point", "coordinates": [55.357641, 25.296443]}}, {"type": "Feature", "properties": {"cell_id": "c_3488"}, "geometry": {"type": "Point", "coordinates": [55.362603, 25.296443]}}, {"type": "Feature", "properties": {"cell_id": "c_3489"}, "geometry": {"type": "Point", "coordinates": [55.367565, 25.296443]}}, {"type": "Feature", "properties": {"cell_id": "c_3490"}, "geometry": {"type": "Point", "coordinates": [55.372527, 25.296443]}}, {"type": "Feature", "properties": {"cell_id": "c_3491"}, "geometry": {"type": "Point", "coordinates": [55.377489, 25.296443]}}, {"type": "Feature", "properties": {"cell_id": "c_3492"}, "geometry": {"type": "Point", "coordinates": [55.382451, 25.296443]}}, {"type": "Feature", "properties": {"cell_id": "c_3493"}, "geometry": {"type": "Point", "coordinates": [55.387413, 25.296443]}}, {"type": "Feature", "properties": {"cell_id": "c_3494"}, "geometry": {"type": "Point", "coordinates": [55.392375, 25.296443]}}, {"type": "Feature", "properties": {"cell_id": "c_3495"}, "geometry": {"type": "Point", "coordinates": [55.397337, 25.296443]}}, {"type": "Feature", "properties": {"cell_id": "c_3496"}, "geometry": {"type": "Point", "coordinates": [55.402299, 25.296443]}}, {"type": "Feature", "properties": {"cell_id": "c_3497"}, "geometry": {"type": "Point", "coordinates": [55.407261, 25.296443]}}, {"type": "Feature", "properties": {"cell_id": "c_3498"}, "geometry": {"type": "Point", "coordinates": [55.412223, 25.296443]}}, {"type": "Feature", "properties": {"cell_id": "c_3499"}, "geometry": {"type": "Point", "coordinates": [55.417185, 25.296443]}}, {"type": "Feature", "properties": {"cell_id": "c_3500"}, "geometry": {"type": "Point", "coordinates": [55.422147, 25.296443]}}, {"type": "Feature", "properties": {"cell_id": "c_3501"}, "geometry": {"type": "Point", "coordinates": [55.427109, 25.296443]}}, {"type": "Feature", "properties": {"cell_id": "c_3502"}, "geometry": {"type": "Point", "coordinates": [55.432071, 25.296443]}}, {"type": "Feature", "properties": {"cell_id": "c_3503"}, "geometry": {"type": "Point", "coordinates": [55.437033, 25.296443]}}, {"type": "Feature", "properties": {"cell_id": "c_3504"}, "geometry": {"type": "Point", "coordinates": [55.441995, 25.296443]}}, {"type": "Feature", "properties": {"cell_id": "c_3505"}, "geometry": {"type": "Point", "coordinates": [55.446957, 25.296443]}}], "_version": 3}