{"type": "FeatureCollection", "features": [{"type": "Feature", "properties": {"cell_id": "c_0"}, "geometry": {"type": "Point", "coordinates": [55.059924, 25.0]}}, {"type": "Feature", "properties": {"cell_id": "c_1"}, "geometry": {"type": "Point", "coordinates": [55.069848, 25.0]}}, {"type": "Feature", "properties": {"cell_id": "c_2"}, "geometry": {"type": "Point", "coordinates": [55.079772, 25.0]}}, {"type": "Feature", "properties": {"cell_id": "c_3"}, "geometry": {"type": "Point", "coordinates": [55.089696, 25.0]}}, {"type": "Feature", "properties": {"cell_id": "c_4"}, "geometry": {"type": "Point", "coordinates": [55.09962, 25.0]}}, {"type": "Feature", "properties": {"cell_id": "c_5"}, "geometry": {"type": "Point", "coordinates": [55.109543, 25.0]}}, {"type": "Feature", "properties": {"cell_id": "c_6"}, "geometry": {"type": "Point", "coordinates": [55.119467, 25.0]}}, {"type": "Feature", "properties": {"cell_id": "c_7"}, "geometry": {"type": "Point", "coordinates": [55.129391, 25.0]}}, {"type": "Feature", "properties": {"cell_id": "c_8"}, "geometry": {"type": "Point", "coordinates": [55.139315, 25.0]}}, {"type": "Feature", "properties": {"cell_id": "c_9"}, "geometry": {"type": "Point", "coordinates": [55.149239, 25.0]}}, {"type": "Feature", "properties": {"cell_id": "c_10"}, "geometry": {"type": "Point", "coordinates": [55.159163, 25.0]}}, {"type": "Feature", "properties": {"cell_id": "c_11"}, "geometry": {"type": "Point", "coordinates": [55.169087, 25.0]}}, {"type": "Feature", "properties": {"cell_id": "c_12"}, "geometry": {"type": "Point", "coordinates": [55.179011, 25.0]}}, {"type": "Feature", "properties": {"cell_id": "c_13"}, "geometry": {"type": "Point", "coordinates": [55.188935, 25.0]}}, {"type": "Feature", "properties": {"cell_id": "c_14"}, "geometry": {"type": "Point", "coordinates": [55.198859, 25.0]}}, {"type": "Feature", "properties": {"cell_id": "c_15"}, "geometry": {"type": "Point", "coordinates": [55.208783, 25.0]}}, {"type": "Feature", "properties": {"cell_id": "c_16"}, "geometry": {"type": "Point", "coordinates": [55.218707, 25.0]}}, {"type": "Feature", "properties": {"cell_id": "c_17"}, "geometry": {"type": "Point", "coordinates": [55.22863, 25.0]}}, {"type": "Feature", "properties": {"cell_id": "c_18"}, "geometry": {"type": "Point", "coordinates": [55.238554, 25.0]}}, {"type": "Feature", "properties": {"cell_id": "c_19"}, "geometry": {"type": "Point", "coordinates": [55.248478, 25.0]}}, {"type": "Feature", "properties": {"cell_id": "c_20"}, "geometry": {"type": "Point", "coordinates": [55.258402, 25.0]}}, {"type": "Feature", "properties": {"cell_id": "c_21"}, "geometry": {"type": "Point", "coordinates": [55.268326, 25.0]}}, {"type": "Feature", "properties": {"cell_id": "c_22"}, "geometry": {"type": "Point", "coordinates": [55.27825, 25.0]}}, {"type": "Feature", "properties": {"cell_id": "c_23"}, "geometry": {"type": "Point", "coordinates": [55.288174, 25.0]}}, {"type": "Feature", "properties": {"cell_id": "c_24"}, "geometry": {"type": "Point", "coordinates": [55.298098, 25.0]}}, {"type": "Feature", "properties": {"cell_id": "c_25"}, "geometry": {"type": "Point", "coordinates": [55.308022, 25.0]}}, {"type": "Feature", "properties": {"cell_id": "c_26"}, "geometry": {"type": "Point", "coordinates": [55.317946, 25.0]}}, {"type": "Feature", "properties": {"cell_id": "c_27"}, "geometry": {"type": "Point", "coordinates": [55.32787, 25.0]}}, {"type": "Feature", "properties": {"cell_id": "c_28"}, "geometry": {"type": "Point", "coordinates": [55.337794, 25.0]}}, {"type": "Feature", "properties": {"cell_id": "c_29"}, "geometry": {"type": "Point", "coordinates": [55.347717, 25.0]}}, {"type": "Feature", "properties": {"cell_id": "c_30"}, "geometry": {"type": "Point", "coordinates": [55.357641, 25.0]}}, {"type": "Feature", "properties": {"cell_id": "c_31"}, "geometry": {"type": "Point", "coordinates": [55.367565, 25.0]}}, {"type": "Feature", "properties": {"cell_id": "c_32"}, "geometry": {"type": "Point", "coordinates": [55.377489, 25.0]}}, {"type": "Feature", "properties": {"cell_id": "c_33"}, "geometry": {"type": "Point", "coordinates": [55.387413, 25.0]}}, {"type": "Feature", "properties": {"cell_id": "c_34"}, "geometry": {"type": "Point", "coordinates": [55.397337, 25.0]}}, {"type": "Feature", "properties": {"cell_id": "c_35"}, "geometry": {"type": "Point", "coordinates": [55.407261, 25.0]}}, {"type": "Feature", "properties": {"cell_id": "c_36"}, "geometry": {"type": "Point", "coordinates": [55.417185, 25.0]}}, {"type": "Feature", "properties": {"cell_id": "c_37"}, "geometry": {"type": "Point", "coordinates": [55.427109, 25.0]}}, {"type": "Feature", "properties": {"cell_id": "c_38"}, "geometry": {"type": "Point", "coordinates": [55.437033, 25.0]}}, {"type": "Feature", "properties": {"cell_id": "c_39"}, "geometry": {"type": "Point", "coordinates": [55.446957, 25.0]}}, {"type": "Feature", "properties": {"cell_id": "c_40"}, "geometry": {"type": "Point", "coordinates": [55.05, 25.008983]}}, {"type": "Feature", "properties": {"cell_id": "c_41"}, "geometry": {"type": "Point", "coordinates": [55.059924, 25.008983]}}, {"type": "Feature", "properties": {"cell_id": "c_42"}, "geometry": {"type": "Point", "coordinates": [55.069848, 25.008983]}}, {"type": "Feature", "properties": {"cell_id": "c_43"}, "geometry": {"type": "Point", "coordinates": [55.079772, 25.008983]}}, {"type": "Feature", "properties": {"cell_id": "c_44"}, "geometry": {"type": "Point", "coordinates": [55.089696, 25.008983]}}, {"type": "Feature", "properties": {"cell_id": "c_45"}, "geometry": {"type": "Point", "coordinates": [55.09962, 25.008983]}}, {"type": "Feature", "properties": {"cell_id": "c_46"}, "geometry": {"type": "Point", "coordinates": [55.109543, 25.008983]}}, {"type": "Feature", "properties": {"cell_id": "c_47"}, "geometry": {"type": "Point", "coordinates": [55.119467, 25.008983]}}, {"type": "Feature", "properties": {"cell_id": "c_48"}, "geometry": {"type": "Point", "coordinates": [55.129391, 25.008983]}}, {"type": "Feature", "properties": {"cell_id": "c_49"}, "geometry": {"type": "Point", "coordinates": [55.139315, 25.008983]}}, {"type": "Feature", "properties": {"cell_id": "c_50"}, "geometry": {"type": "Point", "coordinates": [55.149239, 25.008983]}}, {"type": "Feature", "properties": {"cell_id": "c_51"}, "geometry": {"type": "Point", "coordinates": [55.159163, 25.008983]}}, {"type": "Feature", "properties": {"cell_id": "c_52"}, "geometry": {"type": "Point", "coordinates": [55.169087, 25.008983]}}, {"type": "Feature", "properties": {"cell_id": "c_53"}, "geometry": {"type": "Point", "coordinates": [55.179011, 25.008983]}}, {"type": "Feature", "properties": {"cell_id": "c_54"}, "geometry": {"type": "Point", "coordinates": [55.188935, 25.008983]}}, {"type": "Feature", "properties": {"cell_id": "c_55"}, "geometry": {"type": "Point", "coordinates": [55.198859, 25.008983]}}, {"type": "Feature", "properties": {"cell_id": "c_56"}, "geometry": {"type": "Point", "coordinates": [55.208783, 25.008983]}}, {"type": "Feature", "properties": {"cell_id": "c_57"}, "geometry": {"type": "Point", "coordinates": [55.218707, 25.008983]}}, {"type": "Feature", "properties": {"cell_id": "c_58"}, "geometry": {"type": "Point", "coordinates": [55.22863, 25.008983]}}, {"type": "Feature", "properties": {"cell_id": "c_59"}, "geometry": {"type": "Point", "coordinates": [55.238554, 25.008983]}}, {"type": "Feature", "properties": {"cell_id": "c_60"}, "geometry": {"type": "Point", "coordinates": [55.248478, 25.008983]}}, {"type": "Feature", "properties": {"cell_id": "c_61"}, "geometry": {"type": "Point", "coordinates": [55.258402, 25.008983]}}, {"type": "Feature", "properties": {"cell_id": "c_62"}, "geometry": {"type": "Point", "coordinates": [55.268326, 25.008983]}}, {"type": "Feature", "properties": {"cell_id": "c_63"}, "geometry": {"type": "Point", "coordinates": [55.27825, 25.008983]}}, {"type": "Feature", "properties": {"cell_id": "c_64"}, "geometry": {"type": "Point", "coordinates": [55.288174, 25.008983]}}, {"type": "Feature", "properties": {"cell_id": "c_65"}, "geometry": {"type": "Point", "coordinates": [55.298098, 25.008983]}}, {"type": "Feature", "properties": {"cell_id": "c_66"}, "geometry": {"type": "Point", "coordinates": [55.308022, 25.008983]}}, {"type": "Feature", "properties": {"cell_id": "c_67"}, "geometry": {"type": "Point", "coordinates": [55.317946, 25.008983]}}, {"type": "Feature", "properties": {"cell_id": "c_68"}, "geometry": {"type": "Point", "coordinates": [55.32787, 25.008983]}}, {"type": "Feature", "properties": {"cell_id": "c_69"}, "geometry": {"type": "Point", "coordinates": [55.337794, 25.008983]}}, {"type": "Feature", "properties": {"cell_id": "c_70"}, "geometry": {"type": "Point", "coordinates": [55.347717, 25.008983]}}, {"type": "Feature", "properties": {"cell_id": "c_71"}, "geometry": {"type": "Point", "coordinates": [55.357641, 25.008983]}}, {"type": "Feature", "properties": {"cell_id": "c_72"}, "geometry": {"type": "Point", "coordinates": [55.367565, 25.008983]}}, {"type": "Feature", "properties": {"cell_id": "c_73"}, "geometry": {"type": "Point", "coordinates": [55.377489, 25.008983]}}, {"type": "Feature", "properties": {"cell_id": "c_74"}, "geometry": {"type": "Point", "coordinates": [55.387413, 25.008983]}}, {"type": "Feature", "properties": {"cell_id": "c_75"}, "geometry": {"type": "Point", "coordinates": [55.397337, 25.008983]}}, {"type": "Feature", "properties": {"cell_id": "c_76"}, "geometry": {"type": "Point", "coordinates": [55.407261, 25.008983]}}, {"type": "Feature", "properties": {"cell_id": "c_77"}, "geometry": {"type": "Point", "coordinates": [55.417185, 25.008983]}}, {"type": "Feature", "properties": {"cell_id": "c_78"}, "geometry": {"type": "Point", "coordinates": [55.427109, 25.008983]}}, {"type": "Feature", "properties": {"cell_id": "c_79"}, "geometry": {"type": "Point", "coordinates": [55.437033, 25.008983]}}, {"type": "Feature", "properties": {"cell_id": "c_80"}, "geometry": {"type": "Point", "coordinates": [55.446957, 25.008983]}}, {"type": "Feature", "properties": {"cell_id": "c_81"}, "geometry": {"type": "Point", "coordinates": [55.079772, 25.017966]}}, {"type": "Feature", "properties": {"cell_id": "c_82"}, "geometry": {"type": "Point", "coordinates": [55.089696, 25.017966]}}, {"type": "Feature", "properties": {"cell_id": "c_83"}, "geometry": {"type": "Point", "coordinates": [55.09962, 25.017966]}}, {"type": "Feature", "properties": {"cell_id": "c_84"}, "geometry": {"type": "Point", "coordinates": [55.109543, 25.017966]}}, {"type": "Feature", "properties": {"cell_id": "c_85"}, "geometry": {"type": "Point", "coordinates": [55.119467, 25.017966]}}, {"type": "Feature", "properties": {"cell_id": "c_86"}, "geometry": {"type": "Point", "coordinates": [55.129391, 25.017966]}}, {"type": "Feature", "properties": {"cell_id": "c_87"}, "geometry": {"type": "Point", "coordinates": [55.139315, 25.017966]}}, {"type": "Feature", "properties": {"cell_id": "c_88"}, "geometry": {"type": "Point", "coordinates": [55.149239, 25.017966]}}, {"type": "Feature", "properties": {"cell_id": "c_89"}, "geometry": {"type": "Point", "coordinates": [55.159163, 25.017966]}}, {"type": "Feature", "properties": {"cell_id": "c_90"}, "geometry": {"type": "Point", "coordinates": [55.169087, 25.017966]}}, {"type": "Feature", "properties": {"cell_id": "c_91"}, "geometry": {"type": "Point", "coordinates": [55.179011, 25.017966]}}, {"type": "Feature", "properties": {"cell_id": "c_92"}, "geometry": {"type": "Point", "coordinates": [55.188935, 25.017966]}}, {"type": "Feature", "properties": {"cell_id": "c_93"}, "geometry": {"type": "Point", "coordinates": [55.198859, 25.017966]}}, {"type": "Feature", "properties": {"cell_id": "c_94"}, "geometry": {"type": "Point", "coordinates": [55.208783, 25.017966]}}, {"type": "Feature", "properties": {"cell_id": "c_95"}, "geometry": {"type": "Point", "coordinates": [55.218707, 25.017966]}}, {"type": "Feature", "properties": {"cell_id": "c_96"}, "geometry": {"type": "Point", "coordinates": [55.22863, 25.017966]}}, {"type": "Feature", "properties": {"cell_id": "c_97"}, "geometry": {"type": "Point", "coordinates": [55.238554, 25.017966]}}, {"type": "Feature", "properties": {"cell_id": "c_98"}, "geometry": {"type": "Point", "coordinates": [55.248478, 25.017966]}}, {"type": "Feature", "properties": {"cell_id": "c_99"}, "geometry": {"type": "Point", "coordinates": [55.258402, 25.017966]}}, {"type": "Feature", "properties": {"cell_id": "c_100"}, "geometry": {"type": "Point", "coordinates": [55.268326, 25.017966]}}, {"type": "Feature", "properties": {"cell_id": "c_101"}, "geometry": {"type": "Point", "coordinates": [55.27825, 25.017966]}}, {"type": "Feature", "properties": {"cell_id": "c_102"}, "geometry": {"type": "Point", "coordinates": [55.288174, 25.017966]}}, {"type": "Feature", "properties": {"cell_id": "c_103"}, "geometry": {"type": "Point", "coordinates": [55.298098, 25.017966]}}, {"type": "Feature", "properties": {"cell_id": "c_104"}, "geometry": {"type": "Point", "coordinates": [55.308022, 25.017966]}}, {"type": "Feature", "properties": {"cell_id": "c_105"}, "geometry": {"type": "Point", "coordinates": [55.317946, 25.017966]}}, {"type": "Feature", "properties": {"cell_id": "c_106"}, "geometry": {"type": "Point", "coordinates": [55.32787, 25.017966]}}, {"type": "Feature", "properties": {"cell_id": "c_107"}, "geometry": {"type": "Point", "coordinates": [55.337794, 25.017966]}}, {"type": "Feature", "properties": {"cell_id": "c_108"}, "geometry": {"type": "Point", "coordinates": [55.347717, 25.017966]}}, {"type": "Feature", "properties": {"cell_id": "c_109"}, "geometry": {"type": "Point", "coordinates": [55.357641, 25.017966]}}, {"type": "Feature", "properties": {"cell_id": "c_110"}, "geometry": {"type": "Point", "coordinates": [55.367565, 25.017966]}}, {"type": "Feature", "properties": {"cell_id": "c_111"}, "geometry": {"type": "Point", "coordinates": [55.377489, 25.017966]}}, {"type": "Feature", "properties": {"cell_id": "c_112"}, "geometry": {"type": "Point", "coordinates": [55.387413, 25.017966]}}, {"type": "Feature", "properties": {"cell_id": "c_113"}, "geometry": {"type": "Point", "coordinates": [55.397337, 25.017966]}}, {"type": "Feature", "properties": {"cell_id": "c_114"}, "geometry": {"type": "Point", "coordinates": [55.407261, 25.017966]}}, {"type": "Feature", "properties": {"cell_id": "c_115"}, "geometry": {"type": "Point", "coordinates": [55.417185, 25.017966]}}, {"type": "Feature", "properties": {"cell_id": "c_116"}, "geometry": {"type": "Point", "coordinates": [55.427109, 25.017966]}}, {"type": "Feature", "properties": {"cell_id": "c_117"}, "geometry": {"type": "Point", "coordinates": [55.437033, 25.017966]}}, {"type": "Feature", "properties": {"cell_id": "c_118"}, "geometry": {"type": "Point", "coordinates": [55.446957, 25.017966]}}, {"type": "Feature", "properties": {"cell_id": "c_119"}, "geometry": {"type": "Point", "coordinates": [55.089696, 25.026949]}}, {"type": "Feature", "properties": {"cell_id": "c_120"}, "geometry": {"type": "Point", "coordinates": [55.09962, 25.026949]}}, {"type": "Feature", "properties": {"cell_id": "c_121"}, "geometry": {"type": "Point", "coordinates": [55.109543, 25.026949]}}, {"type": "Feature", "properties": {"cell_id": "c_122"}, "geometry": {"type": "Point", "coordinates": [55.119467, 25.026949]}}, {"type": "Feature", "properties": {"cell_id": "c_123"}, "geometry": {"type": "Point", "coordinates": [55.129391, 25.026949]}}, {"type": "Feature", "properties": {"cell_id": "c_124"}, "geometry": {"type": "Point", "coordinates": [55.139315, 25.026949]}}, {"type": "Feature", "properties": {"cell_id": "c_125"}, "geometry": {"type": "Point", "coordinates": [55.149239, 25.026949]}}, {"type": "Feature", "properties": {"cell_id": "c_126"}, "geometry": {"type": "Point", "coordinates": [55.159163, 25.026949]}}, {"type": "Feature", "properties": {"cell_id": "c_127"}, "geometry": {"type": "Point", "coordinates": [55.169087, 25.026949]}}, {"type": "Feature", "properties": {"cell_id": "c_128"}, "geometry": {"type": "Point", "coordinates": [55.179011, 25.026949]}}, {"type": "Feature", "properties": {"cell_id": "c_129"}, "geometry": {"type": "Point", "coordinates": [55.188935, 25.026949]}}, {"type": "Feature", "properties": {"cell_id": "c_130"}, "geometry": {"type": "Point", "coordinates": [55.198859, 25.026949]}}, {"type": "Feature", "properties": {"cell_id": "c_131"}, "geometry": {"type": "Point", "coordinates": [55.208783, 25.026949]}}, {"type": "Feature", "properties": {"cell_id": "c_132"}, "geometry": {"type": "Point", "coordinates": [55.218707, 25.026949]}}, {"type": "Feature", "properties": {"cell_id": "c_133"}, "geometry": {"type": "Point", "coordinates": [55.22863, 25.026949]}}, {"type": "Feature", "properties": {"cell_id": "c_134"}, "geometry": {"type": "Point", "coordinates": [55.238554, 25.026949]}}, {"type": "Feature", "properties": {"cell_id": "c_135"}, "geometry": {"type": "Point", "coordinates": [55.248478, 25.026949]}}, {"type": "Feature", "properties": {"cell_id": "c_136"}, "geometry": {"type": "Point", "coordinates": [55.258402, 25.026949]}}, {"type": "Feature", "properties": {"cell_id": "c_137"}, "geometry": {"type": "Point", "coordinates": [55.268326, 25.026949]}}, {"type": "Feature", "properties": {"cell_id": "c_138"}, "geometry": {"type": "Point", "coordinates": [55.27825, 25.026949]}}, {"type": "Feature", "properties": {"cell_id": "c_139"}, "geometry": {"type": "Point", "coordinates": [55.288174, 25.026949]}}, {"type": "Feature", "properties": {"cell_id": "c_140"}, "geometry": {"type": "Point", "coordinates": [55.298098, 25.026949]}}, {"type": "Feature", "properties": {"cell_id": "c_141"}, "geometry": {"type": "Point", "coordinates": [55.308022, 25.026949]}}, {"type": "Feature", "properties": {"cell_id": "c_142"}, "geometry": {"type": "Point", "coordinates": [55.317946, 25.026949]}}, {"type": "Feature", "properties": {"cell_id": "c_143"}, "geometry": {"type": "Point", "coordinates": [55.32787, 25.026949]}}, {"type": "Feature", "properties": {"cell_id": "c_144"}, "geometry": {"type": "Point", "coordinates": [55.337794, 25.026949]}}, {"type": "Feature", "properties": {"cell_id": "c_145"}, "geometry": {"type": "Point", "coordinates": [55.347717, 25.026949]}}, {"type": "Feature", "properties": {"cell_id": "c_146"}, "geometry": {"type": "Point", "coordinates": [55.357641, 25.026949]}}, {"type": "Feature", "properties": {"cell_id": "c_147"}, "geometry": {"type": "Point", "coordinates": [55.367565, 25.026949]}}, {"type": "Feature", "properties": {"cell_id": "c_148"}, "geometry": {"type": "Point", "coordinates": [55.377489, 25.026949]}}, {"type": "Feature", "properties": {"cell_id": "c_149"}, "geometry": {"type": "Point", "coordinates": [55.387413, 25.026949]}}, {"type": "Feature", "properties": {"cell_id": "c_150"}, "geometry": {"type": "Point", "coordinates": [55.397337, 25.026949]}}, {"type": "Feature", "properties": {"cell_id": "c_151"}, "geometry": {"type": "Point", "coordinates": [55.407261, 25.026949]}}, {"type": "Feature", "properties": {"cell_id": "c_152"}, "geometry": {"type": "Point", "coordinates": [55.417185, 25.026949]}}, {"type": "Feature", "properties": {"cell_id": "c_153"}, "geometry": {"type": "Point", "coordinates": [55.427109, 25.026949]}}, {"type": "Feature", "properties": {"cell_id": "c_154"}, "geometry": {"type": "Point", "coordinates": [55.437033, 25.026949]}}, {"type": "Feature", "properties": {"cell_id": "c_155"}, "geometry": {"type": "Point", "coordinates": [55.446957, 25.026949]}}, {"type": "Feature", "properties": {"cell_id": "c_156"}, "geometry": {"type": "Point", "coordinates": [55.09962, 25.035932]}}, {"type": "Feature", "properties": {"cell_id": "c_157"}, "geometry": {"type": "Point", "coordinates": [55.109543, 25.035932]}}, {"type": "Feature", "properties": {"cell_id": "c_158"}, "geometry": {"type": "Point", "coordinates": [55.119467, 25.035932]}}, {"type": "Feature", "properties": {"cell_id": "c_159"}, "geometry": {"type": "Point", "coordinates": [55.129391, 25.035932]}}, {"type": "Feature", "properties": {"cell_id": "c_160"}, "geometry": {"type": "Point", "coordinates": [55.139315, 25.035932]}}, {"type": "Feature", "properties": {"cell_id": "c_161"}, "geometry": {"type": "Point", "coordinates": [55.149239, 25.035932]}}, {"type": "Feature", "properties": {"cell_id": "c_162"}, "geometry": {"type": "Point", "coordinates": [55.159163, 25.035932]}}, {"type": "Feature", "properties": {"cell_id": "c_163"}, "geometry": {"type": "Point", "coordinates": [55.169087, 25.035932]}}, {"type": "Feature", "properties": {"cell_id": "c_164"}, "geometry": {"type": "Point", "coordinates": [55.179011, 25.035932]}}, {"type": "Feature", "properties": {"cell_id": "c_165"}, "geometry": {"type": "Point", "coordinates": [55.188935, 25.035932]}}, {"type": "Feature", "properties": {"cell_id": "c_166"}, "geometry": {"type": "Point", "coordinates": [55.198859, 25.035932]}}, {"type": "Feature", "properties": {"cell_id": "c_167"}, "geometry": {"type": "Point", "coordinates": [55.208783, 25.035932]}}, {"type": "Feature", "properties": {"cell_id": "c_168"}, "geometry": {"type": "Point", "coordinates": [55.218707, 25.035932]}}, {"type": "Feature", "properties": {"cell_id": "c_169"}, "geometry": {"type": "Point", "coordinates": [55.22863, 25.035932]}}, {"type": "Feature", "properties": {"cell_id": "c_170"}, "geometry": {"type": "Point", "coordinates": [55.238554, 25.035932]}}, {"type": "Feature", "properties": {"cell_id": "c_171"}, "geometry": {"type": "Point", "coordinates": [55.248478, 25.035932]}}, {"type": "Feature", "properties": {"cell_id": "c_172"}, "geometry": {"type": "Point", "coordinates": [55.258402, 25.035932]}}, {"type": "Feature", "properties": {"cell_id": "c_173"}, "geometry": {"type": "Point", "coordinates": [55.268326, 25.035932]}}, {"type": "Feature", "properties": {"cell_id": "c_174"}, "geometry": {"type": "Point", "coordinates": [55.27825, 25.035932]}}, {"type": "Feature", "properties": {"cell_id": "c_175"}, "geometry": {"type": "Point", "coordinates": [55.288174, 25.035932]}}, {"type": "Feature", "properties": {"cell_id": "c_176"}, "geometry": {"type": "Point", "coordinates": [55.298098, 25.035932]}}, {"type": "Feature", "properties": {"cell_id": "c_177"}, "geometry": {"type": "Point", "coordinates": [55.308022, 25.035932]}}, {"type": "Feature", "properties": {"cell_id": "c_178"}, "geometry": {"type": "Point", "coordinates": [55.317946, 25.035932]}}, {"type": "Feature", "properties": {"cell_id": "c_179"}, "geometry": {"type": "Point", "coordinates": [55.32787, 25.035932]}}, {"type": "Feature", "properties": {"cell_id": "c_180"}, "geometry": {"type": "Point", "coordinates": [55.337794, 25.035932]}}, {"type": "Feature", "properties": {"cell_id": "c_181"}, "geometry": {"type": "Point", "coordinates": [55.347717, 25.035932]}}, {"type": "Feature", "properties": {"cell_id": "c_182"}, "geometry": {"type": "Point", "coordinates": [55.357641, 25.035932]}}, {"type": "Feature", "properties": {"cell_id": "c_183"}, "geometry": {"type": "Point", "coordinates": [55.367565, 25.035932]}}, {"type": "Feature", "properties": {"cell_id": "c_184"}, "geometry": {"type": "Point", "coordinates": [55.377489, 25.035932]}}, {"type": "Feature", "properties": {"cell_id": "c_185"}, "geometry": {"type": "Point", "coordinates": [55.387413, 25.035932]}}, {"type": "Feature", "properties": {"cell_id": "c_186"}, "geometry": {"type": "Point", "coordinates": [55.397337, 25.035932]}}, {"type": "Feature", "properties": {"cell_id": "c_187"}, "geometry": {"type": "Point", "coordinates": [55.407261, 25.035932]}}, {"type": "Feature", "properties": {"cell_id": "c_188"}, "geometry": {"type": "Point", "coordinates": [55.417185, 25.035932]}}, {"type": "Feature", "properties": {"cell_id": "c_189"}, "geometry": {"type": "Point", "coordinates": [55.427109, 25.035932]}}, {"type": "Feature", "properties": {"cell_id": "c_190"}, "geometry": {"type": "Point", "coordinates": [55.437033, 25.035932]}}, {"type": "Feature", "properties": {"cell_id": "c_191"}, "geometry": {"type": "Point", "coordinates": [55.446957, 25.035932]}}, {"type": "Feature", "properties": {"cell_id": "c_192"}, "geometry": {"type": "Point", "coordinates": [55.109543, 25.044916]}}, {"type": "Feature", "properties": {"cell_id": "c_193"}, "geometry": {"type": "Point", "coordinates": [55.119467, 25.044916]}}, {"type": "Feature", "properties": {"cell_id": "c_194"}, "geometry": {"type": "Point", "coordinates": [55.129391, 25.044916]}}, {"type": "Feature", "properties": {"cell_id": "c_195"}, "geometry": {"type": "Point", "coordinates": [55.139315, 25.044916]}}, {"type": "Feature", "properties": {"cell_id": "c_196"}, "geometry": {"type": "Point", "coordinates": [55.149239, 25.044916]}}, {"type": "Feature", "properties": {"cell_id": "c_197"}, "geometry": {"type": "Point", "coordinates": [55.159163, 25.044916]}}, {"type": "Feature", "properties": {"cell_id": "c_198"}, "geometry": {"type": "Point", "coordinates": [55.169087, 25.044916]}}, {"type": "Feature", "properties": {"cell_id": "c_199"}, "geometry": {"type": "Point", "coordinates": [55.179011, 25.044916]}}, {"type": "Feature", "properties": {"cell_id": "c_200"}, "geometry": {"type": "Point", "coordinates": [55.188935, 25.044916]}}, {"type": "Feature", "properties": {"cell_id": "c_201"}, "geometry": {"type": "Point", "coordinates": [55.198859, 25.044916]}}, {"type": "Feature", "properties": {"cell_id": "c_202"}, "geometry": {"type": "Point", "coordinates": [55.208783, 25.044916]}}, {"type": "Feature", "properties": {"cell_id": "c_203"}, "geometry": {"type": "Point", "coordinates": [55.218707, 25.044916]}}, {"type": "Feature", "properties": {"cell_id": "c_204"}, "geometry": {"type": "Point", "coordinates": [55.22863, 25.044916]}}, {"type": "Feature", "properties": {"cell_id": "c_205"}, "geometry": {"type": "Point", "coordinates": [55.238554, 25.044916]}}, {"type": "Feature", "properties": {"cell_id": "c_206"}, "geometry": {"type": "Point", "coordinates": [55.248478, 25.044916]}}, {"type": "Feature", "properties": {"cell_id": "c_207"}, "geometry": {"type": "Point", "coordinates": [55.258402, 25.044916]}}, {"type": "Feature", "properties": {"cell_id": "c_208"}, "geometry": {"type": "Point", "coordinates": [55.268326, 25.044916]}}, {"type": "Feature", "properties": {"cell_id": "c_209"}, "geometry": {"type": "Point", "coordinates": [55.27825, 25.044916]}}, {"type": "Feature", "properties": {"cell_id": "c_210"}, "geometry": {"type": "Point", "coordinates": [55.288174, 25.044916]}}, {"type": "Feature", "properties": {"cell_id": "c_211"}, "geometry": {"type": "Point", "coordinates": [55.298098, 25.044916]}}, {"type": "Feature", "properties": {"cell_id": "c_212"}, "geometry": {"type": "Point", "coordinates": [55.308022, 25.044916]}}, {"type": "Feature", "properties": {"cell_id": "c_213"}, "geometry": {"type": "Point", "coordinates": [55.317946, 25.044916]}}, {"type": "Feature", "properties": {"cell_id": "c_214"}, "geometry": {"type": "Point", "coordinates": [55.32787, 25.044916]}}, {"type": "Feature", "properties": {"cell_id": "c_215"}, "geometry": {"type": "Point", "coordinates": [55.337794, 25.044916]}}, {"type": "Feature", "properties": {"cell_id": "c_216"}, "geometry": {"type": "Point", "coordinates": [55.347717, 25.044916]}}, {"type": "Feature", "properties": {"cell_id": "c_217"}, "geometry": {"type": "Point", "coordinates": [55.357641, 25.044916]}}, {"type": "Feature", "properties": {"cell_id": "c_218"}, "geometry": {"type": "Point", "coordinates": [55.367565, 25.044916]}}, {"type": "Feature", "properties": {"cell_id": "c_219"}, "geometry": {"type": "Point", "coordinates": [55.377489, 25.044916]}}, {"type": "Feature", "properties": {"cell_id": "c_220"}, "geometry": {"type": "Point", "coordinates": [55.387413, 25.044916]}}, {"type": "Feature", "properties": {"cell_id": "c_221"}, "geometry": {"type": "Point", "coordinates": [55.397337, 25.044916]}}, {"type": "Feature", "properties": {"cell_id": "c_222"}, "geometry": {"type": "Point", "coordinates": [55.407261, 25.044916]}}, {"type": "Feature", "properties": {"cell_id": "c_223"}, "geometry": {"type": "Point", "coordinates": [55.417185, 25.044916]}}, {"type": "Feature", "properties": {"cell_id": "c_224"}, "geometry": {"type": "Point", "coordinates": [55.427109, 25.044916]}}, {"type": "Feature", "properties": {"cell_id": "c_225"}, "geometry": {"type": "Point", "coordinates": [55.437033, 25.044916]}}, {"type": "Feature", "properties": {"cell_id": "c_226"}, "geometry": {"type": "Point", "coordinates": [55.446957, 25.044916]}}, {"type": "Feature", "properties": {"cell_id": "c_227"}, "geometry": {"type": "Point", "coordinates": [55.109543, 25.053899]}}, {"type": "Feature", "properties": {"cell_id": "c_228"}, "geometry": {"type": "Point", "coordinates": [55.119467, 25.053899]}}, {"type": "Feature", "properties": {"cell_id": "c_229"}, "geometry": {"type": "Point", "coordinates": [55.129391, 25.053899]}}, {"type": "Feature", "properties": {"cell_id": "c_230"}, "geometry": {"type": "Point", "coordinates": [55.139315, 25.053899]}}, {"type": "Feature", "properties": {"cell_id": "c_231"}, "geometry": {"type": "Point", "coordinates": [55.149239, 25.053899]}}, {"type": "Feature", "properties": {"cell_id": "c_232"}, "geometry": {"type": "Point", "coordinates": [55.159163, 25.053899]}}, {"type": "Feature", "properties": {"cell_id": "c_233"}, "geometry": {"type": "Point", "coordinates": [55.169087, 25.053899]}}, {"type": "Feature", "properties": {"cell_id": "c_234"}, "geometry": {"type": "Point", "coordinates": [55.179011, 25.053899]}}, {"type": "Feature", "properties": {"cell_id": "c_235"}, "geometry": {"type": "Point", "coordinates": [55.188935, 25.053899]}}, {"type": "Feature", "properties": {"cell_id": "c_236"}, "geometry": {"type": "Point", "coordinates": [55.198859, 25.053899]}}, {"type": "Feature", "properties": {"cell_id": "c_237"}, "geometry": {"type": "Point", "coordinates": [55.208783, 25.053899]}}, {"type": "Feature", "properties": {"cell_id": "c_238"}, "geometry": {"type": "Point", "coordinates": [55.218707, 25.053899]}}, {"type": "Feature", "properties": {"cell_id": "c_239"}, "geometry": {"type": "Point", "coordinates": [55.22863, 25.053899]}}, {"type": "Feature", "properties": {"cell_id": "c_240"}, "geometry": {"type": "Point", "coordinates": [55.238554, 25.053899]}}, {"type": "Feature", "properties": {"cell_id": "c_241"}, "geometry": {"type": "Point", "coordinates": [55.248478, 25.053899]}}, {"type": "Feature", "properties": {"cell_id": "c_242"}, "geometry": {"type": "Point", "coordinates": [55.258402, 25.053899]}}, {"type": "Feature", "properties": {"cell_id": "c_243"}, "geometry": {"type": "Point", "coordinates": [55.268326, 25.053899]}}, {"type": "Feature", "properties": {"cell_id": "c_244"}, "geometry": {"type": "Point", "coordinates": [55.27825, 25.053899]}}, {"type": "Feature", "properties": {"cell_id": "c_245"}, "geometry": {"type": "Point", "coordinates": [55.288174, 25.053899]}}, {"type": "Feature", "properties": {"cell_id": "c_246"}, "geometry": {"type": "Point", "coordinates": [55.298098, 25.053899]}}, {"type": "Feature", "properties": {"cell_id": "c_247"}, "geometry": {"type": "Point", "coordinates": [55.308022, 25.053899]}}, {"type": "Feature", "properties": {"cell_id": "c_248"}, "geometry": {"type": "Point", "coordinates": [55.317946, 25.053899]}}, {"type": "Feature", "properties": {"cell_id": "c_249"}, "geometry": {"type": "Point", "coordinates": [55.32787, 25.053899]}}, {"type": "Feature", "properties": {"cell_id": "c_250"}, "geometry": {"type": "Point", "coordinates": [55.337794, 25.053899]}}, {"type": "Feature", "properties": {"cell_id": "c_251"}, "geometry": {"type": "Point", "coordinates": [55.347717, 25.053899]}}, {"type": "Feature", "properties": {"cell_id": "c_252"}, "geometry": {"type": "Point", "coordinates": [55.357641, 25.053899]}}, {"type": "Feature", "properties": {"cell_id": "c_253"}, "geometry": {"type": "Point", "coordinates": [55.367565, 25.053899]}}, {"type": "Feature", "properties": {"cell_id": "c_254"}, "geometry": {"type": "Point", "coordinates": [55.377489, 25.053899]}}, {"type": "Feature", "properties": {"cell_id": "c_255"}, "geometry": {"type": "Point", "coordinates": [55.387413, 25.053899]}}, {"type": "Feature", "properties": {"cell_id": "c_256"}, "geometry": {"type": "Point", "coordinates": [55.397337, 25.053899]}}, {"type": "Feature", "properties": {"cell_id": "c_257"}, "geometry": {"type": "Point", "coordinates": [55.407261, 25.053899]}}, {"type": "Feature", "properties": {"cell_id": "c_258"}, "geometry": {"type": "Point", "coordinates": [55.417185, 25.053899]}}, {"type": "Feature", "properties": {"cell_id": "c_259"}, "geometry": {"type": "Point", "coordinates": [55.427109, 25.053899]}}, {"type": "Feature", "properties": {"cell_id": "c_260"}, "geometry": {"type": "Point", "coordinates": [55.437033, 25.053899]}}, {"type": "Feature", "properties": {"cell_id": "c_261"}, "geometry": {"type": "Point", "coordinates": [55.446957, 25.053899]}}, {"type": "Feature", "properties": {"cell_id": "c_262"}, "geometry": {"type": "Point", "coordinates": [55.119467, 25.062882]}}, {"type": "Feature", "properties": {"cell_id": "c_263"}, "geometry": {"type": "Point", "coordinates": [55.129391, 25.062882]}}, {"type": "Feature", "properties": {"cell_id": "c_264"}, "geometry": {"type": "Point", "coordinates": [55.139315, 25.062882]}}, {"type": "Feature", "properties": {"cell_id": "c_265"}, "geometry": {"type": "Point", "coordinates": [55.149239, 25.062882]}}, {"type": "Feature", "properties": {"cell_id": "c_266"}, "geometry": {"type": "Point", "coordinates": [55.159163, 25.062882]}}, {"type": "Feature", "properties": {"cell_id": "c_267"}, "geometry": {"type": "Point", "coordinates": [55.169087, 25.062882]}}, {"type": "Feature", "properties": {"cell_id": "c_268"}, "geometry": {"type": "Point", "coordinates": [55.179011, 25.062882]}}, {"type": "Feature", "properties": {"cell_id": "c_269"}, "geometry": {"type": "Point", "coordinates": [55.188935, 25.062882]}}, {"type": "Feature", "properties": {"cell_id": "c_270"}, "geometry": {"type": "Point", "coordinates": [55.198859, 25.062882]}}, {"type": "Feature", "properties": {"cell_id": "c_271"}, "geometry": {"type": "Point", "coordinates": [55.208783, 25.062882]}}, {"type": "Feature", "properties": {"cell_id": "c_272"}, "geometry": {"type": "Point", "coordinates": [55.218707, 25.062882]}}, {"type": "Feature", "properties": {"cell_id": "c_273"}, "geometry": {"type": "Point", "coordinates": [55.22863, 25.062882]}}, {"type": "Feature", "properties": {"cell_id": "c_274"}, "geometry": {"type": "Point", "coordinates": [55.238554, 25.062882]}}, {"type": "Feature", "properties": {"cell_id": "c_275"}, "geometry": {"type": "Point", "coordinates": [55.248478, 25.062882]}}, {"type": "Feature", "properties": {"cell_id": "c_276"}, "geometry": {"type": "Point", "coordinates": [55.258402, 25.062882]}}, {"type": "Feature", "properties": {"cell_id": "c_277"}, "geometry": {"type": "Point", "coordinates": [55.268326, 25.062882]}}, {"type": "Feature", "properties": {"cell_id": "c_278"}, "geometry": {"type": "Point", "coordinates": [55.27825, 25.062882]}}, {"type": "Feature", "properties": {"cell_id": "c_279"}, "geometry": {"type": "Point", "coordinates": [55.288174, 25.062882]}}, {"type": "Feature", "properties": {"cell_id": "c_280"}, "geometry": {"type": "Point", "coordinates": [55.298098, 25.062882]}}, {"type": "Feature", "properties": {"cell_id": "c_281"}, "geometry": {"type": "Point", "coordinates": [55.308022, 25.062882]}}, {"type": "Feature", "properties": {"cell_id": "c_282"}, "geometry": {"type": "Point", "coordinates": [55.317946, 25.062882]}}, {"type": "Feature", "properties": {"cell_id": "c_283"}, "geometry": {"type": "Point", "coordinates": [55.32787, 25.062882]}}, {"type": "Feature", "properties": {"cell_id": "c_284"}, "geometry": {"type": "Point", "coordinates": [55.337794, 25.062882]}}, {"type": "Feature", "properties": {"cell_id": "c_285"}, "geometry": {"type": "Point", "coordinates": [55.347717, 25.062882]}}, {"type": "Feature", "properties": {"cell_id": "c_286"}, "geometry": {"type": "Point", "coordinates": [55.357641, 25.062882]}}, {"type": "Feature", "properties": {"cell_id": "c_287"}, "geometry": {"type": "Point", "coordinates": [55.367565, 25.062882]}}, {"type": "Feature", "properties": {"cell_id": "c_288"}, "geometry": {"type": "Point", "coordinates": [55.377489, 25.062882]}}, {"type": "Feature", "properties": {"cell_id": "c_289"}, "geometry": {"type": "Point", "coordinates": [55.387413, 25.062882]}}, {"type": "Feature", "properties": {"cell_id": "c_290"}, "geometry": {"type": "Point", "coordinates": [55.397337, 25.062882]}}, {"type": "Feature", "properties": {"cell_id": "c_291"}, "geometry": {"type": "Point", "coordinates": [55.407261, 25.062882]}}, {"type": "Feature", "properties": {"cell_id": "c_292"}, "geometry": {"type": "Point", "coordinates": [55.417185, 25.062882]}}, {"type": "Feature", "properties": {"cell_id": "c_293"}, "geometry": {"type": "Point", "coordinates": [55.427109, 25.062882]}}, {"type": "Feature", "properties": {"cell_id": "c_294"}, "geometry": {"type": "Point", "coordinates": [55.437033, 25.062882]}}, {"type": "Feature", "properties": {"cell_id": "c_295"}, "geometry": {"type": "Point", "coordinates": [55.446957, 25.062882]}}, {"type": "Feature", "properties": {"cell_id": "c_296"}, "geometry": {"type": "Point", "coordinates": [55.129391, 25.071865]}}, {"type": "Feature", "properties": {"cell_id": "c_297"}, "geometry": {"type": "Point", "coordinates": [55.139315, 25.071865]}}, {"type": "Feature", "properties": {"cell_id": "c_298"}, "geometry": {"type": "Point", "coordinates": [55.149239, 25.071865]}}, {"type": "Feature", "properties": {"cell_id": "c_299"}, "geometry": {"type": "Point", "coordinates": [55.159163, 25.071865]}}, {"type": "Feature", "properties": {"cell_id": "c_300"}, "geometry": {"type": "Point", "coordinates": [55.169087, 25.071865]}}, {"type": "Feature", "properties": {"cell_id": "c_301"}, "geometry": {"type": "Point", "coordinates": [55.179011, 25.071865]}}, {"type": "Feature", "properties": {"cell_id": "c_302"}, "geometry": {"type": "Point", "coordinates": [55.188935, 25.071865]}}, {"type": "Feature", "properties": {"cell_id": "c_303"}, "geometry": {"type": "Point", "coordinates": [55.198859, 25.071865]}}, {"type": "Feature", "properties": {"cell_id": "c_304"}, "geometry": {"type": "Point", "coordinates": [55.208783, 25.071865]}}, {"type": "Feature", "properties": {"cell_id": "c_305"}, "geometry": {"type": "Point", "coordinates": [55.218707, 25.071865]}}, {"type": "Feature", "properties": {"cell_id": "c_306"}, "geometry": {"type": "Point", "coordinates": [55.22863, 25.071865]}}, {"type": "Feature", "properties": {"cell_id": "c_307"}, "geometry": {"type": "Point", "coordinates": [55.238554, 25.071865]}}, {"type": "Feature", "properties": {"cell_id": "c_308"}, "geometry": {"type": "Point", "coordinates": [55.248478, 25.071865]}}, {"type": "Feature", "properties": {"cell_id": "c_309"}, "geometry": {"type": "Point", "coordinates": [55.258402, 25.071865]}}, {"type": "Feature", "properties": {"cell_id": "c_310"}, "geometry": {"type": "Point", "coordinates": [55.268326, 25.071865]}}, {"type": "Feature", "properties": {"cell_id": "c_311"}, "geometry": {"type": "Point", "coordinates": [55.27825, 25.071865]}}, {"type": "Feature", "properties": {"cell_id": "c_312"}, "geometry": {"type": "Point", "coordinates": [55.288174, 25.071865]}}, {"type": "Feature", "properties": {"cell_id": "c_313"}, "geometry": {"type": "Point", "coordinates": [55.298098, 25.071865]}}, {"type": "Feature", "properties": {"cell_id": "c_314"}, "geometry": {"type": "Point", "coordinates": [55.308022, 25.071865]}}, {"type": "Feature", "properties": {"cell_id": "c_315"}, "geometry": {"type": "Point", "coordinates": [55.317946, 25.071865]}}, {"type": "Feature", "properties": {"cell_id": "c_316"}, "geometry": {"type": "Point", "coordinates": [55.32787, 25.071865]}}, {"type": "Feature", "properties": {"cell_id": "c_317"}, "geometry": {"type": "Point", "coordinates": [55.337794, 25.071865]}}, {"type": "Feature", "properties": {"cell_id": "c_318"}, "geometry": {"type": "Point", "coordinates": [55.347717, 25.071865]}}, {"type": "Feature", "properties": {"cell_id": "c_319"}, "geometry": {"type": "Point", "coordinates": [55.357641, 25.071865]}}, {"type": "Feature", "properties": {"cell_id": "c_320"}, "geometry": {"type": "Point", "coordinates": [55.367565, 25.071865]}}, {"type": "Feature", "properties": {"cell_id": "c_321"}, "geometry": {"type": "Point", "coordinates": [55.377489, 25.071865]}}, {"type": "Feature", "properties": {"cell_id": "c_322"}, "geometry": {"type": "Point", "coordinates": [55.387413, 25.071865]}}, {"type": "Feature", "properties": {"cell_id": "c_323"}, "geometry": {"type": "Point", "coordinates": [55.397337, 25.071865]}}, {"type": "Feature", "properties": {"cell_id": "c_324"}, "geometry": {"type": "Point", "coordinates": [55.407261, 25.071865]}}, {"type": "Feature", "properties": {"cell_id": "c_325"}, "geometry": {"type": "Point", "coordinates": [55.417185, 25.071865]}}, {"type": "Feature", "properties": {"cell_id": "c_326"}, "geometry": {"type": "Point", "coordinates": [55.427109, 25.071865]}}, {"type": "Feature", "properties": {"cell_id": "c_327"}, "geometry": {"type": "Point", "coordinates": [55.437033, 25.071865]}}, {"type": "Feature", "properties": {"cell_id": "c_328"}, "geometry": {"type": "Point", "coordinates": [55.446957, 25.071865]}}, {"type": "Feature", "properties": {"cell_id": "c_329"}, "geometry": {"type": "Point", "coordinates": [55.139315, 25.080848]}}, {"type": "Feature", "properties": {"cell_id": "c_330"}, "geometry": {"type": "Point", "coordinates": [55.149239, 25.080848]}}, {"type": "Feature", "properties": {"cell_id": "c_331"}, "geometry": {"type": "Point", "coordinates": [55.159163, 25.080848]}}, {"type": "Feature", "properties": {"cell_id": "c_332"}, "geometry": {"type": "Point", "coordinates": [55.169087, 25.080848]}}, {"type": "Feature", "properties": {"cell_id": "c_333"}, "geometry": {"type": "Point", "coordinates": [55.179011, 25.080848]}}, {"type": "Feature", "properties": {"cell_id": "c_334"}, "geometry": {"type": "Point", "coordinates": [55.188935, 25.080848]}}, {"type": "Feature", "properties": {"cell_id": "c_335"}, "geometry": {"type": "Point", "coordinates": [55.198859, 25.080848]}}, {"type": "Feature", "properties": {"cell_id": "c_336"}, "geometry": {"type": "Point", "coordinates": [55.208783, 25.080848]}}, {"type": "Feature", "properties": {"cell_id": "c_337"}, "geometry": {"type": "Point", "coordinates": [55.218707, 25.080848]}}, {"type": "Feature", "properties": {"cell_id": "c_338"}, "geometry": {"type": "Point", "coordinates": [55.22863, 25.080848]}}, {"type": "Feature", "properties": {"cell_id": "c_339"}, "geometry": {"type": "Point", "coordinates": [55.238554, 25.080848]}}, {"type": "Feature", "properties": {"cell_id": "c_340"}, "geometry": {"type": "Point", "coordinates": [55.248478, 25.080848]}}, {"type": "Feature", "properties": {"cell_id": "c_341"}, "geometry": {"type": "Point", "coordinates": [55.258402, 25.080848]}}, {"type": "Feature", "properties": {"cell_id": "c_342"}, "geometry": {"type": "Point", "coordinates": [55.268326, 25.080848]}}, {"type": "Feature", "properties": {"cell_id": "c_343"}, "geometry": {"type": "Point", "coordinates": [55.27825, 25.080848]}}, {"type": "Feature", "properties": {"cell_id": "c_344"}, "geometry": {"type": "Point", "coordinates": [55.288174, 25.080848]}}, {"type": "Feature", "properties": {"cell_id": "c_345"}, "geometry": {"type": "Point", "coordinates": [55.298098, 25.080848]}}, {"type": "Feature", "properties": {"cell_id": "c_346"}, "geometry": {"type": "Point", "coordinates": [55.308022, 25.080848]}}, {"type": "Feature", "properties": {"cell_id": "c_347"}, "geometry": {"type": "Point", "coordinates": [55.317946, 25.080848]}}, {"type": "Feature", "properties": {"cell_id": "c_348"}, "geometry": {"type": "Point", "coordinates": [55.32787, 25.080848]}}, {"type": "Feature", "properties": {"cell_id": "c_349"}, "geometry": {"type": "Point", "coordinates": [55.337794, 25.080848]}}, {"type": "Feature", "properties": {"cell_id": "c_350"}, "geometry": {"type": "Point", "coordinates": [55.347717, 25.080848]}}, {"type": "Feature", "properties": {"cell_id": "c_351"}, "geometry": {"type": "Point", "coordinates": [55.357641, 25.080848]}}, {"type": "Feature", "properties": {"cell_id": "c_352"}, "geometry": {"type": "Point", "coordinates": [55.367565, 25.080848]}}, {"type": "Feature", "properties": {"cell_id": "c_353"}, "geometry": {"type": "Point", "coordinates": [55.377489, 25.080848]}}, {"type": "Feature", "properties": {"cell_id": "c_354"}, "geometry": {"type": "Point", "coordinates": [55.387413, 25.080848]}}, {"type": "Feature", "properties": {"cell_id": "c_355"}, "geometry": {"type": "Point", "coordinates": [55.397337, 25.080848]}}, {"type": "Feature", "properties": {"cell_id": "c_356"}, "geometry": {"type": "Point", "coordinates": [55.407261, 25.080848]}}, {"type": "Feature", "properties": {"cell_id": "c_357"}, "geometry": {"type": "Point", "coordinates": [55.417185, 25.080848]}}, {"type": "Feature", "properties": {"cell_id": "c_358"}, "geometry": {"type": "Point", "coordinates": [55.427109, 25.080848]}}, {"type": "Feature", "properties": {"cell_id": "c_359"}, "geometry": {"type": "Point", "coordinates": [55.437033, 25.080848]}}, {"type": "Feature", "properties": {"cell_id": "c_360"}, "geometry": {"type": "Point", "coordinates": [55.446957, 25.080848]}}, {"type": "Feature", "properties": {"cell_id": "c_361"}, "geometry": {"type": "Point", "coordinates": [55.149239, 25.089831]}}, {"type": "Feature", "properties": {"cell_id": "c_362"}, "geometry": {"type": "Point", "coordinates": [55.159163, 25.089831]}}, {"type": "Feature", "properties": {"cell_id": "c_363"}, "geometry": {"type": "Point", "coordinates": [55.169087, 25.089831]}}, {"type": "Feature", "properties": {"cell_id": "c_364"}, "geometry": {"type": "Point", "coordinates": [55.179011, 25.089831]}}, {"type": "Feature", "properties": {"cell_id": "c_365"}, "geometry": {"type": "Point", "coordinates": [55.188935, 25.089831]}}, {"type": "Feature", "properties": {"cell_id": "c_366"}, "geometry": {"type": "Point", "coordinates": [55.198859, 25.089831]}}, {"type": "Feature", "properties": {"cell_id": "c_367"}, "geometry": {"type": "Point", "coordinates": [55.208783, 25.089831]}}, {"type": "Feature", "properties": {"cell_id": "c_368"}, "geometry": {"type": "Point", "coordinates": [55.218707, 25.089831]}}, {"type": "Feature", "properties": {"cell_id": "c_369"}, "geometry": {"type": "Point", "coordinates": [55.22863, 25.089831]}}, {"type": "Feature", "properties": {"cell_id": "c_370"}, "geometry": {"type": "Point", "coordinates": [55.238554, 25.089831]}}, {"type": "Feature", "properties": {"cell_id": "c_371"}, "geometry": {"type": "Point", "coordinates": [55.248478, 25.089831]}}, {"type": "Feature", "properties": {"cell_id": "c_372"}, "geometry": {"type": "Point", "coordinates": [55.258402, 25.089831]}}, {"type": "Feature", "properties": {"cell_id": "c_373"}, "geometry": {"type": "Point", "coordinates": [55.268326, 25.089831]}}, {"type": "Feature", "properties": {"cell_id": "c_374"}, "geometry": {"type": "Point", "coordinates": [55.27825, 25.089831]}}, {"type": "Feature", "properties": {"cell_id": "c_375"}, "geometry": {"type": "Point", "coordinates": [55.288174, 25.089831]}}, {"type": "Feature", "properties": {"cell_id": "c_376"}, "geometry": {"type": "Point", "coordinates": [55.298098, 25.089831]}}, {"type": "Feature", "properties": {"cell_id": "c_377"}, "geometry": {"type": "Point", "coordinates": [55.308022, 25.089831]}}, {"type": "Feature", "properties": {"cell_id": "c_378"}, "geometry": {"type": "Point", "coordinates": [55.317946, 25.089831]}}, {"type": "Feature", "properties": {"cell_id": "c_379"}, "geometry": {"type": "Point", "coordinates": [55.32787, 25.089831]}}, {"type": "Feature", "properties": {"cell_id": "c_380"}, "geometry": {"type": "Point", "coordinates": [55.337794, 25.089831]}}, {"type": "Feature", "properties": {"cell_id": "c_381"}, "geometry": {"type": "Point", "coordinates": [55.347717, 25.089831]}}, {"type": "Feature", "properties": {"cell_id": "c_382"}, "geometry": {"type": "Point", "coordinates": [55.357641, 25.089831]}}, {"type": "Feature", "properties": {"cell_id": "c_383"}, "geometry": {"type": "Point", "coordinates": [55.367565, 25.089831]}}, {"type": "Feature", "properties": {"cell_id": "c_384"}, "geometry": {"type": "Point", "coordinates": [55.377489, 25.089831]}}, {"type": "Feature", "properties": {"cell_id": "c_385"}, "geometry": {"type": "Point", "coordinates": [55.387413, 25.089831]}}, {"type": "Feature", "properties": {"cell_id": "c_386"}, "geometry": {"type": "Point", "coordinates": [55.397337, 25.089831]}}, {"type": "Feature", "properties": {"cell_id": "c_387"}, "geometry": {"type": "Point", "coordinates": [55.407261, 25.089831]}}, {"type": "Feature", "properties": {"cell_id": "c_388"}, "geometry": {"type": "Point", "coordinates": [55.417185, 25.089831]}}, {"type": "Feature", "properties": {"cell_id": "c_389"}, "geometry": {"type": "Point", "coordinates": [55.427109, 25.089831]}}, {"type": "Feature", "properties": {"cell_id": "c_390"}, "geometry": {"type": "Point", "coordinates": [55.437033, 25.089831]}}, {"type": "Feature", "properties": {"cell_id": "c_391"}, "geometry": {"type": "Point", "coordinates": [55.446957, 25.089831]}}, {"type": "Feature", "properties": {"cell_id": "c_392"}, "geometry": {"type": "Point", "coordinates": [55.159163, 25.098814]}}, {"type": "Feature", "properties": {"cell_id": "c_393"}, "geometry": {"type": "Point", "coordinates": [55.169087, 25.098814]}}, {"type": "Feature", "properties": {"cell_id": "c_394"}, "geometry": {"type": "Point", "coordinates": [55.179011, 25.098814]}}, {"type": "Feature", "properties": {"cell_id": "c_395"}, "geometry": {"type": "Point", "coordinates": [55.188935, 25.098814]}}, {"type": "Feature", "properties": {"cell_id": "c_396"}, "geometry": {"type": "Point", "coordinates": [55.198859, 25.098814]}}, {"type": "Feature", "properties": {"cell_id": "c_397"}, "geometry": {"type": "Point", "coordinates": [55.208783, 25.098814]}}, {"type": "Feature", "properties": {"cell_id": "c_398"}, "geometry": {"type": "Point", "coordinates": [55.218707, 25.098814]}}, {"type": "Feature", "properties": {"cell_id": "c_399"}, "geometry": {"type": "Point", "coordinates": [55.22863, 25.098814]}}, {"type": "Feature", "properties": {"cell_id": "c_400"}, "geometry": {"type": "Point", "coordinates": [55.238554, 25.098814]}}, {"type": "Feature", "properties": {"cell_id": "c_401"}, "geometry": {"type": "Point", "coordinates": [55.248478, 25.098814]}}, {"type": "Feature", "properties": {"cell_id": "c_402"}, "geometry": {"type": "Point", "coordinates": [55.258402, 25.098814]}}, {"type": "Feature", "properties": {"cell_id": "c_403"}, "geometry": {"type": "Point", "coordinates": [55.268326, 25.098814]}}, {"type": "Feature", "properties": {"cell_id": "c_404"}, "geometry": {"type": "Point", "coordinates": [55.27825, 25.098814]}}, {"type": "Feature", "properties": {"cell_id": "c_405"}, "geometry": {"type": "Point", "coordinates": [55.288174, 25.098814]}}, {"type": "Feature", "properties": {"cell_id": "c_406"}, "geometry": {"type": "Point", "coordinates": [55.298098, 25.098814]}}, {"type": "Feature", "properties": {"cell_id": "c_407"}, "geometry": {"type": "Point", "coordinates": [55.308022, 25.098814]}}, {"type": "Feature", "properties": {"cell_id": "c_408"}, "geometry": {"type": "Point", "coordinates": [55.317946, 25.098814]}}, {"type": "Feature", "properties": {"cell_id": "c_409"}, "geometry": {"type": "Point", "coordinates": [55.32787, 25.098814]}}, {"type": "Feature", "properties": {"cell_id": "c_410"}, "geometry": {"type": "Point", "coordinates": [55.337794, 25.098814]}}, {"type": "Feature", "properties": {"cell_id": "c_411"}, "geometry": {"type": "Point", "coordinates": [55.347717, 25.098814]}}, {"type": "Feature", "properties": {"cell_id": "c_412"}, "geometry": {"type": "Point", "coordinates": [55.357641, 25.098814]}}, {"type": "Feature", "properties": {"cell_id": "c_413"}, "geometry": {"type": "Point", "coordinates": [55.367565, 25.098814]}}, {"type": "Feature", "properties": {"cell_id": "c_414"}, "geometry": {"type": "Point", "coordinates": [55.377489, 25.098814]}}, {"type": "Feature", "properties": {"cell_id": "c_415"}, "geometry": {"type": "Point", "coordinates": [55.387413, 25.098814]}}, {"type": "Feature", "properties": {"cell_id": "c_416"}, "geometry": {"type": "Point", "coordinates": [55.397337, 25.098814]}}, {"type": "Feature", "properties": {"cell_id": "c_417"}, "geometry": {"type": "Point", "coordinates": [55.407261, 25.098814]}}, {"type": "Feature", "properties": {"cell_id": "c_418"}, "geometry": {"type": "Point", "coordinates": [55.417185, 25.098814]}}, {"type": "Feature", "properties": {"cell_id": "c_419"}, "geometry": {"type": "Point", "coordinates": [55.427109, 25.098814]}}, {"type": "Feature", "properties": {"cell_id": "c_420"}, "geometry": {"type": "Point", "coordinates": [55.437033, 25.098814]}}, {"type": "Feature", "properties": {"cell_id": "c_421"}, "geometry": {"type": "Point", "coordinates": [55.446957, 25.098814]}}, {"type": "Feature", "properties": {"cell_id": "c_422"}, "geometry": {"type": "Point", "coordinates": [55.159163, 25.107797]}}, {"type": "Feature", "properties": {"cell_id": "c_423"}, "geometry": {"type": "Point", "coordinates": [55.169087, 25.107797]}}, {"type": "Feature", "properties": {"cell_id": "c_424"}, "geometry": {"type": "Point", "coordinates": [55.179011, 25.107797]}}, {"type": "Feature", "properties": {"cell_id": "c_425"}, "geometry": {"type": "Point", "coordinates": [55.188935, 25.107797]}}, {"type": "Feature", "properties": {"cell_id": "c_426"}, "geometry": {"type": "Point", "coordinates": [55.198859, 25.107797]}}, {"type": "Feature", "properties": {"cell_id": "c_427"}, "geometry": {"type": "Point", "coordinates": [55.208783, 25.107797]}}, {"type": "Feature", "properties": {"cell_id": "c_428"}, "geometry": {"type": "Point", "coordinates": [55.218707, 25.107797]}}, {"type": "Feature", "properties": {"cell_id": "c_429"}, "geometry": {"type": "Point", "coordinates": [55.22863, 25.107797]}}, {"type": "Feature", "properties": {"cell_id": "c_430"}, "geometry": {"type": "Point", "coordinates": [55.238554, 25.107797]}}, {"type": "Feature", "properties": {"cell_id": "c_431"}, "geometry": {"type": "Point", "coordinates": [55.248478, 25.107797]}}, {"type": "Feature", "properties": {"cell_id": "c_432"}, "geometry": {"type": "Point", "coordinates": [55.258402, 25.107797]}}, {"type": "Feature", "properties": {"cell_id": "c_433"}, "geometry": {"type": "Point", "coordinates": [55.268326, 25.107797]}}, {"type": "Feature", "properties": {"cell_id": "c_434"}, "geometry": {"type": "Point", "coordinates": [55.27825, 25.107797]}}, {"type": "Feature", "properties": {"cell_id": "c_435"}, "geometry": {"type": "Point", "coordinates": [55.288174, 25.107797]}}, {"type": "Feature", "properties": {"cell_id": "c_436"}, "geometry": {"type": "Point", "coordinates": [55.298098, 25.107797]}}, {"type": "Feature", "properties": {"cell_id": "c_437"}, "geometry": {"type": "Point", "coordinates": [55.308022, 25.107797]}}, {"type": "Feature", "properties": {"cell_id": "c_438"}, "geometry": {"type": "Point", "coordinates": [55.317946, 25.107797]}}, {"type": "Feature", "properties": {"cell_id": "c_439"}, "geometry": {"type": "Point", "coordinates": [55.32787, 25.107797]}}, {"type": "Feature", "properties": {"cell_id": "c_440"}, "geometry": {"type": "Point", "coordinates": [55.337794, 25.107797]}}, {"type": "Feature", "properties": {"cell_id": "c_441"}, "geometry": {"type": "Point", "coordinates": [55.347717, 25.107797]}}, {"type": "Feature", "properties": {"cell_id": "c_442"}, "geometry": {"type": "Point", "coordinates": [55.357641, 25.107797]}}, {"type": "Feature", "properties": {"cell_id": "c_443"}, "geometry": {"type": "Point", "coordinates": [55.367565, 25.107797]}}, {"type": "Feature", "properties": {"cell_id": "c_444"}, "geometry": {"type": "Point", "coordinates": [55.377489, 25.107797]}}, {"type": "Feature", "properties": {"cell_id": "c_445"}, "geometry": {"type": "Point", "coordinates": [55.387413, 25.107797]}}, {"type": "Feature", "properties": {"cell_id": "c_446"}, "geometry": {"type": "Point", "coordinates": [55.397337, 25.107797]}}, {"type": "Feature", "properties": {"cell_id": "c_447"}, "geometry": {"type": "Point", "coordinates": [55.407261, 25.107797]}}, {"type": "Feature", "properties": {"cell_id": "c_448"}, "geometry": {"type": "Point", "coordinates": [55.417185, 25.107797]}}, {"type": "Feature", "properties": {"cell_id": "c_449"}, "geometry": {"type": "Point", "coordinates": [55.427109, 25.107797]}}, {"type": "Feature", "properties": {"cell_id": "c_450"}, "geometry": {"type": "Point", "coordinates": [55.437033, 25.107797]}}, {"type": "Feature", "properties": {"cell_id": "c_451"}, "geometry": {"type": "Point", "coordinates": [55.446957, 25.107797]}}, {"type": "Feature", "properties": {"cell_id": "c_452"}, "geometry": {"type": "Point", "coordinates": [55.179011, 25.11678]}}, {"type": "Feature", "properties": {"cell_id": "c_453"}, "geometry": {"type": "Point", "coordinates": [55.188935, 25.11678]}}, {"type": "Feature", "properties": {"cell_id": "c_454"}, "geometry": {"type": "Point", "coordinates": [55.198859, 25.11678]}}, {"type": "Feature", "properties": {"cell_id": "c_455"}, "geometry": {"type": "Point", "coordinates": [55.208783, 25.11678]}}, {"type": "Feature", "properties": {"cell_id": "c_456"}, "geometry": {"type": "Point", "coordinates": [55.218707, 25.11678]}}, {"type": "Feature", "properties": {"cell_id": "c_457"}, "geometry": {"type": "Point", "coordinates": [55.22863, 25.11678]}}, {"type": "Feature", "properties": {"cell_id": "c_458"}, "geometry": {"type": "Point", "coordinates": [55.238554, 25.11678]}}, {"type": "Feature", "properties": {"cell_id": "c_459"}, "geometry": {"type": "Point", "coordinates": [55.248478, 25.11678]}}, {"type": "Feature", "properties": {"cell_id": "c_460"}, "geometry": {"type": "Point", "coordinates": [55.258402, 25.11678]}}, {"type": "Feature", "properties": {"cell_id": "c_461"}, "geometry": {"type": "Point", "coordinates": [55.268326, 25.11678]}}, {"type": "Feature", "properties": {"cell_id": "c_462"}, "geometry": {"type": "Point", "coordinates": [55.27825, 25.11678]}}, {"type": "Feature", "properties": {"cell_id": "c_463"}, "geometry": {"type": "Point", "coordinates": [55.288174, 25.11678]}}, {"type": "Feature", "properties": {"cell_id": "c_464"}, "geometry": {"type": "Point", "coordinates": [55.298098, 25.11678]}}, {"type": "Feature", "properties": {"cell_id": "c_465"}, "geometry": {"type": "Point", "coordinates": [55.308022, 25.11678]}}, {"type": "Feature", "properties": {"cell_id": "c_466"}, "geometry": {"type": "Point", "coordinates": [55.317946, 25.11678]}}, {"type": "Feature", "properties": {"cell_id": "c_467"}, "geometry": {"type": "Point", "coordinates": [55.32787, 25.11678]}}, {"type": "Feature", "properties": {"cell_id": "c_468"}, "geometry": {"type": "Point", "coordinates": [55.337794, 25.11678]}}, {"type": "Feature", "properties": {"cell_id": "c_469"}, "geometry": {"type": "Point", "coordinates": [55.347717, 25.11678]}}, {"type": "Feature", "properties": {"cell_id": "c_470"}, "geometry": {"type": "Point", "coordinates": [55.357641, 25.11678]}}, {"type": "Feature", "properties": {"cell_id": "c_471"}, "geometry": {"type": "Point", "coordinates": [55.367565, 25.11678]}}, {"type": "Feature", "properties": {"cell_id": "c_472"}, "geometry": {"type": "Point", "coordinates": [55.377489, 25.11678]}}, {"type": "Feature", "properties": {"cell_id": "c_473"}, "geometry": {"type": "Point", "coordinates": [55.387413, 25.11678]}}, {"type": "Feature", "properties": {"cell_id": "c_474"}, "geometry": {"type": "Point", "coordinates": [55.397337, 25.11678]}}, {"type": "Feature", "properties": {"cell_id": "c_475"}, "geometry": {"type": "Point", "coordinates": [55.407261, 25.11678]}}, {"type": "Feature", "properties": {"cell_id": "c_476"}, "geometry": {"type": "Point", "coordinates": [55.417185, 25.11678]}}, {"type": "Feature", "properties": {"cell_id": "c_477"}, "geometry": {"type": "Point", "coordinates": [55.427109, 25.11678]}}, {"type": "Feature", "properties": {"cell_id": "c_478"}, "geometry": {"type": "Point", "coordinates": [55.437033, 25.11678]}}, {"type": "Feature", "properties": {"cell_id": "c_479"}, "geometry": {"type": "Point", "coordinates": [55.446957, 25.11678]}}, {"type": "Feature", "properties": {"cell_id": "c_480"}, "geometry": {"type": "Point", "coordinates": [55.179011, 25.125764]}}, {"type": "Feature", "properties": {"cell_id": "c_481"}, "geometry": {"type": "Point", "coordinates": [55.188935, 25.125764]}}, {"type": "Feature", "properties": {"cell_id": "c_482"}, "geometry": {"type": "Point", "coordinates": [55.198859, 25.125764]}}, {"type": "Feature", "properties": {"cell_id": "c_483"}, "geometry": {"type": "Point", "coordinates": [55.208783, 25.125764]}}, {"type": "Feature", "properties": {"cell_id": "c_484"}, "geometry": {"type": "Point", "coordinates": [55.218707, 25.125764]}}, {"type": "Feature", "properties": {"cell_id": "c_485"}, "geometry": {"type": "Point", "coordinates": [55.22863, 25.125764]}}, {"type": "Feature", "properties": {"cell_id": "c_486"}, "geometry": {"type": "Point", "coordinates": [55.238554, 25.125764]}}, {"type": "Feature", "properties": {"cell_id": "c_487"}, "geometry": {"type": "Point", "coordinates": [55.248478, 25.125764]}}, {"type": "Feature", "properties": {"cell_id": "c_488"}, "geometry": {"type": "Point", "coordinates": [55.258402, 25.125764]}}, {"type": "Feature", "properties": {"cell_id": "c_489"}, "geometry": {"type": "Point", "coordinates": [55.268326, 25.125764]}}, {"type": "Feature", "properties": {"cell_id": "c_490"}, "geometry": {"type": "Point", "coordinates": [55.27825, 25.125764]}}, {"type": "Feature", "properties": {"cell_id": "c_491"}, "geometry": {"type": "Point", "coordinates": [55.288174, 25.125764]}}, {"type": "Feature", "properties": {"cell_id": "c_492"}, "geometry": {"type": "Point", "coordinates": [55.298098, 25.125764]}}, {"type": "Feature", "properties": {"cell_id": "c_493"}, "geometry": {"type": "Point", "coordinates": [55.308022, 25.125764]}}, {"type": "Feature", "properties": {"cell_id": "c_494"}, "geometry": {"type": "Point", "coordinates": [55.317946, 25.125764]}}, {"type": "Feature", "properties": {"cell_id": "c_495"}, "geometry": {"type": "Point", "coordinates": [55.32787, 25.125764]}}, {"type": "Feature", "properties": {"cell_id": "c_496"}, "geometry": {"type": "Point", "coordinates": [55.337794, 25.125764]}}, {"type": "Feature", "properties": {"cell_id": "c_497"}, "geometry": {"type": "Point", "coordinates": [55.347717, 25.125764]}}, {"type": "Feature", "properties": {"cell_id": "c_498"}, "geometry": {"type": "Point", "coordinates": [55.357641, 25.125764]}}, {"type": "Feature", "properties": {"cell_id": "c_499"}, "geometry": {"type": "Point", "coordinates": [55.367565, 25.125764]}}, {"type": "Feature", "properties": {"cell_id": "c_500"}, "geometry": {"type": "Point", "coordinates": [55.377489, 25.125764]}}, {"type": "Feature", "properties": {"cell_id": "c_501"}, "geometry": {"type": "Point", "coordinates": [55.387413, 25.125764]}}, {"type": "Feature", "properties": {"cell_id": "c_502"}, "geometry": {"type": "Point", "coordinates": [55.397337, 25.125764]}}, {"type": "Feature", "properties": {"cell_id": "c_503"}, "geometry": {"type": "Point", "coordinates": [55.407261, 25.125764]}}, {"type": "Feature", "properties": {"cell_id": "c_504"}, "geometry": {"type": "Point", "coordinates": [55.417185, 25.125764]}}, {"type": "Feature", "properties": {"cell_id": "c_505"}, "geometry": {"type": "Point", "coordinates": [55.427109, 25.125764]}}, {"type": "Feature", "properties": {"cell_id": "c_506"}, "geometry": {"type": "Point", "coordinates": [55.437033, 25.125764]}}, {"type": "Feature", "properties": {"cell_id": "c_507"}, "geometry": {"type": "Point", "coordinates": [55.446957, 25.125764]}}, {"type": "Feature", "properties": {"cell_id": "c_508"}, "geometry": {"type": "Point", "coordinates": [55.188935, 25.134747]}}, {"type": "Feature", "properties": {"cell_id": "c_509"}, "geometry": {"type": "Point", "coordinates": [55.198859, 25.134747]}}, {"type": "Feature", "properties": {"cell_id": "c_510"}, "geometry": {"type": "Point", "coordinates": [55.208783, 25.134747]}}, {"type": "Feature", "properties": {"cell_id": "c_511"}, "geometry": {"type": "Point", "coordinates": [55.218707, 25.134747]}}, {"type": "Feature", "properties": {"cell_id": "c_512"}, "geometry": {"type": "Point", "coordinates": [55.22863, 25.134747]}}, {"type": "Feature", "properties": {"cell_id": "c_513"}, "geometry": {"type": "Point", "coordinates": [55.238554, 25.134747]}}, {"type": "Feature", "properties": {"cell_id": "c_514"}, "geometry": {"type": "Point", "coordinates": [55.248478, 25.134747]}}, {"type": "Feature", "properties": {"cell_id": "c_515"}, "geometry": {"type": "Point", "coordinates": [55.258402, 25.134747]}}, {"type": "Feature", "properties": {"cell_id": "c_516"}, "geometry": {"type": "Point", "coordinates": [55.268326, 25.134747]}}, {"type": "Feature", "properties": {"cell_id": "c_517"}, "geometry": {"type": "Point", "coordinates": [55.27825, 25.134747]}}, {"type": "Feature", "properties": {"cell_id": "c_518"}, "geometry": {"type": "Point", "coordinates": [55.288174, 25.134747]}}, {"type": "Feature", "properties": {"cell_id": "c_519"}, "geometry": {"type": "Point", "coordinates": [55.298098, 25.134747]}}, {"type": "Feature", "properties": {"cell_id": "c_520"}, "geometry": {"type": "Point", "coordinates": [55.308022, 25.134747]}}, {"type": "Feature", "properties": {"cell_id": "c_521"}, "geometry": {"type": "Point", "coordinates": [55.317946, 25.134747]}}, {"type": "Feature", "properties": {"cell_id": "c_522"}, "geometry": {"type": "Point", "coordinates": [55.32787, 25.134747]}}, {"type": "Feature", "properties": {"cell_id": "c_523"}, "geometry": {"type": "Point", "coordinates": [55.337794, 25.134747]}}, {"type": "Feature", "properties": {"cell_id": "c_524"}, "geometry": {"type": "Point", "coordinates": [55.347717, 25.134747]}}, {"type": "Feature", "properties": {"cell_id": "c_525"}, "geometry": {"type": "Point", "coordinates": [55.357641, 25.134747]}}, {"type": "Feature", "properties": {"cell_id": "c_526"}, "geometry": {"type": "Point", "coordinates": [55.367565, 25.134747]}}, {"type": "Feature", "properties": {"cell_id": "c_527"}, "geometry": {"type": "Point", "coordinates": [55.377489, 25.134747]}}, {"type": "Feature", "properties": {"cell_id": "c_528"}, "geometry": {"type": "Point", "coordinates": [55.387413, 25.134747]}}, {"type": "Feature", "properties": {"cell_id": "c_529"}, "geometry": {"type": "Point", "coordinates": [55.397337, 25.134747]}}, {"type": "Feature", "properties": {"cell_id": "c_530"}, "geometry": {"type": "Point", "coordinates": [55.407261, 25.134747]}}, {"type": "Feature", "properties": {"cell_id": "c_531"}, "geometry": {"type": "Point", "coordinates": [55.417185, 25.134747]}}, {"type": "Feature", "properties": {"cell_id": "c_532"}, "geometry": {"type": "Point", "coordinates": [55.427109, 25.134747]}}, {"type": "Feature", "properties": {"cell_id": "c_533"}, "geometry": {"type": "Point", "coordinates": [55.437033, 25.134747]}}, {"type": "Feature", "properties": {"cell_id": "c_534"}, "geometry": {"type": "Point", "coordinates": [55.446957, 25.134747]}}, {"type": "Feature", "properties": {"cell_id": "c_535"}, "geometry": {"type": "Point", "coordinates": [55.198859, 25.14373]}}, {"type": "Feature", "properties": {"cell_id": "c_536"}, "geometry": {"type": "Point", "coordinates": [55.208783, 25.14373]}}, {"type": "Feature", "properties": {"cell_id": "c_537"}, "geometry": {"type": "Point", "coordinates": [55.218707, 25.14373]}}, {"type": "Feature", "properties": {"cell_id": "c_538"}, "geometry": {"type": "Point", "coordinates": [55.22863, 25.14373]}}, {"type": "Feature", "properties": {"cell_id": "c_539"}, "geometry": {"type": "Point", "coordinates": [55.238554, 25.14373]}}, {"type": "Feature", "properties": {"cell_id": "c_540"}, "geometry": {"type": "Point", "coordinates": [55.248478, 25.14373]}}, {"type": "Feature", "properties": {"cell_id": "c_541"}, "geometry": {"type": "Point", "coordinates": [55.258402, 25.14373]}}, {"type": "Feature", "properties": {"cell_id": "c_542"}, "geometry": {"type": "Point", "coordinates": [55.268326, 25.14373]}}, {"type": "Feature", "properties": {"cell_id": "c_543"}, "geometry": {"type": "Point", "coordinates": [55.27825, 25.14373]}}, {"type": "Feature", "properties": {"cell_id": "c_544"}, "geometry": {"type": "Point", "coordinates": [55.288174, 25.14373]}}, {"type": "Feature", "properties": {"cell_id": "c_545"}, "geometry": {"type": "Point", "coordinates": [55.298098, 25.14373]}}, {"type": "Feature", "properties": {"cell_id": "c_546"}, "geometry": {"type": "Point", "coordinates": [55.308022, 25.14373]}}, {"type": "Feature", "properties": {"cell_id": "c_547"}, "geometry": {"type": "Point", "coordinates": [55.317946, 25.14373]}}, {"type": "Feature", "properties": {"cell_id": "c_548"}, "geometry": {"type": "Point", "coordinates": [55.32787, 25.14373]}}, {"type": "Feature", "properties": {"cell_id": "c_549"}, "geometry": {"type": "Point", "coordinates": [55.337794, 25.14373]}}, {"type": "Feature", "properties": {"cell_id": "c_550"}, "geometry": {"type": "Point", "coordinates": [55.347717, 25.14373]}}, {"type": "Feature", "properties": {"cell_id": "c_551"}, "geometry": {"type": "Point", "coordinates": [55.357641, 25.14373]}}, {"type": "Feature", "properties": {"cell_id": "c_552"}, "geometry": {"type": "Point", "coordinates": [55.367565, 25.14373]}}, {"type": "Feature", "properties": {"cell_id": "c_553"}, "geometry": {"type": "Point", "coordinates": [55.377489, 25.14373]}}, {"type": "Feature", "properties": {"cell_id": "c_554"}, "geometry": {"type": "Point", "coordinates": [55.387413, 25.14373]}}, {"type": "Feature", "properties": {"cell_id": "c_555"}, "geometry": {"type": "Point", "coordinates": [55.397337, 25.14373]}}, {"type": "Feature", "properties": {"cell_id": "c_556"}, "geometry": {"type": "Point", "coordinates": [55.407261, 25.14373]}}, {"type": "Feature", "properties": {"cell_id": "c_557"}, "geometry": {"type": "Point", "coordinates": [55.417185, 25.14373]}}, {"type": "Feature", "properties": {"cell_id": "c_558"}, "geometry": {"type": "Point", "coordinates": [55.427109, 25.14373]}}, {"type": "Feature", "properties": {"cell_id": "c_559"}, "geometry": {"type": "Point", "coordinates": [55.437033, 25.14373]}}, {"type": "Feature", "properties": {"cell_id": "c_560"}, "geometry": {"type": "Point", "coordinates": [55.446957, 25.14373]}}, {"type": "Feature", "properties": {"cell_id": "c_561"}, "geometry": {"type": "Point", "coordinates": [55.208783, 25.152713]}}, {"type": "Feature", "properties": {"cell_id": "c_562"}, "geometry": {"type": "Point", "coordinates": [55.218707, 25.152713]}}, {"type": "Feature", "properties": {"cell_id": "c_563"}, "geometry": {"type": "Point", "coordinates": [55.22863, 25.152713]}}, {"type": "Feature", "properties": {"cell_id": "c_564"}, "geometry": {"type": "Point", "coordinates": [55.238554, 25.152713]}}, {"type": "Feature", "properties": {"cell_id": "c_565"}, "geometry": {"type": "Point", "coordinates": [55.248478, 25.152713]}}, {"type": "Feature", "properties": {"cell_id": "c_566"}, "geometry": {"type": "Point", "coordinates": [55.258402, 25.152713]}}, {"type": "Feature", "properties": {"cell_id": "c_567"}, "geometry": {"type": "Point", "coordinates": [55.268326, 25.152713]}}, {"type": "Feature", "properties": {"cell_id": "c_568"}, "geometry": {"type": "Point", "coordinates": [55.27825, 25.152713]}}, {"type": "Feature", "properties": {"cell_id": "c_569"}, "geometry": {"type": "Point", "coordinates": [55.288174, 25.152713]}}, {"type": "Feature", "properties": {"cell_id": "c_570"}, "geometry": {"type": "Point", "coordinates": [55.298098, 25.152713]}}, {"type": "Feature", "properties": {"cell_id": "c_571"}, "geometry": {"type": "Point", "coordinates": [55.308022, 25.152713]}}, {"type": "Feature", "properties": {"cell_id": "c_572"}, "geometry": {"type": "Point", "coordinates": [55.317946, 25.152713]}}, {"type": "Feature", "properties": {"cell_id": "c_573"}, "geometry": {"type": "Point", "coordinates": [55.32787, 25.152713]}}, {"type": "Feature", "properties": {"cell_id": "c_574"}, "geometry": {"type": "Point", "coordinates": [55.337794, 25.152713]}}, {"type": "Feature", "properties": {"cell_id": "c_575"}, "geometry": {"type": "Point", "coordinates": [55.347717, 25.152713]}}, {"type": "Feature", "properties": {"cell_id": "c_576"}, "geometry": {"type": "Point", "coordinates": [55.357641, 25.152713]}}, {"type": "Feature", "properties": {"cell_id": "c_577"}, "geometry": {"type": "Point", "coordinates": [55.367565, 25.152713]}}, {"type": "Feature", "properties": {"cell_id": "c_578"}, "geometry": {"type": "Point", "coordinates": [55.377489, 25.152713]}}, {"type": "Feature", "properties": {"cell_id": "c_579"}, "geometry": {"type": "Point", "coordinates": [55.387413, 25.152713]}}, {"type": "Feature", "properties": {"cell_id": "c_580"}, "geometry": {"type": "Point", "coordinates": [55.397337, 25.152713]}}, {"type": "Feature", "properties": {"cell_id": "c_581"}, "geometry": {"type": "Point", "coordinates": [55.407261, 25.152713]}}, {"type": "Feature", "properties": {"cell_id": "c_582"}, "geometry": {"type": "Point", "coordinates": [55.417185, 25.152713]}}, {"type": "Feature", "properties": {"cell_id": "c_583"}, "geometry": {"type": "Point", "coordinates": [55.427109, 25.152713]}}, {"type": "Feature", "properties": {"cell_id": "c_584"}, "geometry": {"type": "Point", "coordinates": [55.437033, 25.152713]}}, {"type": "Feature", "properties": {"cell_id": "c_585"}, "geometry": {"type": "Point", "coordinates": [55.446957, 25.152713]}}, {"type": "Feature", "properties": {"cell_id": "c_586"}, "geometry": {"type": "Point", "coordinates": [55.208783, 25.161696]}}, {"type": "Feature", "properties": {"cell_id": "c_587"}, "geometry": {"type": "Point", "coordinates": [55.218707, 25.161696]}}, {"type": "Feature", "properties": {"cell_id": "c_588"}, "geometry": {"type": "Point", "coordinates": [55.22863, 25.161696]}}, {"type": "Feature", "properties": {"cell_id": "c_589"}, "geometry": {"type": "Point", "coordinates": [55.238554, 25.161696]}}, {"type": "Feature", "properties": {"cell_id": "c_590"}, "geometry": {"type": "Point", "coordinates": [55.248478, 25.161696]}}, {"type": "Feature", "properties": {"cell_id": "c_591"}, "geometry": {"type": "Point", "coordinates": [55.258402, 25.161696]}}, {"type": "Feature", "properties": {"cell_id": "c_592"}, "geometry": {"type": "Point", "coordinates": [55.268326, 25.161696]}}, {"type": "Feature", "properties": {"cell_id": "c_593"}, "geometry": {"type": "Point", "coordinates": [55.27825, 25.161696]}}, {"type": "Feature", "properties": {"cell_id": "c_594"}, "geometry": {"type": "Point", "coordinates": [55.288174, 25.161696]}}, {"type": "Feature", "properties": {"cell_id": "c_595"}, "geometry": {"type": "Point", "coordinates": [55.298098, 25.161696]}}, {"type": "Feature", "properties": {"cell_id": "c_596"}, "geometry": {"type": "Point", "coordinates": [55.308022, 25.161696]}}, {"type": "Feature", "properties": {"cell_id": "c_597"}, "geometry": {"type": "Point", "coordinates": [55.317946, 25.161696]}}, {"type": "Feature", "properties": {"cell_id": "c_598"}, "geometry": {"type": "Point", "coordinates": [55.32787, 25.161696]}}, {"type": "Feature", "properties": {"cell_id": "c_599"}, "geometry": {"type": "Point", "coordinates": [55.337794, 25.161696]}}, {"type": "Feature", "properties": {"cell_id": "c_600"}, "geometry": {"type": "Point", "coordinates": [55.347717, 25.161696]}}, {"type": "Feature", "properties": {"cell_id": "c_601"}, "geometry": {"type": "Point", "coordinates": [55.357641, 25.161696]}}, {"type": "Feature", "properties": {"cell_id": "c_602"}, "geometry": {"type": "Point", "coordinates": [55.367565, 25.161696]}}, {"type": "Feature", "properties": {"cell_id": "c_603"}, "geometry": {"type": "Point", "coordinates": [55.377489, 25.161696]}}, {"type": "Feature", "properties": {"cell_id": "c_604"}, "geometry": {"type": "Point", "coordinates": [55.387413, 25.161696]}}, {"type": "Feature", "properties": {"cell_id": "c_605"}, "geometry": {"type": "Point", "coordinates": [55.397337, 25.161696]}}, {"type": "Feature", "properties": {"cell_id": "c_606"}, "geometry": {"type": "Point", "coordinates": [55.407261, 25.161696]}}, {"type": "Feature", "properties": {"cell_id": "c_607"}, "geometry": {"type": "Point", "coordinates": [55.417185, 25.161696]}}, {"type": "Feature", "properties": {"cell_id": "c_608"}, "geometry": {"type": "Point", "coordinates": [55.427109, 25.161696]}}, {"type": "Feature", "properties": {"cell_id": "c_609"}, "geometry": {"type": "Point", "coordinates": [55.437033, 25.161696]}}, {"type": "Feature", "properties": {"cell_id": "c_610"}, "geometry": {"type": "Point", "coordinates": [55.446957, 25.161696]}}, {"type": "Feature", "properties": {"cell_id": "c_611"}, "geometry": {"type": "Point", "coordinates": [55.208783, 25.170679]}}, {"type": "Feature", "properties": {"cell_id": "c_612"}, "geometry": {"type": "Point", "coordinates": [55.218707, 25.170679]}}, {"type": "Feature", "properties": {"cell_id": "c_613"}, "geometry": {"type": "Point", "coordinates": [55.22863, 25.170679]}}, {"type": "Feature", "properties": {"cell_id": "c_614"}, "geometry": {"type": "Point", "coordinates": [55.238554, 25.170679]}}, {"type": "Feature", "properties": {"cell_id": "c_615"}, "geometry": {"type": "Point", "coordinates": [55.248478, 25.170679]}}, {"type": "Feature", "properties": {"cell_id": "c_616"}, "geometry": {"type": "Point", "coordinates": [55.258402, 25.170679]}}, {"type": "Feature", "properties": {"cell_id": "c_617"}, "geometry": {"type": "Point", "coordinates": [55.268326, 25.170679]}}, {"type": "Feature", "properties": {"cell_id": "c_618"}, "geometry": {"type": "Point", "coordinates": [55.27825, 25.170679]}}, {"type": "Feature", "properties": {"cell_id": "c_619"}, "geometry": {"type": "Point", "coordinates": [55.288174, 25.170679]}}, {"type": "Feature", "properties": {"cell_id": "c_620"}, "geometry": {"type": "Point", "coordinates": [55.298098, 25.170679]}}, {"type": "Feature", "properties": {"cell_id": "c_621"}, "geometry": {"type": "Point", "coordinates": [55.308022, 25.170679]}}, {"type": "Feature", "properties": {"cell_id": "c_622"}, "geometry": {"type": "Point", "coordinates": [55.317946, 25.170679]}}, {"type": "Feature", "properties": {"cell_id": "c_623"}, "geometry": {"type": "Point", "coordinates": [55.32787, 25.170679]}}, {"type": "Feature", "properties": {"cell_id": "c_624"}, "geometry": {"type": "Point", "coordinates": [55.337794, 25.170679]}}, {"type": "Feature", "properties": {"cell_id": "c_625"}, "geometry": {"type": "Point", "coordinates": [55.347717, 25.170679]}}, {"type": "Feature", "properties": {"cell_id": "c_626"}, "geometry": {"type": "Point", "coordinates": [55.357641, 25.170679]}}, {"type": "Feature", "properties": {"cell_id": "c_627"}, "geometry": {"type": "Point", "coordinates": [55.367565, 25.170679]}}, {"type": "Feature", "properties": {"cell_id": "c_628"}, "geometry": {"type": "Point", "coordinates": [55.377489, 25.170679]}}, {"type": "Feature", "properties": {"cell_id": "c_629"}, "geometry": {"type": "Point", "coordinates": [55.387413, 25.170679]}}, {"type": "Feature", "properties": {"cell_id": "c_630"}, "geometry": {"type": "Point", "coordinates": [55.397337, 25.170679]}}, {"type": "Feature", "properties": {"cell_id": "c_631"}, "geometry": {"type": "Point", "coordinates": [55.407261, 25.170679]}}, {"type": "Feature", "properties": {"cell_id": "c_632"}, "geometry": {"type": "Point", "coordinates": [55.417185, 25.170679]}}, {"type": "Feature", "properties": {"cell_id": "c_633"}, "geometry": {"type": "Point", "coordinates": [55.427109, 25.170679]}}, {"type": "Feature", "properties": {"cell_id": "c_634"}, "geometry": {"type": "Point", "coordinates": [55.437033, 25.170679]}}, {"type": "Feature", "properties": {"cell_id": "c_635"}, "geometry": {"type": "Point", "coordinates": [55.446957, 25.170679]}}, {"type": "Feature", "properties": {"cell_id": "c_636"}, "geometry": {"type": "Point", "coordinates": [55.218707, 25.179662]}}, {"type": "Feature", "properties": {"cell_id": "c_637"}, "geometry": {"type": "Point", "coordinates": [55.22863, 25.179662]}}, {"type": "Feature", "properties": {"cell_id": "c_638"}, "geometry": {"type": "Point", "coordinates": [55.238554, 25.179662]}}, {"type": "Feature", "properties": {"cell_id": "c_639"}, "geometry": {"type": "Point", "coordinates": [55.248478, 25.179662]}}, {"type": "Feature", "properties": {"cell_id": "c_640"}, "geometry": {"type": "Point", "coordinates": [55.258402, 25.179662]}}, {"type": "Feature", "properties": {"cell_id": "c_641"}, "geometry": {"type": "Point", "coordinates": [55.268326, 25.179662]}}, {"type": "Feature", "properties": {"cell_id": "c_642"}, "geometry": {"type": "Point", "coordinates": [55.27825, 25.179662]}}, {"type": "Feature", "properties": {"cell_id": "c_643"}, "geometry": {"type": "Point", "coordinates": [55.288174, 25.179662]}}, {"type": "Feature", "properties": {"cell_id": "c_644"}, "geometry": {"type": "Point", "coordinates": [55.298098, 25.179662]}}, {"type": "Feature", "properties": {"cell_id": "c_645"}, "geometry": {"type": "Point", "coordinates": [55.308022, 25.179662]}}, {"type": "Feature", "properties": {"cell_id": "c_646"}, "geometry": {"type": "Point", "coordinates": [55.317946, 25.179662]}}, {"type": "Feature", "properties": {"cell_id": "c_647"}, "geometry": {"type": "Point", "coordinates": [55.32787, 25.179662]}}, {"type": "Feature", "properties": {"cell_id": "c_648"}, "geometry": {"type": "Point", "coordinates": [55.337794, 25.179662]}}, {"type": "Feature", "properties": {"cell_id": "c_649"}, "geometry": {"type": "Point", "coordinates": [55.347717, 25.179662]}}, {"type": "Feature", "properties": {"cell_id": "c_650"}, "geometry": {"type": "Point", "coordinates": [55.357641, 25.179662]}}, {"type": "Feature", "properties": {"cell_id": "c_651"}, "geometry": {"type": "Point", "coordinates": [55.367565, 25.179662]}}, {"type": "Feature", "properties": {"cell_id": "c_652"}, "geometry": {"type": "Point", "coordinates": [55.377489, 25.179662]}}, {"type": "Feature", "properties": {"cell_id": "c_653"}, "geometry": {"type": "Point", "coordinates": [55.387413, 25.179662]}}, {"type": "Feature", "properties": {"cell_id": "c_654"}, "geometry": {"type": "Point", "coordinates": [55.397337, 25.179662]}}, {"type": "Feature", "properties": {"cell_id": "c_655"}, "geometry": {"type": "Point", "coordinates": [55.407261, 25.179662]}}, {"type": "Feature", "properties": {"cell_id": "c_656"}, "geometry": {"type": "Point", "coordinates": [55.417185, 25.179662]}}, {"type": "Feature", "properties": {"cell_id": "c_657"}, "geometry": {"type": "Point", "coordinates": [55.427109, 25.179662]}}, {"type": "Feature", "properties": {"cell_id": "c_658"}, "geometry": {"type": "Point", "coordinates": [55.437033, 25.179662]}}, {"type": "Feature", "properties": {"cell_id": "c_659"}, "geometry": {"type": "Point", "coordinates": [55.446957, 25.179662]}}, {"type": "Feature", "properties": {"cell_id": "c_660"}, "geometry": {"type": "Point", "coordinates": [55.22863, 25.188645]}}, {"type": "Feature", "properties": {"cell_id": "c_661"}, "geometry": {"type": "Point", "coordinates": [55.238554, 25.188645]}}, {"type": "Feature", "properties": {"cell_id": "c_662"}, "geometry": {"type": "Point", "coordinates": [55.248478, 25.188645]}}, {"type": "Feature", "properties": {"cell_id": "c_663"}, "geometry": {"type": "Point", "coordinates": [55.258402, 25.188645]}}, {"type": "Feature", "properties": {"cell_id": "c_664"}, "geometry": {"type": "Point", "coordinates": [55.268326, 25.188645]}}, {"type": "Feature", "properties": {"cell_id": "c_665"}, "geometry": {"type": "Point", "coordinates": [55.27825, 25.188645]}}, {"type": "Feature", "properties": {"cell_id": "c_666"}, "geometry": {"type": "Point", "coordinates": [55.288174, 25.188645]}}, {"type": "Feature", "properties": {"cell_id": "c_667"}, "geometry": {"type": "Point", "coordinates": [55.298098, 25.188645]}}, {"type": "Feature", "properties": {"cell_id": "c_668"}, "geometry": {"type": "Point", "coordinates": [55.308022, 25.188645]}}, {"type": "Feature", "properties": {"cell_id": "c_669"}, "geometry": {"type": "Point", "coordinates": [55.317946, 25.188645]}}, {"type": "Feature", "properties": {"cell_id": "c_670"}, "geometry": {"type": "Point", "coordinates": [55.32787, 25.188645]}}, {"type": "Feature", "properties": {"cell_id": "c_671"}, "geometry": {"type": "Point", "coordinates": [55.337794, 25.188645]}}, {"type": "Feature", "properties": {"cell_id": "c_672"}, "geometry": {"type": "Point", "coordinates": [55.347717, 25.188645]}}, {"type": "Feature", "properties": {"cell_id": "c_673"}, "geometry": {"type": "Point", "coordinates": [55.357641, 25.188645]}}, {"type": "Feature", "properties": {"cell_id": "c_674"}, "geometry": {"type": "Point", "coordinates": [55.367565, 25.188645]}}, {"type": "Feature", "properties": {"cell_id": "c_675"}, "geometry": {"type": "Point", "coordinates": [55.377489, 25.188645]}}, {"type": "Feature", "properties": {"cell_id": "c_676"}, "geometry": {"type": "Point", "coordinates": [55.387413, 25.188645]}}, {"type": "Feature", "properties": {"cell_id": "c_677"}, "geometry": {"type": "Point", "coordinates": [55.397337, 25.188645]}}, {"type": "Feature", "properties": {"cell_id": "c_678"}, "geometry": {"type": "Point", "coordinates": [55.407261, 25.188645]}}, {"type": "Feature", "properties": {"cell_id": "c_679"}, "geometry": {"type": "Point", "coordinates": [55.417185, 25.188645]}}, {"type": "Feature", "properties": {"cell_id": "c_680"}, "geometry": {"type": "Point", "coordinates": [55.427109, 25.188645]}}, {"type": "Feature", "properties": {"cell_id": "c_681"}, "geometry": {"type": "Point", "coordinates": [55.437033, 25.188645]}}, {"type": "Feature", "properties": {"cell_id": "c_682"}, "geometry": {"type": "Point", "coordinates": [55.446957, 25.188645]}}, {"type": "Feature", "properties": {"cell_id": "c_683"}, "geometry": {"type": "Point", "coordinates": [55.238554, 25.197628]}}, {"type": "Feature", "properties": {"cell_id": "c_684"}, "geometry": {"type": "Point", "coordinates": [55.248478, 25.197628]}}, {"type": "Feature", "properties": {"cell_id": "c_685"}, "geometry": {"type": "Point", "coordinates": [55.258402, 25.197628]}}, {"type": "Feature", "properties": {"cell_id": "c_686"}, "geometry": {"type": "Point", "coordinates": [55.268326, 25.197628]}}, {"type": "Feature", "properties": {"cell_id": "c_687"}, "geometry": {"type": "Point", "coordinates": [55.27825, 25.197628]}}, {"type": "Feature", "properties": {"cell_id": "c_688"}, "geometry": {"type": "Point", "coordinates": [55.288174, 25.197628]}}, {"type": "Feature", "properties": {"cell_id": "c_689"}, "geometry": {"type": "Point", "coordinates": [55.298098, 25.197628]}}, {"type": "Feature", "properties": {"cell_id": "c_690"}, "geometry": {"type": "Point", "coordinates": [55.308022, 25.197628]}}, {"type": "Feature", "properties": {"cell_id": "c_691"}, "geometry": {"type": "Point", "coordinates": [55.317946, 25.197628]}}, {"type": "Feature", "properties": {"cell_id": "c_692"}, "geometry": {"type": "Point", "coordinates": [55.32787, 25.197628]}}, {"type": "Feature", "properties": {"cell_id": "c_693"}, "geometry": {"type": "Point", "coordinates": [55.337794, 25.197628]}}, {"type": "Feature", "properties": {"cell_id": "c_694"}, "geometry": {"type": "Point", "coordinates": [55.347717, 25.197628]}}, {"type": "Feature", "properties": {"cell_id": "c_695"}, "geometry": {"type": "Point", "coordinates": [55.357641, 25.197628]}}, {"type": "Feature", "properties": {"cell_id": "c_696"}, "geometry": {"type": "Point", "coordinates": [55.367565, 25.197628]}}, {"type": "Feature", "properties": {"cell_id": "c_697"}, "geometry": {"type": "Point", "coordinates": [55.377489, 25.197628]}}, {"type": "Feature", "properties": {"cell_id": "c_698"}, "geometry": {"type": "Point", "coordinates": [55.387413, 25.197628]}}, {"type": "Feature", "properties": {"cell_id": "c_699"}, "geometry": {"type": "Point", "coordinates": [55.397337, 25.197628]}}, {"type": "Feature", "properties": {"cell_id": "c_700"}, "geometry": {"type": "Point", "coordinates": [55.407261, 25.197628]}}, {"type": "Feature", "properties": {"cell_id": "c_701"}, "geometry": {"type": "Point", "coordinates": [55.417185, 25.197628]}}, {"type": "Feature", "properties": {"cell_id": "c_702"}, "geometry": {"type": "Point", "coordinates": [55.427109, 25.197628]}}, {"type": "Feature", "properties": {"cell_id": "c_703"}, "geometry": {"type": "Point", "coordinates": [55.437033, 25.197628]}}, {"type": "Feature", "properties": {"cell_id": "c_704"}, "geometry": {"type": "Point", "coordinates": [55.446957, 25.197628]}}, {"type": "Feature", "properties": {"cell_id": "c_705"}, "geometry": {"type": "Point", "coordinates": [55.238554, 25.206612]}}, {"type": "Feature", "properties": {"cell_id": "c_706"}, "geometry": {"type": "Point", "coordinates": [55.248478, 25.206612]}}, {"type": "Feature", "properties": {"cell_id": "c_707"}, "geometry": {"type": "Point", "coordinates": [55.258402, 25.206612]}}, {"type": "Feature", "properties": {"cell_id": "c_708"}, "geometry": {"type": "Point", "coordinates": [55.268326, 25.206612]}}, {"type": "Feature", "properties": {"cell_id": "c_709"}, "geometry": {"type": "Point", "coordinates": [55.27825, 25.206612]}}, {"type": "Feature", "properties": {"cell_id": "c_710"}, "geometry": {"type": "Point", "coordinates": [55.288174, 25.206612]}}, {"type": "Feature", "properties": {"cell_id": "c_711"}, "geometry": {"type": "Point", "coordinates": [55.298098, 25.206612]}}, {"type": "Feature", "properties": {"cell_id": "c_712"}, "geometry": {"type": "Point", "coordinates": [55.308022, 25.206612]}}, {"type": "Feature", "properties": {"cell_id": "c_713"}, "geometry": {"type": "Point", "coordinates": [55.317946, 25.206612]}}, {"type": "Feature", "properties": {"cell_id": "c_714"}, "geometry": {"type": "Point", "coordinates": [55.32787, 25.206612]}}, {"type": "Feature", "properties": {"cell_id": "c_715"}, "geometry": {"type": "Point", "coordinates": [55.337794, 25.206612]}}, {"type": "Feature", "properties": {"cell_id": "c_716"}, "geometry": {"type": "Point", "coordinates": [55.347717, 25.206612]}}, {"type": "Feature", "properties": {"cell_id": "c_717"}, "geometry": {"type": "Point", "coordinates": [55.357641, 25.206612]}}, {"type": "Feature", "properties": {"cell_id": "c_718"}, "geometry": {"type": "Point", "coordinates": [55.367565, 25.206612]}}, {"type": "Feature", "properties": {"cell_id": "c_719"}, "geometry": {"type": "Point", "coordinates": [55.377489, 25.206612]}}, {"type": "Feature", "properties": {"cell_id": "c_720"}, "geometry": {"type": "Point", "coordinates": [55.387413, 25.206612]}}, {"type": "Feature", "properties": {"cell_id": "c_721"}, "geometry": {"type": "Point", "coordinates": [55.397337, 25.206612]}}, {"type": "Feature", "properties": {"cell_id": "c_722"}, "geometry": {"type": "Point", "coordinates": [55.407261, 25.206612]}}, {"type": "Feature", "properties": {"cell_id": "c_723"}, "geometry": {"type": "Point", "coordinates": [55.417185, 25.206612]}}, {"type": "Feature", "properties": {"cell_id": "c_724"}, "geometry": {"type": "Point", "coordinates": [55.427109, 25.206612]}}, {"type": "Feature", "properties": {"cell_id": "c_725"}, "geometry": {"type": "Point", "coordinates": [55.437033, 25.206612]}}, {"type": "Feature", "properties": {"cell_id": "c_726"}, "geometry": {"type": "Point", "coordinates": [55.446957, 25.206612]}}, {"type": "Feature", "properties": {"cell_id": "c_727"}, "geometry": {"type": "Point", "coordinates": [55.248478, 25.215595]}}, {"type": "Feature", "properties": {"cell_id": "c_728"}, "geometry": {"type": "Point", "coordinates": [55.258402, 25.215595]}}, {"type": "Feature", "properties": {"cell_id": "c_729"}, "geometry": {"type": "Point", "coordinates": [55.268326, 25.215595]}}, {"type": "Feature", "properties": {"cell_id": "c_730"}, "geometry": {"type": "Point", "coordinates": [55.27825, 25.215595]}}, {"type": "Feature", "properties": {"cell_id": "c_731"}, "geometry": {"type": "Point", "coordinates": [55.288174, 25.215595]}}, {"type": "Feature", "properties": {"cell_id": "c_732"}, "geometry": {"type": "Point", "coordinates": [55.298098, 25.215595]}}, {"type": "Feature", "properties": {"cell_id": "c_733"}, "geometry": {"type": "Point", "coordinates": [55.308022, 25.215595]}}, {"type": "Feature", "properties": {"cell_id": "c_734"}, "geometry": {"type": "Point", "coordinates": [55.317946, 25.215595]}}, {"type": "Feature", "properties": {"cell_id": "c_735"}, "geometry": {"type": "Point", "coordinates": [55.32787, 25.215595]}}, {"type": "Feature", "properties": {"cell_id": "c_736"}, "geometry": {"type": "Point", "coordinates": [55.337794, 25.215595]}}, {"type": "Feature", "properties": {"cell_id": "c_737"}, "geometry": {"type": "Point", "coordinates": [55.347717, 25.215595]}}, {"type": "Feature", "properties": {"cell_id": "c_738"}, "geometry": {"type": "Point", "coordinates": [55.357641, 25.215595]}}, {"type": "Feature", "properties": {"cell_id": "c_739"}, "geometry": {"type": "Point", "coordinates": [55.367565, 25.215595]}}, {"type": "Feature", "properties": {"cell_id": "c_740"}, "geometry": {"type": "Point", "coordinates": [55.377489, 25.215595]}}, {"type": "Feature", "properties": {"cell_id": "c_741"}, "geometry": {"type": "Point", "coordinates": [55.387413, 25.215595]}}, {"type": "Feature", "properties": {"cell_id": "c_742"}, "geometry": {"type": "Point", "coordinates": [55.397337, 25.215595]}}, {"type": "Feature", "properties": {"cell_id": "c_743"}, "geometry": {"type": "Point", "coordinates": [55.407261, 25.215595]}}, {"type": "Feature", "properties": {"cell_id": "c_744"}, "geometry": {"type": "Point", "coordinates": [55.417185, 25.215595]}}, {"type": "Feature", "properties": {"cell_id": "c_745"}, "geometry": {"type": "Point", "coordinates": [55.427109, 25.215595]}}, {"type": "Feature", "properties": {"cell_id": "c_746"}, "geometry": {"type": "Point", "coordinates": [55.437033, 25.215595]}}, {"type": "Feature", "properties": {"cell_id": "c_747"}, "geometry": {"type": "Point", "coordinates": [55.446957, 25.215595]}}, {"type": "Feature", "properties": {"cell_id": "c_748"}, "geometry": {"type": "Point", "coordinates": [55.258402, 25.224578]}}, {"type": "Feature", "properties": {"cell_id": "c_749"}, "geometry": {"type": "Point", "coordinates": [55.268326, 25.224578]}}, {"type": "Feature", "properties": {"cell_id": "c_750"}, "geometry": {"type": "Point", "coordinates": [55.27825, 25.224578]}}, {"type": "Feature", "properties": {"cell_id": "c_751"}, "geometry": {"type": "Point", "coordinates": [55.288174, 25.224578]}}, {"type": "Feature", "properties": {"cell_id": "c_752"}, "geometry": {"type": "Point", "coordinates": [55.298098, 25.224578]}}, {"type": "Feature", "properties": {"cell_id": "c_753"}, "geometry": {"type": "Point", "coordinates": [55.308022, 25.224578]}}, {"type": "Feature", "properties": {"cell_id": "c_754"}, "geometry": {"type": "Point", "coordinates": [55.317946, 25.224578]}}, {"type": "Feature", "properties": {"cell_id": "c_755"}, "geometry": {"type": "Point", "coordinates": [55.32787, 25.224578]}}, {"type": "Feature", "properties": {"cell_id": "c_756"}, "geometry": {"type": "Point", "coordinates": [55.337794, 25.224578]}}, {"type": "Feature", "properties": {"cell_id": "c_757"}, "geometry": {"type": "Point", "coordinates": [55.347717, 25.224578]}}, {"type": "Feature", "properties": {"cell_id": "c_758"}, "geometry": {"type": "Point", "coordinates": [55.357641, 25.224578]}}, {"type": "Feature", "properties": {"cell_id": "c_759"}, "geometry": {"type": "Point", "coordinates": [55.367565, 25.224578]}}, {"type": "Feature", "properties": {"cell_id": "c_760"}, "geometry": {"type": "Point", "coordinates": [55.377489, 25.224578]}}, {"type": "Feature", "properties": {"cell_id": "c_761"}, "geometry": {"type": "Point", "coordinates": [55.387413, 25.224578]}}, {"type": "Feature", "properties": {"cell_id": "c_762"}, "geometry": {"type": "Point", "coordinates": [55.397337, 25.224578]}}, {"type": "Feature", "properties": {"cell_id": "c_763"}, "geometry": {"type": "Point", "coordinates": [55.407261, 25.224578]}}, {"type": "Feature", "properties": {"cell_id": "c_764"}, "geometry": {"type": "Point", "coordinates": [55.417185, 25.224578]}}, {"type": "Feature", "properties": {"cell_id": "c_765"}, "geometry": {"type": "Point", "coordinates": [55.427109, 25.224578]}}, {"type": "Feature", "properties": {"cell_id": "c_766"}, "geometry": {"type": "Point", "coordinates": [55.437033, 25.224578]}}, {"type": "Feature", "properties": {"cell_id": "c_767"}, "geometry": {"type": "Point", "coordinates": [55.446957, 25.224578]}}, {"type": "Feature", "properties": {"cell_id": "c_768"}, "geometry": {"type": "Point", "coordinates": [55.258402, 25.233561]}}, {"type": "Feature", "properties": {"cell_id": "c_769"}, "geometry": {"type": "Point", "coordinates": [55.268326, 25.233561]}}, {"type": "Feature", "properties": {"cell_id": "c_770"}, "geometry": {"type": "Point", "coordinates": [55.27825, 25.233561]}}, {"type": "Feature", "properties": {"cell_id": "c_771"}, "geometry": {"type": "Point", "coordinates": [55.288174, 25.233561]}}, {"type": "Feature", "properties": {"cell_id": "c_772"}, "geometry": {"type": "Point", "coordinates": [55.298098, 25.233561]}}, {"type": "Feature", "properties": {"cell_id": "c_773"}, "geometry": {"type": "Point", "coordinates": [55.308022, 25.233561]}}, {"type": "Feature", "properties": {"cell_id": "c_774"}, "geometry": {"type": "Point", "coordinates": [55.317946, 25.233561]}}, {"type": "Feature", "properties": {"cell_id": "c_775"}, "geometry": {"type": "Point", "coordinates": [55.32787, 25.233561]}}, {"type": "Feature", "properties": {"cell_id": "c_776"}, "geometry": {"type": "Point", "coordinates": [55.337794, 25.233561]}}, {"type": "Feature", "properties": {"cell_id": "c_777"}, "geometry": {"type": "Point", "coordinates": [55.347717, 25.233561]}}, {"type": "Feature", "properties": {"cell_id": "c_778"}, "geometry": {"type": "Point", "coordinates": [55.357641, 25.233561]}}, {"type": "Feature", "properties": {"cell_id": "c_779"}, "geometry": {"type": "Point", "coordinates": [55.367565, 25.233561]}}, {"type": "Feature", "properties": {"cell_id": "c_780"}, "geometry": {"type": "Point", "coordinates": [55.377489, 25.233561]}}, {"type": "Feature", "properties": {"cell_id": "c_781"}, "geometry": {"type": "Point", "coordinates": [55.387413, 25.233561]}}, {"type": "Feature", "properties": {"cell_id": "c_782"}, "geometry": {"type": "Point", "coordinates": [55.397337, 25.233561]}}, {"type": "Feature", "properties": {"cell_id": "c_783"}, "geometry": {"type": "Point", "coordinates": [55.407261, 25.233561]}}, {"type": "Feature", "properties": {"cell_id": "c_784"}, "geometry": {"type": "Point", "coordinates": [55.417185, 25.233561]}}, {"type": "Feature", "properties": {"cell_id": "c_785"}, "geometry": {"type": "Point", "coordinates": [55.427109, 25.233561]}}, {"type": "Feature", "properties": {"cell_id": "c_786"}, "geometry": {"type": "Point", "coordinates": [55.437033, 25.233561]}}, {"type": "Feature", "properties": {"cell_id": "c_787"}, "geometry": {"type": "Point", "coordinates": [55.446957, 25.233561]}}, {"type": "Feature", "properties": {"cell_id": "c_788"}, "geometry": {"type": "Point", "coordinates": [55.268326, 25.242544]}}, {"type": "Feature", "properties": {"cell_id": "c_789"}, "geometry": {"type": "Point", "coordinates": [55.27825, 25.242544]}}, {"type": "Feature", "properties": {"cell_id": "c_790"}, "geometry": {"type": "Point", "coordinates": [55.288174, 25.242544]}}, {"type": "Feature", "properties": {"cell_id": "c_791"}, "geometry": {"type": "Point", "coordinates": [55.298098, 25.242544]}}, {"type": "Feature", "properties": {"cell_id": "c_792"}, "geometry": {"type": "Point", "coordinates": [55.308022, 25.242544]}}, {"type": "Feature", "properties": {"cell_id": "c_793"}, "geometry": {"type": "Point", "coordinates": [55.317946, 25.242544]}}, {"type": "Feature", "properties": {"cell_id": "c_794"}, "geometry": {"type": "Point", "coordinates": [55.32787, 25.242544]}}, {"type": "Feature", "properties": {"cell_id": "c_795"}, "geometry": {"type": "Point", "coordinates": [55.337794, 25.242544]}}, {"type": "Feature", "properties": {"cell_id": "c_796"}, "geometry": {"type": "Point", "coordinates": [55.347717, 25.242544]}}, {"type": "Feature", "properties": {"cell_id": "c_797"}, "geometry": {"type": "Point", "coordinates": [55.357641, 25.242544]}}, {"type": "Feature", "properties": {"cell_id": "c_798"}, "geometry": {"type": "Point", "coordinates": [55.367565, 25.242544]}}, {"type": "Feature", "properties": {"cell_id": "c_799"}, "geometry": {"type": "Point", "coordinates": [55.377489, 25.242544]}}, {"type": "Feature", "properties": {"cell_id": "c_800"}, "geometry": {"type": "Point", "coordinates": [55.387413, 25.242544]}}, {"type": "Feature", "properties": {"cell_id": "c_801"}, "geometry": {"type": "Point", "coordinates": [55.397337, 25.242544]}}, {"type": "Feature", "properties": {"cell_id": "c_802"}, "geometry": {"type": "Point", "coordinates": [55.407261, 25.242544]}}, {"type": "Feature", "properties": {"cell_id": "c_803"}, "geometry": {"type": "Point", "coordinates": [55.417185, 25.242544]}}, {"type": "Feature", "properties": {"cell_id": "c_804"}, "geometry": {"type": "Point", "coordinates": [55.427109, 25.242544]}}, {"type": "Feature", "properties": {"cell_id": "c_805"}, "geometry": {"type": "Point", "coordinates": [55.437033, 25.242544]}}, {"type": "Feature", "properties": {"cell_id": "c_806"}, "geometry": {"type": "Point", "coordinates": [55.446957, 25.242544]}}, {"type": "Feature", "properties": {"cell_id": "c_807"}, "geometry": {"type": "Point", "coordinates": [55.27825, 25.251527]}}, {"type": "Feature", "properties": {"cell_id": "c_808"}, "geometry": {"type": "Point", "coordinates": [55.288174, 25.251527]}}, {"type": "Feature", "properties": {"cell_id": "c_809"}, "geometry": {"type": "Point", "coordinates": [55.298098, 25.251527]}}, {"type": "Feature", "properties": {"cell_id": "c_810"}, "geometry": {"type": "Point", "coordinates": [55.308022, 25.251527]}}, {"type": "Feature", "properties": {"cell_id": "c_811"}, "geometry": {"type": "Point", "coordinates": [55.317946, 25.251527]}}, {"type": "Feature", "properties": {"cell_id": "c_812"}, "geometry": {"type": "Point", "coordinates": [55.32787, 25.251527]}}, {"type": "Feature", "properties": {"cell_id": "c_813"}, "geometry": {"type": "Point", "coordinates": [55.337794, 25.251527]}}, {"type": "Feature", "properties": {"cell_id": "c_814"}, "geometry": {"type": "Point", "coordinates": [55.347717, 25.251527]}}, {"type": "Feature", "properties": {"cell_id": "c_815"}, "geometry": {"type": "Point", "coordinates": [55.357641, 25.251527]}}, {"type": "Feature", "properties": {"cell_id": "c_816"}, "geometry": {"type": "Point", "coordinates": [55.367565, 25.251527]}}, {"type": "Feature", "properties": {"cell_id": "c_817"}, "geometry": {"type": "Point", "coordinates": [55.377489, 25.251527]}}, {"type": "Feature", "properties": {"cell_id": "c_818"}, "geometry": {"type": "Point", "coordinates": [55.387413, 25.251527]}}, {"type": "Feature", "properties": {"cell_id": "c_819"}, "geometry": {"type": "Point", "coordinates": [55.397337, 25.251527]}}, {"type": "Feature", "properties": {"cell_id": "c_820"}, "geometry": {"type": "Point", "coordinates": [55.407261, 25.251527]}}, {"type": "Feature", "properties": {"cell_id": "c_821"}, "geometry": {"type": "Point", "coordinates": [55.417185, 25.251527]}}, {"type": "Feature", "properties": {"cell_id": "c_822"}, "geometry": {"type": "Point", "coordinates": [55.427109, 25.251527]}}, {"type": "Feature", "properties": {"cell_id": "c_823"}, "geometry": {"type": "Point", "coordinates": [55.437033, 25.251527]}}, {"type": "Feature", "properties": {"cell_id": "c_824"}, "geometry": {"type": "Point", "coordinates": [55.446957, 25.251527]}}, {"type": "Feature", "properties": {"cell_id": "c_825"}, "geometry": {"type": "Point", "coordinates": [55.288174, 25.26051]}}, {"type": "Feature", "properties": {"cell_id": "c_826"}, "geometry": {"type": "Point", "coordinates": [55.308022, 25.26051]}}, {"type": "Feature", "properties": {"cell_id": "c_827"}, "geometry": {"type": "Point", "coordinates": [55.317946, 25.26051]}}, {"type": "Feature", "properties": {"cell_id": "c_828"}, "geometry": {"type": "Point", "coordinates": [55.32787, 25.26051]}}, {"type": "Feature", "properties": {"cell_id": "c_829"}, "geometry": {"type": "Point", "coordinates": [55.337794, 25.26051]}}, {"type": "Feature", "properties": {"cell_id": "c_830"}, "geometry": {"type": "Point", "coordinates": [55.347717, 25.26051]}}, {"type": "Feature", "properties": {"cell_id": "c_831"}, "geometry": {"type": "Point", "coordinates": [55.357641, 25.26051]}}, {"type": "Feature", "properties": {"cell_id": "c_832"}, "geometry": {"type": "Point", "coordinates": [55.367565, 25.26051]}}, {"type": "Feature", "properties": {"cell_id": "c_833"}, "geometry": {"type": "Point", "coordinates": [55.377489, 25.26051]}}, {"type": "Feature", "properties": {"cell_id": "c_834"}, "geometry": {"type": "Point", "coordinates": [55.387413, 25.26051]}}, {"type": "Feature", "properties": {"cell_id": "c_835"}, "geometry": {"type": "Point", "coordinates": [55.397337, 25.26051]}}, {"type": "Feature", "properties": {"cell_id": "c_836"}, "geometry": {"type": "Point", "coordinates": [55.407261, 25.26051]}}, {"type": "Feature", "properties": {"cell_id": "c_837"}, "geometry": {"type": "Point", "coordinates": [55.417185, 25.26051]}}, {"type": "Feature", "properties": {"cell_id": "c_838"}, "geometry": {"type": "Point", "coordinates": [55.427109, 25.26051]}}, {"type": "Feature", "properties": {"cell_id": "c_839"}, "geometry": {"type": "Point", "coordinates": [55.437033, 25.26051]}}, {"type": "Feature", "properties": {"cell_id": "c_840"}, "geometry": {"type": "Point", "coordinates": [55.446957, 25.26051]}}, {"type": "Feature", "properties": {"cell_id": "c_841"}, "geometry": {"type": "Point", "coordinates": [55.298098, 25.269493]}}, {"type": "Feature", "properties": {"cell_id": "c_842"}, "geometry": {"type": "Point", "coordinates": [55.308022, 25.269493]}}, {"type": "Feature", "properties": {"cell_id": "c_843"}, "geometry": {"type": "Point", "coordinates": [55.317946, 25.269493]}}, {"type": "Feature", "properties": {"cell_id": "c_844"}, "geometry": {"type": "Point", "coordinates": [55.32787, 25.269493]}}, {"type": "Feature", "properties": {"cell_id": "c_845"}, "geometry": {"type": "Point", "coordinates": [55.337794, 25.269493]}}, {"type": "Feature", "properties": {"cell_id": "c_846"}, "geometry": {"type": "Point", "coordinates": [55.347717, 25.269493]}}, {"type": "Feature", "properties": {"cell_id": "c_847"}, "geometry": {"type": "Point", "coordinates": [55.357641, 25.269493]}}, {"type": "Feature", "properties": {"cell_id": "c_848"}, "geometry": {"type": "Point", "coordinates": [55.367565, 25.269493]}}, {"type": "Feature", "properties": {"cell_id": "c_849"}, "geometry": {"type": "Point", "coordinates": [55.377489, 25.269493]}}, {"type": "Feature", "properties": {"cell_id": "c_850"}, "geometry": {"type": "Point", "coordinates": [55.387413, 25.269493]}}, {"type": "Feature", "properties": {"cell_id": "c_851"}, "geometry": {"type": "Point", "coordinates": [55.397337, 25.269493]}}, {"type": "Feature", "properties": {"cell_id": "c_852"}, "geometry": {"type": "Point", "coordinates": [55.407261, 25.269493]}}, {"type": "Feature", "properties": {"cell_id": "c_853"}, "geometry": {"type": "Point", "coordinates": [55.417185, 25.269493]}}, {"type": "Feature", "properties": {"cell_id": "c_854"}, "geometry": {"type": "Point", "coordinates": [55.427109, 25.269493]}}, {"type": "Feature", "properties": {"cell_id": "c_855"}, "geometry": {"type": "Point", "coordinates": [55.437033, 25.269493]}}, {"type": "Feature", "properties": {"cell_id": "c_856"}, "geometry": {"type": "Point", "coordinates": [55.446957, 25.269493]}}, {"type": "Feature", "properties": {"cell_id": "c_857"}, "geometry": {"type": "Point", "coordinates": [55.317946, 25.278476]}}, {"type": "Feature", "properties": {"cell_id": "c_858"}, "geometry": {"type": "Point", "coordinates": [55.32787, 25.278476]}}, {"type": "Feature", "properties": {"cell_id": "c_859"}, "geometry": {"type": "Point", "coordinates": [55.337794, 25.278476]}}, {"type": "Feature", "properties": {"cell_id": "c_860"}, "geometry": {"type": "Point", "coordinates": [55.347717, 25.278476]}}, {"type": "Feature", "properties": {"cell_id": "c_861"}, "geometry": {"type": "Point", "coordinates": [55.357641, 25.278476]}}, {"type": "Feature", "properties": {"cell_id": "c_862"}, "geometry": {"type": "Point", "coordinates": [55.367565, 25.278476]}}, {"type": "Feature", "properties": {"cell_id": "c_863"}, "geometry": {"type": "Point", "coordinates": [55.377489, 25.278476]}}, {"type": "Feature", "properties": {"cell_id": "c_864"}, "geometry": {"type": "Point", "coordinates": [55.387413, 25.278476]}}, {"type": "Feature", "properties": {"cell_id": "c_865"}, "geometry": {"type": "Point", "coordinates": [55.397337, 25.278476]}}, {"type": "Feature", "properties": {"cell_id": "c_866"}, "geometry": {"type": "Point", "coordinates": [55.407261, 25.278476]}}, {"type": "Feature", "properties": {"cell_id": "c_867"}, "geometry": {"type": "Point", "coordinates": [55.417185, 25.278476]}}, {"type": "Feature", "properties": {"cell_id": "c_868"}, "geometry": {"type": "Point", "coordinates": [55.427109, 25.278476]}}, {"type": "Feature", "properties": {"cell_id": "c_869"}, "geometry": {"type": "Point", "coordinates": [55.437033, 25.278476]}}, {"type": "Feature", "properties": {"cell_id": "c_870"}, "geometry": {"type": "Point", "coordinates": [55.446957, 25.278476]}}, {"type": "Feature", "properties": {"cell_id": "c_871"}, "geometry": {"type": "Point", "coordinates": [55.317946, 25.28746]}}, {"type": "Feature", "properties": {"cell_id": "c_872"}, "geometry": {"type": "Point", "coordinates": [55.32787, 25.28746]}}, {"type": "Feature", "properties": {"cell_id": "c_873"}, "geometry": {"type": "Point", "coordinates": [55.337794, 25.28746]}}, {"type": "Feature", "properties": {"cell_id": "c_874"}, "geometry": {"type": "Point", "coordinates": [55.347717, 25.28746]}}, {"type": "Feature", "properties": {"cell_id": "c_875"}, "geometry": {"type": "Point", "coordinates": [55.357641, 25.28746]}}, {"type": "Feature", "properties": {"cell_id": "c_876"}, "geometry": {"type": "Point", "coordinates": [55.367565, 25.28746]}}, {"type": "Feature", "properties": {"cell_id": "c_877"}, "geometry": {"type": "Point", "coordinates": [55.377489, 25.28746]}}, {"type": "Feature", "properties": {"cell_id": "c_878"}, "geometry": {"type": "Point", "coordinates": [55.387413, 25.28746]}}, {"type": "Feature", "properties": {"cell_id": "c_879"}, "geometry": {"type": "Point", "coordinates": [55.397337, 25.28746]}}, {"type": "Feature", "properties": {"cell_id": "c_880"}, "geometry": {"type": "Point", "coordinates": [55.407261, 25.28746]}}, {"type": "Feature", "properties": {"cell_id": "c_881"}, "geometry": {"type": "Point", "coordinates": [55.417185, 25.28746]}}, {"type": "Feature", "properties": {"cell_id": "c_882"}, "geometry": {"type": "Point", "coordinates": [55.427109, 25.28746]}}, {"type": "Feature", "properties": {"cell_id": "c_883"}, "geometry": {"type": "Point", "coordinates": [55.437033, 25.28746]}}, {"type": "Feature", "properties": {"cell_id": "c_884"}, "geometry": {"type": "Point", "coordinates": [55.446957, 25.28746]}}, {"type": "Feature", "properties": {"cell_id": "c_885"}, "geometry": {"type": "Point", "coordinates": [55.32787, 25.296443]}}, {"type": "Feature", "properties": {"cell_id": "c_886"}, "geometry": {"type": "Point", "coordinates": [55.337794, 25.296443]}}, {"type": "Feature", "properties": {"cell_id": "c_887"}, "geometry": {"type": "Point", "coordinates": [55.347717, 25.296443]}}, {"type": "Feature", "properties": {"cell_id": "c_888"}, "geometry": {"type": "Point", "coordinates": [55.357641, 25.296443]}}, {"type": "Feature", "properties": {"cell_id": "c_889"}, "geometry": {"type": "Point", "coordinates": [55.367565, 25.296443]}}, {"type": "Feature", "properties": {"cell_id": "c_890"}, "geometry": {"type": "Point", "coordinates": [55.377489, 25.296443]}}, {"type": "Feature", "properties": {"cell_id": "c_891"}, "geometry": {"type": "Point", "coordinates": [55.387413, 25.296443]}}, {"type": "Feature", "properties": {"cell_id": "c_892"}, "geometry": {"type": "Point", "coordinates": [55.397337, 25.296443]}}, {"type": "Feature", "properties": {"cell_id": "c_893"}, "geometry": {"type": "Point", "coordinates": [55.407261, 25.296443]}}, {"type": "Feature", "properties": {"cell_id": "c_894"}, "geometry": {"type": "Point", "coordinates": [55.417185, 25.296443]}}, {"type": "Feature", "properties": {"cell_id": "c_895"}, "geometry": {"type": "Point", "coordinates": [55.427109, 25.296443]}}, {"type": "Feature", "properties": {"cell_id": "c_896"}, "geometry": {"type": "Point", "coordinates": [55.437033, 25.296443]}}, {"type": "Feature", "properties": {"cell_id": "c_897"}, "geometry": {"type": "Point", "coordinates": [55.446957, 25.296443]}}], "_version": 3}