{"type": "FeatureCollection", "features": [{"type": "Feature", "properties": {"cell_id": "892b81b6013ffff"}, "geometry": {"type": "Point", "coordinates": [-73.88458, 45.422507]}}, {"type": "Feature", "properties": {"cell_id": "892b81b601bffff"}, "geometry": {"type": "Point", "coordinates": [-73.889314, 45.422398]}}, {"type": "Feature", "properties": {"cell_id": "892b81b6043ffff"}, "geometry": {"type": "Point", "coordinates": [-73.898783, 45.422178]}}, {"type": "Feature", "properties": {"cell_id": "892b81b6047ffff"}, "geometry": {"type": "Point", "coordinates": [-73.896307, 45.419453]}}, {"type": "Feature", "properties": {"cell_id": "892b81b604bffff"}, "geometry": {"type": "Point", "coordinates": [-73.903518, 45.422068]}}, {"type": "Feature", "properties": {"cell_id": "892b81b604fffff"}, "geometry": {"type": "Point", "coordinates": [-73.901041, 45.419343]}}, {"type": "Feature", "properties": {"cell_id": "892b81b6053ffff"}, "geometry": {"type": "Point", "coordinates": [-73.896525, 45.425013]}}, {"type": "Feature", "properties": {"cell_id": "892b81b6057ffff"}, "geometry": {"type": "Point", "coordinates": [-73.894049, 45.422288]}}, {"type": "Feature", "properties": {"cell_id": "892b81b605bffff"}, "geometry": {"type": "Point", "coordinates": [-73.90126, 45.424903]}}, {"type": "Feature", "properties": {"cell_id": "892b81b6083ffff"}, "geometry": {"type": "Point", "coordinates": [-73.877586, 45.425451]}}, {"type": "Feature", "properties": {"cell_id": "892b81b608bffff"}, "geometry": {"type": "Point", "coordinates": [-73.88232, 45.425342]}}, {"type": "Feature", "properties": {"cell_id": "892b81b608fffff"}, "geometry": {"type": "Point", "coordinates": [-73.879845, 45.422617]}}, {"type": "Feature", "properties": {"cell_id": "892b81b6093ffff"}, "geometry": {"type": "Point", "coordinates": [-73.875326, 45.428285]}}, {"type": "Feature", "properties": {"cell_id": "892b81b6097ffff"}, "geometry": {"type": "Point", "coordinates": [-73.872851, 45.42556]}}, {"type": "Feature", "properties": {"cell_id": "892b81b609bffff"}, "geometry": {"type": "Point", "coordinates": [-73.880061, 45.428176]}}, {"type": "Feature", "properties": {"cell_id": "892b81b60c3ffff"}, "geometry": {"type": "Point", "coordinates": [-73.889531, 45.427957]}}, {"type": "Feature", "properties": {"cell_id": "892b81b60c7ffff"}, "geometry": {"type": "Point", "coordinates": [-73.887055, 45.425232]}}, {"type": "Feature", "properties": {"cell_id": "892b81b60cbffff"}, "geometry": {"type": "Point", "coordinates": [-73.894267, 45.427847]}}, {"type": "Feature", "properties": {"cell_id": "892b81b60cfffff"}, "geometry": {"type": "Point", "coordinates": [-73.89179, 45.425122]}}, {"type": "Feature", "properties": {"cell_id": "892b81b60d3ffff"}, "geometry": {"type": "Point", "coordinates": [-73.887272, 45.430792]}}, {"type": "Feature", "properties": {"cell_id": "892b81b60d7ffff"}, "geometry": {"type": "Point", "coordinates": [-73.884796, 45.428067]}}, {"type": "Feature", "properties": {"cell_id": "892b81b60dbffff"}, "geometry": {"type": "Point", "coordinates": [-73.892008, 45.430682]}}, {"type": "Feature", "properties": {"cell_id": "892b81b6203ffff"}, "geometry": {"type": "Point", "coordinates": [-73.919978, 45.418901]}}, {"type": "Feature", "properties": {"cell_id": "892b81b6207ffff"}, "geometry": {"type": "Point", "coordinates": [-73.917501, 45.416177]}}, {"type": "Feature", "properties": {"cell_id": "892b81b620bffff"}, "geometry": {"type": "Point", "coordinates": [-73.924712, 45.41879]}}, {"type": "Feature", "properties": {"cell_id": "892b81b620fffff"}, "geometry": {"type": "Point", "coordinates": [-73.922235, 45.416066]}}, {"type": "Feature", "properties": {"cell_id": "892b81b6213ffff"}, "geometry": {"type": "Point", "coordinates": [-73.917721, 45.421736]}}, {"type": "Feature", "properties": {"cell_id": "892b81b6217ffff"}, "geometry": {"type": "Point", "coordinates": [-73.915244, 45.419012]}}, {"type": "Feature", "properties": {"cell_id": "892b81b621bffff"}, "geometry": {"type": "Point", "coordinates": [-73.922456, 45.421625]}}, {"type": "Feature", "properties": {"cell_id": "892b81b6243ffff"}, "geometry": {"type": "Point", "coordinates": [-73.931925, 45.421403]}}, {"type": "Feature", "properties": {"cell_id": "892b81b6247ffff"}, "geometry": {"type": "Point", "coordinates": [-73.929446, 45.418679]}}, {"type": "Feature", "properties": {"cell_id": "892b81b624bffff"}, "geometry": {"type": "Point", "coordinates": [-73.936659, 45.421291]}}, {"type": "Feature", "properties": {"cell_id": "892b81b624fffff"}, "geometry": {"type": "Point", "coordinates": [-73.934181, 45.418567]}}, {"type": "Feature", "properties": {"cell_id": "892b81b6253ffff"}, "geometry": {"type": "Point", "coordinates": [-73.929669, 45.424238]}}, {"type": "Feature", "properties": {"cell_id": "892b81b6257ffff"}, "geometry": {"type": "Point", "coordinates": [-73.92719, 45.421514]}}, {"type": "Feature", "properties": {"cell_id": "892b81b625bffff"}, "geometry": {"type": "Point", "coordinates": [-73.934403, 45.424126]}}, {"type": "Feature", "properties": {"cell_id": "892b81b6263ffff"}, "geometry": {"type": "Point", "coordinates": [-73.929224, 45.41312]}}, {"type": "Feature", "properties": {"cell_id": "892b81b626bffff"}, "geometry": {"type": "Point", "coordinates": [-73.933958, 45.413008]}}, {"type": "Feature", "properties": {"cell_id": "892b81b6273ffff"}, "geometry": {"type": "Point", "coordinates": [-73.926968, 45.415955]}}, {"type": "Feature", "properties": {"cell_id": "892b81b627bffff"}, "geometry": {"type": "Point", "coordinates": [-73.931702, 45.415843]}}, {"type": "Feature", "properties": {"cell_id": "892b81b6283ffff"}, "geometry": {"type": "Point", "coordinates": [-73.910729, 45.424682]}}, {"type": "Feature", "properties": {"cell_id": "892b81b6287ffff"}, "geometry": {"type": "Point", "coordinates": [-73.908252, 45.421957]}}, {"type": "Feature", "properties": {"cell_id": "892b81b628bffff"}, "geometry": {"type": "Point", "coordinates": [-73.915464, 45.424571]}}, {"type": "Feature", "properties": {"cell_id": "892b81b628fffff"}, "geometry": {"type": "Point", "coordinates": [-73.912987, 45.421847]}}, {"type": "Feature", "properties": {"cell_id": "892b81b6293ffff"}, "geometry": {"type": "Point", "coordinates": [-73.908472, 45.427517]}}, {"type": "Feature", "properties": {"cell_id": "892b81b6297ffff"}, "geometry": {"type": "Point", "coordinates": [-73.905995, 45.424792]}}, {"type": "Feature", "properties": {"cell_id": "892b81b629bffff"}, "geometry": {"type": "Point", "coordinates": [-73.913207, 45.427406]}}, {"type": "Feature", "properties": {"cell_id": "892b81b62abffff"}, "geometry": {"type": "Point", "coordinates": [-73.912767, 45.416288]}}, {"type": "Feature", "properties": {"cell_id": "892b81b62b3ffff"}, "geometry": {"type": "Point", "coordinates": [-73.905775, 45.419233]}}, {"type": "Feature", "properties": {"cell_id": "892b81b62bbffff"}, "geometry": {"type": "Point", "coordinates": [-73.91051, 45.419122]}}, {"type": "Feature", "properties": {"cell_id": "892b81b62c3ffff"}, "geometry": {"type": "Point", "coordinates": [-73.922677, 45.427185]}}, {"type": "Feature", "properties": {"cell_id": "892b81b62c7ffff"}, "geometry": {"type": "Point", "coordinates": [-73.920199, 45.42446]}}, {"type": "Feature", "properties": {"cell_id": "892b81b62cbffff"}, "geometry": {"type": "Point", "coordinates": [-73.927412, 45.427073]}}, {"type": "Feature", "properties": {"cell_id": "892b81b62cfffff"}, "geometry": {"type": "Point", "coordinates": [-73.924934, 45.424349]}}, {"type": "Feature", "properties": {"cell_id": "892b81b62d3ffff"}, "geometry": {"type": "Point", "coordinates": [-73.92042, 45.43002]}}, {"type": "Feature", "properties": {"cell_id": "892b81b62d7ffff"}, "geometry": {"type": "Point", "coordinates": [-73.917942, 45.427295]}}, {"type": "Feature", "properties": {"cell_id": "892b81b62dbffff"}, "geometry": {"type": "Point", "coordinates": [-73.925156, 45.429909]}}, {"type": "Feature", "properties": {"cell_id": "892b81b6403ffff"}, "geometry": {"type": "Point", "coordinates": [-73.871021, 45.439514]}}, {"type": "Feature", "properties": {"cell_id": "892b81b6407ffff"}, "geometry": {"type": "Point", "coordinates": [-73.868545, 45.436789]}}, {"type": "Feature", "properties": {"cell_id": "892b81b640bffff"}, "geometry": {"type": "Point", "coordinates": [-73.875757, 45.439405]}}, {"type": "Feature", "properties": {"cell_id": "892b81b640fffff"}, "geometry": {"type": "Point", "coordinates": [-73.873281, 45.43668]}}, {"type": "Feature", "properties": {"cell_id": "892b81b6413ffff"}, "geometry": {"type": "Point", "coordinates": [-73.86876, 45.442349]}}, {"type": "Feature", "properties": {"cell_id": "892b81b6417ffff"}, "geometry": {"type": "Point", "coordinates": [-73.866284, 45.439623]}}, {"type": "Feature", "properties": {"cell_id": "892b81b641bffff"}, "geometry": {"type": "Point", "coordinates": [-73.873496, 45.44224]}}, {"type": "Feature", "properties": {"cell_id": "892b81b6423ffff"}, "geometry": {"type": "Point", "coordinates": [-73.86833, 45.431229]}}, {"type": "Feature", "properties": {"cell_id": "892b81b6427ffff"}, "geometry": {"type": "Point", "coordinates": [-73.865856, 45.428503]}}, {"type": "Feature", "properties": {"cell_id": "892b81b642bffff"}, "geometry": {"type": "Point", "coordinates": [-73.873066, 45.43112]}}, {"type": "Feature", "properties": {"cell_id": "892b81b642fffff"}, "geometry": {"type": "Point", "coordinates": [-73.870591, 45.428394]}}, {"type": "Feature", "properties": {"cell_id": "892b81b6433ffff"}, "geometry": {"type": "Point", "coordinates": [-73.86607, 45.434063]}}, {"type": "Feature", "properties": {"cell_id": "892b81b6437ffff"}, "geometry": {"type": "Point", "coordinates": [-73.863595, 45.431337]}}, {"type": "Feature", "properties": {"cell_id": "892b81b643bffff"}, "geometry": {"type": "Point", "coordinates": [-73.870806, 45.433954]}}, {"type": "Feature", "properties": {"cell_id": "892b81b6443ffff"}, "geometry": {"type": "Point", "coordinates": [-73.88297, 45.442022]}}, {"type": "Feature", "properties": {"cell_id": "892b81b6447ffff"}, "geometry": {"type": "Point", "coordinates": [-73.880493, 45.439296]}}, {"type": "Feature", "properties": {"cell_id": "892b81b644bffff"}, "geometry": {"type": "Point", "coordinates": [-73.887706, 45.441912]}}, {"type": "Feature", "properties": {"cell_id": "892b81b644fffff"}, "geometry": {"type": "Point", "coordinates": [-73.88523, 45.439187]}}, {"type": "Feature", "properties": {"cell_id": "892b81b6453ffff"}, "geometry": {"type": "Point", "coordinates": [-73.88071, 45.444856]}}, {"type": "Feature", "properties": {"cell_id": "892b81b6457ffff"}, "geometry": {"type": "Point", "coordinates": [-73.878233, 45.442131]}}, {"type": "Feature", "properties": {"cell_id": "892b81b645bffff"}, "geometry": {"type": "Point", "coordinates": [-73.885446, 45.444747]}}, {"type": "Feature", "properties": {"cell_id": "892b81b6463ffff"}, "geometry": {"type": "Point", "coordinates": [-73.880277, 45.433736]}}, {"type": "Feature", "properties": {"cell_id": "892b81b6467ffff"}, "geometry": {"type": "Point", "coordinates": [-73.877801, 45.431011]}}, {"type": "Feature", "properties": {"cell_id": "892b81b646bffff"}, "geometry": {"type": "Point", "coordinates": [-73.885013, 45.433627]}}, {"type": "Feature", "properties": {"cell_id": "892b81b646fffff"}, "geometry": {"type": "Point", "coordinates": [-73.882537, 45.430901]}}, {"type": "Feature", "properties": {"cell_id": "892b81b6473ffff"}, "geometry": {"type": "Point", "coordinates": [-73.878017, 45.436571]}}, {"type": "Feature", "properties": {"cell_id": "892b81b6477ffff"}, "geometry": {"type": "Point", "coordinates": [-73.875541, 45.433845]}}, {"type": "Feature", "properties": {"cell_id": "892b81b647bffff"}, "geometry": {"type": "Point", "coordinates": [-73.882753, 45.436461]}}, {"type": "Feature", "properties": {"cell_id": "892b81b6483ffff"}, "geometry": {"type": "Point", "coordinates": [-73.861762, 45.445292]}}, {"type": "Feature", "properties": {"cell_id": "892b81b6487ffff"}, "geometry": {"type": "Point", "coordinates": [-73.859287, 45.442566]}}, {"type": "Feature", "properties": {"cell_id": "892b81b648bffff"}, "geometry": {"type": "Point", "coordinates": [-73.866499, 45.445184]}}, {"type": "Feature", "properties": {"cell_id": "892b81b648fffff"}, "geometry": {"type": "Point", "coordinates": [-73.864023, 45.442458]}}, {"type": "Feature", "properties": {"cell_id": "892b81b6493ffff"}, "geometry": {"type": "Point", "coordinates": [-73.8595, 45.448127]}}, {"type": "Feature", "properties": {"cell_id": "892b81b6497ffff"}, "geometry": {"type": "Point", "coordinates": [-73.857025, 45.445401]}}, {"type": "Feature", "properties": {"cell_id": "892b81b649bffff"}, "geometry": {"type": "Point", "coordinates": [-73.864237, 45.448018]}}, {"type": "Feature", "properties": {"cell_id": "892b81b64a3ffff"}, "geometry": {"type": "Point", "coordinates": [-73.859073, 45.437006]}}, {"type": "Feature", "properties": {"cell_id": "892b81b64a7ffff"}, "geometry": {"type": "Point", "coordinates": [-73.856598, 45.43428]}}, {"type": "Feature", "properties": {"cell_id": "892b81b64abffff"}, "geometry": {"type": "Point", "coordinates": [-73.863809, 45.436897]}}, {"type": "Feature", "properties": {"cell_id": "892b81b64afffff"}, "geometry": {"type": "Point", "coordinates": [-73.861334, 45.434172]}}, {"type": "Feature", "properties": {"cell_id": "892b81b64b3ffff"}, "geometry": {"type": "Point", "coordinates": [-73.856812, 45.43984]}}, {"type": "Feature", "properties": {"cell_id": "892b81b64b7ffff"}, "geometry": {"type": "Point", "coordinates": [-73.854337, 45.437114]}}, {"type": "Feature", "properties": {"cell_id": "892b81b64bbffff"}, "geometry": {"type": "Point", "coordinates": [-73.861548, 45.439732]}}, {"type": "Feature", "properties": {"cell_id": "892b81b64c3ffff"}, "geometry": {"type": "Point", "coordinates": [-73.873712, 45.447801]}}, {"type": "Feature", "properties": {"cell_id": "892b81b64c7ffff"}, "geometry": {"type": "Point", "coordinates": [-73.871236, 45.445075]}}, {"type": "Feature", "properties": {"cell_id": "892b81b64cbffff"}, "geometry": {"type": "Point", "coordinates": [-73.878449, 45.447691]}}, {"type": "Feature", "properties": {"cell_id": "892b81b64cfffff"}, "geometry": {"type": "Point", "coordinates": [-73.875973, 45.444966]}}, {"type": "Feature", "properties": {"cell_id": "892b81b64d3ffff"}, "geometry": {"type": "Point", "coordinates": [-73.871451, 45.450635]}}, {"type": "Feature", "properties": {"cell_id": "892b81b64d7ffff"}, "geometry": {"type": "Point", "coordinates": [-73.868975, 45.447909]}}, {"type": "Feature", "properties": {"cell_id": "892b81b64dbffff"}, "geometry": {"type": "Point", "coordinates": [-73.876188, 45.450526]}}, {"type": "Feature", "properties": {"cell_id": "892b81b6553ffff"}, "geometry": {"type": "Point", "coordinates": [-73.863381, 45.425778]}}, {"type": "Feature", "properties": {"cell_id": "892b81b655bffff"}, "geometry": {"type": "Point", "coordinates": [-73.868116, 45.425669]}}, {"type": "Feature", "properties": {"cell_id": "892b81b6593ffff"}, "geometry": {"type": "Point", "coordinates": [-73.84218, 45.429044]}}, {"type": "Feature", "properties": {"cell_id": "892b81b659bffff"}, "geometry": {"type": "Point", "coordinates": [-73.846915, 45.428936]}}, {"type": "Feature", "properties": {"cell_id": "892b81b65c3ffff"}, "geometry": {"type": "Point", "coordinates": [-73.856385, 45.42872]}}, {"type": "Feature", "properties": {"cell_id": "892b81b65cbffff"}, "geometry": {"type": "Point", "coordinates": [-73.86112, 45.428612]}}, {"type": "Feature", "properties": {"cell_id": "892b81b65d3ffff"}, "geometry": {"type": "Point", "coordinates": [-73.854124, 45.431554]}}, {"type": "Feature", "properties": {"cell_id": "892b81b65d7ffff"}, "geometry": {"type": "Point", "coordinates": [-73.85165, 45.428828]}}, {"type": "Feature", "properties": {"cell_id": "892b81b65dbffff"}, "geometry": {"type": "Point", "coordinates": [-73.85886, 45.431446]}}, {"type": "Feature", "properties": {"cell_id": "892b81b6603ffff"}, "geometry": {"type": "Point", "coordinates": [-73.904175, 45.438747]}}, {"type": "Feature", "properties": {"cell_id": "892b81b6607ffff"}, "geometry": {"type": "Point", "coordinates": [-73.901697, 45.436022]}}, {"type": "Feature", "properties": {"cell_id": "892b81b660bffff"}, "geometry": {"type": "Point", "coordinates": [-73.908911, 45.438637]}}, {"type": "Feature", "properties": {"cell_id": "892b81b660fffff"}, "geometry": {"type": "Point", "coordinates": [-73.906433, 45.435912]}}, {"type": "Feature", "properties": {"cell_id": "892b81b6613ffff"}, "geometry": {"type": "Point", "coordinates": [-73.901916, 45.441582]}}, {"type": "Feature", "properties": {"cell_id": "892b81b6617ffff"}, "geometry": {"type": "Point", "coordinates": [-73.899439, 45.438857]}}, {"type": "Feature", "properties": {"cell_id": "892b81b661bffff"}, "geometry": {"type": "Point", "coordinates": [-73.906653, 45.441472]}}, {"type": "Feature", "properties": {"cell_id": "892b81b6623ffff"}, "geometry": {"type": "Point", "coordinates": [-73.901479, 45.430462]}}, {"type": "Feature", "properties": {"cell_id": "892b81b6627ffff"}, "geometry": {"type": "Point", "coordinates": [-73.899002, 45.427737]}}, {"type": "Feature", "properties": {"cell_id": "892b81b662bffff"}, "geometry": {"type": "Point", "coordinates": [-73.906214, 45.430352]}}, {"type": "Feature", "properties": {"cell_id": "892b81b662fffff"}, "geometry": {"type": "Point", "coordinates": [-73.903737, 45.427627]}}, {"type": "Feature", "properties": {"cell_id": "892b81b6633ffff"}, "geometry": {"type": "Point", "coordinates": [-73.89922, 45.433297]}}, {"type": "Feature", "properties": {"cell_id": "892b81b6637ffff"}, "geometry": {"type": "Point", "coordinates": [-73.896743, 45.430572]}}, {"type": "Feature", "properties": {"cell_id": "892b81b663bffff"}, "geometry": {"type": "Point", "coordinates": [-73.903956, 45.433187]}}, {"type": "Feature", "properties": {"cell_id": "892b81b6643ffff"}, "geometry": {"type": "Point", "coordinates": [-73.916126, 45.441251]}}, {"type": "Feature", "properties": {"cell_id": "892b81b6647ffff"}, "geometry": {"type": "Point", "coordinates": [-73.913648, 45.438526]}}, {"type": "Feature", "properties": {"cell_id": "892b81b664bffff"}, "geometry": {"type": "Point", "coordinates": [-73.920863, 45.44114]}}, {"type": "Feature", "properties": {"cell_id": "892b81b664fffff"}, "geometry": {"type": "Point", "coordinates": [-73.918384, 45.438415]}}, {"type": "Feature", "properties": {"cell_id": "892b81b6653ffff"}, "geometry": {"type": "Point", "coordinates": [-73.913868, 45.444086]}}, {"type": "Feature", "properties": {"cell_id": "892b81b6657ffff"}, "geometry": {"type": "Point", "coordinates": [-73.911389, 45.441362]}}, {"type": "Feature", "properties": {"cell_id": "892b81b665bffff"}, "geometry": {"type": "Point", "coordinates": [-73.918605, 45.443976]}}, {"type": "Feature", "properties": {"cell_id": "892b81b6663ffff"}, "geometry": {"type": "Point", "coordinates": [-73.913427, 45.432966]}}, {"type": "Feature", "properties": {"cell_id": "892b81b6667ffff"}, "geometry": {"type": "Point", "coordinates": [-73.910949, 45.430241]}}, {"type": "Feature", "properties": {"cell_id": "892b81b666bffff"}, "geometry": {"type": "Point", "coordinates": [-73.918163, 45.432855]}}, {"type": "Feature", "properties": {"cell_id": "892b81b666fffff"}, "geometry": {"type": "Point", "coordinates": [-73.915685, 45.430131]}}, {"type": "Feature", "properties": {"cell_id": "892b81b6673ffff"}, "geometry": {"type": "Point", "coordinates": [-73.911169, 45.435801]}}, {"type": "Feature", "properties": {"cell_id": "892b81b6677ffff"}, "geometry": {"type": "Point", "coordinates": [-73.908692, 45.433077]}}, {"type": "Feature", "properties": {"cell_id": "892b81b667bffff"}, "geometry": {"type": "Point", "coordinates": [-73.915905, 45.435691]}}, {"type": "Feature", "properties": {"cell_id": "892b81b6683ffff"}, "geometry": {"type": "Point", "coordinates": [-73.89492, 45.444528]}}, {"type": "Feature", "properties": {"cell_id": "892b81b6687ffff"}, "geometry": {"type": "Point", "coordinates": [-73.892443, 45.441802]}}, {"type": "Feature", "properties": {"cell_id": "892b81b668bffff"}, "geometry": {"type": "Point", "coordinates": [-73.899657, 45.444418]}}, {"type": "Feature", "properties": {"cell_id": "892b81b668fffff"}, "geometry": {"type": "Point", "coordinates": [-73.89718, 45.441692]}}, {"type": "Feature", "properties": {"cell_id": "892b81b6693ffff"}, "geometry": {"type": "Point", "coordinates": [-73.892661, 45.447363]}}, {"type": "Feature", "properties": {"cell_id": "892b81b6697ffff"}, "geometry": {"type": "Point", "coordinates": [-73.890183, 45.444637]}}, {"type": "Feature", "properties": {"cell_id": "892b81b669bffff"}, "geometry": {"type": "Point", "coordinates": [-73.897398, 45.447253]}}, {"type": "Feature", "properties": {"cell_id": "892b81b66a3ffff"}, "geometry": {"type": "Point", "coordinates": [-73.892225, 45.436242]}}, {"type": "Feature", "properties": {"cell_id": "892b81b66a7ffff"}, "geometry": {"type": "Point", "coordinates": [-73.889749, 45.433517]}}, {"type": "Feature", "properties": {"cell_id": "892b81b66abffff"}, "geometry": {"type": "Point", "coordinates": [-73.896961, 45.436132]}}, {"type": "Feature", "properties": {"cell_id": "892b81b66afffff"}, "geometry": {"type": "Point", "coordinates": [-73.894484, 45.433407]}}, {"type": "Feature", "properties": {"cell_id": "892b81b66b3ffff"}, "geometry": {"type": "Point", "coordinates": [-73.889966, 45.439077]}}, {"type": "Feature", "properties": {"cell_id": "892b81b66b7ffff"}, "geometry": {"type": "Point", "coordinates": [-73.887489, 45.436352]}}, {"type": "Feature", "properties": {"cell_id": "892b81b66bbffff"}, "geometry": {"type": "Point", "coordinates": [-73.894702, 45.438967]}}, {"type": "Feature", "properties": {"cell_id": "892b81b66c3ffff"}, "geometry": {"type": "Point", "coordinates": [-73.906872, 45.447033]}}, {"type": "Feature", "properties": {"cell_id": "892b81b66c7ffff"}, "geometry": {"type": "Point", "coordinates": [-73.904394, 45.444307]}}, {"type": "Feature", "properties": {"cell_id": "892b81b66cbffff"}, "geometry": {"type": "Point", "coordinates": [-73.911609, 45.446922]}}, {"type": "Feature", "properties": {"cell_id": "892b81b66cfffff"}, "geometry": {"type": "Point", "coordinates": [-73.909131, 45.444197]}}, {"type": "Feature", "properties": {"cell_id": "892b81b66d3ffff"}, "geometry": {"type": "Point", "coordinates": [-73.904613, 45.449868]}}, {"type": "Feature", "properties": {"cell_id": "892b81b66d7ffff"}, "geometry": {"type": "Point", "coordinates": [-73.902135, 45.447143]}}, {"type": "Feature", "properties": {"cell_id": "892b81b66dbffff"}, "geometry": {"type": "Point", "coordinates": [-73.909351, 45.449758]}}, {"type": "Feature", "properties": {"cell_id": "892b81b7107ffff"}, "geometry": {"type": "Point", "coordinates": [-73.950638, 45.415396]}}, {"type": "Feature", "properties": {"cell_id": "892b81b7113ffff"}, "geometry": {"type": "Point", "coordinates": [-73.950863, 45.420955]}}, {"type": "Feature", "properties": {"cell_id": "892b81b7117ffff"}, "geometry": {"type": "Point", "coordinates": [-73.948383, 45.418232]}}, {"type": "Feature", "properties": {"cell_id": "892b81b7123ffff"}, "geometry": {"type": "Point", "coordinates": [-73.950413, 45.409837]}}, {"type": "Feature", "properties": {"cell_id": "892b81b7133ffff"}, "geometry": {"type": "Point", "coordinates": [-73.948159, 45.412673]}}, {"type": "Feature", "properties": {"cell_id": "892b81b7137ffff"}, "geometry": {"type": "Point", "coordinates": [-73.94568, 45.409949]}}, {"type": "Feature", "properties": {"cell_id": "892b81b713bffff"}, "geometry": {"type": "Point", "coordinates": [-73.952892, 45.41256]}}, {"type": "Feature", "properties": {"cell_id": "892b81b7183ffff"}, "geometry": {"type": "Point", "coordinates": [-73.943873, 45.423903]}}, {"type": "Feature", "properties": {"cell_id": "892b81b7187ffff"}, "geometry": {"type": "Point", "coordinates": [-73.941394, 45.421179]}}, {"type": "Feature", "properties": {"cell_id": "892b81b718bffff"}, "geometry": {"type": "Point", "coordinates": [-73.948608, 45.423791]}}, {"type": "Feature", "properties": {"cell_id": "892b81b718fffff"}, "geometry": {"type": "Point", "coordinates": [-73.946128, 45.421067]}}, {"type": "Feature", "properties": {"cell_id": "892b81b7193ffff"}, "geometry": {"type": "Point", "coordinates": [-73.941617, 45.426739]}}, {"type": "Feature", "properties": {"cell_id": "892b81b7197ffff"}, "geometry": {"type": "Point", "coordinates": [-73.939138, 45.424015]}}, {"type": "Feature", "properties": {"cell_id": "892b81b719bffff"}, "geometry": {"type": "Point", "coordinates": [-73.946353, 45.426627]}}, {"type": "Feature", "properties": {"cell_id": "892b81b71a3ffff"}, "geometry": {"type": "Point", "coordinates": [-73.94117, 45.41562]}}, {"type": "Feature", "properties": {"cell_id": "892b81b71a7ffff"}, "geometry": {"type": "Point", "coordinates": [-73.938692, 45.412896]}}, {"type": "Feature", "properties": {"cell_id": "892b81b71abffff"}, "geometry": {"type": "Point", "coordinates": [-73.945904, 45.415508]}}, {"type": "Feature", "properties": {"cell_id": "892b81b71afffff"}, "geometry": {"type": "Point", "coordinates": [-73.943425, 45.412785]}}, {"type": "Feature", "properties": {"cell_id": "892b81b71b3ffff"}, "geometry": {"type": "Point", "coordinates": [-73.938915, 45.418456]}}, {"type": "Feature", "properties": {"cell_id": "892b81b71b7ffff"}, "geometry": {"type": "Point", "coordinates": [-73.936436, 45.415732]}}, {"type": "Feature", "properties": {"cell_id": "892b81b71bbffff"}, "geometry": {"type": "Point", "coordinates": [-73.943649, 45.418344]}}, {"type": "Feature", "properties": {"cell_id": "892b81b7497ffff"}, "geometry": {"type": "Point", "coordinates": [-73.940704, 45.462938]}}, {"type": "Feature", "properties": {"cell_id": "892b81b74a3ffff"}, "geometry": {"type": "Point", "coordinates": [-73.942737, 45.45454]}}, {"type": "Feature", "properties": {"cell_id": "892b81b74a7ffff"}, "geometry": {"type": "Point", "coordinates": [-73.940256, 45.451816]}}, {"type": "Feature", "properties": {"cell_id": "892b81b74b3ffff"}, "geometry": {"type": "Point", "coordinates": [-73.94048, 45.457377]}}, {"type": "Feature", "properties": {"cell_id": "892b81b74b7ffff"}, "geometry": {"type": "Point", "coordinates": [-73.937999, 45.454652]}}, {"type": "Feature", "properties": {"cell_id": "892b81b7503ffff"}, "geometry": {"type": "Point", "coordinates": [-73.937329, 45.43797]}}, {"type": "Feature", "properties": {"cell_id": "892b81b7507ffff"}, "geometry": {"type": "Point", "coordinates": [-73.934849, 45.435246]}}, {"type": "Feature", "properties": {"cell_id": "892b81b750bffff"}, "geometry": {"type": "Point", "coordinates": [-73.942065, 45.437859]}}, {"type": "Feature", "properties": {"cell_id": "892b81b750fffff"}, "geometry": {"type": "Point", "coordinates": [-73.939585, 45.435134]}}, {"type": "Feature", "properties": {"cell_id": "892b81b7513ffff"}, "geometry": {"type": "Point", "coordinates": [-73.935072, 45.440806]}}, {"type": "Feature", "properties": {"cell_id": "892b81b7517ffff"}, "geometry": {"type": "Point", "coordinates": [-73.932593, 45.438082]}}, {"type": "Feature", "properties": {"cell_id": "892b81b751bffff"}, "geometry": {"type": "Point", "coordinates": [-73.939809, 45.440695]}}, {"type": "Feature", "properties": {"cell_id": "892b81b7523ffff"}, "geometry": {"type": "Point", "coordinates": [-73.934626, 45.429686]}}, {"type": "Feature", "properties": {"cell_id": "892b81b7527ffff"}, "geometry": {"type": "Point", "coordinates": [-73.932147, 45.426962]}}, {"type": "Feature", "properties": {"cell_id": "892b81b752bffff"}, "geometry": {"type": "Point", "coordinates": [-73.939362, 45.429574]}}, {"type": "Feature", "properties": {"cell_id": "892b81b752fffff"}, "geometry": {"type": "Point", "coordinates": [-73.936882, 45.42685]}}, {"type": "Feature", "properties": {"cell_id": "892b81b7533ffff"}, "geometry": {"type": "Point", "coordinates": [-73.93237, 45.432522]}}, {"type": "Feature", "properties": {"cell_id": "892b81b7537ffff"}, "geometry": {"type": "Point", "coordinates": [-73.929891, 45.429798]}}, {"type": "Feature", "properties": {"cell_id": "892b81b753bffff"}, "geometry": {"type": "Point", "coordinates": [-73.937106, 45.43241]}}, {"type": "Feature", "properties": {"cell_id": "892b81b7547ffff"}, "geometry": {"type": "Point", "coordinates": [-73.946801, 45.437747]}}, {"type": "Feature", "properties": {"cell_id": "892b81b7557ffff"}, "geometry": {"type": "Point", "coordinates": [-73.944545, 45.440583]}}, {"type": "Feature", "properties": {"cell_id": "892b81b7563ffff"}, "geometry": {"type": "Point", "coordinates": [-73.946577, 45.432187]}}, {"type": "Feature", "properties": {"cell_id": "892b81b7567ffff"}, "geometry": {"type": "Point", "coordinates": [-73.944097, 45.429463]}}, {"type": "Feature", "properties": {"cell_id": "892b81b756fffff"}, "geometry": {"type": "Point", "coordinates": [-73.948832, 45.429351]}}, {"type": "Feature", "properties": {"cell_id": "892b81b7573ffff"}, "geometry": {"type": "Point", "coordinates": [-73.944321, 45.435023]}}, {"type": "Feature", "properties": {"cell_id": "892b81b7577ffff"}, "geometry": {"type": "Point", "coordinates": [-73.941841, 45.432298]}}, {"type": "Feature", "properties": {"cell_id": "892b81b7583ffff"}, "geometry": {"type": "Point", "coordinates": [-73.928078, 45.443754]}}, {"type": "Feature", "properties": {"cell_id": "892b81b7587ffff"}, "geometry": {"type": "Point", "coordinates": [-73.925599, 45.441029]}}, {"type": "Feature", "properties": {"cell_id": "892b81b758bffff"}, "geometry": {"type": "Point", "coordinates": [-73.932815, 45.443642]}}, {"type": "Feature", "properties": {"cell_id": "892b81b758fffff"}, "geometry": {"type": "Point", "coordinates": [-73.930336, 45.440918]}}, {"type": "Feature", "properties": {"cell_id": "892b81b7593ffff"}, "geometry": {"type": "Point", "coordinates": [-73.925821, 45.446589]}}, {"type": "Feature", "properties": {"cell_id": "892b81b7597ffff"}, "geometry": {"type": "Point", "coordinates": [-73.923342, 45.443865]}}, {"type": "Feature", "properties": {"cell_id": "892b81b759bffff"}, "geometry": {"type": "Point", "coordinates": [-73.930558, 45.446478]}}, {"type": "Feature", "properties": {"cell_id": "892b81b75a3ffff"}, "geometry": {"type": "Point", "coordinates": [-73.925377, 45.435469]}}, {"type": "Feature", "properties": {"cell_id": "892b81b75a7ffff"}, "geometry": {"type": "Point", "coordinates": [-73.922899, 45.432744]}}, {"type": "Feature", "properties": {"cell_id": "892b81b75abffff"}, "geometry": {"type": "Point", "coordinates": [-73.930113, 45.435357]}}, {"type": "Feature", "properties": {"cell_id": "892b81b75afffff"}, "geometry": {"type": "Point", "coordinates": [-73.927634, 45.432633]}}, {"type": "Feature", "properties": {"cell_id": "892b81b75b3ffff"}, "geometry": {"type": "Point", "coordinates": [-73.92312, 45.438304]}}, {"type": "Feature", "properties": {"cell_id": "892b81b75b7ffff"}, "geometry": {"type": "Point", "coordinates": [-73.920641, 45.43558]}}, {"type": "Feature", "properties": {"cell_id": "892b81b75bbffff"}, "geometry": {"type": "Point", "coordinates": [-73.927856, 45.438193]}}, {"type": "Feature", "properties": {"cell_id": "892b81b75c3ffff"}, "geometry": {"type": "Point", "coordinates": [-73.940032, 45.446255]}}, {"type": "Feature", "properties": {"cell_id": "892b81b75c7ffff"}, "geometry": {"type": "Point", "coordinates": [-73.937552, 45.443531]}}, {"type": "Feature", "properties": {"cell_id": "892b81b75cbffff"}, "geometry": {"type": "Point", "coordinates": [-73.944769, 45.446143]}}, {"type": "Feature", "properties": {"cell_id": "892b81b75cfffff"}, "geometry": {"type": "Point", "coordinates": [-73.942289, 45.443419]}}, {"type": "Feature", "properties": {"cell_id": "892b81b75d3ffff"}, "geometry": {"type": "Point", "coordinates": [-73.937775, 45.449091]}}, {"type": "Feature", "properties": {"cell_id": "892b81b75d7ffff"}, "geometry": {"type": "Point", "coordinates": [-73.935295, 45.446367]}}, {"type": "Feature", "properties": {"cell_id": "892b81b75dbffff"}, "geometry": {"type": "Point", "coordinates": [-73.942513, 45.448979]}}, {"type": "Feature", "properties": {"cell_id": "892baa40923ffff"}, "geometry": {"type": "Point", "coordinates": [-73.690727, 45.571579]}}, {"type": "Feature", "properties": {"cell_id": "892baa40927ffff"}, "geometry": {"type": "Point", "coordinates": [-73.688255, 45.568847]}}, {"type": "Feature", "properties": {"cell_id": "892baa4092bffff"}, "geometry": {"type": "Point", "coordinates": [-73.695477, 45.571478]}}, {"type": "Feature", "properties": {"cell_id": "892baa4092fffff"}, "geometry": {"type": "Point", "coordinates": [-73.693005, 45.568745]}}, {"type": "Feature", "properties": {"cell_id": "892baa40933ffff"}, "geometry": {"type": "Point", "coordinates": [-73.688448, 45.574414]}}, {"type": "Feature", "properties": {"cell_id": "892baa40937ffff"}, "geometry": {"type": "Point", "coordinates": [-73.685976, 45.571681]}}, {"type": "Feature", "properties": {"cell_id": "892baa4093bffff"}, "geometry": {"type": "Point", "coordinates": [-73.693198, 45.574312]}}, {"type": "Feature", "properties": {"cell_id": "892baa40967ffff"}, "geometry": {"type": "Point", "coordinates": [-73.700227, 45.571376]}}, {"type": "Feature", "properties": {"cell_id": "892baa409a3ffff"}, "geometry": {"type": "Point", "coordinates": [-73.681418, 45.577349]}}, {"type": "Feature", "properties": {"cell_id": "892baa409a7ffff"}, "geometry": {"type": "Point", "coordinates": [-73.678947, 45.574616]}}, {"type": "Feature", "properties": {"cell_id": "892baa409abffff"}, "geometry": {"type": "Point", "coordinates": [-73.686169, 45.577248]}}, {"type": "Feature", "properties": {"cell_id": "892baa409afffff"}, "geometry": {"type": "Point", "coordinates": [-73.683697, 45.574515]}}, {"type": "Feature", "properties": {"cell_id": "892baa409b3ffff"}, "geometry": {"type": "Point", "coordinates": [-73.679138, 45.580183]}}, {"type": "Feature", "properties": {"cell_id": "892baa409b7ffff"}, "geometry": {"type": "Point", "coordinates": [-73.676667, 45.57745]}}, {"type": "Feature", "properties": {"cell_id": "892baa42923ffff"}, "geometry": {"type": "Point", "coordinates": [-73.625518, 45.611956]}}, {"type": "Feature", "properties": {"cell_id": "892baa42927ffff"}, "geometry": {"type": "Point", "coordinates": [-73.623048, 45.609221]}}, {"type": "Feature", "properties": {"cell_id": "892baa4292fffff"}, "geometry": {"type": "Point", "coordinates": [-73.627802, 45.609122]}}, {"type": "Feature", "properties": {"cell_id": "892baa42937ffff"}, "geometry": {"type": "Point", "coordinates": [-73.620764, 45.612054]}}, {"type": "Feature", "properties": {"cell_id": "892baa429a3ffff"}, "geometry": {"type": "Point", "coordinates": [-73.616193, 45.617722]}}, {"type": "Feature", "properties": {"cell_id": "892baa429a7ffff"}, "geometry": {"type": "Point", "coordinates": [-73.613724, 45.614986]}}, {"type": "Feature", "properties": {"cell_id": "892baa429afffff"}, "geometry": {"type": "Point", "coordinates": [-73.618478, 45.614888]}}, {"type": "Feature", "properties": {"cell_id": "892baa429b3ffff"}, "geometry": {"type": "Point", "coordinates": [-73.613907, 45.620556]}}, {"type": "Feature", "properties": {"cell_id": "892baa429b7ffff"}, "geometry": {"type": "Point", "coordinates": [-73.611438, 45.61782]}}, {"type": "Feature", "properties": {"cell_id": "892baa44003ffff"}, "geometry": {"type": "Point", "coordinates": [-73.608328, 45.523181]}}, {"type": "Feature", "properties": {"cell_id": "892baa44007ffff"}, "geometry": {"type": "Point", "coordinates": [-73.605864, 45.520448]}}, {"type": "Feature", "properties": {"cell_id": "892baa4400bffff"}, "geometry": {"type": "Point", "coordinates": [-73.613073, 45.523083]}}, {"type": "Feature", "properties": {"cell_id": "892baa4400fffff"}, "geometry": {"type": "Point", "coordinates": [-73.610609, 45.52035]}}, {"type": "Feature", "properties": {"cell_id": "892baa44013ffff"}, "geometry": {"type": "Point", "coordinates": [-73.606047, 45.526012]}}, {"type": "Feature", "properties": {"cell_id": "892baa44017ffff"}, "geometry": {"type": "Point", "coordinates": [-73.603583, 45.523279]}}, {"type": "Feature", "properties": {"cell_id": "892baa4401bffff"}, "geometry": {"type": "Point", "coordinates": [-73.610792, 45.525915]}}, {"type": "Feature", "properties": {"cell_id": "892baa44023ffff"}, "geometry": {"type": "Point", "coordinates": [-73.605682, 45.514884]}}, {"type": "Feature", "properties": {"cell_id": "892baa44027ffff"}, "geometry": {"type": "Point", "coordinates": [-73.603219, 45.512151]}}, {"type": "Feature", "properties": {"cell_id": "892baa4402bffff"}, "geometry": {"type": "Point", "coordinates": [-73.610426, 45.514786]}}, {"type": "Feature", "properties": {"cell_id": "892baa4402fffff"}, "geometry": {"type": "Point", "coordinates": [-73.607963, 45.512053]}}, {"type": "Feature", "properties": {"cell_id": "892baa44033ffff"}, "geometry": {"type": "Point", "coordinates": [-73.603401, 45.517715]}}, {"type": "Feature", "properties": {"cell_id": "892baa44037ffff"}, "geometry": {"type": "Point", "coordinates": [-73.600938, 45.514981]}}, {"type": "Feature", "properties": {"cell_id": "892baa4403bffff"}, "geometry": {"type": "Point", "coordinates": [-73.608145, 45.517617]}}, {"type": "Feature", "properties": {"cell_id": "892baa44043ffff"}, "geometry": {"type": "Point", "coordinates": [-73.620282, 45.525718]}}, {"type": "Feature", "properties": {"cell_id": "892baa44047ffff"}, "geometry": {"type": "Point", "coordinates": [-73.617818, 45.522985]}}, {"type": "Feature", "properties": {"cell_id": "892baa4404bffff"}, "geometry": {"type": "Point", "coordinates": [-73.625027, 45.525619]}}, {"type": "Feature", "properties": {"cell_id": "892baa4404fffff"}, "geometry": {"type": "Point", "coordinates": [-73.622563, 45.522886]}}, {"type": "Feature", "properties": {"cell_id": "892baa44053ffff"}, "geometry": {"type": "Point", "coordinates": [-73.618001, 45.52855]}}, {"type": "Feature", "properties": {"cell_id": "892baa44057ffff"}, "geometry": {"type": "Point", "coordinates": [-73.615537, 45.525816]}}, {"type": "Feature", "properties": {"cell_id": "892baa4405bffff"}, "geometry": {"type": "Point", "coordinates": [-73.622747, 45.528451]}}, {"type": "Feature", "properties": {"cell_id": "892baa44063ffff"}, "geometry": {"type": "Point", "coordinates": [-73.617634, 45.517421]}}, {"type": "Feature", "properties": {"cell_id": "892baa44067ffff"}, "geometry": {"type": "Point", "coordinates": [-73.61517, 45.514688]}}, {"type": "Feature", "properties": {"cell_id": "892baa4406bffff"}, "geometry": {"type": "Point", "coordinates": [-73.622378, 45.517322]}}, {"type": "Feature", "properties": {"cell_id": "892baa4406fffff"}, "geometry": {"type": "Point", "coordinates": [-73.619914, 45.514589]}}, {"type": "Feature", "properties": {"cell_id": "892baa44073ffff"}, "geometry": {"type": "Point", "coordinates": [-73.615353, 45.520252]}}, {"type": "Feature", "properties": {"cell_id": "892baa44077ffff"}, "geometry": {"type": "Point", "coordinates": [-73.61289, 45.517519]}}, {"type": "Feature", "properties": {"cell_id": "892baa4407bffff"}, "geometry": {"type": "Point", "coordinates": [-73.620098, 45.520153]}}, {"type": "Feature", "properties": {"cell_id": "892baa44083ffff"}, "geometry": {"type": "Point", "coordinates": [-73.599019, 45.528941]}}, {"type": "Feature", "properties": {"cell_id": "892baa44087ffff"}, "geometry": {"type": "Point", "coordinates": [-73.596556, 45.526208]}}, {"type": "Feature", "properties": {"cell_id": "892baa4408bffff"}, "geometry": {"type": "Point", "coordinates": [-73.603765, 45.528844]}}, {"type": "Feature", "properties": {"cell_id": "892baa4408fffff"}, "geometry": {"type": "Point", "coordinates": [-73.601301, 45.52611]}}, {"type": "Feature", "properties": {"cell_id": "892baa44093ffff"}, "geometry": {"type": "Point", "coordinates": [-73.596737, 45.531773]}}, {"type": "Feature", "properties": {"cell_id": "892baa44097ffff"}, "geometry": {"type": "Point", "coordinates": [-73.594274, 45.529039]}}, {"type": "Feature", "properties": {"cell_id": "892baa4409bffff"}, "geometry": {"type": "Point", "coordinates": [-73.601483, 45.531675]}}, {"type": "Feature", "properties": {"cell_id": "892baa440a3ffff"}, "geometry": {"type": "Point", "coordinates": [-73.596375, 45.520643]}}, {"type": "Feature", "properties": {"cell_id": "892baa440a7ffff"}, "geometry": {"type": "Point", "coordinates": [-73.593912, 45.51791]}}, {"type": "Feature", "properties": {"cell_id": "892baa440abffff"}, "geometry": {"type": "Point", "coordinates": [-73.60112, 45.520546]}}, {"type": "Feature", "properties": {"cell_id": "892baa440afffff"}, "geometry": {"type": "Point", "coordinates": [-73.598657, 45.517812]}}, {"type": "Feature", "properties": {"cell_id": "892baa440b3ffff"}, "geometry": {"type": "Point", "coordinates": [-73.594093, 45.523474]}}, {"type": "Feature", "properties": {"cell_id": "892baa440b7ffff"}, "geometry": {"type": "Point", "coordinates": [-73.59163, 45.520741]}}, {"type": "Feature", "properties": {"cell_id": "892baa440bbffff"}, "geometry": {"type": "Point", "coordinates": [-73.598838, 45.523377]}}, {"type": "Feature", "properties": {"cell_id": "892baa440c3ffff"}, "geometry": {"type": "Point", "coordinates": [-73.610975, 45.531479]}}, {"type": "Feature", "properties": {"cell_id": "892baa440c7ffff"}, "geometry": {"type": "Point", "coordinates": [-73.60851, 45.528746]}}, {"type": "Feature", "properties": {"cell_id": "892baa440cbffff"}, "geometry": {"type": "Point", "coordinates": [-73.61572, 45.531381]}}, {"type": "Feature", "properties": {"cell_id": "892baa440cfffff"}, "geometry": {"type": "Point", "coordinates": [-73.613256, 45.528648]}}, {"type": "Feature", "properties": {"cell_id": "892baa440d3ffff"}, "geometry": {"type": "Point", "coordinates": [-73.608693, 45.534311]}}, {"type": "Feature", "properties": {"cell_id": "892baa440d7ffff"}, "geometry": {"type": "Point", "coordinates": [-73.606229, 45.531577]}}, {"type": "Feature", "properties": {"cell_id": "892baa440dbffff"}, "geometry": {"type": "Point", "coordinates": [-73.613439, 45.534213]}}, {"type": "Feature", "properties": {"cell_id": "892baa44103ffff"}, "geometry": {"type": "Point", "coordinates": [-73.591089, 45.504049]}}, {"type": "Feature", "properties": {"cell_id": "892baa44107ffff"}, "geometry": {"type": "Point", "coordinates": [-73.588628, 45.501316]}}, {"type": "Feature", "properties": {"cell_id": "892baa4410bffff"}, "geometry": {"type": "Point", "coordinates": [-73.595832, 45.503951]}}, {"type": "Feature", "properties": {"cell_id": "892baa4410fffff"}, "geometry": {"type": "Point", "coordinates": [-73.59337, 45.501218]}}, {"type": "Feature", "properties": {"cell_id": "892baa44113ffff"}, "geometry": {"type": "Point", "coordinates": [-73.588808, 45.506879]}}, {"type": "Feature", "properties": {"cell_id": "892baa44117ffff"}, "geometry": {"type": "Point", "coordinates": [-73.586346, 45.504146]}}, {"type": "Feature", "properties": {"cell_id": "892baa4411bffff"}, "geometry": {"type": "Point", "coordinates": [-73.593551, 45.506782]}}, {"type": "Feature", "properties": {"cell_id": "892baa44123ffff"}, "geometry": {"type": "Point", "coordinates": [-73.588448, 45.495752]}}, {"type": "Feature", "properties": {"cell_id": "892baa44127ffff"}, "geometry": {"type": "Point", "coordinates": [-73.585987, 45.493019]}}, {"type": "Feature", "properties": {"cell_id": "892baa4412bffff"}, "geometry": {"type": "Point", "coordinates": [-73.59319, 45.495655]}}, {"type": "Feature", "properties": {"cell_id": "892baa4412fffff"}, "geometry": {"type": "Point", "coordinates": [-73.590729, 45.492922]}}, {"type": "Feature", "properties": {"cell_id": "892baa44133ffff"}, "geometry": {"type": "Point", "coordinates": [-73.586167, 45.498583]}}, {"type": "Feature", "properties": {"cell_id": "892baa44137ffff"}, "geometry": {"type": "Point", "coordinates": [-73.583706, 45.49585]}}, {"type": "Feature", "properties": {"cell_id": "892baa4413bffff"}, "geometry": {"type": "Point", "coordinates": [-73.590909, 45.498485]}}, {"type": "Feature", "properties": {"cell_id": "892baa44143ffff"}, "geometry": {"type": "Point", "coordinates": [-73.603037, 45.506587]}}, {"type": "Feature", "properties": {"cell_id": "892baa44147ffff"}, "geometry": {"type": "Point", "coordinates": [-73.600575, 45.503854]}}, {"type": "Feature", "properties": {"cell_id": "892baa4414bffff"}, "geometry": {"type": "Point", "coordinates": [-73.60778, 45.506489]}}, {"type": "Feature", "properties": {"cell_id": "892baa4414fffff"}, "geometry": {"type": "Point", "coordinates": [-73.605318, 45.503756]}}, {"type": "Feature", "properties": {"cell_id": "892baa44153ffff"}, "geometry": {"type": "Point", "coordinates": [-73.600756, 45.509418]}}, {"type": "Feature", "properties": {"cell_id": "892baa44157ffff"}, "geometry": {"type": "Point", "coordinates": [-73.598294, 45.506684]}}, {"type": "Feature", "properties": {"cell_id": "892baa4415bffff"}, "geometry": {"type": "Point", "coordinates": [-73.6055, 45.50932]}}, {"type": "Feature", "properties": {"cell_id": "892baa44163ffff"}, "geometry": {"type": "Point", "coordinates": [-73.600393, 45.49829]}}, {"type": "Feature", "properties": {"cell_id": "892baa44167ffff"}, "geometry": {"type": "Point", "coordinates": [-73.597932, 45.495558]}}, {"type": "Feature", "properties": {"cell_id": "892baa4416bffff"}, "geometry": {"type": "Point", "coordinates": [-73.605136, 45.498193]}}, {"type": "Feature", "properties": {"cell_id": "892baa4416fffff"}, "geometry": {"type": "Point", "coordinates": [-73.602674, 45.49546]}}, {"type": "Feature", "properties": {"cell_id": "892baa44173ffff"}, "geometry": {"type": "Point", "coordinates": [-73.598113, 45.501121]}}, {"type": "Feature", "properties": {"cell_id": "892baa44177ffff"}, "geometry": {"type": "Point", "coordinates": [-73.595651, 45.498388]}}, {"type": "Feature", "properties": {"cell_id": "892baa4417bffff"}, "geometry": {"type": "Point", "coordinates": [-73.602855, 45.501023]}}, {"type": "Feature", "properties": {"cell_id": "892baa44183ffff"}, "geometry": {"type": "Point", "coordinates": [-73.581783, 45.509807]}}, {"type": "Feature", "properties": {"cell_id": "892baa44187ffff"}, "geometry": {"type": "Point", "coordinates": [-73.579321, 45.507073]}}, {"type": "Feature", "properties": {"cell_id": "892baa4418bffff"}, "geometry": {"type": "Point", "coordinates": [-73.586526, 45.50971]}}, {"type": "Feature", "properties": {"cell_id": "892baa4418fffff"}, "geometry": {"type": "Point", "coordinates": [-73.584065, 45.506976]}}, {"type": "Feature", "properties": {"cell_id": "892baa44193ffff"}, "geometry": {"type": "Point", "coordinates": [-73.5795, 45.512637]}}, {"type": "Feature", "properties": {"cell_id": "892baa44197ffff"}, "geometry": {"type": "Point", "coordinates": [-73.577039, 45.509903]}}, {"type": "Feature", "properties": {"cell_id": "892baa4419bffff"}, "geometry": {"type": "Point", "coordinates": [-73.584244, 45.51254]}}, {"type": "Feature", "properties": {"cell_id": "892baa441a3ffff"}, "geometry": {"type": "Point", "coordinates": [-73.579143, 45.50151]}}, {"type": "Feature", "properties": {"cell_id": "892baa441a7ffff"}, "geometry": {"type": "Point", "coordinates": [-73.576682, 45.498776]}}, {"type": "Feature", "properties": {"cell_id": "892baa441abffff"}, "geometry": {"type": "Point", "coordinates": [-73.583885, 45.501413]}}, {"type": "Feature", "properties": {"cell_id": "892baa441afffff"}, "geometry": {"type": "Point", "coordinates": [-73.581424, 45.49868]}}, {"type": "Feature", "properties": {"cell_id": "892baa441b3ffff"}, "geometry": {"type": "Point", "coordinates": [-73.576861, 45.50434]}}, {"type": "Feature", "properties": {"cell_id": "892baa441b7ffff"}, "geometry": {"type": "Point", "coordinates": [-73.5744, 45.501606]}}, {"type": "Feature", "properties": {"cell_id": "892baa441bbffff"}, "geometry": {"type": "Point", "coordinates": [-73.581603, 45.504243]}}, {"type": "Feature", "properties": {"cell_id": "892baa441c3ffff"}, "geometry": {"type": "Point", "coordinates": [-73.593732, 45.512346]}}, {"type": "Feature", "properties": {"cell_id": "892baa441c7ffff"}, "geometry": {"type": "Point", "coordinates": [-73.59127, 45.509612]}}, {"type": "Feature", "properties": {"cell_id": "892baa441cbffff"}, "geometry": {"type": "Point", "coordinates": [-73.598475, 45.512248]}}, {"type": "Feature", "properties": {"cell_id": "892baa441cfffff"}, "geometry": {"type": "Point", "coordinates": [-73.596013, 45.509515]}}, {"type": "Feature", "properties": {"cell_id": "892baa441d3ffff"}, "geometry": {"type": "Point", "coordinates": [-73.59145, 45.515176]}}, {"type": "Feature", "properties": {"cell_id": "892baa441d7ffff"}, "geometry": {"type": "Point", "coordinates": [-73.588988, 45.512443]}}, {"type": "Feature", "properties": {"cell_id": "892baa441dbffff"}, "geometry": {"type": "Point", "coordinates": [-73.596194, 45.515079]}}, {"type": "Feature", "properties": {"cell_id": "892baa44203ffff"}, "geometry": {"type": "Point", "coordinates": [-73.641542, 45.522491]}}, {"type": "Feature", "properties": {"cell_id": "892baa44207ffff"}, "geometry": {"type": "Point", "coordinates": [-73.639076, 45.519758]}}, {"type": "Feature", "properties": {"cell_id": "892baa4420bffff"}, "geometry": {"type": "Point", "coordinates": [-73.646287, 45.522391]}}, {"type": "Feature", "properties": {"cell_id": "892baa4420fffff"}, "geometry": {"type": "Point", "coordinates": [-73.643821, 45.519659]}}, {"type": "Feature", "properties": {"cell_id": "892baa44213ffff"}, "geometry": {"type": "Point", "coordinates": [-73.639263, 45.525323]}}, {"type": "Feature", "properties": {"cell_id": "892baa44217ffff"}, "geometry": {"type": "Point", "coordinates": [-73.636797, 45.52259]}}, {"type": "Feature", "properties": {"cell_id": "892baa4421bffff"}, "geometry": {"type": "Point", "coordinates": [-73.644008, 45.525223]}}, {"type": "Feature", "properties": {"cell_id": "892baa44223ffff"}, "geometry": {"type": "Point", "coordinates": [-73.63889, 45.514194]}}, {"type": "Feature", "properties": {"cell_id": "892baa44227ffff"}, "geometry": {"type": "Point", "coordinates": [-73.636425, 45.511461]}}, {"type": "Feature", "properties": {"cell_id": "892baa4422bffff"}, "geometry": {"type": "Point", "coordinates": [-73.643634, 45.514094]}}, {"type": "Feature", "properties": {"cell_id": "892baa4422fffff"}, "geometry": {"type": "Point", "coordinates": [-73.641169, 45.511362]}}, {"type": "Feature", "properties": {"cell_id": "892baa44233ffff"}, "geometry": {"type": "Point", "coordinates": [-73.636611, 45.517026]}}, {"type": "Feature", "properties": {"cell_id": "892baa44237ffff"}, "geometry": {"type": "Point", "coordinates": [-73.634146, 45.514293]}}, {"type": "Feature", "properties": {"cell_id": "892baa4423bffff"}, "geometry": {"type": "Point", "coordinates": [-73.641355, 45.516926]}}, {"type": "Feature", "properties": {"cell_id": "892baa44243ffff"}, "geometry": {"type": "Point", "coordinates": [-73.653498, 45.525024]}}, {"type": "Feature", "properties": {"cell_id": "892baa44247ffff"}, "geometry": {"type": "Point", "coordinates": [-73.651032, 45.522292]}}, {"type": "Feature", "properties": {"cell_id": "892baa4424bffff"}, "geometry": {"type": "Point", "coordinates": [-73.658244, 45.524924]}}, {"type": "Feature", "properties": {"cell_id": "892baa4424fffff"}, "geometry": {"type": "Point", "coordinates": [-73.655777, 45.522192]}}, {"type": "Feature", "properties": {"cell_id": "892baa44253ffff"}, "geometry": {"type": "Point", "coordinates": [-73.65122, 45.527856]}}, {"type": "Feature", "properties": {"cell_id": "892baa44257ffff"}, "geometry": {"type": "Point", "coordinates": [-73.648753, 45.525124]}}, {"type": "Feature", "properties": {"cell_id": "892baa4425bffff"}, "geometry": {"type": "Point", "coordinates": [-73.655965, 45.527756]}}, {"type": "Feature", "properties": {"cell_id": "892baa44263ffff"}, "geometry": {"type": "Point", "coordinates": [-73.650844, 45.516727]}}, {"type": "Feature", "properties": {"cell_id": "892baa44267ffff"}, "geometry": {"type": "Point", "coordinates": [-73.648378, 45.513995]}}, {"type": "Feature", "properties": {"cell_id": "892baa4426bffff"}, "geometry": {"type": "Point", "coordinates": [-73.655588, 45.516627]}}, {"type": "Feature", "properties": {"cell_id": "892baa4426fffff"}, "geometry": {"type": "Point", "coordinates": [-73.653122, 45.513895]}}, {"type": "Feature", "properties": {"cell_id": "892baa44273ffff"}, "geometry": {"type": "Point", "coordinates": [-73.648566, 45.519559]}}, {"type": "Feature", "properties": {"cell_id": "892baa44277ffff"}, "geometry": {"type": "Point", "coordinates": [-73.6461, 45.516827]}}, {"type": "Feature", "properties": {"cell_id": "892baa4427bffff"}, "geometry": {"type": "Point", "coordinates": [-73.65331, 45.519459]}}, {"type": "Feature", "properties": {"cell_id": "892baa44283ffff"}, "geometry": {"type": "Point", "coordinates": [-73.632238, 45.528254]}}, {"type": "Feature", "properties": {"cell_id": "892baa44287ffff"}, "geometry": {"type": "Point", "coordinates": [-73.629773, 45.525521]}}, {"type": "Feature", "properties": {"cell_id": "892baa4428bffff"}, "geometry": {"type": "Point", "coordinates": [-73.636983, 45.528155]}}, {"type": "Feature", "properties": {"cell_id": "892baa4428fffff"}, "geometry": {"type": "Point", "coordinates": [-73.634518, 45.525422]}}, {"type": "Feature", "properties": {"cell_id": "892baa44293ffff"}, "geometry": {"type": "Point", "coordinates": [-73.629958, 45.531085]}}, {"type": "Feature", "properties": {"cell_id": "892baa44297ffff"}, "geometry": {"type": "Point", "coordinates": [-73.627492, 45.528352]}}, {"type": "Feature", "properties": {"cell_id": "892baa4429bffff"}, "geometry": {"type": "Point", "coordinates": [-73.634704, 45.530987]}}, {"type": "Feature", "properties": {"cell_id": "892baa442a3ffff"}, "geometry": {"type": "Point", "coordinates": [-73.629587, 45.519956]}}, {"type": "Feature", "properties": {"cell_id": "892baa442a7ffff"}, "geometry": {"type": "Point", "coordinates": [-73.627123, 45.517223]}}, {"type": "Feature", "properties": {"cell_id": "892baa442abffff"}, "geometry": {"type": "Point", "coordinates": [-73.634332, 45.519857]}}, {"type": "Feature", "properties": {"cell_id": "892baa442afffff"}, "geometry": {"type": "Point", "coordinates": [-73.631867, 45.517125]}}, {"type": "Feature", "properties": {"cell_id": "892baa442b3ffff"}, "geometry": {"type": "Point", "coordinates": [-73.627307, 45.522788]}}, {"type": "Feature", "properties": {"cell_id": "892baa442b7ffff"}, "geometry": {"type": "Point", "coordinates": [-73.624843, 45.520055]}}, {"type": "Feature", "properties": {"cell_id": "892baa442bbffff"}, "geometry": {"type": "Point", "coordinates": [-73.632052, 45.522689]}}, {"type": "Feature", "properties": {"cell_id": "892baa442c3ffff"}, "geometry": {"type": "Point", "coordinates": [-73.644195, 45.530788]}}, {"type": "Feature", "properties": {"cell_id": "892baa442c7ffff"}, "geometry": {"type": "Point", "coordinates": [-73.641729, 45.528055]}}, {"type": "Feature", "properties": {"cell_id": "892baa442cbffff"}, "geometry": {"type": "Point", "coordinates": [-73.648941, 45.530688]}}, {"type": "Feature", "properties": {"cell_id": "892baa442cfffff"}, "geometry": {"type": "Point", "coordinates": [-73.646474, 45.527956]}}, {"type": "Feature", "properties": {"cell_id": "892baa442d3ffff"}, "geometry": {"type": "Point", "coordinates": [-73.641916, 45.53362]}}, {"type": "Feature", "properties": {"cell_id": "892baa442d7ffff"}, "geometry": {"type": "Point", "coordinates": [-73.639449, 45.530887]}}, {"type": "Feature", "properties": {"cell_id": "892baa442dbffff"}, "geometry": {"type": "Point", "coordinates": [-73.646662, 45.533521]}}, {"type": "Feature", "properties": {"cell_id": "892baa44303ffff"}, "geometry": {"type": "Point", "coordinates": [-73.624289, 45.503363]}}, {"type": "Feature", "properties": {"cell_id": "892baa44307ffff"}, "geometry": {"type": "Point", "coordinates": [-73.621826, 45.500631]}}, {"type": "Feature", "properties": {"cell_id": "892baa4430bffff"}, "geometry": {"type": "Point", "coordinates": [-73.629032, 45.503264]}}, {"type": "Feature", "properties": {"cell_id": "892baa4430fffff"}, "geometry": {"type": "Point", "coordinates": [-73.626568, 45.500532]}}, {"type": "Feature", "properties": {"cell_id": "892baa44313ffff"}, "geometry": {"type": "Point", "coordinates": [-73.62201, 45.506194]}}, {"type": "Feature", "properties": {"cell_id": "892baa44317ffff"}, "geometry": {"type": "Point", "coordinates": [-73.619546, 45.503462]}}, {"type": "Feature", "properties": {"cell_id": "892baa4431bffff"}, "geometry": {"type": "Point", "coordinates": [-73.626753, 45.506096]}}, {"type": "Feature", "properties": {"cell_id": "892baa44323ffff"}, "geometry": {"type": "Point", "coordinates": [-73.621641, 45.495067]}}, {"type": "Feature", "properties": {"cell_id": "892baa44327ffff"}, "geometry": {"type": "Point", "coordinates": [-73.619179, 45.492335]}}, {"type": "Feature", "properties": {"cell_id": "892baa4432bffff"}, "geometry": {"type": "Point", "coordinates": [-73.626383, 45.494969]}}, {"type": "Feature", "properties": {"cell_id": "892baa4432fffff"}, "geometry": {"type": "Point", "coordinates": [-73.62392, 45.492237]}}, {"type": "Feature", "properties": {"cell_id": "892baa44333ffff"}, "geometry": {"type": "Point", "coordinates": [-73.619362, 45.497898]}}, {"type": "Feature", "properties": {"cell_id": "892baa44337ffff"}, "geometry": {"type": "Point", "coordinates": [-73.616899, 45.495166]}}, {"type": "Feature", "properties": {"cell_id": "892baa4433bffff"}, "geometry": {"type": "Point", "coordinates": [-73.624105, 45.4978]}}, {"type": "Feature", "properties": {"cell_id": "892baa44343ffff"}, "geometry": {"type": "Point", "coordinates": [-73.636239, 45.505898]}}, {"type": "Feature", "properties": {"cell_id": "892baa44347ffff"}, "geometry": {"type": "Point", "coordinates": [-73.633775, 45.503165]}}, {"type": "Feature", "properties": {"cell_id": "892baa4434bffff"}, "geometry": {"type": "Point", "coordinates": [-73.640982, 45.505798]}}, {"type": "Feature", "properties": {"cell_id": "892baa4434fffff"}, "geometry": {"type": "Point", "coordinates": [-73.638518, 45.503066]}}, {"type": "Feature", "properties": {"cell_id": "892baa44353ffff"}, "geometry": {"type": "Point", "coordinates": [-73.63396, 45.508729]}}, {"type": "Feature", "properties": {"cell_id": "892baa44357ffff"}, "geometry": {"type": "Point", "coordinates": [-73.631496, 45.505997]}}, {"type": "Feature", "properties": {"cell_id": "892baa4435bffff"}, "geometry": {"type": "Point", "coordinates": [-73.638704, 45.50863]}}, {"type": "Feature", "properties": {"cell_id": "892baa44363ffff"}, "geometry": {"type": "Point", "coordinates": [-73.633589, 45.497602]}}, {"type": "Feature", "properties": {"cell_id": "892baa44367ffff"}, "geometry": {"type": "Point", "coordinates": [-73.631125, 45.49487]}}, {"type": "Feature", "properties": {"cell_id": "892baa4436bffff"}, "geometry": {"type": "Point", "coordinates": [-73.638331, 45.497503]}}, {"type": "Feature", "properties": {"cell_id": "892baa4436fffff"}, "geometry": {"type": "Point", "coordinates": [-73.635867, 45.494771]}}, {"type": "Feature", "properties": {"cell_id": "892baa44373ffff"}, "geometry": {"type": "Point", "coordinates": [-73.631311, 45.500433]}}, {"type": "Feature", "properties": {"cell_id": "892baa44377ffff"}, "geometry": {"type": "Point", "coordinates": [-73.628847, 45.497701]}}, {"type": "Feature", "properties": {"cell_id": "892baa4437bffff"}, "geometry": {"type": "Point", "coordinates": [-73.636053, 45.500334]}}, {"type": "Feature", "properties": {"cell_id": "892baa44383ffff"}, "geometry": {"type": "Point", "coordinates": [-73.614987, 45.509124]}}, {"type": "Feature", "properties": {"cell_id": "892baa44387ffff"}, "geometry": {"type": "Point", "coordinates": [-73.612523, 45.506391]}}, {"type": "Feature", "properties": {"cell_id": "892baa4438bffff"}, "geometry": {"type": "Point", "coordinates": [-73.61973, 45.509025]}}, {"type": "Feature", "properties": {"cell_id": "892baa4438fffff"}, "geometry": {"type": "Point", "coordinates": [-73.617267, 45.506293]}}, {"type": "Feature", "properties": {"cell_id": "892baa44393ffff"}, "geometry": {"type": "Point", "coordinates": [-73.612707, 45.511955]}}, {"type": "Feature", "properties": {"cell_id": "892baa44397ffff"}, "geometry": {"type": "Point", "coordinates": [-73.610243, 45.509222]}}, {"type": "Feature", "properties": {"cell_id": "892baa4439bffff"}, "geometry": {"type": "Point", "coordinates": [-73.61745, 45.511856]}}, {"type": "Feature", "properties": {"cell_id": "892baa443a3ffff"}, "geometry": {"type": "Point", "coordinates": [-73.61234, 45.500827]}}, {"type": "Feature", "properties": {"cell_id": "892baa443a7ffff"}, "geometry": {"type": "Point", "coordinates": [-73.609878, 45.498095]}}, {"type": "Feature", "properties": {"cell_id": "892baa443abffff"}, "geometry": {"type": "Point", "coordinates": [-73.617083, 45.500729]}}, {"type": "Feature", "properties": {"cell_id": "892baa443afffff"}, "geometry": {"type": "Point", "coordinates": [-73.61462, 45.497997]}}, {"type": "Feature", "properties": {"cell_id": "892baa443b3ffff"}, "geometry": {"type": "Point", "coordinates": [-73.610061, 45.503658]}}, {"type": "Feature", "properties": {"cell_id": "892baa443b7ffff"}, "geometry": {"type": "Point", "coordinates": [-73.607598, 45.500925]}}, {"type": "Feature", "properties": {"cell_id": "892baa443bbffff"}, "geometry": {"type": "Point", "coordinates": [-73.614803, 45.50356]}}, {"type": "Feature", "properties": {"cell_id": "892baa443c3ffff"}, "geometry": {"type": "Point", "coordinates": [-73.626938, 45.511659]}}, {"type": "Feature", "properties": {"cell_id": "892baa443c7ffff"}, "geometry": {"type": "Point", "coordinates": [-73.624474, 45.508927]}}, {"type": "Feature", "properties": {"cell_id": "892baa443cbffff"}, "geometry": {"type": "Point", "coordinates": [-73.631681, 45.51156]}}, {"type": "Feature", "properties": {"cell_id": "892baa443cfffff"}, "geometry": {"type": "Point", "coordinates": [-73.629217, 45.508828]}}, {"type": "Feature", "properties": {"cell_id": "892baa443d3ffff"}, "geometry": {"type": "Point", "coordinates": [-73.624658, 45.514491]}}, {"type": "Feature", "properties": {"cell_id": "892baa443d7ffff"}, "geometry": {"type": "Point", "coordinates": [-73.622194, 45.511758]}}, {"type": "Feature", "properties": {"cell_id": "892baa443dbffff"}, "geometry": {"type": "Point", "coordinates": [-73.629402, 45.514392]}}, {"type": "Feature", "properties": {"cell_id": "892baa44403ffff"}, "geometry": {"type": "Point", "coordinates": [-73.592353, 45.543001]}}, {"type": "Feature", "properties": {"cell_id": "892baa44407ffff"}, "geometry": {"type": "Point", "coordinates": [-73.589889, 45.540266]}}, {"type": "Feature", "properties": {"cell_id": "892baa4440bffff"}, "geometry": {"type": "Point", "coordinates": [-73.5971, 45.542903]}}, {"type": "Feature", "properties": {"cell_id": "892baa4440fffff"}, "geometry": {"type": "Point", "coordinates": [-73.594636, 45.540169]}}, {"type": "Feature", "properties": {"cell_id": "892baa44413ffff"}, "geometry": {"type": "Point", "coordinates": [-73.590069, 45.545832]}}, {"type": "Feature", "properties": {"cell_id": "892baa44417ffff"}, "geometry": {"type": "Point", "coordinates": [-73.587606, 45.543098]}}, {"type": "Feature", "properties": {"cell_id": "892baa4441bffff"}, "geometry": {"type": "Point", "coordinates": [-73.594817, 45.545735]}}, {"type": "Feature", "properties": {"cell_id": "892baa44423ffff"}, "geometry": {"type": "Point", "coordinates": [-73.589709, 45.534701]}}, {"type": "Feature", "properties": {"cell_id": "892baa44427ffff"}, "geometry": {"type": "Point", "coordinates": [-73.587246, 45.531967]}}, {"type": "Feature", "properties": {"cell_id": "892baa4442bffff"}, "geometry": {"type": "Point", "coordinates": [-73.594455, 45.534604]}}, {"type": "Feature", "properties": {"cell_id": "892baa4442fffff"}, "geometry": {"type": "Point", "coordinates": [-73.591991, 45.53187]}}, {"type": "Feature", "properties": {"cell_id": "892baa44433ffff"}, "geometry": {"type": "Point", "coordinates": [-73.587426, 45.537532]}}, {"type": "Feature", "properties": {"cell_id": "892baa44437ffff"}, "geometry": {"type": "Point", "coordinates": [-73.584963, 45.534798]}}, {"type": "Feature", "properties": {"cell_id": "892baa4443bffff"}, "geometry": {"type": "Point", "coordinates": [-73.592172, 45.537435]}}, {"type": "Feature", "properties": {"cell_id": "892baa44443ffff"}, "geometry": {"type": "Point", "coordinates": [-73.604311, 45.54554]}}, {"type": "Feature", "properties": {"cell_id": "892baa44447ffff"}, "geometry": {"type": "Point", "coordinates": [-73.601847, 45.542806]}}, {"type": "Feature", "properties": {"cell_id": "892baa4444bffff"}, "geometry": {"type": "Point", "coordinates": [-73.609058, 45.545442]}}, {"type": "Feature", "properties": {"cell_id": "892baa4444fffff"}, "geometry": {"type": "Point", "coordinates": [-73.606594, 45.542708]}}, {"type": "Feature", "properties": {"cell_id": "892baa44453ffff"}, "geometry": {"type": "Point", "coordinates": [-73.602028, 45.548371]}}, {"type": "Feature", "properties": {"cell_id": "892baa44457ffff"}, "geometry": {"type": "Point", "coordinates": [-73.599564, 45.545637]}}, {"type": "Feature", "properties": {"cell_id": "892baa4445bffff"}, "geometry": {"type": "Point", "coordinates": [-73.606776, 45.548274]}}, {"type": "Feature", "properties": {"cell_id": "892baa44463ffff"}, "geometry": {"type": "Point", "coordinates": [-73.601665, 45.53724]}}, {"type": "Feature", "properties": {"cell_id": "892baa44467ffff"}, "geometry": {"type": "Point", "coordinates": [-73.599201, 45.534506]}}, {"type": "Feature", "properties": {"cell_id": "892baa4446bffff"}, "geometry": {"type": "Point", "coordinates": [-73.606411, 45.537142]}}, {"type": "Feature", "properties": {"cell_id": "892baa4446fffff"}, "geometry": {"type": "Point", "coordinates": [-73.603947, 45.534409]}}, {"type": "Feature", "properties": {"cell_id": "892baa44473ffff"}, "geometry": {"type": "Point", "coordinates": [-73.599382, 45.540072]}}, {"type": "Feature", "properties": {"cell_id": "892baa44477ffff"}, "geometry": {"type": "Point", "coordinates": [-73.596918, 45.537338]}}, {"type": "Feature", "properties": {"cell_id": "892baa4447bffff"}, "geometry": {"type": "Point", "coordinates": [-73.604129, 45.539974]}}, {"type": "Feature", "properties": {"cell_id": "892baa44483ffff"}, "geometry": {"type": "Point", "coordinates": [-73.583038, 45.54876]}}, {"type": "Feature", "properties": {"cell_id": "892baa44487ffff"}, "geometry": {"type": "Point", "coordinates": [-73.580575, 45.546026]}}, {"type": "Feature", "properties": {"cell_id": "892baa4448bffff"}, "geometry": {"type": "Point", "coordinates": [-73.587786, 45.548663]}}, {"type": "Feature", "properties": {"cell_id": "892baa4448fffff"}, "geometry": {"type": "Point", "coordinates": [-73.585322, 45.545929]}}, {"type": "Feature", "properties": {"cell_id": "892baa44493ffff"}, "geometry": {"type": "Point", "coordinates": [-73.580754, 45.551592]}}, {"type": "Feature", "properties": {"cell_id": "892baa44497ffff"}, "geometry": {"type": "Point", "coordinates": [-73.578291, 45.548857]}}, {"type": "Feature", "properties": {"cell_id": "892baa4449bffff"}, "geometry": {"type": "Point", "coordinates": [-73.585502, 45.551495]}}, {"type": "Feature", "properties": {"cell_id": "892baa444a3ffff"}, "geometry": {"type": "Point", "coordinates": [-73.580396, 45.54046]}}, {"type": "Feature", "properties": {"cell_id": "892baa444a7ffff"}, "geometry": {"type": "Point", "coordinates": [-73.577933, 45.537726]}}, {"type": "Feature", "properties": {"cell_id": "892baa444abffff"}, "geometry": {"type": "Point", "coordinates": [-73.585142, 45.540364]}}, {"type": "Feature", "properties": {"cell_id": "892baa444afffff"}, "geometry": {"type": "Point", "coordinates": [-73.582679, 45.537629]}}, {"type": "Feature", "properties": {"cell_id": "892baa444b3ffff"}, "geometry": {"type": "Point", "coordinates": [-73.578112, 45.543292]}}, {"type": "Feature", "properties": {"cell_id": "892baa444b7ffff"}, "geometry": {"type": "Point", "coordinates": [-73.575649, 45.540557]}}, {"type": "Feature", "properties": {"cell_id": "892baa444bbffff"}, "geometry": {"type": "Point", "coordinates": [-73.582859, 45.543195]}}, {"type": "Feature", "properties": {"cell_id": "892baa444c3ffff"}, "geometry": {"type": "Point", "coordinates": [-73.594998, 45.551301]}}, {"type": "Feature", "properties": {"cell_id": "892baa444c7ffff"}, "geometry": {"type": "Point", "coordinates": [-73.592533, 45.548566]}}, {"type": "Feature", "properties": {"cell_id": "892baa444cbffff"}, "geometry": {"type": "Point", "coordinates": [-73.599745, 45.551203]}}, {"type": "Feature", "properties": {"cell_id": "892baa444cfffff"}, "geometry": {"type": "Point", "coordinates": [-73.597281, 45.548469]}}, {"type": "Feature", "properties": {"cell_id": "892baa444d3ffff"}, "geometry": {"type": "Point", "coordinates": [-73.592714, 45.554132]}}, {"type": "Feature", "properties": {"cell_id": "892baa444d7ffff"}, "geometry": {"type": "Point", "coordinates": [-73.59025, 45.551398]}}, {"type": "Feature", "properties": {"cell_id": "892baa444dbffff"}, "geometry": {"type": "Point", "coordinates": [-73.597462, 45.554035]}}, {"type": "Feature", "properties": {"cell_id": "892baa44503ffff"}, "geometry": {"type": "Point", "coordinates": [-73.575113, 45.523862]}}, {"type": "Feature", "properties": {"cell_id": "892baa44507ffff"}, "geometry": {"type": "Point", "coordinates": [-73.572652, 45.521128]}}, {"type": "Feature", "properties": {"cell_id": "892baa4450bffff"}, "geometry": {"type": "Point", "coordinates": [-73.579858, 45.523766]}}, {"type": "Feature", "properties": {"cell_id": "892baa4450fffff"}, "geometry": {"type": "Point", "coordinates": [-73.577397, 45.521032]}}, {"type": "Feature", "properties": {"cell_id": "892baa44513ffff"}, "geometry": {"type": "Point", "coordinates": [-73.57283, 45.526693]}}, {"type": "Feature", "properties": {"cell_id": "892baa44517ffff"}, "geometry": {"type": "Point", "coordinates": [-73.570368, 45.523959]}}, {"type": "Feature", "properties": {"cell_id": "892baa4451bffff"}, "geometry": {"type": "Point", "coordinates": [-73.577575, 45.526596]}}, {"type": "Feature", "properties": {"cell_id": "892baa44523ffff"}, "geometry": {"type": "Point", "coordinates": [-73.572474, 45.515564]}}, {"type": "Feature", "properties": {"cell_id": "892baa44527ffff"}, "geometry": {"type": "Point", "coordinates": [-73.570013, 45.51283]}}, {"type": "Feature", "properties": {"cell_id": "892baa4452bffff"}, "geometry": {"type": "Point", "coordinates": [-73.577218, 45.515467]}}, {"type": "Feature", "properties": {"cell_id": "892baa4452fffff"}, "geometry": {"type": "Point", "coordinates": [-73.574757, 45.512734]}}, {"type": "Feature", "properties": {"cell_id": "892baa44533ffff"}, "geometry": {"type": "Point", "coordinates": [-73.570191, 45.518394]}}, {"type": "Feature", "properties": {"cell_id": "892baa44537ffff"}, "geometry": {"type": "Point", "coordinates": [-73.56773, 45.51566]}}, {"type": "Feature", "properties": {"cell_id": "892baa4453bffff"}, "geometry": {"type": "Point", "coordinates": [-73.574935, 45.518298]}}, {"type": "Feature", "properties": {"cell_id": "892baa44543ffff"}, "geometry": {"type": "Point", "coordinates": [-73.587066, 45.526402]}}, {"type": "Feature", "properties": {"cell_id": "892baa44547ffff"}, "geometry": {"type": "Point", "coordinates": [-73.584603, 45.523669]}}, {"type": "Feature", "properties": {"cell_id": "892baa4454bffff"}, "geometry": {"type": "Point", "coordinates": [-73.591811, 45.526305]}}, {"type": "Feature", "properties": {"cell_id": "892baa4454fffff"}, "geometry": {"type": "Point", "coordinates": [-73.589348, 45.523572]}}, {"type": "Feature", "properties": {"cell_id": "892baa44553ffff"}, "geometry": {"type": "Point", "coordinates": [-73.584783, 45.529233]}}, {"type": "Feature", "properties": {"cell_id": "892baa44557ffff"}, "geometry": {"type": "Point", "coordinates": [-73.58232, 45.526499]}}, {"type": "Feature", "properties": {"cell_id": "892baa4455bffff"}, "geometry": {"type": "Point", "coordinates": [-73.589528, 45.529136]}}, {"type": "Feature", "properties": {"cell_id": "892baa44563ffff"}, "geometry": {"type": "Point", "coordinates": [-73.584424, 45.518104]}}, {"type": "Feature", "properties": {"cell_id": "892baa44567ffff"}, "geometry": {"type": "Point", "coordinates": [-73.581962, 45.515371]}}, {"type": "Feature", "properties": {"cell_id": "892baa4456bffff"}, "geometry": {"type": "Point", "coordinates": [-73.589168, 45.518007]}}, {"type": "Feature", "properties": {"cell_id": "892baa4456fffff"}, "geometry": {"type": "Point", "coordinates": [-73.586706, 45.515274]}}, {"type": "Feature", "properties": {"cell_id": "892baa44573ffff"}, "geometry": {"type": "Point", "coordinates": [-73.582141, 45.520935]}}, {"type": "Feature", "properties": {"cell_id": "892baa44577ffff"}, "geometry": {"type": "Point", "coordinates": [-73.579679, 45.518201]}}, {"type": "Feature", "properties": {"cell_id": "892baa4457bffff"}, "geometry": {"type": "Point", "coordinates": [-73.586886, 45.520838]}}, {"type": "Feature", "properties": {"cell_id": "892baa44583ffff"}, "geometry": {"type": "Point", "coordinates": [-73.565801, 45.52962]}}, {"type": "Feature", "properties": {"cell_id": "892baa44587ffff"}, "geometry": {"type": "Point", "coordinates": [-73.56334, 45.526885]}}, {"type": "Feature", "properties": {"cell_id": "892baa4458bffff"}, "geometry": {"type": "Point", "coordinates": [-73.570546, 45.529523]}}, {"type": "Feature", "properties": {"cell_id": "892baa4458fffff"}, "geometry": {"type": "Point", "coordinates": [-73.568085, 45.526789]}}, {"type": "Feature", "properties": {"cell_id": "892baa44593ffff"}, "geometry": {"type": "Point", "coordinates": [-73.563517, 45.53245]}}, {"type": "Feature", "properties": {"cell_id": "892baa44597ffff"}, "geometry": {"type": "Point", "coordinates": [-73.561055, 45.529716]}}, {"type": "Feature", "properties": {"cell_id": "892baa4459bffff"}, "geometry": {"type": "Point", "coordinates": [-73.568262, 45.532354]}}, {"type": "Feature", "properties": {"cell_id": "892baa445a3ffff"}, "geometry": {"type": "Point", "coordinates": [-73.563163, 45.521321]}}, {"type": "Feature", "properties": {"cell_id": "892baa445a7ffff"}, "geometry": {"type": "Point", "coordinates": [-73.560702, 45.518587]}}, {"type": "Feature", "properties": {"cell_id": "892baa445abffff"}, "geometry": {"type": "Point", "coordinates": [-73.567907, 45.521225]}}, {"type": "Feature", "properties": {"cell_id": "892baa445afffff"}, "geometry": {"type": "Point", "coordinates": [-73.565446, 45.518491]}}, {"type": "Feature", "properties": {"cell_id": "892baa445b3ffff"}, "geometry": {"type": "Point", "coordinates": [-73.560879, 45.524151]}}, {"type": "Feature", "properties": {"cell_id": "892baa445b7ffff"}, "geometry": {"type": "Point", "coordinates": [-73.558418, 45.521417]}}, {"type": "Feature", "properties": {"cell_id": "892baa445bbffff"}, "geometry": {"type": "Point", "coordinates": [-73.565624, 45.524055]}}, {"type": "Feature", "properties": {"cell_id": "892baa445c3ffff"}, "geometry": {"type": "Point", "coordinates": [-73.577754, 45.532161]}}, {"type": "Feature", "properties": {"cell_id": "892baa445c7ffff"}, "geometry": {"type": "Point", "coordinates": [-73.575292, 45.529427]}}, {"type": "Feature", "properties": {"cell_id": "892baa445cbffff"}, "geometry": {"type": "Point", "coordinates": [-73.5825, 45.532064]}}, {"type": "Feature", "properties": {"cell_id": "892baa445cfffff"}, "geometry": {"type": "Point", "coordinates": [-73.580037, 45.52933]}}, {"type": "Feature", "properties": {"cell_id": "892baa445d3ffff"}, "geometry": {"type": "Point", "coordinates": [-73.57547, 45.534992]}}, {"type": "Feature", "properties": {"cell_id": "892baa445d7ffff"}, "geometry": {"type": "Point", "coordinates": [-73.573008, 45.532258]}}, {"type": "Feature", "properties": {"cell_id": "892baa445dbffff"}, "geometry": {"type": "Point", "coordinates": [-73.580216, 45.534895]}}, {"type": "Feature", "properties": {"cell_id": "892baa44603ffff"}, "geometry": {"type": "Point", "coordinates": [-73.625582, 45.542315]}}, {"type": "Feature", "properties": {"cell_id": "892baa44607ffff"}, "geometry": {"type": "Point", "coordinates": [-73.623116, 45.539581]}}, {"type": "Feature", "properties": {"cell_id": "892baa4460bffff"}, "geometry": {"type": "Point", "coordinates": [-73.630328, 45.542216]}}, {"type": "Feature", "properties": {"cell_id": "892baa4460fffff"}, "geometry": {"type": "Point", "coordinates": [-73.627862, 45.539483]}}, {"type": "Feature", "properties": {"cell_id": "892baa44613ffff"}, "geometry": {"type": "Point", "coordinates": [-73.6233, 45.545147]}}, {"type": "Feature", "properties": {"cell_id": "892baa44617ffff"}, "geometry": {"type": "Point", "coordinates": [-73.620835, 45.542413]}}, {"type": "Feature", "properties": {"cell_id": "892baa4461bffff"}, "geometry": {"type": "Point", "coordinates": [-73.628048, 45.545048]}}, {"type": "Feature", "properties": {"cell_id": "892baa44623ffff"}, "geometry": {"type": "Point", "coordinates": [-73.622931, 45.534016]}}, {"type": "Feature", "properties": {"cell_id": "892baa44627ffff"}, "geometry": {"type": "Point", "coordinates": [-73.620466, 45.531283]}}, {"type": "Feature", "properties": {"cell_id": "892baa4462bffff"}, "geometry": {"type": "Point", "coordinates": [-73.627677, 45.533917]}}, {"type": "Feature", "properties": {"cell_id": "892baa4462fffff"}, "geometry": {"type": "Point", "coordinates": [-73.625212, 45.531184]}}, {"type": "Feature", "properties": {"cell_id": "892baa44633ffff"}, "geometry": {"type": "Point", "coordinates": [-73.62065, 45.536848]}}, {"type": "Feature", "properties": {"cell_id": "892baa44637ffff"}, "geometry": {"type": "Point", "coordinates": [-73.618185, 45.534115]}}, {"type": "Feature", "properties": {"cell_id": "892baa4463bffff"}, "geometry": {"type": "Point", "coordinates": [-73.625397, 45.536749]}}, {"type": "Feature", "properties": {"cell_id": "892baa44643ffff"}, "geometry": {"type": "Point", "coordinates": [-73.637542, 45.54485]}}, {"type": "Feature", "properties": {"cell_id": "892baa44647ffff"}, "geometry": {"type": "Point", "coordinates": [-73.635075, 45.542117]}}, {"type": "Feature", "properties": {"cell_id": "892baa4464bffff"}, "geometry": {"type": "Point", "coordinates": [-73.642289, 45.544751]}}, {"type": "Feature", "properties": {"cell_id": "892baa4464fffff"}, "geometry": {"type": "Point", "coordinates": [-73.639822, 45.542018]}}, {"type": "Feature", "properties": {"cell_id": "892baa44653ffff"}, "geometry": {"type": "Point", "coordinates": [-73.635261, 45.547683]}}, {"type": "Feature", "properties": {"cell_id": "892baa44657ffff"}, "geometry": {"type": "Point", "coordinates": [-73.632795, 45.544949]}}, {"type": "Feature", "properties": {"cell_id": "892baa4465bffff"}, "geometry": {"type": "Point", "coordinates": [-73.640009, 45.547584]}}, {"type": "Feature", "properties": {"cell_id": "892baa44663ffff"}, "geometry": {"type": "Point", "coordinates": [-73.634889, 45.536552]}}, {"type": "Feature", "properties": {"cell_id": "892baa44667ffff"}, "geometry": {"type": "Point", "coordinates": [-73.632423, 45.533819]}}, {"type": "Feature", "properties": {"cell_id": "892baa4466bffff"}, "geometry": {"type": "Point", "coordinates": [-73.639636, 45.536452]}}, {"type": "Feature", "properties": {"cell_id": "892baa4466fffff"}, "geometry": {"type": "Point", "coordinates": [-73.63717, 45.533719]}}, {"type": "Feature", "properties": {"cell_id": "892baa44673ffff"}, "geometry": {"type": "Point", "coordinates": [-73.632609, 45.539384]}}, {"type": "Feature", "properties": {"cell_id": "892baa44677ffff"}, "geometry": {"type": "Point", "coordinates": [-73.630143, 45.536651]}}, {"type": "Feature", "properties": {"cell_id": "892baa4467bffff"}, "geometry": {"type": "Point", "coordinates": [-73.637356, 45.539285]}}, {"type": "Feature", "properties": {"cell_id": "892baa44683ffff"}, "geometry": {"type": "Point", "coordinates": [-73.616271, 45.548077]}}, {"type": "Feature", "properties": {"cell_id": "892baa44687ffff"}, "geometry": {"type": "Point", "coordinates": [-73.613806, 45.545344]}}, {"type": "Feature", "properties": {"cell_id": "892baa4468bffff"}, "geometry": {"type": "Point", "coordinates": [-73.621019, 45.547979]}}, {"type": "Feature", "properties": {"cell_id": "892baa4468fffff"}, "geometry": {"type": "Point", "coordinates": [-73.618553, 45.545245]}}, {"type": "Feature", "properties": {"cell_id": "892baa44693ffff"}, "geometry": {"type": "Point", "coordinates": [-73.613989, 45.550909]}}, {"type": "Feature", "properties": {"cell_id": "892baa44697ffff"}, "geometry": {"type": "Point", "coordinates": [-73.611524, 45.548176]}}, {"type": "Feature", "properties": {"cell_id": "892baa4469bffff"}, "geometry": {"type": "Point", "coordinates": [-73.618737, 45.550811]}}, {"type": "Feature", "properties": {"cell_id": "892baa446a3ffff"}, "geometry": {"type": "Point", "coordinates": [-73.613622, 45.539778]}}, {"type": "Feature", "properties": {"cell_id": "892baa446a7ffff"}, "geometry": {"type": "Point", "coordinates": [-73.611158, 45.537044]}}, {"type": "Feature", "properties": {"cell_id": "892baa446abffff"}, "geometry": {"type": "Point", "coordinates": [-73.618369, 45.53968]}}, {"type": "Feature", "properties": {"cell_id": "892baa446afffff"}, "geometry": {"type": "Point", "coordinates": [-73.615904, 45.536946]}}, {"type": "Feature", "properties": {"cell_id": "892baa446b3ffff"}, "geometry": {"type": "Point", "coordinates": [-73.611341, 45.54261]}}, {"type": "Feature", "properties": {"cell_id": "892baa446b7ffff"}, "geometry": {"type": "Point", "coordinates": [-73.608876, 45.539876]}}, {"type": "Feature", "properties": {"cell_id": "892baa446bbffff"}, "geometry": {"type": "Point", "coordinates": [-73.616088, 45.542512]}}, {"type": "Feature", "properties": {"cell_id": "892baa446c3ffff"}, "geometry": {"type": "Point", "coordinates": [-73.628233, 45.550614]}}, {"type": "Feature", "properties": {"cell_id": "892baa446c7ffff"}, "geometry": {"type": "Point", "coordinates": [-73.625766, 45.54788]}}, {"type": "Feature", "properties": {"cell_id": "892baa446cbffff"}, "geometry": {"type": "Point", "coordinates": [-73.632981, 45.550515]}}, {"type": "Feature", "properties": {"cell_id": "892baa446cfffff"}, "geometry": {"type": "Point", "coordinates": [-73.630514, 45.547782]}}, {"type": "Feature", "properties": {"cell_id": "892baa446d3ffff"}, "geometry": {"type": "Point", "coordinates": [-73.625951, 45.553446]}}, {"type": "Feature", "properties": {"cell_id": "892baa446d7ffff"}, "geometry": {"type": "Point", "coordinates": [-73.623485, 45.550713]}}, {"type": "Feature", "properties": {"cell_id": "892baa446dbffff"}, "geometry": {"type": "Point", "coordinates": [-73.630699, 45.553348]}}, {"type": "Feature", "properties": {"cell_id": "892baa44803ffff"}, "geometry": {"type": "Point", "coordinates": [-73.589828, 45.465111]}}, {"type": "Feature", "properties": {"cell_id": "892baa44807ffff"}, "geometry": {"type": "Point", "coordinates": [-73.587369, 45.462379]}}, {"type": "Feature", "properties": {"cell_id": "892baa4480bffff"}, "geometry": {"type": "Point", "coordinates": [-73.594567, 45.465014]}}, {"type": "Feature", "properties": {"cell_id": "892baa4480fffff"}, "geometry": {"type": "Point", "coordinates": [-73.592107, 45.462282]}}, {"type": "Feature", "properties": {"cell_id": "892baa44813ffff"}, "geometry": {"type": "Point", "coordinates": [-73.587548, 45.467941]}}, {"type": "Feature", "properties": {"cell_id": "892baa44817ffff"}, "geometry": {"type": "Point", "coordinates": [-73.585089, 45.465208]}}, {"type": "Feature", "properties": {"cell_id": "892baa4481bffff"}, "geometry": {"type": "Point", "coordinates": [-73.592287, 45.467843]}}, {"type": "Feature", "properties": {"cell_id": "892baa44823ffff"}, "geometry": {"type": "Point", "coordinates": [-73.587189, 45.456818]}}, {"type": "Feature", "properties": {"cell_id": "892baa44827ffff"}, "geometry": {"type": "Point", "coordinates": [-73.584731, 45.454086]}}, {"type": "Feature", "properties": {"cell_id": "892baa4482bffff"}, "geometry": {"type": "Point", "coordinates": [-73.591927, 45.456721]}}, {"type": "Feature", "properties": {"cell_id": "892baa4482fffff"}, "geometry": {"type": "Point", "coordinates": [-73.589468, 45.453989]}}, {"type": "Feature", "properties": {"cell_id": "892baa44833ffff"}, "geometry": {"type": "Point", "coordinates": [-73.58491, 45.459647]}}, {"type": "Feature", "properties": {"cell_id": "892baa44837ffff"}, "geometry": {"type": "Point", "coordinates": [-73.582451, 45.456915]}}, {"type": "Feature", "properties": {"cell_id": "892baa4483bffff"}, "geometry": {"type": "Point", "coordinates": [-73.589648, 45.45955]}}, {"type": "Feature", "properties": {"cell_id": "892baa44843ffff"}, "geometry": {"type": "Point", "coordinates": [-73.601765, 45.467648]}}, {"type": "Feature", "properties": {"cell_id": "892baa44847ffff"}, "geometry": {"type": "Point", "coordinates": [-73.599305, 45.464916]}}, {"type": "Feature", "properties": {"cell_id": "892baa4484bffff"}, "geometry": {"type": "Point", "coordinates": [-73.606504, 45.46755]}}, {"type": "Feature", "properties": {"cell_id": "892baa4484fffff"}, "geometry": {"type": "Point", "coordinates": [-73.604044, 45.464819]}}, {"type": "Feature", "properties": {"cell_id": "892baa44853ffff"}, "geometry": {"type": "Point", "coordinates": [-73.599487, 45.470478]}}, {"type": "Feature", "properties": {"cell_id": "892baa44857ffff"}, "geometry": {"type": "Point", "coordinates": [-73.597026, 45.467746]}}, {"type": "Feature", "properties": {"cell_id": "892baa4485bffff"}, "geometry": {"type": "Point", "coordinates": [-73.604226, 45.47038]}}, {"type": "Feature", "properties": {"cell_id": "892baa44863ffff"}, "geometry": {"type": "Point", "coordinates": [-73.599124, 45.459355]}}, {"type": "Feature", "properties": {"cell_id": "892baa44867ffff"}, "geometry": {"type": "Point", "coordinates": [-73.596665, 45.456623]}}, {"type": "Feature", "properties": {"cell_id": "892baa4486bffff"}, "geometry": {"type": "Point", "coordinates": [-73.603862, 45.459257]}}, {"type": "Feature", "properties": {"cell_id": "892baa4486fffff"}, "geometry": {"type": "Point", "coordinates": [-73.601403, 45.456526]}}, {"type": "Feature", "properties": {"cell_id": "892baa44873ffff"}, "geometry": {"type": "Point", "coordinates": [-73.596846, 45.462184]}}, {"type": "Feature", "properties": {"cell_id": "892baa44877ffff"}, "geometry": {"type": "Point", "coordinates": [-73.594386, 45.459452]}}, {"type": "Feature", "properties": {"cell_id": "892baa4487bffff"}, "geometry": {"type": "Point", "coordinates": [-73.601584, 45.462087]}}, {"type": "Feature", "properties": {"cell_id": "892baa44883ffff"}, "geometry": {"type": "Point", "coordinates": [-73.580529, 45.470867]}}, {"type": "Feature", "properties": {"cell_id": "892baa44887ffff"}, "geometry": {"type": "Point", "coordinates": [-73.57807, 45.468135]}}, {"type": "Feature", "properties": {"cell_id": "892baa4488bffff"}, "geometry": {"type": "Point", "coordinates": [-73.585269, 45.47077]}}, {"type": "Feature", "properties": {"cell_id": "892baa4488fffff"}, "geometry": {"type": "Point", "coordinates": [-73.582809, 45.468038]}}, {"type": "Feature", "properties": {"cell_id": "892baa44893ffff"}, "geometry": {"type": "Point", "coordinates": [-73.578249, 45.473696]}}, {"type": "Feature", "properties": {"cell_id": "892baa44897ffff"}, "geometry": {"type": "Point", "coordinates": [-73.57579, 45.470964]}}, {"type": "Feature", "properties": {"cell_id": "892baa4489bffff"}, "geometry": {"type": "Point", "coordinates": [-73.582989, 45.473599]}}, {"type": "Feature", "properties": {"cell_id": "892baa448a3ffff"}, "geometry": {"type": "Point", "coordinates": [-73.577892, 45.462573]}}, {"type": "Feature", "properties": {"cell_id": "892baa448a7ffff"}, "geometry": {"type": "Point", "coordinates": [-73.575434, 45.459841]}}, {"type": "Feature", "properties": {"cell_id": "892baa448abffff"}, "geometry": {"type": "Point", "coordinates": [-73.58263, 45.462476]}}, {"type": "Feature", "properties": {"cell_id": "892baa448afffff"}, "geometry": {"type": "Point", "coordinates": [-73.580172, 45.459744]}}, {"type": "Feature", "properties": {"cell_id": "892baa448b3ffff"}, "geometry": {"type": "Point", "coordinates": [-73.575612, 45.465402]}}, {"type": "Feature", "properties": {"cell_id": "892baa448b7ffff"}, "geometry": {"type": "Point", "coordinates": [-73.573154, 45.46267]}}, {"type": "Feature", "properties": {"cell_id": "892baa448bbffff"}, "geometry": {"type": "Point", "coordinates": [-73.580351, 45.465305]}}, {"type": "Feature", "properties": {"cell_id": "892baa448c3ffff"}, "geometry": {"type": "Point", "coordinates": [-73.592468, 45.473405]}}, {"type": "Feature", "properties": {"cell_id": "892baa448c7ffff"}, "geometry": {"type": "Point", "coordinates": [-73.590008, 45.470673]}}, {"type": "Feature", "properties": {"cell_id": "892baa448cbffff"}, "geometry": {"type": "Point", "coordinates": [-73.597207, 45.473308]}}, {"type": "Feature", "properties": {"cell_id": "892baa448cfffff"}, "geometry": {"type": "Point", "coordinates": [-73.594747, 45.470575]}}, {"type": "Feature", "properties": {"cell_id": "892baa448d3ffff"}, "geometry": {"type": "Point", "coordinates": [-73.590188, 45.476235]}}, {"type": "Feature", "properties": {"cell_id": "892baa448d7ffff"}, "geometry": {"type": "Point", "coordinates": [-73.587728, 45.473502]}}, {"type": "Feature", "properties": {"cell_id": "892baa448dbffff"}, "geometry": {"type": "Point", "coordinates": [-73.594928, 45.476137]}}, {"type": "Feature", "properties": {"cell_id": "892baa44943ffff"}, "geometry": {"type": "Point", "coordinates": [-73.584551, 45.448525]}}, {"type": "Feature", "properties": {"cell_id": "892baa4494bffff"}, "geometry": {"type": "Point", "coordinates": [-73.589288, 45.448428]}}, {"type": "Feature", "properties": {"cell_id": "892baa4494fffff"}, "geometry": {"type": "Point", "coordinates": [-73.58683, 45.445696]}}, {"type": "Feature", "properties": {"cell_id": "892baa44953ffff"}, "geometry": {"type": "Point", "coordinates": [-73.582272, 45.451354]}}, {"type": "Feature", "properties": {"cell_id": "892baa4495bffff"}, "geometry": {"type": "Point", "coordinates": [-73.587009, 45.451257]}}, {"type": "Feature", "properties": {"cell_id": "892baa4499bffff"}, "geometry": {"type": "Point", "coordinates": [-73.56578, 45.454473]}}, {"type": "Feature", "properties": {"cell_id": "892baa449c3ffff"}, "geometry": {"type": "Point", "coordinates": [-73.575255, 45.45428]}}, {"type": "Feature", "properties": {"cell_id": "892baa449cbffff"}, "geometry": {"type": "Point", "coordinates": [-73.579993, 45.454183]}}, {"type": "Feature", "properties": {"cell_id": "892baa449cfffff"}, "geometry": {"type": "Point", "coordinates": [-73.577535, 45.451451]}}, {"type": "Feature", "properties": {"cell_id": "892baa449d3ffff"}, "geometry": {"type": "Point", "coordinates": [-73.572976, 45.457108]}}, {"type": "Feature", "properties": {"cell_id": "892baa449d7ffff"}, "geometry": {"type": "Point", "coordinates": [-73.570518, 45.454376]}}, {"type": "Feature", "properties": {"cell_id": "892baa449dbffff"}, "geometry": {"type": "Point", "coordinates": [-73.577713, 45.457012]}}, {"type": "Feature", "properties": {"cell_id": "892baa44a03ffff"}, "geometry": {"type": "Point", "coordinates": [-73.622999, 45.464426]}}, {"type": "Feature", "properties": {"cell_id": "892baa44a07ffff"}, "geometry": {"type": "Point", "coordinates": [-73.620538, 45.461694]}}, {"type": "Feature", "properties": {"cell_id": "892baa44a0bffff"}, "geometry": {"type": "Point", "coordinates": [-73.627738, 45.464327]}}, {"type": "Feature", "properties": {"cell_id": "892baa44a0fffff"}, "geometry": {"type": "Point", "coordinates": [-73.625276, 45.461596]}}, {"type": "Feature", "properties": {"cell_id": "892baa44a13ffff"}, "geometry": {"type": "Point", "coordinates": [-73.620721, 45.467256]}}, {"type": "Feature", "properties": {"cell_id": "892baa44a17ffff"}, "geometry": {"type": "Point", "coordinates": [-73.61826, 45.464524]}}, {"type": "Feature", "properties": {"cell_id": "892baa44a1bffff"}, "geometry": {"type": "Point", "coordinates": [-73.62546, 45.467157]}}, {"type": "Feature", "properties": {"cell_id": "892baa44a23ffff"}, "geometry": {"type": "Point", "coordinates": [-73.620354, 45.456133]}}, {"type": "Feature", "properties": {"cell_id": "892baa44a27ffff"}, "geometry": {"type": "Point", "coordinates": [-73.617893, 45.453402]}}, {"type": "Feature", "properties": {"cell_id": "892baa44a2bffff"}, "geometry": {"type": "Point", "coordinates": [-73.625092, 45.456034]}}, {"type": "Feature", "properties": {"cell_id": "892baa44a2fffff"}, "geometry": {"type": "Point", "coordinates": [-73.622631, 45.453303]}}, {"type": "Feature", "properties": {"cell_id": "892baa44a33ffff"}, "geometry": {"type": "Point", "coordinates": [-73.618077, 45.458963]}}, {"type": "Feature", "properties": {"cell_id": "892baa44a37ffff"}, "geometry": {"type": "Point", "coordinates": [-73.615616, 45.456231]}}, {"type": "Feature", "properties": {"cell_id": "892baa44a3bffff"}, "geometry": {"type": "Point", "coordinates": [-73.622815, 45.458864]}}, {"type": "Feature", "properties": {"cell_id": "892baa44a43ffff"}, "geometry": {"type": "Point", "coordinates": [-73.634938, 45.466959]}}, {"type": "Feature", "properties": {"cell_id": "892baa44a47ffff"}, "geometry": {"type": "Point", "coordinates": [-73.632476, 45.464228]}}, {"type": "Feature", "properties": {"cell_id": "892baa44a4bffff"}, "geometry": {"type": "Point", "coordinates": [-73.639677, 45.46686]}}, {"type": "Feature", "properties": {"cell_id": "892baa44a4fffff"}, "geometry": {"type": "Point", "coordinates": [-73.637215, 45.464129]}}, {"type": "Feature", "properties": {"cell_id": "892baa44a53ffff"}, "geometry": {"type": "Point", "coordinates": [-73.632662, 45.46979]}}, {"type": "Feature", "properties": {"cell_id": "892baa44a57ffff"}, "geometry": {"type": "Point", "coordinates": [-73.630199, 45.467058]}}, {"type": "Feature", "properties": {"cell_id": "892baa44a5bffff"}, "geometry": {"type": "Point", "coordinates": [-73.637401, 45.46969]}}, {"type": "Feature", "properties": {"cell_id": "892baa44a63ffff"}, "geometry": {"type": "Point", "coordinates": [-73.632291, 45.458667]}}, {"type": "Feature", "properties": {"cell_id": "892baa44a67ffff"}, "geometry": {"type": "Point", "coordinates": [-73.629829, 45.455936]}}, {"type": "Feature", "properties": {"cell_id": "892baa44a6bffff"}, "geometry": {"type": "Point", "coordinates": [-73.637029, 45.458567]}}, {"type": "Feature", "properties": {"cell_id": "892baa44a6fffff"}, "geometry": {"type": "Point", "coordinates": [-73.634567, 45.455836]}}, {"type": "Feature", "properties": {"cell_id": "892baa44a73ffff"}, "geometry": {"type": "Point", "coordinates": [-73.630014, 45.461497]}}, {"type": "Feature", "properties": {"cell_id": "892baa44a77ffff"}, "geometry": {"type": "Point", "coordinates": [-73.627553, 45.458766]}}, {"type": "Feature", "properties": {"cell_id": "892baa44a7bffff"}, "geometry": {"type": "Point", "coordinates": [-73.634753, 45.461398]}}, {"type": "Feature", "properties": {"cell_id": "892baa44a83ffff"}, "geometry": {"type": "Point", "coordinates": [-73.613704, 45.470184]}}, {"type": "Feature", "properties": {"cell_id": "892baa44a87ffff"}, "geometry": {"type": "Point", "coordinates": [-73.611243, 45.467452]}}, {"type": "Feature", "properties": {"cell_id": "892baa44a8bffff"}, "geometry": {"type": "Point", "coordinates": [-73.618444, 45.470086]}}, {"type": "Feature", "properties": {"cell_id": "892baa44a8fffff"}, "geometry": {"type": "Point", "coordinates": [-73.615982, 45.467354]}}, {"type": "Feature", "properties": {"cell_id": "892baa44a93ffff"}, "geometry": {"type": "Point", "coordinates": [-73.611426, 45.473014]}}, {"type": "Feature", "properties": {"cell_id": "892baa44a97ffff"}, "geometry": {"type": "Point", "coordinates": [-73.608965, 45.470282]}}, {"type": "Feature", "properties": {"cell_id": "892baa44a9bffff"}, "geometry": {"type": "Point", "coordinates": [-73.616166, 45.472916]}}, {"type": "Feature", "properties": {"cell_id": "892baa44aa3ffff"}, "geometry": {"type": "Point", "coordinates": [-73.611061, 45.461891]}}, {"type": "Feature", "properties": {"cell_id": "892baa44aa7ffff"}, "geometry": {"type": "Point", "coordinates": [-73.6086, 45.459159]}}, {"type": "Feature", "properties": {"cell_id": "892baa44aabffff"}, "geometry": {"type": "Point", "coordinates": [-73.615799, 45.461793]}}, {"type": "Feature", "properties": {"cell_id": "892baa44aafffff"}, "geometry": {"type": "Point", "coordinates": [-73.613339, 45.459061]}}, {"type": "Feature", "properties": {"cell_id": "892baa44ab3ffff"}, "geometry": {"type": "Point", "coordinates": [-73.608783, 45.464721]}}, {"type": "Feature", "properties": {"cell_id": "892baa44ab7ffff"}, "geometry": {"type": "Point", "coordinates": [-73.606322, 45.461989]}}, {"type": "Feature", "properties": {"cell_id": "892baa44abbffff"}, "geometry": {"type": "Point", "coordinates": [-73.613521, 45.464622]}}, {"type": "Feature", "properties": {"cell_id": "892baa44ac3ffff"}, "geometry": {"type": "Point", "coordinates": [-73.625645, 45.472719]}}, {"type": "Feature", "properties": {"cell_id": "892baa44ac7ffff"}, "geometry": {"type": "Point", "coordinates": [-73.623183, 45.469987]}}, {"type": "Feature", "properties": {"cell_id": "892baa44acbffff"}, "geometry": {"type": "Point", "coordinates": [-73.630384, 45.47262]}}, {"type": "Feature", "properties": {"cell_id": "892baa44acfffff"}, "geometry": {"type": "Point", "coordinates": [-73.627922, 45.469888]}}, {"type": "Feature", "properties": {"cell_id": "892baa44ad3ffff"}, "geometry": {"type": "Point", "coordinates": [-73.623367, 45.475549]}}, {"type": "Feature", "properties": {"cell_id": "892baa44ad7ffff"}, "geometry": {"type": "Point", "coordinates": [-73.620905, 45.472817]}}, {"type": "Feature", "properties": {"cell_id": "892baa44adbffff"}, "geometry": {"type": "Point", "coordinates": [-73.628107, 45.47545]}}, {"type": "Feature", "properties": {"cell_id": "892baa44b03ffff"}, "geometry": {"type": "Point", "coordinates": [-73.605776, 45.445306]}}, {"type": "Feature", "properties": {"cell_id": "892baa44b07ffff"}, "geometry": {"type": "Point", "coordinates": [-73.603317, 45.442575]}}, {"type": "Feature", "properties": {"cell_id": "892baa44b0bffff"}, "geometry": {"type": "Point", "coordinates": [-73.610513, 45.445208]}}, {"type": "Feature", "properties": {"cell_id": "892baa44b0fffff"}, "geometry": {"type": "Point", "coordinates": [-73.608054, 45.442477]}}, {"type": "Feature", "properties": {"cell_id": "892baa44b13ffff"}, "geometry": {"type": "Point", "coordinates": [-73.603499, 45.448135]}}, {"type": "Feature", "properties": {"cell_id": "892baa44b17ffff"}, "geometry": {"type": "Point", "coordinates": [-73.60104, 45.445404]}}, {"type": "Feature", "properties": {"cell_id": "892baa44b1bffff"}, "geometry": {"type": "Point", "coordinates": [-73.608236, 45.448037]}}, {"type": "Feature", "properties": {"cell_id": "892baa44b23ffff"}, "geometry": {"type": "Point", "coordinates": [-73.603136, 45.437015]}}, {"type": "Feature", "properties": {"cell_id": "892baa44b2bffff"}, "geometry": {"type": "Point", "coordinates": [-73.607871, 45.436917]}}, {"type": "Feature", "properties": {"cell_id": "892baa44b2fffff"}, "geometry": {"type": "Point", "coordinates": [-73.605413, 45.434186]}}, {"type": "Feature", "properties": {"cell_id": "892baa44b33ffff"}, "geometry": {"type": "Point", "coordinates": [-73.600858, 45.439844]}}, {"type": "Feature", "properties": {"cell_id": "892baa44b3bffff"}, "geometry": {"type": "Point", "coordinates": [-73.605594, 45.439746]}}, {"type": "Feature", "properties": {"cell_id": "892baa44b43ffff"}, "geometry": {"type": "Point", "coordinates": [-73.61771, 45.447841]}}, {"type": "Feature", "properties": {"cell_id": "892baa44b47ffff"}, "geometry": {"type": "Point", "coordinates": [-73.61525, 45.44511]}}, {"type": "Feature", "properties": {"cell_id": "892baa44b4bffff"}, "geometry": {"type": "Point", "coordinates": [-73.622447, 45.447742]}}, {"type": "Feature", "properties": {"cell_id": "892baa44b4fffff"}, "geometry": {"type": "Point", "coordinates": [-73.619986, 45.445011]}}, {"type": "Feature", "properties": {"cell_id": "892baa44b53ffff"}, "geometry": {"type": "Point", "coordinates": [-73.615433, 45.45067]}}, {"type": "Feature", "properties": {"cell_id": "892baa44b57ffff"}, "geometry": {"type": "Point", "coordinates": [-73.612973, 45.447939]}}, {"type": "Feature", "properties": {"cell_id": "892baa44b5bffff"}, "geometry": {"type": "Point", "coordinates": [-73.62017, 45.450572]}}, {"type": "Feature", "properties": {"cell_id": "892baa44b63ffff"}, "geometry": {"type": "Point", "coordinates": [-73.615067, 45.43955]}}, {"type": "Feature", "properties": {"cell_id": "892baa44b67ffff"}, "geometry": {"type": "Point", "coordinates": [-73.612607, 45.436819]}}, {"type": "Feature", "properties": {"cell_id": "892baa44b6bffff"}, "geometry": {"type": "Point", "coordinates": [-73.619803, 45.439451]}}, {"type": "Feature", "properties": {"cell_id": "892baa44b6fffff"}, "geometry": {"type": "Point", "coordinates": [-73.617343, 45.43672]}}, {"type": "Feature", "properties": {"cell_id": "892baa44b73ffff"}, "geometry": {"type": "Point", "coordinates": [-73.61279, 45.442379]}}, {"type": "Feature", "properties": {"cell_id": "892baa44b77ffff"}, "geometry": {"type": "Point", "coordinates": [-73.610331, 45.439648]}}, {"type": "Feature", "properties": {"cell_id": "892baa44b7bffff"}, "geometry": {"type": "Point", "coordinates": [-73.617526, 45.44228]}}, {"type": "Feature", "properties": {"cell_id": "892baa44b83ffff"}, "geometry": {"type": "Point", "coordinates": [-73.596484, 45.451062]}}, {"type": "Feature", "properties": {"cell_id": "892baa44b87ffff"}, "geometry": {"type": "Point", "coordinates": [-73.594025, 45.448331]}}, {"type": "Feature", "properties": {"cell_id": "892baa44b8bffff"}, "geometry": {"type": "Point", "coordinates": [-73.601221, 45.450965]}}, {"type": "Feature", "properties": {"cell_id": "892baa44b8fffff"}, "geometry": {"type": "Point", "coordinates": [-73.598762, 45.448233]}}, {"type": "Feature", "properties": {"cell_id": "892baa44b93ffff"}, "geometry": {"type": "Point", "coordinates": [-73.594206, 45.453891]}}, {"type": "Feature", "properties": {"cell_id": "892baa44b97ffff"}, "geometry": {"type": "Point", "coordinates": [-73.591747, 45.45116]}}, {"type": "Feature", "properties": {"cell_id": "892baa44b9bffff"}, "geometry": {"type": "Point", "coordinates": [-73.598943, 45.453794]}}, {"type": "Feature", "properties": {"cell_id": "892baa44ba3ffff"}, "geometry": {"type": "Point", "coordinates": [-73.593845, 45.44277]}}, {"type": "Feature", "properties": {"cell_id": "892baa44babffff"}, "geometry": {"type": "Point", "coordinates": [-73.598581, 45.442673]}}, {"type": "Feature", "properties": {"cell_id": "892baa44bafffff"}, "geometry": {"type": "Point", "coordinates": [-73.596122, 45.439941]}}, {"type": "Feature", "properties": {"cell_id": "892baa44bb3ffff"}, "geometry": {"type": "Point", "coordinates": [-73.591567, 45.445599]}}, {"type": "Feature", "properties": {"cell_id": "892baa44bbbffff"}, "geometry": {"type": "Point", "coordinates": [-73.596303, 45.445502]}}, {"type": "Feature", "properties": {"cell_id": "892baa44bc3ffff"}, "geometry": {"type": "Point", "coordinates": [-73.608418, 45.453598]}}, {"type": "Feature", "properties": {"cell_id": "892baa44bc7ffff"}, "geometry": {"type": "Point", "coordinates": [-73.605958, 45.450867]}}, {"type": "Feature", "properties": {"cell_id": "892baa44bcbffff"}, "geometry": {"type": "Point", "coordinates": [-73.613156, 45.4535]}}, {"type": "Feature", "properties": {"cell_id": "892baa44bcfffff"}, "geometry": {"type": "Point", "coordinates": [-73.610696, 45.450769]}}, {"type": "Feature", "properties": {"cell_id": "892baa44bd3ffff"}, "geometry": {"type": "Point", "coordinates": [-73.60614, 45.456428]}}, {"type": "Feature", "properties": {"cell_id": "892baa44bd7ffff"}, "geometry": {"type": "Point", "coordinates": [-73.603681, 45.453696]}}, {"type": "Feature", "properties": {"cell_id": "892baa44bdbffff"}, "geometry": {"type": "Point", "coordinates": [-73.610878, 45.45633]}}, {"type": "Feature", "properties": {"cell_id": "892baa44c03ffff"}, "geometry": {"type": "Point", "coordinates": [-73.573866, 45.484917]}}, {"type": "Feature", "properties": {"cell_id": "892baa44c07ffff"}, "geometry": {"type": "Point", "coordinates": [-73.571406, 45.482184]}}, {"type": "Feature", "properties": {"cell_id": "892baa44c0bffff"}, "geometry": {"type": "Point", "coordinates": [-73.578606, 45.484821]}}, {"type": "Feature", "properties": {"cell_id": "892baa44c0fffff"}, "geometry": {"type": "Point", "coordinates": [-73.576147, 45.482088]}}, {"type": "Feature", "properties": {"cell_id": "892baa44c13ffff"}, "geometry": {"type": "Point", "coordinates": [-73.571584, 45.487747]}}, {"type": "Feature", "properties": {"cell_id": "892baa44c17ffff"}, "geometry": {"type": "Point", "coordinates": [-73.569125, 45.485014]}}, {"type": "Feature", "properties": {"cell_id": "892baa44c1bffff"}, "geometry": {"type": "Point", "coordinates": [-73.576325, 45.48765]}}, {"type": "Feature", "properties": {"cell_id": "892baa44c23ffff"}, "geometry": {"type": "Point", "coordinates": [-73.571229, 45.476622]}}, {"type": "Feature", "properties": {"cell_id": "892baa44c27ffff"}, "geometry": {"type": "Point", "coordinates": [-73.56877, 45.473889]}}, {"type": "Feature", "properties": {"cell_id": "892baa44c2bffff"}, "geometry": {"type": "Point", "coordinates": [-73.575968, 45.476526]}}, {"type": "Feature", "properties": {"cell_id": "892baa44c2fffff"}, "geometry": {"type": "Point", "coordinates": [-73.573509, 45.473793]}}, {"type": "Feature", "properties": {"cell_id": "892baa44c33ffff"}, "geometry": {"type": "Point", "coordinates": [-73.568947, 45.479452]}}, {"type": "Feature", "properties": {"cell_id": "892baa44c37ffff"}, "geometry": {"type": "Point", "coordinates": [-73.566489, 45.476719]}}, {"type": "Feature", "properties": {"cell_id": "892baa44c3bffff"}, "geometry": {"type": "Point", "coordinates": [-73.573687, 45.479355]}}, {"type": "Feature", "properties": {"cell_id": "892baa44c43ffff"}, "geometry": {"type": "Point", "coordinates": [-73.585807, 45.487457]}}, {"type": "Feature", "properties": {"cell_id": "892baa44c47ffff"}, "geometry": {"type": "Point", "coordinates": [-73.583347, 45.484724]}}, {"type": "Feature", "properties": {"cell_id": "892baa44c4bffff"}, "geometry": {"type": "Point", "coordinates": [-73.590548, 45.48736]}}, {"type": "Feature", "properties": {"cell_id": "892baa44c4fffff"}, "geometry": {"type": "Point", "coordinates": [-73.588088, 45.484627]}}, {"type": "Feature", "properties": {"cell_id": "892baa44c53ffff"}, "geometry": {"type": "Point", "coordinates": [-73.583526, 45.490287]}}, {"type": "Feature", "properties": {"cell_id": "892baa44c57ffff"}, "geometry": {"type": "Point", "coordinates": [-73.581066, 45.487554]}}, {"type": "Feature", "properties": {"cell_id": "892baa44c5bffff"}, "geometry": {"type": "Point", "coordinates": [-73.588268, 45.490189]}}, {"type": "Feature", "properties": {"cell_id": "892baa44c63ffff"}, "geometry": {"type": "Point", "coordinates": [-73.583168, 45.479162]}}, {"type": "Feature", "properties": {"cell_id": "892baa44c67ffff"}, "geometry": {"type": "Point", "coordinates": [-73.580708, 45.476429]}}, {"type": "Feature", "properties": {"cell_id": "892baa44c6bffff"}, "geometry": {"type": "Point", "coordinates": [-73.587908, 45.479064]}}, {"type": "Feature", "properties": {"cell_id": "892baa44c6fffff"}, "geometry": {"type": "Point", "coordinates": [-73.585448, 45.476332]}}, {"type": "Feature", "properties": {"cell_id": "892baa44c73ffff"}, "geometry": {"type": "Point", "coordinates": [-73.580887, 45.481991]}}, {"type": "Feature", "properties": {"cell_id": "892baa44c77ffff"}, "geometry": {"type": "Point", "coordinates": [-73.578428, 45.479258]}}, {"type": "Feature", "properties": {"cell_id": "892baa44c7bffff"}, "geometry": {"type": "Point", "coordinates": [-73.585628, 45.481894]}}, {"type": "Feature", "properties": {"cell_id": "892baa44c83ffff"}, "geometry": {"type": "Point", "coordinates": [-73.564561, 45.490673]}}, {"type": "Feature", "properties": {"cell_id": "892baa44c87ffff"}, "geometry": {"type": "Point", "coordinates": [-73.562102, 45.48794]}}, {"type": "Feature", "properties": {"cell_id": "892baa44c8bffff"}, "geometry": {"type": "Point", "coordinates": [-73.569302, 45.490577]}}, {"type": "Feature", "properties": {"cell_id": "892baa44c8fffff"}, "geometry": {"type": "Point", "coordinates": [-73.566843, 45.487843]}}, {"type": "Feature", "properties": {"cell_id": "892baa44c93ffff"}, "geometry": {"type": "Point", "coordinates": [-73.562279, 45.493502]}}, {"type": "Feature", "properties": {"cell_id": "892baa44c97ffff"}, "geometry": {"type": "Point", "coordinates": [-73.55982, 45.490769]}}, {"type": "Feature", "properties": {"cell_id": "892baa44c9bffff"}, "geometry": {"type": "Point", "coordinates": [-73.56702, 45.493406]}}, {"type": "Feature", "properties": {"cell_id": "892baa44ca3ffff"}, "geometry": {"type": "Point", "coordinates": [-73.561925, 45.482377]}}, {"type": "Feature", "properties": {"cell_id": "892baa44ca7ffff"}, "geometry": {"type": "Point", "coordinates": [-73.559467, 45.479644]}}, {"type": "Feature", "properties": {"cell_id": "892baa44cabffff"}, "geometry": {"type": "Point", "coordinates": [-73.566666, 45.482281]}}, {"type": "Feature", "properties": {"cell_id": "892baa44cafffff"}, "geometry": {"type": "Point", "coordinates": [-73.564207, 45.479548]}}, {"type": "Feature", "properties": {"cell_id": "892baa44cb3ffff"}, "geometry": {"type": "Point", "coordinates": [-73.559643, 45.485206]}}, {"type": "Feature", "properties": {"cell_id": "892baa44cb7ffff"}, "geometry": {"type": "Point", "coordinates": [-73.557185, 45.482473]}}, {"type": "Feature", "properties": {"cell_id": "892baa44cbbffff"}, "geometry": {"type": "Point", "coordinates": [-73.564384, 45.48511]}}, {"type": "Feature", "properties": {"cell_id": "892baa44cc3ffff"}, "geometry": {"type": "Point", "coordinates": [-73.576504, 45.493213]}}, {"type": "Feature", "properties": {"cell_id": "892baa44cc7ffff"}, "geometry": {"type": "Point", "coordinates": [-73.574044, 45.49048]}}, {"type": "Feature", "properties": {"cell_id": "892baa44ccbffff"}, "geometry": {"type": "Point", "coordinates": [-73.581245, 45.493116]}}, {"type": "Feature", "properties": {"cell_id": "892baa44ccfffff"}, "geometry": {"type": "Point", "coordinates": [-73.578785, 45.490383]}}, {"type": "Feature", "properties": {"cell_id": "892baa44cd3ffff"}, "geometry": {"type": "Point", "coordinates": [-73.574222, 45.496043]}}, {"type": "Feature", "properties": {"cell_id": "892baa44cd7ffff"}, "geometry": {"type": "Point", "coordinates": [-73.571762, 45.49331]}}, {"type": "Feature", "properties": {"cell_id": "892baa44cdbffff"}, "geometry": {"type": "Point", "coordinates": [-73.578964, 45.495946]}}, {"type": "Feature", "properties": {"cell_id": "892baa44d03ffff"}, "geometry": {"type": "Point", "coordinates": [-73.556657, 45.465787]}}, {"type": "Feature", "properties": {"cell_id": "892baa44d07ffff"}, "geometry": {"type": "Point", "coordinates": [-73.5542, 45.463054]}}, {"type": "Feature", "properties": {"cell_id": "892baa44d0bffff"}, "geometry": {"type": "Point", "coordinates": [-73.561396, 45.465691]}}, {"type": "Feature", "properties": {"cell_id": "892baa44d0fffff"}, "geometry": {"type": "Point", "coordinates": [-73.558938, 45.462959]}}, {"type": "Feature", "properties": {"cell_id": "892baa44d13ffff"}, "geometry": {"type": "Point", "coordinates": [-73.554375, 45.468616]}}, {"type": "Feature", "properties": {"cell_id": "892baa44d17ffff"}, "geometry": {"type": "Point", "coordinates": [-73.551918, 45.465883]}}, {"type": "Feature", "properties": {"cell_id": "892baa44d1bffff"}, "geometry": {"type": "Point", "coordinates": [-73.559114, 45.46852]}}, {"type": "Feature", "properties": {"cell_id": "892baa44d23ffff"}, "geometry": {"type": "Point", "coordinates": [-73.554024, 45.457493]}}, {"type": "Feature", "properties": {"cell_id": "892baa44d2bffff"}, "geometry": {"type": "Point", "coordinates": [-73.558762, 45.457397]}}, {"type": "Feature", "properties": {"cell_id": "892baa44d33ffff"}, "geometry": {"type": "Point", "coordinates": [-73.551743, 45.460322]}}, {"type": "Feature", "properties": {"cell_id": "892baa44d3bffff"}, "geometry": {"type": "Point", "coordinates": [-73.556481, 45.460226]}}, {"type": "Feature", "properties": {"cell_id": "892baa44d43ffff"}, "geometry": {"type": "Point", "coordinates": [-73.568592, 45.468328]}}, {"type": "Feature", "properties": {"cell_id": "892baa44d47ffff"}, "geometry": {"type": "Point", "coordinates": [-73.566134, 45.465595]}}, {"type": "Feature", "properties": {"cell_id": "892baa44d4bffff"}, "geometry": {"type": "Point", "coordinates": [-73.573331, 45.468231]}}, {"type": "Feature", "properties": {"cell_id": "892baa44d4fffff"}, "geometry": {"type": "Point", "coordinates": [-73.570873, 45.465499]}}, {"type": "Feature", "properties": {"cell_id": "892baa44d53ffff"}, "geometry": {"type": "Point", "coordinates": [-73.566311, 45.471157]}}, {"type": "Feature", "properties": {"cell_id": "892baa44d57ffff"}, "geometry": {"type": "Point", "coordinates": [-73.563853, 45.468424]}}, {"type": "Feature", "properties": {"cell_id": "892baa44d5bffff"}, "geometry": {"type": "Point", "coordinates": [-73.571051, 45.47106]}}, {"type": "Feature", "properties": {"cell_id": "892baa44d63ffff"}, "geometry": {"type": "Point", "coordinates": [-73.565957, 45.460034]}}, {"type": "Feature", "properties": {"cell_id": "892baa44d67ffff"}, "geometry": {"type": "Point", "coordinates": [-73.5635, 45.457301]}}, {"type": "Feature", "properties": {"cell_id": "892baa44d6bffff"}, "geometry": {"type": "Point", "coordinates": [-73.570695, 45.459937]}}, {"type": "Feature", "properties": {"cell_id": "892baa44d6fffff"}, "geometry": {"type": "Point", "coordinates": [-73.568238, 45.457205]}}, {"type": "Feature", "properties": {"cell_id": "892baa44d73ffff"}, "geometry": {"type": "Point", "coordinates": [-73.563677, 45.462862]}}, {"type": "Feature", "properties": {"cell_id": "892baa44d77ffff"}, "geometry": {"type": "Point", "coordinates": [-73.561219, 45.46013]}}, {"type": "Feature", "properties": {"cell_id": "892baa44d7bffff"}, "geometry": {"type": "Point", "coordinates": [-73.568415, 45.462766]}}, {"type": "Feature", "properties": {"cell_id": "892baa44d8bffff"}, "geometry": {"type": "Point", "coordinates": [-73.552094, 45.471445]}}, {"type": "Feature", "properties": {"cell_id": "892baa44d9bffff"}, "geometry": {"type": "Point", "coordinates": [-73.549811, 45.474273]}}, {"type": "Feature", "properties": {"cell_id": "892baa44dc3ffff"}, "geometry": {"type": "Point", "coordinates": [-73.559291, 45.474082]}}, {"type": "Feature", "properties": {"cell_id": "892baa44dc7ffff"}, "geometry": {"type": "Point", "coordinates": [-73.556833, 45.471349]}}, {"type": "Feature", "properties": {"cell_id": "892baa44dcbffff"}, "geometry": {"type": "Point", "coordinates": [-73.56403, 45.473986]}}, {"type": "Feature", "properties": {"cell_id": "892baa44dcfffff"}, "geometry": {"type": "Point", "coordinates": [-73.561572, 45.471253]}}, {"type": "Feature", "properties": {"cell_id": "892baa44dd3ffff"}, "geometry": {"type": "Point", "coordinates": [-73.557009, 45.476911]}}, {"type": "Feature", "properties": {"cell_id": "892baa44dd7ffff"}, "geometry": {"type": "Point", "coordinates": [-73.554551, 45.474178]}}, {"type": "Feature", "properties": {"cell_id": "892baa44ddbffff"}, "geometry": {"type": "Point", "coordinates": [-73.561749, 45.476815]}}, {"type": "Feature", "properties": {"cell_id": "892baa44e03ffff"}, "geometry": {"type": "Point", "coordinates": [-73.607051, 45.484237]}}, {"type": "Feature", "properties": {"cell_id": "892baa44e07ffff"}, "geometry": {"type": "Point", "coordinates": [-73.60459, 45.481504]}}, {"type": "Feature", "properties": {"cell_id": "892baa44e0bffff"}, "geometry": {"type": "Point", "coordinates": [-73.611792, 45.484139]}}, {"type": "Feature", "properties": {"cell_id": "892baa44e0fffff"}, "geometry": {"type": "Point", "coordinates": [-73.60933, 45.481406]}}, {"type": "Feature", "properties": {"cell_id": "892baa44e13ffff"}, "geometry": {"type": "Point", "coordinates": [-73.604772, 45.487067]}}, {"type": "Feature", "properties": {"cell_id": "892baa44e17ffff"}, "geometry": {"type": "Point", "coordinates": [-73.60231, 45.484334]}}, {"type": "Feature", "properties": {"cell_id": "892baa44e1bffff"}, "geometry": {"type": "Point", "coordinates": [-73.609513, 45.486969]}}, {"type": "Feature", "properties": {"cell_id": "892baa44e23ffff"}, "geometry": {"type": "Point", "coordinates": [-73.604408, 45.475942]}}, {"type": "Feature", "properties": {"cell_id": "892baa44e27ffff"}, "geometry": {"type": "Point", "coordinates": [-73.601947, 45.47321]}}, {"type": "Feature", "properties": {"cell_id": "892baa44e2bffff"}, "geometry": {"type": "Point", "coordinates": [-73.609148, 45.475844]}}, {"type": "Feature", "properties": {"cell_id": "892baa44e2fffff"}, "geometry": {"type": "Point", "coordinates": [-73.606687, 45.473112]}}, {"type": "Feature", "properties": {"cell_id": "892baa44e33ffff"}, "geometry": {"type": "Point", "coordinates": [-73.602129, 45.478772]}}, {"type": "Feature", "properties": {"cell_id": "892baa44e37ffff"}, "geometry": {"type": "Point", "coordinates": [-73.599668, 45.47604]}}, {"type": "Feature", "properties": {"cell_id": "892baa44e3bffff"}, "geometry": {"type": "Point", "coordinates": [-73.606869, 45.478674]}}, {"type": "Feature", "properties": {"cell_id": "892baa44e43ffff"}, "geometry": {"type": "Point", "coordinates": [-73.618995, 45.486772]}}, {"type": "Feature", "properties": {"cell_id": "892baa44e47ffff"}, "geometry": {"type": "Point", "coordinates": [-73.616533, 45.48404]}}, {"type": "Feature", "properties": {"cell_id": "892baa44e4bffff"}, "geometry": {"type": "Point", "coordinates": [-73.623736, 45.486674]}}, {"type": "Feature", "properties": {"cell_id": "892baa44e4fffff"}, "geometry": {"type": "Point", "coordinates": [-73.621273, 45.483942]}}, {"type": "Feature", "properties": {"cell_id": "892baa44e53ffff"}, "geometry": {"type": "Point", "coordinates": [-73.616716, 45.489603]}}, {"type": "Feature", "properties": {"cell_id": "892baa44e57ffff"}, "geometry": {"type": "Point", "coordinates": [-73.614254, 45.486871]}}, {"type": "Feature", "properties": {"cell_id": "892baa44e5bffff"}, "geometry": {"type": "Point", "coordinates": [-73.621457, 45.489504]}}, {"type": "Feature", "properties": {"cell_id": "892baa44e63ffff"}, "geometry": {"type": "Point", "coordinates": [-73.616349, 45.478478]}}, {"type": "Feature", "properties": {"cell_id": "892baa44e67ffff"}, "geometry": {"type": "Point", "coordinates": [-73.613887, 45.475746]}}, {"type": "Feature", "properties": {"cell_id": "892baa44e6bffff"}, "geometry": {"type": "Point", "coordinates": [-73.621089, 45.478379]}}, {"type": "Feature", "properties": {"cell_id": "892baa44e6fffff"}, "geometry": {"type": "Point", "coordinates": [-73.618627, 45.475648]}}, {"type": "Feature", "properties": {"cell_id": "892baa44e73ffff"}, "geometry": {"type": "Point", "coordinates": [-73.614071, 45.481308]}}, {"type": "Feature", "properties": {"cell_id": "892baa44e77ffff"}, "geometry": {"type": "Point", "coordinates": [-73.611609, 45.478576]}}, {"type": "Feature", "properties": {"cell_id": "892baa44e7bffff"}, "geometry": {"type": "Point", "coordinates": [-73.618811, 45.48121]}}, {"type": "Feature", "properties": {"cell_id": "892baa44e83ffff"}, "geometry": {"type": "Point", "coordinates": [-73.597751, 45.489995]}}, {"type": "Feature", "properties": {"cell_id": "892baa44e87ffff"}, "geometry": {"type": "Point", "coordinates": [-73.595289, 45.487262]}}, {"type": "Feature", "properties": {"cell_id": "892baa44e8bffff"}, "geometry": {"type": "Point", "coordinates": [-73.602492, 45.489897]}}, {"type": "Feature", "properties": {"cell_id": "892baa44e8fffff"}, "geometry": {"type": "Point", "coordinates": [-73.600031, 45.487165]}}, {"type": "Feature", "properties": {"cell_id": "892baa44e93ffff"}, "geometry": {"type": "Point", "coordinates": [-73.59547, 45.492825]}}, {"type": "Feature", "properties": {"cell_id": "892baa44e97ffff"}, "geometry": {"type": "Point", "coordinates": [-73.593009, 45.490092]}}, {"type": "Feature", "properties": {"cell_id": "892baa44e9bffff"}, "geometry": {"type": "Point", "coordinates": [-73.600212, 45.492727]}}, {"type": "Feature", "properties": {"cell_id": "892baa44ea3ffff"}, "geometry": {"type": "Point", "coordinates": [-73.595109, 45.4817]}}, {"type": "Feature", "properties": {"cell_id": "892baa44ea7ffff"}, "geometry": {"type": "Point", "coordinates": [-73.592648, 45.478967]}}, {"type": "Feature", "properties": {"cell_id": "892baa44eabffff"}, "geometry": {"type": "Point", "coordinates": [-73.599849, 45.481602]}}, {"type": "Feature", "properties": {"cell_id": "892baa44eafffff"}, "geometry": {"type": "Point", "coordinates": [-73.597388, 45.47887]}}, {"type": "Feature", "properties": {"cell_id": "892baa44eb3ffff"}, "geometry": {"type": "Point", "coordinates": [-73.592829, 45.48453]}}, {"type": "Feature", "properties": {"cell_id": "892baa44eb7ffff"}, "geometry": {"type": "Point", "coordinates": [-73.590368, 45.481797]}}, {"type": "Feature", "properties": {"cell_id": "892baa44ebbffff"}, "geometry": {"type": "Point", "coordinates": [-73.597569, 45.484432]}}, {"type": "Feature", "properties": {"cell_id": "892baa44ec3ffff"}, "geometry": {"type": "Point", "coordinates": [-73.609695, 45.492532]}}, {"type": "Feature", "properties": {"cell_id": "892baa44ec7ffff"}, "geometry": {"type": "Point", "coordinates": [-73.607233, 45.489799]}}, {"type": "Feature", "properties": {"cell_id": "892baa44ecbffff"}, "geometry": {"type": "Point", "coordinates": [-73.614437, 45.492434]}}, {"type": "Feature", "properties": {"cell_id": "892baa44ecfffff"}, "geometry": {"type": "Point", "coordinates": [-73.611975, 45.489701]}}, {"type": "Feature", "properties": {"cell_id": "892baa44ed3ffff"}, "geometry": {"type": "Point", "coordinates": [-73.607416, 45.495362]}}, {"type": "Feature", "properties": {"cell_id": "892baa44ed7ffff"}, "geometry": {"type": "Point", "coordinates": [-73.604954, 45.49263]}}, {"type": "Feature", "properties": {"cell_id": "892baa44edbffff"}, "geometry": {"type": "Point", "coordinates": [-73.612158, 45.495264]}}, {"type": "Feature", "properties": {"cell_id": "892baa45003ffff"}, "geometry": {"type": "Point", "coordinates": [-73.692039, 45.540914]}}, {"type": "Feature", "properties": {"cell_id": "892baa45007ffff"}, "geometry": {"type": "Point", "coordinates": [-73.689569, 45.538182]}}, {"type": "Feature", "properties": {"cell_id": "892baa4500bffff"}, "geometry": {"type": "Point", "coordinates": [-73.696786, 45.540813]}}, {"type": "Feature", "properties": {"cell_id": "892baa4500fffff"}, "geometry": {"type": "Point", "coordinates": [-73.694316, 45.538081]}}, {"type": "Feature", "properties": {"cell_id": "892baa45013ffff"}, "geometry": {"type": "Point", "coordinates": [-73.689762, 45.543748]}}, {"type": "Feature", "properties": {"cell_id": "892baa45017ffff"}, "geometry": {"type": "Point", "coordinates": [-73.687292, 45.541015]}}, {"type": "Feature", "properties": {"cell_id": "892baa4501bffff"}, "geometry": {"type": "Point", "coordinates": [-73.694509, 45.543646]}}, {"type": "Feature", "properties": {"cell_id": "892baa45023ffff"}, "geometry": {"type": "Point", "coordinates": [-73.689376, 45.532617]}}, {"type": "Feature", "properties": {"cell_id": "892baa45027ffff"}, "geometry": {"type": "Point", "coordinates": [-73.686907, 45.529885]}}, {"type": "Feature", "properties": {"cell_id": "892baa4502bffff"}, "geometry": {"type": "Point", "coordinates": [-73.694122, 45.532515]}}, {"type": "Feature", "properties": {"cell_id": "892baa4502fffff"}, "geometry": {"type": "Point", "coordinates": [-73.691653, 45.529784]}}, {"type": "Feature", "properties": {"cell_id": "892baa45033ffff"}, "geometry": {"type": "Point", "coordinates": [-73.687099, 45.53545]}}, {"type": "Feature", "properties": {"cell_id": "892baa45037ffff"}, "geometry": {"type": "Point", "coordinates": [-73.68463, 45.532718]}}, {"type": "Feature", "properties": {"cell_id": "892baa4503bffff"}, "geometry": {"type": "Point", "coordinates": [-73.691846, 45.535349]}}, {"type": "Feature", "properties": {"cell_id": "892baa45043ffff"}, "geometry": {"type": "Point", "coordinates": [-73.704003, 45.543443]}}, {"type": "Feature", "properties": {"cell_id": "892baa45047ffff"}, "geometry": {"type": "Point", "coordinates": [-73.701533, 45.540711]}}, {"type": "Feature", "properties": {"cell_id": "892baa4504bffff"}, "geometry": {"type": "Point", "coordinates": [-73.708751, 45.543341]}}, {"type": "Feature", "properties": {"cell_id": "892baa4504fffff"}, "geometry": {"type": "Point", "coordinates": [-73.70628, 45.540609]}}, {"type": "Feature", "properties": {"cell_id": "892baa45053ffff"}, "geometry": {"type": "Point", "coordinates": [-73.701727, 45.546277]}}, {"type": "Feature", "properties": {"cell_id": "892baa45057ffff"}, "geometry": {"type": "Point", "coordinates": [-73.699256, 45.543545]}}, {"type": "Feature", "properties": {"cell_id": "892baa4505bffff"}, "geometry": {"type": "Point", "coordinates": [-73.706474, 45.546175]}}, {"type": "Feature", "properties": {"cell_id": "892baa45063ffff"}, "geometry": {"type": "Point", "coordinates": [-73.701338, 45.535146]}}, {"type": "Feature", "properties": {"cell_id": "892baa45067ffff"}, "geometry": {"type": "Point", "coordinates": [-73.698868, 45.532414]}}, {"type": "Feature", "properties": {"cell_id": "892baa4506bffff"}, "geometry": {"type": "Point", "coordinates": [-73.706085, 45.535044]}}, {"type": "Feature", "properties": {"cell_id": "892baa4506fffff"}, "geometry": {"type": "Point", "coordinates": [-73.703614, 45.532312]}}, {"type": "Feature", "properties": {"cell_id": "892baa45073ffff"}, "geometry": {"type": "Point", "coordinates": [-73.699062, 45.537979]}}, {"type": "Feature", "properties": {"cell_id": "892baa45077ffff"}, "geometry": {"type": "Point", "coordinates": [-73.696592, 45.535247]}}, {"type": "Feature", "properties": {"cell_id": "892baa4507bffff"}, "geometry": {"type": "Point", "coordinates": [-73.703809, 45.537877]}}, {"type": "Feature", "properties": {"cell_id": "892baa45083ffff"}, "geometry": {"type": "Point", "coordinates": [-73.682737, 45.546682]}}, {"type": "Feature", "properties": {"cell_id": "892baa45087ffff"}, "geometry": {"type": "Point", "coordinates": [-73.680267, 45.54395]}}, {"type": "Feature", "properties": {"cell_id": "892baa4508bffff"}, "geometry": {"type": "Point", "coordinates": [-73.687484, 45.546581]}}, {"type": "Feature", "properties": {"cell_id": "892baa4508fffff"}, "geometry": {"type": "Point", "coordinates": [-73.685015, 45.543849]}}, {"type": "Feature", "properties": {"cell_id": "892baa45093ffff"}, "geometry": {"type": "Point", "coordinates": [-73.680459, 45.549516]}}, {"type": "Feature", "properties": {"cell_id": "892baa45097ffff"}, "geometry": {"type": "Point", "coordinates": [-73.677989, 45.546783]}}, {"type": "Feature", "properties": {"cell_id": "892baa4509bffff"}, "geometry": {"type": "Point", "coordinates": [-73.685207, 45.549415]}}, {"type": "Feature", "properties": {"cell_id": "892baa450a3ffff"}, "geometry": {"type": "Point", "coordinates": [-73.680076, 45.538384]}}, {"type": "Feature", "properties": {"cell_id": "892baa450a7ffff"}, "geometry": {"type": "Point", "coordinates": [-73.677607, 45.535652]}}, {"type": "Feature", "properties": {"cell_id": "892baa450abffff"}, "geometry": {"type": "Point", "coordinates": [-73.684822, 45.538283]}}, {"type": "Feature", "properties": {"cell_id": "892baa450afffff"}, "geometry": {"type": "Point", "coordinates": [-73.682353, 45.535551]}}, {"type": "Feature", "properties": {"cell_id": "892baa450b3ffff"}, "geometry": {"type": "Point", "coordinates": [-73.677798, 45.541218]}}, {"type": "Feature", "properties": {"cell_id": "892baa450b7ffff"}, "geometry": {"type": "Point", "coordinates": [-73.675329, 45.538485]}}, {"type": "Feature", "properties": {"cell_id": "892baa450bbffff"}, "geometry": {"type": "Point", "coordinates": [-73.682545, 45.541117]}}, {"type": "Feature", "properties": {"cell_id": "892baa450c3ffff"}, "geometry": {"type": "Point", "coordinates": [-73.694702, 45.549212]}}, {"type": "Feature", "properties": {"cell_id": "892baa450c7ffff"}, "geometry": {"type": "Point", "coordinates": [-73.692232, 45.54648]}}, {"type": "Feature", "properties": {"cell_id": "892baa450cbffff"}, "geometry": {"type": "Point", "coordinates": [-73.69945, 45.54911]}}, {"type": "Feature", "properties": {"cell_id": "892baa450cfffff"}, "geometry": {"type": "Point", "coordinates": [-73.696979, 45.546378]}}, {"type": "Feature", "properties": {"cell_id": "892baa450d3ffff"}, "geometry": {"type": "Point", "coordinates": [-73.692425, 45.552046]}}, {"type": "Feature", "properties": {"cell_id": "892baa450d7ffff"}, "geometry": {"type": "Point", "coordinates": [-73.689955, 45.549313]}}, {"type": "Feature", "properties": {"cell_id": "892baa450dbffff"}, "geometry": {"type": "Point", "coordinates": [-73.697173, 45.551944]}}, {"type": "Feature", "properties": {"cell_id": "892baa45103ffff"}, "geometry": {"type": "Point", "coordinates": [-73.674756, 45.52179]}}, {"type": "Feature", "properties": {"cell_id": "892baa45107ffff"}, "geometry": {"type": "Point", "coordinates": [-73.672289, 45.519059]}}, {"type": "Feature", "properties": {"cell_id": "892baa4510bffff"}, "geometry": {"type": "Point", "coordinates": [-73.679501, 45.52169]}}, {"type": "Feature", "properties": {"cell_id": "892baa4510fffff"}, "geometry": {"type": "Point", "coordinates": [-73.677033, 45.518958]}}, {"type": "Feature", "properties": {"cell_id": "892baa45113ffff"}, "geometry": {"type": "Point", "coordinates": [-73.672479, 45.524623]}}, {"type": "Feature", "properties": {"cell_id": "892baa45117ffff"}, "geometry": {"type": "Point", "coordinates": [-73.670011, 45.521891]}}, {"type": "Feature", "properties": {"cell_id": "892baa4511bffff"}, "geometry": {"type": "Point", "coordinates": [-73.677224, 45.524522]}}, {"type": "Feature", "properties": {"cell_id": "892baa45123ffff"}, "geometry": {"type": "Point", "coordinates": [-73.672098, 45.513494]}}, {"type": "Feature", "properties": {"cell_id": "892baa45127ffff"}, "geometry": {"type": "Point", "coordinates": [-73.669631, 45.510763]}}, {"type": "Feature", "properties": {"cell_id": "892baa4512bffff"}, "geometry": {"type": "Point", "coordinates": [-73.676842, 45.513394]}}, {"type": "Feature", "properties": {"cell_id": "892baa4512fffff"}, "geometry": {"type": "Point", "coordinates": [-73.674375, 45.510662]}}, {"type": "Feature", "properties": {"cell_id": "892baa45133ffff"}, "geometry": {"type": "Point", "coordinates": [-73.669821, 45.516327]}}, {"type": "Feature", "properties": {"cell_id": "892baa45137ffff"}, "geometry": {"type": "Point", "coordinates": [-73.667354, 45.513595]}}, {"type": "Feature", "properties": {"cell_id": "892baa4513bffff"}, "geometry": {"type": "Point", "coordinates": [-73.674565, 45.516226]}}, {"type": "Feature", "properties": {"cell_id": "892baa45143ffff"}, "geometry": {"type": "Point", "coordinates": [-73.686715, 45.52432]}}, {"type": "Feature", "properties": {"cell_id": "892baa45147ffff"}, "geometry": {"type": "Point", "coordinates": [-73.684246, 45.521589]}}, {"type": "Feature", "properties": {"cell_id": "892baa4514bffff"}, "geometry": {"type": "Point", "coordinates": [-73.69146, 45.524219]}}, {"type": "Feature", "properties": {"cell_id": "892baa4514fffff"}, "geometry": {"type": "Point", "coordinates": [-73.688991, 45.521487]}}, {"type": "Feature", "properties": {"cell_id": "892baa45153ffff"}, "geometry": {"type": "Point", "coordinates": [-73.684438, 45.527153]}}, {"type": "Feature", "properties": {"cell_id": "892baa45157ffff"}, "geometry": {"type": "Point", "coordinates": [-73.681969, 45.524421]}}, {"type": "Feature", "properties": {"cell_id": "892baa4515bffff"}, "geometry": {"type": "Point", "coordinates": [-73.689183, 45.527052]}}, {"type": "Feature", "properties": {"cell_id": "892baa45163ffff"}, "geometry": {"type": "Point", "coordinates": [-73.684054, 45.516024]}}, {"type": "Feature", "properties": {"cell_id": "892baa45167ffff"}, "geometry": {"type": "Point", "coordinates": [-73.681586, 45.513293]}}, {"type": "Feature", "properties": {"cell_id": "892baa4516bffff"}, "geometry": {"type": "Point", "coordinates": [-73.688798, 45.515923]}}, {"type": "Feature", "properties": {"cell_id": "892baa4516fffff"}, "geometry": {"type": "Point", "coordinates": [-73.68633, 45.513192]}}, {"type": "Feature", "properties": {"cell_id": "892baa45173ffff"}, "geometry": {"type": "Point", "coordinates": [-73.681778, 45.518857]}}, {"type": "Feature", "properties": {"cell_id": "892baa45177ffff"}, "geometry": {"type": "Point", "coordinates": [-73.67931, 45.516125]}}, {"type": "Feature", "properties": {"cell_id": "892baa4517bffff"}, "geometry": {"type": "Point", "coordinates": [-73.686522, 45.518756]}}, {"type": "Feature", "properties": {"cell_id": "892baa45183ffff"}, "geometry": {"type": "Point", "coordinates": [-73.665456, 45.527556]}}, {"type": "Feature", "properties": {"cell_id": "892baa45187ffff"}, "geometry": {"type": "Point", "coordinates": [-73.662989, 45.524824]}}, {"type": "Feature", "properties": {"cell_id": "892baa4518bffff"}, "geometry": {"type": "Point", "coordinates": [-73.670202, 45.527456]}}, {"type": "Feature", "properties": {"cell_id": "892baa4518fffff"}, "geometry": {"type": "Point", "coordinates": [-73.667734, 45.524724]}}, {"type": "Feature", "properties": {"cell_id": "892baa45193ffff"}, "geometry": {"type": "Point", "coordinates": [-73.663178, 45.530389]}}, {"type": "Feature", "properties": {"cell_id": "892baa45197ffff"}, "geometry": {"type": "Point", "coordinates": [-73.660711, 45.527656]}}, {"type": "Feature", "properties": {"cell_id": "892baa4519bffff"}, "geometry": {"type": "Point", "coordinates": [-73.667924, 45.530288]}}, {"type": "Feature", "properties": {"cell_id": "892baa451a3ffff"}, "geometry": {"type": "Point", "coordinates": [-73.662799, 45.519259]}}, {"type": "Feature", "properties": {"cell_id": "892baa451a7ffff"}, "geometry": {"type": "Point", "coordinates": [-73.660333, 45.516527]}}, {"type": "Feature", "properties": {"cell_id": "892baa451abffff"}, "geometry": {"type": "Point", "coordinates": [-73.667544, 45.519159]}}, {"type": "Feature", "properties": {"cell_id": "892baa451afffff"}, "geometry": {"type": "Point", "coordinates": [-73.665077, 45.516427]}}, {"type": "Feature", "properties": {"cell_id": "892baa451b3ffff"}, "geometry": {"type": "Point", "coordinates": [-73.660522, 45.522092]}}, {"type": "Feature", "properties": {"cell_id": "892baa451b7ffff"}, "geometry": {"type": "Point", "coordinates": [-73.658055, 45.519359]}}, {"type": "Feature", "properties": {"cell_id": "892baa451bbffff"}, "geometry": {"type": "Point", "coordinates": [-73.665267, 45.521991]}}, {"type": "Feature", "properties": {"cell_id": "892baa451c3ffff"}, "geometry": {"type": "Point", "coordinates": [-73.677415, 45.530087]}}, {"type": "Feature", "properties": {"cell_id": "892baa451c7ffff"}, "geometry": {"type": "Point", "coordinates": [-73.674947, 45.527355]}}, {"type": "Feature", "properties": {"cell_id": "892baa451cbffff"}, "geometry": {"type": "Point", "coordinates": [-73.682161, 45.529986]}}, {"type": "Feature", "properties": {"cell_id": "892baa451cfffff"}, "geometry": {"type": "Point", "coordinates": [-73.679693, 45.527254]}}, {"type": "Feature", "properties": {"cell_id": "892baa451d3ffff"}, "geometry": {"type": "Point", "coordinates": [-73.675138, 45.53292]}}, {"type": "Feature", "properties": {"cell_id": "892baa451d7ffff"}, "geometry": {"type": "Point", "coordinates": [-73.67267, 45.530188]}}, {"type": "Feature", "properties": {"cell_id": "892baa451dbffff"}, "geometry": {"type": "Point", "coordinates": [-73.679884, 45.532819]}}, {"type": "Feature", "properties": {"cell_id": "892baa45203ffff"}, "geometry": {"type": "Point", "coordinates": [-73.725267, 45.540199]}}, {"type": "Feature", "properties": {"cell_id": "892baa45207ffff"}, "geometry": {"type": "Point", "coordinates": [-73.722795, 45.537468]}}, {"type": "Feature", "properties": {"cell_id": "892baa4520bffff"}, "geometry": {"type": "Point", "coordinates": [-73.730014, 45.540096]}}, {"type": "Feature", "properties": {"cell_id": "892baa4520fffff"}, "geometry": {"type": "Point", "coordinates": [-73.727542, 45.537365]}}, {"type": "Feature", "properties": {"cell_id": "892baa45213ffff"}, "geometry": {"type": "Point", "coordinates": [-73.722992, 45.543033]}}, {"type": "Feature", "properties": {"cell_id": "892baa45217ffff"}, "geometry": {"type": "Point", "coordinates": [-73.72052, 45.540302]}}, {"type": "Feature", "properties": {"cell_id": "892baa4521bffff"}, "geometry": {"type": "Point", "coordinates": [-73.727739, 45.542931]}}, {"type": "Feature", "properties": {"cell_id": "892baa45223ffff"}, "geometry": {"type": "Point", "coordinates": [-73.722598, 45.531903]}}, {"type": "Feature", "properties": {"cell_id": "892baa45227ffff"}, "geometry": {"type": "Point", "coordinates": [-73.720127, 45.529172]}}, {"type": "Feature", "properties": {"cell_id": "892baa4522bffff"}, "geometry": {"type": "Point", "coordinates": [-73.727344, 45.5318]}}, {"type": "Feature", "properties": {"cell_id": "892baa4522fffff"}, "geometry": {"type": "Point", "coordinates": [-73.724873, 45.529069]}}, {"type": "Feature", "properties": {"cell_id": "892baa45233ffff"}, "geometry": {"type": "Point", "coordinates": [-73.720324, 45.534737]}}, {"type": "Feature", "properties": {"cell_id": "892baa45237ffff"}, "geometry": {"type": "Point", "coordinates": [-73.717852, 45.532005]}}, {"type": "Feature", "properties": {"cell_id": "892baa4523bffff"}, "geometry": {"type": "Point", "coordinates": [-73.72507, 45.534634]}}, {"type": "Feature", "properties": {"cell_id": "892baa45243ffff"}, "geometry": {"type": "Point", "coordinates": [-73.737234, 45.542724]}}, {"type": "Feature", "properties": {"cell_id": "892baa45247ffff"}, "geometry": {"type": "Point", "coordinates": [-73.734761, 45.539993]}}, {"type": "Feature", "properties": {"cell_id": "892baa4524bffff"}, "geometry": {"type": "Point", "coordinates": [-73.741981, 45.542621]}}, {"type": "Feature", "properties": {"cell_id": "892baa4524fffff"}, "geometry": {"type": "Point", "coordinates": [-73.739508, 45.53989]}}, {"type": "Feature", "properties": {"cell_id": "892baa45253ffff"}, "geometry": {"type": "Point", "coordinates": [-73.734959, 45.545559]}}, {"type": "Feature", "properties": {"cell_id": "892baa45257ffff"}, "geometry": {"type": "Point", "coordinates": [-73.732487, 45.542828]}}, {"type": "Feature", "properties": {"cell_id": "892baa4525bffff"}, "geometry": {"type": "Point", "coordinates": [-73.739707, 45.545456]}}, {"type": "Feature", "properties": {"cell_id": "892baa45263ffff"}, "geometry": {"type": "Point", "coordinates": [-73.734562, 45.534428]}}, {"type": "Feature", "properties": {"cell_id": "892baa45267ffff"}, "geometry": {"type": "Point", "coordinates": [-73.73209, 45.531697]}}, {"type": "Feature", "properties": {"cell_id": "892baa4526bffff"}, "geometry": {"type": "Point", "coordinates": [-73.739309, 45.534325]}}, {"type": "Feature", "properties": {"cell_id": "892baa4526fffff"}, "geometry": {"type": "Point", "coordinates": [-73.736836, 45.531594]}}, {"type": "Feature", "properties": {"cell_id": "892baa45273ffff"}, "geometry": {"type": "Point", "coordinates": [-73.732288, 45.537262]}}, {"type": "Feature", "properties": {"cell_id": "892baa45277ffff"}, "geometry": {"type": "Point", "coordinates": [-73.729816, 45.534531]}}, {"type": "Feature", "properties": {"cell_id": "892baa4527bffff"}, "geometry": {"type": "Point", "coordinates": [-73.737035, 45.537159]}}, {"type": "Feature", "properties": {"cell_id": "892baa45283ffff"}, "geometry": {"type": "Point", "coordinates": [-73.715969, 45.54597]}}, {"type": "Feature", "properties": {"cell_id": "892baa45287ffff"}, "geometry": {"type": "Point", "coordinates": [-73.713498, 45.543239]}}, {"type": "Feature", "properties": {"cell_id": "892baa4528bffff"}, "geometry": {"type": "Point", "coordinates": [-73.720717, 45.545868]}}, {"type": "Feature", "properties": {"cell_id": "892baa4528fffff"}, "geometry": {"type": "Point", "coordinates": [-73.718245, 45.543136]}}, {"type": "Feature", "properties": {"cell_id": "892baa45293ffff"}, "geometry": {"type": "Point", "coordinates": [-73.713694, 45.548804]}}, {"type": "Feature", "properties": {"cell_id": "892baa45297ffff"}, "geometry": {"type": "Point", "coordinates": [-73.711222, 45.546072]}}, {"type": "Feature", "properties": {"cell_id": "892baa4529bffff"}, "geometry": {"type": "Point", "coordinates": [-73.718441, 45.548702]}}, {"type": "Feature", "properties": {"cell_id": "892baa452a3ffff"}, "geometry": {"type": "Point", "coordinates": [-73.713302, 45.537673]}}, {"type": "Feature", "properties": {"cell_id": "892baa452a7ffff"}, "geometry": {"type": "Point", "coordinates": [-73.710831, 45.534942]}}, {"type": "Feature", "properties": {"cell_id": "892baa452abffff"}, "geometry": {"type": "Point", "coordinates": [-73.718049, 45.537571]}}, {"type": "Feature", "properties": {"cell_id": "892baa452afffff"}, "geometry": {"type": "Point", "coordinates": [-73.715577, 45.534839]}}, {"type": "Feature", "properties": {"cell_id": "892baa452b3ffff"}, "geometry": {"type": "Point", "coordinates": [-73.711026, 45.540507]}}, {"type": "Feature", "properties": {"cell_id": "892baa452b7ffff"}, "geometry": {"type": "Point", "coordinates": [-73.708555, 45.537775]}}, {"type": "Feature", "properties": {"cell_id": "892baa452bbffff"}, "geometry": {"type": "Point", "coordinates": [-73.715773, 45.540405]}}, {"type": "Feature", "properties": {"cell_id": "892baa452c3ffff"}, "geometry": {"type": "Point", "coordinates": [-73.727937, 45.548496]}}, {"type": "Feature", "properties": {"cell_id": "892baa452c7ffff"}, "geometry": {"type": "Point", "coordinates": [-73.725464, 45.545765]}}, {"type": "Feature", "properties": {"cell_id": "892baa452cbffff"}, "geometry": {"type": "Point", "coordinates": [-73.732685, 45.548393]}}, {"type": "Feature", "properties": {"cell_id": "892baa452cfffff"}, "geometry": {"type": "Point", "coordinates": [-73.730212, 45.545662]}}, {"type": "Feature", "properties": {"cell_id": "892baa452d3ffff"}, "geometry": {"type": "Point", "coordinates": [-73.725662, 45.551331]}}, {"type": "Feature", "properties": {"cell_id": "892baa452d7ffff"}, "geometry": {"type": "Point", "coordinates": [-73.723189, 45.548599]}}, {"type": "Feature", "properties": {"cell_id": "892baa452dbffff"}, "geometry": {"type": "Point", "coordinates": [-73.73041, 45.551228]}}, {"type": "Feature", "properties": {"cell_id": "892baa45303ffff"}, "geometry": {"type": "Point", "coordinates": [-73.70797, 45.521081]}}, {"type": "Feature", "properties": {"cell_id": "892baa45307ffff"}, "geometry": {"type": "Point", "coordinates": [-73.7055, 45.518349]}}, {"type": "Feature", "properties": {"cell_id": "892baa4530bffff"}, "geometry": {"type": "Point", "coordinates": [-73.712715, 45.520978]}}, {"type": "Feature", "properties": {"cell_id": "892baa4530fffff"}, "geometry": {"type": "Point", "coordinates": [-73.710245, 45.518247]}}, {"type": "Feature", "properties": {"cell_id": "892baa45313ffff"}, "geometry": {"type": "Point", "coordinates": [-73.705695, 45.523914]}}, {"type": "Feature", "properties": {"cell_id": "892baa45317ffff"}, "geometry": {"type": "Point", "coordinates": [-73.703225, 45.521183]}}, {"type": "Feature", "properties": {"cell_id": "892baa4531bffff"}, "geometry": {"type": "Point", "coordinates": [-73.71044, 45.523812]}}, {"type": "Feature", "properties": {"cell_id": "892baa45323ffff"}, "geometry": {"type": "Point", "coordinates": [-73.705306, 45.512785]}}, {"type": "Feature", "properties": {"cell_id": "892baa45327ffff"}, "geometry": {"type": "Point", "coordinates": [-73.702837, 45.510054]}}, {"type": "Feature", "properties": {"cell_id": "892baa4532bffff"}, "geometry": {"type": "Point", "coordinates": [-73.71005, 45.512683]}}, {"type": "Feature", "properties": {"cell_id": "892baa4532fffff"}, "geometry": {"type": "Point", "coordinates": [-73.70758, 45.509952]}}, {"type": "Feature", "properties": {"cell_id": "892baa45333ffff"}, "geometry": {"type": "Point", "coordinates": [-73.703031, 45.515618]}}, {"type": "Feature", "properties": {"cell_id": "892baa45337ffff"}, "geometry": {"type": "Point", "coordinates": [-73.700562, 45.512887]}}, {"type": "Feature", "properties": {"cell_id": "892baa4533bffff"}, "geometry": {"type": "Point", "coordinates": [-73.707775, 45.515516]}}, {"type": "Feature", "properties": {"cell_id": "892baa45343ffff"}, "geometry": {"type": "Point", "coordinates": [-73.71993, 45.523607]}}, {"type": "Feature", "properties": {"cell_id": "892baa45347ffff"}, "geometry": {"type": "Point", "coordinates": [-73.71746, 45.520876]}}, {"type": "Feature", "properties": {"cell_id": "892baa4534bffff"}, "geometry": {"type": "Point", "coordinates": [-73.724676, 45.523504]}}, {"type": "Feature", "properties": {"cell_id": "892baa4534fffff"}, "geometry": {"type": "Point", "coordinates": [-73.722205, 45.520773]}}, {"type": "Feature", "properties": {"cell_id": "892baa45353ffff"}, "geometry": {"type": "Point", "coordinates": [-73.717656, 45.526441]}}, {"type": "Feature", "properties": {"cell_id": "892baa45357ffff"}, "geometry": {"type": "Point", "coordinates": [-73.715185, 45.523709]}}, {"type": "Feature", "properties": {"cell_id": "892baa4535bffff"}, "geometry": {"type": "Point", "coordinates": [-73.722401, 45.526338]}}, {"type": "Feature", "properties": {"cell_id": "892baa45363ffff"}, "geometry": {"type": "Point", "coordinates": [-73.717264, 45.515312]}}, {"type": "Feature", "properties": {"cell_id": "892baa45367ffff"}, "geometry": {"type": "Point", "coordinates": [-73.714794, 45.512581]}}, {"type": "Feature", "properties": {"cell_id": "892baa4536bffff"}, "geometry": {"type": "Point", "coordinates": [-73.722008, 45.515209]}}, {"type": "Feature", "properties": {"cell_id": "892baa4536fffff"}, "geometry": {"type": "Point", "coordinates": [-73.719538, 45.512478]}}, {"type": "Feature", "properties": {"cell_id": "892baa45373ffff"}, "geometry": {"type": "Point", "coordinates": [-73.714989, 45.518145]}}, {"type": "Feature", "properties": {"cell_id": "892baa45377ffff"}, "geometry": {"type": "Point", "coordinates": [-73.712519, 45.515414]}}, {"type": "Feature", "properties": {"cell_id": "892baa4537bffff"}, "geometry": {"type": "Point", "coordinates": [-73.719734, 45.518042]}}, {"type": "Feature", "properties": {"cell_id": "892baa45383ffff"}, "geometry": {"type": "Point", "coordinates": [-73.698674, 45.526849]}}, {"type": "Feature", "properties": {"cell_id": "892baa45387ffff"}, "geometry": {"type": "Point", "coordinates": [-73.696205, 45.524117]}}, {"type": "Feature", "properties": {"cell_id": "892baa4538bffff"}, "geometry": {"type": "Point", "coordinates": [-73.70342, 45.526747]}}, {"type": "Feature", "properties": {"cell_id": "892baa4538fffff"}, "geometry": {"type": "Point", "coordinates": [-73.70095, 45.524016]}}, {"type": "Feature", "properties": {"cell_id": "892baa45393ffff"}, "geometry": {"type": "Point", "coordinates": [-73.696398, 45.529682]}}, {"type": "Feature", "properties": {"cell_id": "892baa45397ffff"}, "geometry": {"type": "Point", "coordinates": [-73.693929, 45.526951]}}, {"type": "Feature", "properties": {"cell_id": "892baa4539bffff"}, "geometry": {"type": "Point", "coordinates": [-73.701144, 45.52958]}}, {"type": "Feature", "properties": {"cell_id": "892baa453a3ffff"}, "geometry": {"type": "Point", "coordinates": [-73.696011, 45.518553]}}, {"type": "Feature", "properties": {"cell_id": "892baa453a7ffff"}, "geometry": {"type": "Point", "coordinates": [-73.693542, 45.515822]}}, {"type": "Feature", "properties": {"cell_id": "892baa453abffff"}, "geometry": {"type": "Point", "coordinates": [-73.700756, 45.518451]}}, {"type": "Feature", "properties": {"cell_id": "892baa453afffff"}, "geometry": {"type": "Point", "coordinates": [-73.698287, 45.51572]}}, {"type": "Feature", "properties": {"cell_id": "892baa453b3ffff"}, "geometry": {"type": "Point", "coordinates": [-73.693736, 45.521386]}}, {"type": "Feature", "properties": {"cell_id": "892baa453b7ffff"}, "geometry": {"type": "Point", "coordinates": [-73.691267, 45.518654]}}, {"type": "Feature", "properties": {"cell_id": "892baa453bbffff"}, "geometry": {"type": "Point", "coordinates": [-73.69848, 45.521284]}}, {"type": "Feature", "properties": {"cell_id": "892baa453c3ffff"}, "geometry": {"type": "Point", "coordinates": [-73.710636, 45.529376]}}, {"type": "Feature", "properties": {"cell_id": "892baa453c7ffff"}, "geometry": {"type": "Point", "coordinates": [-73.708165, 45.526645]}}, {"type": "Feature", "properties": {"cell_id": "892baa453cbffff"}, "geometry": {"type": "Point", "coordinates": [-73.715381, 45.529274]}}, {"type": "Feature", "properties": {"cell_id": "892baa453cfffff"}, "geometry": {"type": "Point", "coordinates": [-73.712911, 45.526543]}}, {"type": "Feature", "properties": {"cell_id": "892baa453d3ffff"}, "geometry": {"type": "Point", "coordinates": [-73.70836, 45.53221]}}, {"type": "Feature", "properties": {"cell_id": "892baa453d7ffff"}, "geometry": {"type": "Point", "coordinates": [-73.70589, 45.529479]}}, {"type": "Feature", "properties": {"cell_id": "892baa453dbffff"}, "geometry": {"type": "Point", "coordinates": [-73.713106, 45.532108]}}, {"type": "Feature", "properties": {"cell_id": "892baa45403ffff"}, "geometry": {"type": "Point", "coordinates": [-73.676093, 45.560749]}}, {"type": "Feature", "properties": {"cell_id": "892baa45407ffff"}, "geometry": {"type": "Point", "coordinates": [-73.673623, 45.558016]}}, {"type": "Feature", "properties": {"cell_id": "892baa4540bffff"}, "geometry": {"type": "Point", "coordinates": [-73.680842, 45.560648]}}, {"type": "Feature", "properties": {"cell_id": "892baa4540fffff"}, "geometry": {"type": "Point", "coordinates": [-73.678372, 45.557915]}}, {"type": "Feature", "properties": {"cell_id": "892baa45413ffff"}, "geometry": {"type": "Point", "coordinates": [-73.673814, 45.563583]}}, {"type": "Feature", "properties": {"cell_id": "892baa45417ffff"}, "geometry": {"type": "Point", "coordinates": [-73.671344, 45.56085]}}, {"type": "Feature", "properties": {"cell_id": "892baa4541bffff"}, "geometry": {"type": "Point", "coordinates": [-73.678564, 45.563482]}}, {"type": "Feature", "properties": {"cell_id": "892baa45423ffff"}, "geometry": {"type": "Point", "coordinates": [-73.673433, 45.55245]}}, {"type": "Feature", "properties": {"cell_id": "892baa45427ffff"}, "geometry": {"type": "Point", "coordinates": [-73.670963, 45.549717]}}, {"type": "Feature", "properties": {"cell_id": "892baa4542bffff"}, "geometry": {"type": "Point", "coordinates": [-73.678181, 45.552349]}}, {"type": "Feature", "properties": {"cell_id": "892baa4542fffff"}, "geometry": {"type": "Point", "coordinates": [-73.675711, 45.549616]}}, {"type": "Feature", "properties": {"cell_id": "892baa45433ffff"}, "geometry": {"type": "Point", "coordinates": [-73.671154, 45.555283]}}, {"type": "Feature", "properties": {"cell_id": "892baa45437ffff"}, "geometry": {"type": "Point", "coordinates": [-73.668685, 45.55255]}}, {"type": "Feature", "properties": {"cell_id": "892baa4543bffff"}, "geometry": {"type": "Point", "coordinates": [-73.675902, 45.555183]}}, {"type": "Feature", "properties": {"cell_id": "892baa45443ffff"}, "geometry": {"type": "Point", "coordinates": [-73.688062, 45.56328]}}, {"type": "Feature", "properties": {"cell_id": "892baa45447ffff"}, "geometry": {"type": "Point", "coordinates": [-73.685591, 45.560547]}}, {"type": "Feature", "properties": {"cell_id": "892baa4544bffff"}, "geometry": {"type": "Point", "coordinates": [-73.692812, 45.563178]}}, {"type": "Feature", "properties": {"cell_id": "892baa4544fffff"}, "geometry": {"type": "Point", "coordinates": [-73.69034, 45.560446]}}, {"type": "Feature", "properties": {"cell_id": "892baa45453ffff"}, "geometry": {"type": "Point", "coordinates": [-73.685784, 45.566114]}}, {"type": "Feature", "properties": {"cell_id": "892baa45457ffff"}, "geometry": {"type": "Point", "coordinates": [-73.683313, 45.563381]}}, {"type": "Feature", "properties": {"cell_id": "892baa4545bffff"}, "geometry": {"type": "Point", "coordinates": [-73.690533, 45.566012]}}, {"type": "Feature", "properties": {"cell_id": "892baa45463ffff"}, "geometry": {"type": "Point", "coordinates": [-73.685399, 45.554981]}}, {"type": "Feature", "properties": {"cell_id": "892baa45467ffff"}, "geometry": {"type": "Point", "coordinates": [-73.682929, 45.552248]}}, {"type": "Feature", "properties": {"cell_id": "892baa4546bffff"}, "geometry": {"type": "Point", "coordinates": [-73.690147, 45.554879]}}, {"type": "Feature", "properties": {"cell_id": "892baa4546fffff"}, "geometry": {"type": "Point", "coordinates": [-73.687677, 45.552147]}}, {"type": "Feature", "properties": {"cell_id": "892baa45473ffff"}, "geometry": {"type": "Point", "coordinates": [-73.683121, 45.557814]}}, {"type": "Feature", "properties": {"cell_id": "892baa45477ffff"}, "geometry": {"type": "Point", "coordinates": [-73.680651, 45.555082]}}, {"type": "Feature", "properties": {"cell_id": "892baa4547bffff"}, "geometry": {"type": "Point", "coordinates": [-73.68787, 45.557713]}}, {"type": "Feature", "properties": {"cell_id": "892baa45483ffff"}, "geometry": {"type": "Point", "coordinates": [-73.666785, 45.566517]}}, {"type": "Feature", "properties": {"cell_id": "892baa45487ffff"}, "geometry": {"type": "Point", "coordinates": [-73.664316, 45.563783]}}, {"type": "Feature", "properties": {"cell_id": "892baa4548bffff"}, "geometry": {"type": "Point", "coordinates": [-73.671535, 45.566416]}}, {"type": "Feature", "properties": {"cell_id": "892baa4548fffff"}, "geometry": {"type": "Point", "coordinates": [-73.669065, 45.563683]}}, {"type": "Feature", "properties": {"cell_id": "892baa45493ffff"}, "geometry": {"type": "Point", "coordinates": [-73.664506, 45.56935]}}, {"type": "Feature", "properties": {"cell_id": "892baa45497ffff"}, "geometry": {"type": "Point", "coordinates": [-73.662036, 45.566617]}}, {"type": "Feature", "properties": {"cell_id": "892baa4549bffff"}, "geometry": {"type": "Point", "coordinates": [-73.669255, 45.56925]}}, {"type": "Feature", "properties": {"cell_id": "892baa454a3ffff"}, "geometry": {"type": "Point", "coordinates": [-73.664126, 45.558217]}}, {"type": "Feature", "properties": {"cell_id": "892baa454a7ffff"}, "geometry": {"type": "Point", "coordinates": [-73.661657, 45.555484]}}, {"type": "Feature", "properties": {"cell_id": "892baa454abffff"}, "geometry": {"type": "Point", "coordinates": [-73.668875, 45.558117]}}, {"type": "Feature", "properties": {"cell_id": "892baa454afffff"}, "geometry": {"type": "Point", "coordinates": [-73.666405, 45.555384]}}, {"type": "Feature", "properties": {"cell_id": "892baa454b3ffff"}, "geometry": {"type": "Point", "coordinates": [-73.661846, 45.56105]}}, {"type": "Feature", "properties": {"cell_id": "892baa454b7ffff"}, "geometry": {"type": "Point", "coordinates": [-73.659377, 45.558317]}}, {"type": "Feature", "properties": {"cell_id": "892baa454bbffff"}, "geometry": {"type": "Point", "coordinates": [-73.666595, 45.56095]}}, {"type": "Feature", "properties": {"cell_id": "892baa454c3ffff"}, "geometry": {"type": "Point", "coordinates": [-73.678755, 45.569049]}}, {"type": "Feature", "properties": {"cell_id": "892baa454c7ffff"}, "geometry": {"type": "Point", "coordinates": [-73.676285, 45.566316]}}, {"type": "Feature", "properties": {"cell_id": "892baa454cbffff"}, "geometry": {"type": "Point", "coordinates": [-73.683505, 45.568948]}}, {"type": "Feature", "properties": {"cell_id": "892baa454cfffff"}, "geometry": {"type": "Point", "coordinates": [-73.681034, 45.566215]}}, {"type": "Feature", "properties": {"cell_id": "892baa454d3ffff"}, "geometry": {"type": "Point", "coordinates": [-73.676476, 45.571883]}}, {"type": "Feature", "properties": {"cell_id": "892baa454d7ffff"}, "geometry": {"type": "Point", "coordinates": [-73.674005, 45.569149]}}, {"type": "Feature", "properties": {"cell_id": "892baa454dbffff"}, "geometry": {"type": "Point", "coordinates": [-73.681226, 45.571782]}}, {"type": "Feature", "properties": {"cell_id": "892baa45503ffff"}, "geometry": {"type": "Point", "coordinates": [-73.65881, 45.541619]}}, {"type": "Feature", "properties": {"cell_id": "892baa45507ffff"}, "geometry": {"type": "Point", "coordinates": [-73.656342, 45.538887]}}, {"type": "Feature", "properties": {"cell_id": "892baa4550bffff"}, "geometry": {"type": "Point", "coordinates": [-73.663557, 45.541519]}}, {"type": "Feature", "properties": {"cell_id": "892baa4550fffff"}, "geometry": {"type": "Point", "coordinates": [-73.661089, 45.538786]}}, {"type": "Feature", "properties": {"cell_id": "892baa45513ffff"}, "geometry": {"type": "Point", "coordinates": [-73.656531, 45.544452]}}, {"type": "Feature", "properties": {"cell_id": "892baa45517ffff"}, "geometry": {"type": "Point", "coordinates": [-73.654063, 45.541719]}}, {"type": "Feature", "properties": {"cell_id": "892baa4551bffff"}, "geometry": {"type": "Point", "coordinates": [-73.661278, 45.544352]}}, {"type": "Feature", "properties": {"cell_id": "892baa45523ffff"}, "geometry": {"type": "Point", "coordinates": [-73.656154, 45.533321]}}, {"type": "Feature", "properties": {"cell_id": "892baa45527ffff"}, "geometry": {"type": "Point", "coordinates": [-73.653687, 45.530589]}}, {"type": "Feature", "properties": {"cell_id": "892baa4552bffff"}, "geometry": {"type": "Point", "coordinates": [-73.6609, 45.533221]}}, {"type": "Feature", "properties": {"cell_id": "892baa4552fffff"}, "geometry": {"type": "Point", "coordinates": [-73.658432, 45.530489]}}, {"type": "Feature", "properties": {"cell_id": "892baa45533ffff"}, "geometry": {"type": "Point", "coordinates": [-73.653875, 45.536154]}}, {"type": "Feature", "properties": {"cell_id": "892baa45537ffff"}, "geometry": {"type": "Point", "coordinates": [-73.651408, 45.533421]}}, {"type": "Feature", "properties": {"cell_id": "892baa4553bffff"}, "geometry": {"type": "Point", "coordinates": [-73.658621, 45.536054]}}, {"type": "Feature", "properties": {"cell_id": "892baa45543ffff"}, "geometry": {"type": "Point", "coordinates": [-73.670773, 45.544151]}}, {"type": "Feature", "properties": {"cell_id": "892baa45547ffff"}, "geometry": {"type": "Point", "coordinates": [-73.668304, 45.541419]}}, {"type": "Feature", "properties": {"cell_id": "892baa4554bffff"}, "geometry": {"type": "Point", "coordinates": [-73.67552, 45.544051]}}, {"type": "Feature", "properties": {"cell_id": "892baa4554fffff"}, "geometry": {"type": "Point", "coordinates": [-73.673051, 45.541318]}}, {"type": "Feature", "properties": {"cell_id": "892baa45553ffff"}, "geometry": {"type": "Point", "coordinates": [-73.668494, 45.546984]}}, {"type": "Feature", "properties": {"cell_id": "892baa45557ffff"}, "geometry": {"type": "Point", "coordinates": [-73.666026, 45.544252]}}, {"type": "Feature", "properties": {"cell_id": "892baa4555bffff"}, "geometry": {"type": "Point", "coordinates": [-73.673242, 45.546884]}}, {"type": "Feature", "properties": {"cell_id": "892baa45563ffff"}, "geometry": {"type": "Point", "coordinates": [-73.668114, 45.535853]}}, {"type": "Feature", "properties": {"cell_id": "892baa45567ffff"}, "geometry": {"type": "Point", "coordinates": [-73.665646, 45.533121]}}, {"type": "Feature", "properties": {"cell_id": "892baa4556bffff"}, "geometry": {"type": "Point", "coordinates": [-73.67286, 45.535753]}}, {"type": "Feature", "properties": {"cell_id": "892baa4556fffff"}, "geometry": {"type": "Point", "coordinates": [-73.670392, 45.533021]}}, {"type": "Feature", "properties": {"cell_id": "892baa45573ffff"}, "geometry": {"type": "Point", "coordinates": [-73.665836, 45.538686]}}, {"type": "Feature", "properties": {"cell_id": "892baa45577ffff"}, "geometry": {"type": "Point", "coordinates": [-73.663368, 45.535954]}}, {"type": "Feature", "properties": {"cell_id": "892baa4557bffff"}, "geometry": {"type": "Point", "coordinates": [-73.670582, 45.538586]}}, {"type": "Feature", "properties": {"cell_id": "892baa45583ffff"}, "geometry": {"type": "Point", "coordinates": [-73.649504, 45.547385]}}, {"type": "Feature", "properties": {"cell_id": "892baa45587ffff"}, "geometry": {"type": "Point", "coordinates": [-73.647037, 45.544652]}}, {"type": "Feature", "properties": {"cell_id": "892baa4558bffff"}, "geometry": {"type": "Point", "coordinates": [-73.654252, 45.547285]}}, {"type": "Feature", "properties": {"cell_id": "892baa4558fffff"}, "geometry": {"type": "Point", "coordinates": [-73.651784, 45.544552]}}, {"type": "Feature", "properties": {"cell_id": "892baa45593ffff"}, "geometry": {"type": "Point", "coordinates": [-73.647224, 45.550217]}}, {"type": "Feature", "properties": {"cell_id": "892baa45597ffff"}, "geometry": {"type": "Point", "coordinates": [-73.644757, 45.547484]}}, {"type": "Feature", "properties": {"cell_id": "892baa4559bffff"}, "geometry": {"type": "Point", "coordinates": [-73.651972, 45.550118]}}, {"type": "Feature", "properties": {"cell_id": "892baa455a3ffff"}, "geometry": {"type": "Point", "coordinates": [-73.646849, 45.539086]}}, {"type": "Feature", "properties": {"cell_id": "892baa455a7ffff"}, "geometry": {"type": "Point", "coordinates": [-73.644382, 45.536353]}}, {"type": "Feature", "properties": {"cell_id": "892baa455abffff"}, "geometry": {"type": "Point", "coordinates": [-73.651596, 45.538986]}}, {"type": "Feature", "properties": {"cell_id": "892baa455afffff"}, "geometry": {"type": "Point", "coordinates": [-73.649129, 45.536254]}}, {"type": "Feature", "properties": {"cell_id": "892baa455b3ffff"}, "geometry": {"type": "Point", "coordinates": [-73.644569, 45.541919]}}, {"type": "Feature", "properties": {"cell_id": "892baa455b7ffff"}, "geometry": {"type": "Point", "coordinates": [-73.642102, 45.539185]}}, {"type": "Feature", "properties": {"cell_id": "892baa455bbffff"}, "geometry": {"type": "Point", "coordinates": [-73.649316, 45.541819]}}, {"type": "Feature", "properties": {"cell_id": "892baa455c3ffff"}, "geometry": {"type": "Point", "coordinates": [-73.661468, 45.549918]}}, {"type": "Feature", "properties": {"cell_id": "892baa455c7ffff"}, "geometry": {"type": "Point", "coordinates": [-73.658999, 45.547185]}}, {"type": "Feature", "properties": {"cell_id": "892baa455cbffff"}, "geometry": {"type": "Point", "coordinates": [-73.666215, 45.549818]}}, {"type": "Feature", "properties": {"cell_id": "892baa455cfffff"}, "geometry": {"type": "Point", "coordinates": [-73.663747, 45.547085]}}, {"type": "Feature", "properties": {"cell_id": "892baa455d3ffff"}, "geometry": {"type": "Point", "coordinates": [-73.659188, 45.552751]}}, {"type": "Feature", "properties": {"cell_id": "892baa455d7ffff"}, "geometry": {"type": "Point", "coordinates": [-73.65672, 45.550018]}}, {"type": "Feature", "properties": {"cell_id": "892baa455dbffff"}, "geometry": {"type": "Point", "coordinates": [-73.663936, 45.552651]}}, {"type": "Feature", "properties": {"cell_id": "892baa45603ffff"}, "geometry": {"type": "Point", "coordinates": [-73.709336, 45.560039]}}, {"type": "Feature", "properties": {"cell_id": "892baa45607ffff"}, "geometry": {"type": "Point", "coordinates": [-73.706864, 45.557307]}}, {"type": "Feature", "properties": {"cell_id": "892baa4560bffff"}, "geometry": {"type": "Point", "coordinates": [-73.714085, 45.559937]}}, {"type": "Feature", "properties": {"cell_id": "892baa4560fffff"}, "geometry": {"type": "Point", "coordinates": [-73.711613, 45.557205]}}, {"type": "Feature", "properties": {"cell_id": "892baa45613ffff"}, "geometry": {"type": "Point", "coordinates": [-73.707059, 45.562873]}}, {"type": "Feature", "properties": {"cell_id": "892baa45617ffff"}, "geometry": {"type": "Point", "coordinates": [-73.704587, 45.560141]}}, {"type": "Feature", "properties": {"cell_id": "892baa4561bffff"}, "geometry": {"type": "Point", "coordinates": [-73.711809, 45.562771]}}, {"type": "Feature", "properties": {"cell_id": "892baa45623ffff"}, "geometry": {"type": "Point", "coordinates": [-73.706669, 45.551741]}}, {"type": "Feature", "properties": {"cell_id": "892baa45627ffff"}, "geometry": {"type": "Point", "coordinates": [-73.704198, 45.549009]}}, {"type": "Feature", "properties": {"cell_id": "892baa4562bffff"}, "geometry": {"type": "Point", "coordinates": [-73.711417, 45.551638]}}, {"type": "Feature", "properties": {"cell_id": "892baa4562fffff"}, "geometry": {"type": "Point", "coordinates": [-73.708946, 45.548906]}}, {"type": "Feature", "properties": {"cell_id": "892baa45633ffff"}, "geometry": {"type": "Point", "coordinates": [-73.704393, 45.554575]}}, {"type": "Feature", "properties": {"cell_id": "892baa45637ffff"}, "geometry": {"type": "Point", "coordinates": [-73.701921, 45.551842]}}, {"type": "Feature", "properties": {"cell_id": "892baa4563bffff"}, "geometry": {"type": "Point", "coordinates": [-73.709141, 45.554473]}}, {"type": "Feature", "properties": {"cell_id": "892baa45643ffff"}, "geometry": {"type": "Point", "coordinates": [-73.721307, 45.562566]}}, {"type": "Feature", "properties": {"cell_id": "892baa45647ffff"}, "geometry": {"type": "Point", "coordinates": [-73.718834, 45.559834]}}, {"type": "Feature", "properties": {"cell_id": "892baa4564fffff"}, "geometry": {"type": "Point", "coordinates": [-73.723583, 45.559732]}}, {"type": "Feature", "properties": {"cell_id": "892baa45657ffff"}, "geometry": {"type": "Point", "coordinates": [-73.716558, 45.562669]}}, {"type": "Feature", "properties": {"cell_id": "892baa45663ffff"}, "geometry": {"type": "Point", "coordinates": [-73.718638, 45.554268]}}, {"type": "Feature", "properties": {"cell_id": "892baa45667ffff"}, "geometry": {"type": "Point", "coordinates": [-73.716166, 45.551536]}}, {"type": "Feature", "properties": {"cell_id": "892baa4566bffff"}, "geometry": {"type": "Point", "coordinates": [-73.723386, 45.554165]}}, {"type": "Feature", "properties": {"cell_id": "892baa4566fffff"}, "geometry": {"type": "Point", "coordinates": [-73.720914, 45.551434]}}, {"type": "Feature", "properties": {"cell_id": "892baa45673ffff"}, "geometry": {"type": "Point", "coordinates": [-73.716362, 45.557102]}}, {"type": "Feature", "properties": {"cell_id": "892baa45677ffff"}, "geometry": {"type": "Point", "coordinates": [-73.713889, 45.55437]}}, {"type": "Feature", "properties": {"cell_id": "892baa4567bffff"}, "geometry": {"type": "Point", "coordinates": [-73.72111, 45.557]}}, {"type": "Feature", "properties": {"cell_id": "892baa45683ffff"}, "geometry": {"type": "Point", "coordinates": [-73.700033, 45.565809]}}, {"type": "Feature", "properties": {"cell_id": "892baa45687ffff"}, "geometry": {"type": "Point", "coordinates": [-73.697561, 45.563077]}}, {"type": "Feature", "properties": {"cell_id": "892baa4568bffff"}, "geometry": {"type": "Point", "coordinates": [-73.704782, 45.565708]}}, {"type": "Feature", "properties": {"cell_id": "892baa4568fffff"}, "geometry": {"type": "Point", "coordinates": [-73.70231, 45.562975]}}, {"type": "Feature", "properties": {"cell_id": "892baa45693ffff"}, "geometry": {"type": "Point", "coordinates": [-73.697755, 45.568644]}}, {"type": "Feature", "properties": {"cell_id": "892baa45697ffff"}, "geometry": {"type": "Point", "coordinates": [-73.695283, 45.565911]}}, {"type": "Feature", "properties": {"cell_id": "892baa4569bffff"}, "geometry": {"type": "Point", "coordinates": [-73.702505, 45.568542]}}, {"type": "Feature", "properties": {"cell_id": "892baa456a3ffff"}, "geometry": {"type": "Point", "coordinates": [-73.697367, 45.55751]}}, {"type": "Feature", "properties": {"cell_id": "892baa456a7ffff"}, "geometry": {"type": "Point", "coordinates": [-73.694896, 45.554778]}}, {"type": "Feature", "properties": {"cell_id": "892baa456abffff"}, "geometry": {"type": "Point", "coordinates": [-73.702116, 45.557409]}}, {"type": "Feature", "properties": {"cell_id": "892baa456afffff"}, "geometry": {"type": "Point", "coordinates": [-73.699644, 45.554676]}}, {"type": "Feature", "properties": {"cell_id": "892baa456b3ffff"}, "geometry": {"type": "Point", "coordinates": [-73.695089, 45.560344]}}, {"type": "Feature", "properties": {"cell_id": "892baa456b7ffff"}, "geometry": {"type": "Point", "coordinates": [-73.692618, 45.557612]}}, {"type": "Feature", "properties": {"cell_id": "892baa456bbffff"}, "geometry": {"type": "Point", "coordinates": [-73.699838, 45.560243]}}, {"type": "Feature", "properties": {"cell_id": "892baa456c7ffff"}, "geometry": {"type": "Point", "coordinates": [-73.709532, 45.565606]}}, {"type": "Feature", "properties": {"cell_id": "892baa456cfffff"}, "geometry": {"type": "Point", "coordinates": [-73.714281, 45.565503]}}, {"type": "Feature", "properties": {"cell_id": "892baa456d7ffff"}, "geometry": {"type": "Point", "coordinates": [-73.707255, 45.56844]}}, {"type": "Feature", "properties": {"cell_id": "892baa45803ffff"}, "geometry": {"type": "Point", "coordinates": [-73.673421, 45.482846]}}, {"type": "Feature", "properties": {"cell_id": "892baa45807ffff"}, "geometry": {"type": "Point", "coordinates": [-73.670956, 45.480115]}}, {"type": "Feature", "properties": {"cell_id": "892baa4580bffff"}, "geometry": {"type": "Point", "coordinates": [-73.678162, 45.482745]}}, {"type": "Feature", "properties": {"cell_id": "892baa4580fffff"}, "geometry": {"type": "Point", "coordinates": [-73.675696, 45.480014]}}, {"type": "Feature", "properties": {"cell_id": "892baa45813ffff"}, "geometry": {"type": "Point", "coordinates": [-73.671146, 45.485678]}}, {"type": "Feature", "properties": {"cell_id": "892baa45817ffff"}, "geometry": {"type": "Point", "coordinates": [-73.668681, 45.482947]}}, {"type": "Feature", "properties": {"cell_id": "892baa4581bffff"}, "geometry": {"type": "Point", "coordinates": [-73.675887, 45.485577]}}, {"type": "Feature", "properties": {"cell_id": "892baa45823ffff"}, "geometry": {"type": "Point", "coordinates": [-73.670766, 45.474553]}}, {"type": "Feature", "properties": {"cell_id": "892baa45827ffff"}, "geometry": {"type": "Point", "coordinates": [-73.668301, 45.471822]}}, {"type": "Feature", "properties": {"cell_id": "892baa4582bffff"}, "geometry": {"type": "Point", "coordinates": [-73.675506, 45.474452]}}, {"type": "Feature", "properties": {"cell_id": "892baa4582fffff"}, "geometry": {"type": "Point", "coordinates": [-73.67304, 45.471722]}}, {"type": "Feature", "properties": {"cell_id": "892baa45833ffff"}, "geometry": {"type": "Point", "coordinates": [-73.668491, 45.477384]}}, {"type": "Feature", "properties": {"cell_id": "892baa45837ffff"}, "geometry": {"type": "Point", "coordinates": [-73.666026, 45.474653]}}, {"type": "Feature", "properties": {"cell_id": "892baa4583bffff"}, "geometry": {"type": "Point", "coordinates": [-73.673231, 45.477284]}}, {"type": "Feature", "properties": {"cell_id": "892baa45843ffff"}, "geometry": {"type": "Point", "coordinates": [-73.685369, 45.485375]}}, {"type": "Feature", "properties": {"cell_id": "892baa45847ffff"}, "geometry": {"type": "Point", "coordinates": [-73.682903, 45.482644]}}, {"type": "Feature", "properties": {"cell_id": "892baa4584bffff"}, "geometry": {"type": "Point", "coordinates": [-73.69011, 45.485274]}}, {"type": "Feature", "properties": {"cell_id": "892baa4584fffff"}, "geometry": {"type": "Point", "coordinates": [-73.687643, 45.482543]}}, {"type": "Feature", "properties": {"cell_id": "892baa45853ffff"}, "geometry": {"type": "Point", "coordinates": [-73.683095, 45.488207]}}, {"type": "Feature", "properties": {"cell_id": "892baa45857ffff"}, "geometry": {"type": "Point", "coordinates": [-73.680628, 45.485476]}}, {"type": "Feature", "properties": {"cell_id": "892baa4585bffff"}, "geometry": {"type": "Point", "coordinates": [-73.687836, 45.488106]}}, {"type": "Feature", "properties": {"cell_id": "892baa45863ffff"}, "geometry": {"type": "Point", "coordinates": [-73.682711, 45.477082]}}, {"type": "Feature", "properties": {"cell_id": "892baa45867ffff"}, "geometry": {"type": "Point", "coordinates": [-73.680245, 45.474351]}}, {"type": "Feature", "properties": {"cell_id": "892baa4586bffff"}, "geometry": {"type": "Point", "coordinates": [-73.687451, 45.476981]}}, {"type": "Feature", "properties": {"cell_id": "892baa4586fffff"}, "geometry": {"type": "Point", "coordinates": [-73.684985, 45.47425]}}, {"type": "Feature", "properties": {"cell_id": "892baa45873ffff"}, "geometry": {"type": "Point", "coordinates": [-73.680437, 45.479914]}}, {"type": "Feature", "properties": {"cell_id": "892baa45877ffff"}, "geometry": {"type": "Point", "coordinates": [-73.677971, 45.477183]}}, {"type": "Feature", "properties": {"cell_id": "892baa4587bffff"}, "geometry": {"type": "Point", "coordinates": [-73.685177, 45.479812]}}, {"type": "Feature", "properties": {"cell_id": "892baa45883ffff"}, "geometry": {"type": "Point", "coordinates": [-73.664129, 45.48861]}}, {"type": "Feature", "properties": {"cell_id": "892baa45887ffff"}, "geometry": {"type": "Point", "coordinates": [-73.661664, 45.485878]}}, {"type": "Feature", "properties": {"cell_id": "892baa4588bffff"}, "geometry": {"type": "Point", "coordinates": [-73.668871, 45.488509]}}, {"type": "Feature", "properties": {"cell_id": "892baa4588fffff"}, "geometry": {"type": "Point", "coordinates": [-73.666405, 45.485778]}}, {"type": "Feature", "properties": {"cell_id": "892baa45893ffff"}, "geometry": {"type": "Point", "coordinates": [-73.661853, 45.491441]}}, {"type": "Feature", "properties": {"cell_id": "892baa45897ffff"}, "geometry": {"type": "Point", "coordinates": [-73.659388, 45.48871]}}, {"type": "Feature", "properties": {"cell_id": "892baa4589bffff"}, "geometry": {"type": "Point", "coordinates": [-73.666595, 45.491341]}}, {"type": "Feature", "properties": {"cell_id": "892baa458a3ffff"}, "geometry": {"type": "Point", "coordinates": [-73.661475, 45.480316]}}, {"type": "Feature", "properties": {"cell_id": "892baa458a7ffff"}, "geometry": {"type": "Point", "coordinates": [-73.65901, 45.477585]}}, {"type": "Feature", "properties": {"cell_id": "892baa458abffff"}, "geometry": {"type": "Point", "coordinates": [-73.666215, 45.480216]}}, {"type": "Feature", "properties": {"cell_id": "892baa458afffff"}, "geometry": {"type": "Point", "coordinates": [-73.663751, 45.477485]}}, {"type": "Feature", "properties": {"cell_id": "892baa458b3ffff"}, "geometry": {"type": "Point", "coordinates": [-73.659199, 45.483147]}}, {"type": "Feature", "properties": {"cell_id": "892baa458b7ffff"}, "geometry": {"type": "Point", "coordinates": [-73.656735, 45.480416]}}, {"type": "Feature", "properties": {"cell_id": "892baa458bbffff"}, "geometry": {"type": "Point", "coordinates": [-73.66394, 45.483047]}}, {"type": "Feature", "properties": {"cell_id": "892baa458c3ffff"}, "geometry": {"type": "Point", "coordinates": [-73.676078, 45.49114]}}, {"type": "Feature", "properties": {"cell_id": "892baa458c7ffff"}, "geometry": {"type": "Point", "coordinates": [-73.673612, 45.488409]}}, {"type": "Feature", "properties": {"cell_id": "892baa458cbffff"}, "geometry": {"type": "Point", "coordinates": [-73.68082, 45.491039]}}, {"type": "Feature", "properties": {"cell_id": "892baa458cfffff"}, "geometry": {"type": "Point", "coordinates": [-73.678353, 45.488308]}}, {"type": "Feature", "properties": {"cell_id": "892baa458d3ffff"}, "geometry": {"type": "Point", "coordinates": [-73.673803, 45.493972]}}, {"type": "Feature", "properties": {"cell_id": "892baa458d7ffff"}, "geometry": {"type": "Point", "coordinates": [-73.671336, 45.49124]}}, {"type": "Feature", "properties": {"cell_id": "892baa458dbffff"}, "geometry": {"type": "Point", "coordinates": [-73.678544, 45.493871]}}, {"type": "Feature", "properties": {"cell_id": "892baa45903ffff"}, "geometry": {"type": "Point", "coordinates": [-73.65617, 45.46373]}}, {"type": "Feature", "properties": {"cell_id": "892baa45907ffff"}, "geometry": {"type": "Point", "coordinates": [-73.653706, 45.461]}}, {"type": "Feature", "properties": {"cell_id": "892baa4590bffff"}, "geometry": {"type": "Point", "coordinates": [-73.660908, 45.46363]}}, {"type": "Feature", "properties": {"cell_id": "892baa4590fffff"}, "geometry": {"type": "Point", "coordinates": [-73.658445, 45.4609]}}, {"type": "Feature", "properties": {"cell_id": "892baa45913ffff"}, "geometry": {"type": "Point", "coordinates": [-73.653894, 45.466561]}}, {"type": "Feature", "properties": {"cell_id": "892baa45917ffff"}, "geometry": {"type": "Point", "coordinates": [-73.651431, 45.46383]}}, {"type": "Feature", "properties": {"cell_id": "892baa4591bffff"}, "geometry": {"type": "Point", "coordinates": [-73.658633, 45.466461]}}, {"type": "Feature", "properties": {"cell_id": "892baa45923ffff"}, "geometry": {"type": "Point", "coordinates": [-73.653518, 45.455438]}}, {"type": "Feature", "properties": {"cell_id": "892baa45927ffff"}, "geometry": {"type": "Point", "coordinates": [-73.651056, 45.452708]}}, {"type": "Feature", "properties": {"cell_id": "892baa4592bffff"}, "geometry": {"type": "Point", "coordinates": [-73.658256, 45.455338]}}, {"type": "Feature", "properties": {"cell_id": "892baa4592fffff"}, "geometry": {"type": "Point", "coordinates": [-73.655793, 45.452608]}}, {"type": "Feature", "properties": {"cell_id": "892baa45933ffff"}, "geometry": {"type": "Point", "coordinates": [-73.651243, 45.458269]}}, {"type": "Feature", "properties": {"cell_id": "892baa45937ffff"}, "geometry": {"type": "Point", "coordinates": [-73.64878, 45.455538]}}, {"type": "Feature", "properties": {"cell_id": "892baa4593bffff"}, "geometry": {"type": "Point", "coordinates": [-73.655981, 45.458169]}}, {"type": "Feature", "properties": {"cell_id": "892baa45943ffff"}, "geometry": {"type": "Point", "coordinates": [-73.668111, 45.46626]}}, {"type": "Feature", "properties": {"cell_id": "892baa45947ffff"}, "geometry": {"type": "Point", "coordinates": [-73.665647, 45.46353]}}, {"type": "Feature", "properties": {"cell_id": "892baa4594bffff"}, "geometry": {"type": "Point", "coordinates": [-73.67285, 45.46616]}}, {"type": "Feature", "properties": {"cell_id": "892baa4594fffff"}, "geometry": {"type": "Point", "coordinates": [-73.670385, 45.463429]}}, {"type": "Feature", "properties": {"cell_id": "892baa45953ffff"}, "geometry": {"type": "Point", "coordinates": [-73.665836, 45.469092]}}, {"type": "Feature", "properties": {"cell_id": "892baa45957ffff"}, "geometry": {"type": "Point", "coordinates": [-73.663372, 45.466361]}}, {"type": "Feature", "properties": {"cell_id": "892baa4595bffff"}, "geometry": {"type": "Point", "coordinates": [-73.670576, 45.468991]}}, {"type": "Feature", "properties": {"cell_id": "892baa45963ffff"}, "geometry": {"type": "Point", "coordinates": [-73.665457, 45.457969]}}, {"type": "Feature", "properties": {"cell_id": "892baa45967ffff"}, "geometry": {"type": "Point", "coordinates": [-73.662994, 45.455238]}}, {"type": "Feature", "properties": {"cell_id": "892baa4596bffff"}, "geometry": {"type": "Point", "coordinates": [-73.670195, 45.457868]}}, {"type": "Feature", "properties": {"cell_id": "892baa4596fffff"}, "geometry": {"type": "Point", "coordinates": [-73.667732, 45.455138]}}, {"type": "Feature", "properties": {"cell_id": "892baa45973ffff"}, "geometry": {"type": "Point", "coordinates": [-73.663183, 45.460799]}}, {"type": "Feature", "properties": {"cell_id": "892baa45977ffff"}, "geometry": {"type": "Point", "coordinates": [-73.660719, 45.458069]}}, {"type": "Feature", "properties": {"cell_id": "892baa4597bffff"}, "geometry": {"type": "Point", "coordinates": [-73.667921, 45.460699]}}, {"type": "Feature", "properties": {"cell_id": "892baa45983ffff"}, "geometry": {"type": "Point", "coordinates": [-73.646879, 45.469492]}}, {"type": "Feature", "properties": {"cell_id": "892baa45987ffff"}, "geometry": {"type": "Point", "coordinates": [-73.644416, 45.466761]}}, {"type": "Feature", "properties": {"cell_id": "892baa4598bffff"}, "geometry": {"type": "Point", "coordinates": [-73.651619, 45.469392]}}, {"type": "Feature", "properties": {"cell_id": "892baa4598fffff"}, "geometry": {"type": "Point", "coordinates": [-73.649155, 45.466661]}}, {"type": "Feature", "properties": {"cell_id": "892baa45993ffff"}, "geometry": {"type": "Point", "coordinates": [-73.644603, 45.472322]}}, {"type": "Feature", "properties": {"cell_id": "892baa45997ffff"}, "geometry": {"type": "Point", "coordinates": [-73.64214, 45.469591]}}, {"type": "Feature", "properties": {"cell_id": "892baa4599bffff"}, "geometry": {"type": "Point", "coordinates": [-73.649343, 45.472223]}}, {"type": "Feature", "properties": {"cell_id": "892baa459a3ffff"}, "geometry": {"type": "Point", "coordinates": [-73.644229, 45.461199]}}, {"type": "Feature", "properties": {"cell_id": "892baa459a7ffff"}, "geometry": {"type": "Point", "coordinates": [-73.641767, 45.458468]}}, {"type": "Feature", "properties": {"cell_id": "892baa459abffff"}, "geometry": {"type": "Point", "coordinates": [-73.648968, 45.461099]}}, {"type": "Feature", "properties": {"cell_id": "892baa459afffff"}, "geometry": {"type": "Point", "coordinates": [-73.646505, 45.458369]}}, {"type": "Feature", "properties": {"cell_id": "892baa459b3ffff"}, "geometry": {"type": "Point", "coordinates": [-73.641954, 45.464029]}}, {"type": "Feature", "properties": {"cell_id": "892baa459b7ffff"}, "geometry": {"type": "Point", "coordinates": [-73.639491, 45.461298]}}, {"type": "Feature", "properties": {"cell_id": "892baa459bbffff"}, "geometry": {"type": "Point", "coordinates": [-73.646692, 45.46393]}}, {"type": "Feature", "properties": {"cell_id": "892baa459c3ffff"}, "geometry": {"type": "Point", "coordinates": [-73.658822, 45.472023]}}, {"type": "Feature", "properties": {"cell_id": "892baa459c7ffff"}, "geometry": {"type": "Point", "coordinates": [-73.656358, 45.469292]}}, {"type": "Feature", "properties": {"cell_id": "892baa459cbffff"}, "geometry": {"type": "Point", "coordinates": [-73.663561, 45.471923]}}, {"type": "Feature", "properties": {"cell_id": "892baa459cfffff"}, "geometry": {"type": "Point", "coordinates": [-73.661097, 45.469192]}}, {"type": "Feature", "properties": {"cell_id": "892baa459d3ffff"}, "geometry": {"type": "Point", "coordinates": [-73.656546, 45.474854]}}, {"type": "Feature", "properties": {"cell_id": "892baa459d7ffff"}, "geometry": {"type": "Point", "coordinates": [-73.654082, 45.472123]}}, {"type": "Feature", "properties": {"cell_id": "892baa459dbffff"}, "geometry": {"type": "Point", "coordinates": [-73.661286, 45.474754]}}, {"type": "Feature", "properties": {"cell_id": "892baa45a03ffff"}, "geometry": {"type": "Point", "coordinates": [-73.706606, 45.482136]}}, {"type": "Feature", "properties": {"cell_id": "892baa45a07ffff"}, "geometry": {"type": "Point", "coordinates": [-73.704139, 45.479406]}}, {"type": "Feature", "properties": {"cell_id": "892baa45a0bffff"}, "geometry": {"type": "Point", "coordinates": [-73.711347, 45.482034]}}, {"type": "Feature", "properties": {"cell_id": "892baa45a0fffff"}, "geometry": {"type": "Point", "coordinates": [-73.708879, 45.479304]}}, {"type": "Feature", "properties": {"cell_id": "892baa45a13ffff"}, "geometry": {"type": "Point", "coordinates": [-73.704333, 45.484969]}}, {"type": "Feature", "properties": {"cell_id": "892baa45a17ffff"}, "geometry": {"type": "Point", "coordinates": [-73.701866, 45.482238]}}, {"type": "Feature", "properties": {"cell_id": "892baa45a1bffff"}, "geometry": {"type": "Point", "coordinates": [-73.709074, 45.484866]}}, {"type": "Feature", "properties": {"cell_id": "892baa45a23ffff"}, "geometry": {"type": "Point", "coordinates": [-73.703944, 45.473844]}}, {"type": "Feature", "properties": {"cell_id": "892baa45a27ffff"}, "geometry": {"type": "Point", "coordinates": [-73.701478, 45.471114]}}, {"type": "Feature", "properties": {"cell_id": "892baa45a2bffff"}, "geometry": {"type": "Point", "coordinates": [-73.708684, 45.473742]}}, {"type": "Feature", "properties": {"cell_id": "892baa45a2fffff"}, "geometry": {"type": "Point", "coordinates": [-73.706217, 45.471012]}}, {"type": "Feature", "properties": {"cell_id": "892baa45a33ffff"}, "geometry": {"type": "Point", "coordinates": [-73.701672, 45.476676]}}, {"type": "Feature", "properties": {"cell_id": "892baa45a37ffff"}, "geometry": {"type": "Point", "coordinates": [-73.699205, 45.473946]}}, {"type": "Feature", "properties": {"cell_id": "892baa45a3bffff"}, "geometry": {"type": "Point", "coordinates": [-73.706412, 45.476574]}}, {"type": "Feature", "properties": {"cell_id": "892baa45a43ffff"}, "geometry": {"type": "Point", "coordinates": [-73.718556, 45.484662]}}, {"type": "Feature", "properties": {"cell_id": "892baa45a47ffff"}, "geometry": {"type": "Point", "coordinates": [-73.716088, 45.481932]}}, {"type": "Feature", "properties": {"cell_id": "892baa45a4bffff"}, "geometry": {"type": "Point", "coordinates": [-73.723297, 45.484559]}}, {"type": "Feature", "properties": {"cell_id": "892baa45a4fffff"}, "geometry": {"type": "Point", "coordinates": [-73.720828, 45.481829]}}, {"type": "Feature", "properties": {"cell_id": "892baa45a53ffff"}, "geometry": {"type": "Point", "coordinates": [-73.716283, 45.487494]}}, {"type": "Feature", "properties": {"cell_id": "892baa45a57ffff"}, "geometry": {"type": "Point", "coordinates": [-73.713815, 45.484764]}}, {"type": "Feature", "properties": {"cell_id": "892baa45a5bffff"}, "geometry": {"type": "Point", "coordinates": [-73.721025, 45.487392]}}, {"type": "Feature", "properties": {"cell_id": "892baa45a63ffff"}, "geometry": {"type": "Point", "coordinates": [-73.715892, 45.476369]}}, {"type": "Feature", "properties": {"cell_id": "892baa45a67ffff"}, "geometry": {"type": "Point", "coordinates": [-73.713424, 45.47364]}}, {"type": "Feature", "properties": {"cell_id": "892baa45a6bffff"}, "geometry": {"type": "Point", "coordinates": [-73.720632, 45.476267]}}, {"type": "Feature", "properties": {"cell_id": "892baa45a6fffff"}, "geometry": {"type": "Point", "coordinates": [-73.718164, 45.473537]}}, {"type": "Feature", "properties": {"cell_id": "892baa45a73ffff"}, "geometry": {"type": "Point", "coordinates": [-73.71362, 45.479202]}}, {"type": "Feature", "properties": {"cell_id": "892baa45a77ffff"}, "geometry": {"type": "Point", "coordinates": [-73.711152, 45.476472]}}, {"type": "Feature", "properties": {"cell_id": "892baa45a7bffff"}, "geometry": {"type": "Point", "coordinates": [-73.71836, 45.479099]}}, {"type": "Feature", "properties": {"cell_id": "892baa45a83ffff"}, "geometry": {"type": "Point", "coordinates": [-73.697318, 45.487903]}}, {"type": "Feature", "properties": {"cell_id": "892baa45a87ffff"}, "geometry": {"type": "Point", "coordinates": [-73.694851, 45.485172]}}, {"type": "Feature", "properties": {"cell_id": "892baa45a8bffff"}, "geometry": {"type": "Point", "coordinates": [-73.70206, 45.487801]}}, {"type": "Feature", "properties": {"cell_id": "892baa45a8fffff"}, "geometry": {"type": "Point", "coordinates": [-73.699592, 45.48507]}}, {"type": "Feature", "properties": {"cell_id": "892baa45a93ffff"}, "geometry": {"type": "Point", "coordinates": [-73.695044, 45.490735]}}, {"type": "Feature", "properties": {"cell_id": "892baa45a97ffff"}, "geometry": {"type": "Point", "coordinates": [-73.692577, 45.488004]}}, {"type": "Feature", "properties": {"cell_id": "892baa45a9bffff"}, "geometry": {"type": "Point", "coordinates": [-73.699786, 45.490633]}}, {"type": "Feature", "properties": {"cell_id": "892baa45aa3ffff"}, "geometry": {"type": "Point", "coordinates": [-73.694658, 45.47961]}}, {"type": "Feature", "properties": {"cell_id": "892baa45aa7ffff"}, "geometry": {"type": "Point", "coordinates": [-73.692191, 45.476879]}}, {"type": "Feature", "properties": {"cell_id": "892baa45aabffff"}, "geometry": {"type": "Point", "coordinates": [-73.699398, 45.479508]}}, {"type": "Feature", "properties": {"cell_id": "892baa45aafffff"}, "geometry": {"type": "Point", "coordinates": [-73.696931, 45.476778]}}, {"type": "Feature", "properties": {"cell_id": "892baa45ab3ffff"}, "geometry": {"type": "Point", "coordinates": [-73.692384, 45.482442]}}, {"type": "Feature", "properties": {"cell_id": "892baa45ab7ffff"}, "geometry": {"type": "Point", "coordinates": [-73.689918, 45.479711]}}, {"type": "Feature", "properties": {"cell_id": "892baa45abbffff"}, "geometry": {"type": "Point", "coordinates": [-73.697125, 45.48234]}}, {"type": "Feature", "properties": {"cell_id": "892baa45ac3ffff"}, "geometry": {"type": "Point", "coordinates": [-73.709269, 45.490429]}}, {"type": "Feature", "properties": {"cell_id": "892baa45ac7ffff"}, "geometry": {"type": "Point", "coordinates": [-73.706801, 45.487699]}}, {"type": "Feature", "properties": {"cell_id": "892baa45acbffff"}, "geometry": {"type": "Point", "coordinates": [-73.714011, 45.490327]}}, {"type": "Feature", "properties": {"cell_id": "892baa45acfffff"}, "geometry": {"type": "Point", "coordinates": [-73.711542, 45.487597]}}, {"type": "Feature", "properties": {"cell_id": "892baa45ad3ffff"}, "geometry": {"type": "Point", "coordinates": [-73.706996, 45.493262]}}, {"type": "Feature", "properties": {"cell_id": "892baa45ad7ffff"}, "geometry": {"type": "Point", "coordinates": [-73.704528, 45.490531]}}, {"type": "Feature", "properties": {"cell_id": "892baa45adbffff"}, "geometry": {"type": "Point", "coordinates": [-73.711738, 45.49316]}}, {"type": "Feature", "properties": {"cell_id": "892baa45b03ffff"}, "geometry": {"type": "Point", "coordinates": [-73.68934, 45.463026]}}, {"type": "Feature", "properties": {"cell_id": "892baa45b07ffff"}, "geometry": {"type": "Point", "coordinates": [-73.686875, 45.460295]}}, {"type": "Feature", "properties": {"cell_id": "892baa45b0bffff"}, "geometry": {"type": "Point", "coordinates": [-73.694079, 45.462924]}}, {"type": "Feature", "properties": {"cell_id": "892baa45b0fffff"}, "geometry": {"type": "Point", "coordinates": [-73.691613, 45.460194]}}, {"type": "Feature", "properties": {"cell_id": "892baa45b13ffff"}, "geometry": {"type": "Point", "coordinates": [-73.687067, 45.465857]}}, {"type": "Feature", "properties": {"cell_id": "892baa45b17ffff"}, "geometry": {"type": "Point", "coordinates": [-73.684601, 45.463127]}}, {"type": "Feature", "properties": {"cell_id": "892baa45b1bffff"}, "geometry": {"type": "Point", "coordinates": [-73.691806, 45.465756]}}, {"type": "Feature", "properties": {"cell_id": "892baa45b23ffff"}, "geometry": {"type": "Point", "coordinates": [-73.686683, 45.454734]}}, {"type": "Feature", "properties": {"cell_id": "892baa45b27ffff"}, "geometry": {"type": "Point", "coordinates": [-73.684218, 45.452004]}}, {"type": "Feature", "properties": {"cell_id": "892baa45b2bffff"}, "geometry": {"type": "Point", "coordinates": [-73.69142, 45.454633]}}, {"type": "Feature", "properties": {"cell_id": "892baa45b2fffff"}, "geometry": {"type": "Point", "coordinates": [-73.688955, 45.451903]}}, {"type": "Feature", "properties": {"cell_id": "892baa45b33ffff"}, "geometry": {"type": "Point", "coordinates": [-73.68441, 45.457565]}}, {"type": "Feature", "properties": {"cell_id": "892baa45b37ffff"}, "geometry": {"type": "Point", "coordinates": [-73.681945, 45.454836]}}, {"type": "Feature", "properties": {"cell_id": "892baa45b3bffff"}, "geometry": {"type": "Point", "coordinates": [-73.689148, 45.457464]}}, {"type": "Feature", "properties": {"cell_id": "892baa45b43ffff"}, "geometry": {"type": "Point", "coordinates": [-73.701284, 45.465552]}}, {"type": "Feature", "properties": {"cell_id": "892baa45b47ffff"}, "geometry": {"type": "Point", "coordinates": [-73.698817, 45.462822]}}, {"type": "Feature", "properties": {"cell_id": "892baa45b4bffff"}, "geometry": {"type": "Point", "coordinates": [-73.706022, 45.46545]}}, {"type": "Feature", "properties": {"cell_id": "892baa45b4fffff"}, "geometry": {"type": "Point", "coordinates": [-73.703556, 45.46272]}}, {"type": "Feature", "properties": {"cell_id": "892baa45b53ffff"}, "geometry": {"type": "Point", "coordinates": [-73.699011, 45.468384]}}, {"type": "Feature", "properties": {"cell_id": "892baa45b57ffff"}, "geometry": {"type": "Point", "coordinates": [-73.696545, 45.465654]}}, {"type": "Feature", "properties": {"cell_id": "892baa45b5bffff"}, "geometry": {"type": "Point", "coordinates": [-73.70375, 45.468282]}}, {"type": "Feature", "properties": {"cell_id": "892baa45b63ffff"}, "geometry": {"type": "Point", "coordinates": [-73.698624, 45.457261]}}, {"type": "Feature", "properties": {"cell_id": "892baa45b67ffff"}, "geometry": {"type": "Point", "coordinates": [-73.696158, 45.454531]}}, {"type": "Feature", "properties": {"cell_id": "892baa45b6bffff"}, "geometry": {"type": "Point", "coordinates": [-73.703362, 45.457159]}}, {"type": "Feature", "properties": {"cell_id": "892baa45b6fffff"}, "geometry": {"type": "Point", "coordinates": [-73.700896, 45.45443]}}, {"type": "Feature", "properties": {"cell_id": "892baa45b73ffff"}, "geometry": {"type": "Point", "coordinates": [-73.696351, 45.460093]}}, {"type": "Feature", "properties": {"cell_id": "892baa45b77ffff"}, "geometry": {"type": "Point", "coordinates": [-73.693886, 45.457363]}}, {"type": "Feature", "properties": {"cell_id": "892baa45b7bffff"}, "geometry": {"type": "Point", "coordinates": [-73.70109, 45.459991]}}, {"type": "Feature", "properties": {"cell_id": "892baa45b83ffff"}, "geometry": {"type": "Point", "coordinates": [-73.680054, 45.468789]}}, {"type": "Feature", "properties": {"cell_id": "892baa45b87ffff"}, "geometry": {"type": "Point", "coordinates": [-73.677589, 45.466059]}}, {"type": "Feature", "properties": {"cell_id": "892baa45b8bffff"}, "geometry": {"type": "Point", "coordinates": [-73.684793, 45.468688]}}, {"type": "Feature", "properties": {"cell_id": "892baa45b8fffff"}, "geometry": {"type": "Point", "coordinates": [-73.682328, 45.465958]}}, {"type": "Feature", "properties": {"cell_id": "892baa45b93ffff"}, "geometry": {"type": "Point", "coordinates": [-73.67778, 45.471621]}}, {"type": "Feature", "properties": {"cell_id": "892baa45b97ffff"}, "geometry": {"type": "Point", "coordinates": [-73.675315, 45.46889]}}, {"type": "Feature", "properties": {"cell_id": "892baa45b9bffff"}, "geometry": {"type": "Point", "coordinates": [-73.682519, 45.47152]}}, {"type": "Feature", "properties": {"cell_id": "892baa45ba3ffff"}, "geometry": {"type": "Point", "coordinates": [-73.677398, 45.460498]}}, {"type": "Feature", "properties": {"cell_id": "892baa45ba7ffff"}, "geometry": {"type": "Point", "coordinates": [-73.674933, 45.457767]}}, {"type": "Feature", "properties": {"cell_id": "892baa45babffff"}, "geometry": {"type": "Point", "coordinates": [-73.682136, 45.460397]}}, {"type": "Feature", "properties": {"cell_id": "892baa45bafffff"}, "geometry": {"type": "Point", "coordinates": [-73.679672, 45.457667]}}, {"type": "Feature", "properties": {"cell_id": "892baa45bb3ffff"}, "geometry": {"type": "Point", "coordinates": [-73.675124, 45.463329]}}, {"type": "Feature", "properties": {"cell_id": "892baa45bb7ffff"}, "geometry": {"type": "Point", "coordinates": [-73.67266, 45.460598]}}, {"type": "Feature", "properties": {"cell_id": "892baa45bbbffff"}, "geometry": {"type": "Point", "coordinates": [-73.679863, 45.463228]}}, {"type": "Feature", "properties": {"cell_id": "892baa45bc3ffff"}, "geometry": {"type": "Point", "coordinates": [-73.691998, 45.471317]}}, {"type": "Feature", "properties": {"cell_id": "892baa45bc7ffff"}, "geometry": {"type": "Point", "coordinates": [-73.689532, 45.468587]}}, {"type": "Feature", "properties": {"cell_id": "892baa45bcbffff"}, "geometry": {"type": "Point", "coordinates": [-73.696738, 45.471216]}}, {"type": "Feature", "properties": {"cell_id": "892baa45bcfffff"}, "geometry": {"type": "Point", "coordinates": [-73.694272, 45.468486]}}, {"type": "Feature", "properties": {"cell_id": "892baa45bd3ffff"}, "geometry": {"type": "Point", "coordinates": [-73.689725, 45.474149]}}, {"type": "Feature", "properties": {"cell_id": "892baa45bd7ffff"}, "geometry": {"type": "Point", "coordinates": [-73.687259, 45.471419]}}, {"type": "Feature", "properties": {"cell_id": "892baa45bdbffff"}, "geometry": {"type": "Point", "coordinates": [-73.694465, 45.474047]}}, {"type": "Feature", "properties": {"cell_id": "892baa45c03ffff"}, "geometry": {"type": "Point", "coordinates": [-73.657489, 45.502668]}}, {"type": "Feature", "properties": {"cell_id": "892baa45c07ffff"}, "geometry": {"type": "Point", "coordinates": [-73.655023, 45.499936]}}, {"type": "Feature", "properties": {"cell_id": "892baa45c0bffff"}, "geometry": {"type": "Point", "coordinates": [-73.662232, 45.502568]}}, {"type": "Feature", "properties": {"cell_id": "892baa45c0fffff"}, "geometry": {"type": "Point", "coordinates": [-73.659766, 45.499836]}}, {"type": "Feature", "properties": {"cell_id": "892baa45c13ffff"}, "geometry": {"type": "Point", "coordinates": [-73.655212, 45.505499]}}, {"type": "Feature", "properties": {"cell_id": "892baa45c17ffff"}, "geometry": {"type": "Point", "coordinates": [-73.652746, 45.502768]}}, {"type": "Feature", "properties": {"cell_id": "892baa45c1bffff"}, "geometry": {"type": "Point", "coordinates": [-73.659955, 45.505399]}}, {"type": "Feature", "properties": {"cell_id": "892baa45c23ffff"}, "geometry": {"type": "Point", "coordinates": [-73.654835, 45.494373]}}, {"type": "Feature", "properties": {"cell_id": "892baa45c27ffff"}, "geometry": {"type": "Point", "coordinates": [-73.65237, 45.491641]}}, {"type": "Feature", "properties": {"cell_id": "892baa45c2bffff"}, "geometry": {"type": "Point", "coordinates": [-73.659577, 45.494273]}}, {"type": "Feature", "properties": {"cell_id": "892baa45c2fffff"}, "geometry": {"type": "Point", "coordinates": [-73.657112, 45.491541]}}, {"type": "Feature", "properties": {"cell_id": "892baa45c33ffff"}, "geometry": {"type": "Point", "coordinates": [-73.652558, 45.497204]}}, {"type": "Feature", "properties": {"cell_id": "892baa45c37ffff"}, "geometry": {"type": "Point", "coordinates": [-73.650093, 45.494473]}}, {"type": "Feature", "properties": {"cell_id": "892baa45c3bffff"}, "geometry": {"type": "Point", "coordinates": [-73.6573, 45.497104]}}, {"type": "Feature", "properties": {"cell_id": "892baa45c43ffff"}, "geometry": {"type": "Point", "coordinates": [-73.669441, 45.505199]}}, {"type": "Feature", "properties": {"cell_id": "892baa45c47ffff"}, "geometry": {"type": "Point", "coordinates": [-73.666974, 45.502467]}}, {"type": "Feature", "properties": {"cell_id": "892baa45c4bffff"}, "geometry": {"type": "Point", "coordinates": [-73.674184, 45.505098]}}, {"type": "Feature", "properties": {"cell_id": "892baa45c4fffff"}, "geometry": {"type": "Point", "coordinates": [-73.671717, 45.502367]}}, {"type": "Feature", "properties": {"cell_id": "892baa45c53ffff"}, "geometry": {"type": "Point", "coordinates": [-73.667164, 45.508031]}}, {"type": "Feature", "properties": {"cell_id": "892baa45c57ffff"}, "geometry": {"type": "Point", "coordinates": [-73.664698, 45.505299]}}, {"type": "Feature", "properties": {"cell_id": "892baa45c5bffff"}, "geometry": {"type": "Point", "coordinates": [-73.671908, 45.50793]}}, {"type": "Feature", "properties": {"cell_id": "892baa45c63ffff"}, "geometry": {"type": "Point", "coordinates": [-73.666785, 45.496904]}}, {"type": "Feature", "properties": {"cell_id": "892baa45c67ffff"}, "geometry": {"type": "Point", "coordinates": [-73.664319, 45.494173]}}, {"type": "Feature", "properties": {"cell_id": "892baa45c6bffff"}, "geometry": {"type": "Point", "coordinates": [-73.671527, 45.496803]}}, {"type": "Feature", "properties": {"cell_id": "892baa45c6fffff"}, "geometry": {"type": "Point", "coordinates": [-73.669061, 45.494072]}}, {"type": "Feature", "properties": {"cell_id": "892baa45c73ffff"}, "geometry": {"type": "Point", "coordinates": [-73.664508, 45.499736]}}, {"type": "Feature", "properties": {"cell_id": "892baa45c77ffff"}, "geometry": {"type": "Point", "coordinates": [-73.662042, 45.497004]}}, {"type": "Feature", "properties": {"cell_id": "892baa45c7bffff"}, "geometry": {"type": "Point", "coordinates": [-73.669251, 45.499635]}}, {"type": "Feature", "properties": {"cell_id": "892baa45c83ffff"}, "geometry": {"type": "Point", "coordinates": [-73.648191, 45.508431]}}, {"type": "Feature", "properties": {"cell_id": "892baa45c87ffff"}, "geometry": {"type": "Point", "coordinates": [-73.645725, 45.505699]}}, {"type": "Feature", "properties": {"cell_id": "892baa45c8bffff"}, "geometry": {"type": "Point", "coordinates": [-73.652934, 45.508331]}}, {"type": "Feature", "properties": {"cell_id": "892baa45c8fffff"}, "geometry": {"type": "Point", "coordinates": [-73.650468, 45.505599]}}, {"type": "Feature", "properties": {"cell_id": "892baa45c93ffff"}, "geometry": {"type": "Point", "coordinates": [-73.645912, 45.511263]}}, {"type": "Feature", "properties": {"cell_id": "892baa45c97ffff"}, "geometry": {"type": "Point", "coordinates": [-73.643447, 45.508531]}}, {"type": "Feature", "properties": {"cell_id": "892baa45c9bffff"}, "geometry": {"type": "Point", "coordinates": [-73.650656, 45.511163]}}, {"type": "Feature", "properties": {"cell_id": "892baa45ca3ffff"}, "geometry": {"type": "Point", "coordinates": [-73.645538, 45.500135]}}, {"type": "Feature", "properties": {"cell_id": "892baa45ca7ffff"}, "geometry": {"type": "Point", "coordinates": [-73.643073, 45.497404]}}, {"type": "Feature", "properties": {"cell_id": "892baa45cabffff"}, "geometry": {"type": "Point", "coordinates": [-73.650281, 45.500036]}}, {"type": "Feature", "properties": {"cell_id": "892baa45cafffff"}, "geometry": {"type": "Point", "coordinates": [-73.647816, 45.497304]}}, {"type": "Feature", "properties": {"cell_id": "892baa45cb3ffff"}, "geometry": {"type": "Point", "coordinates": [-73.64326, 45.502967]}}, {"type": "Feature", "properties": {"cell_id": "892baa45cb7ffff"}, "geometry": {"type": "Point", "coordinates": [-73.640796, 45.500235]}}, {"type": "Feature", "properties": {"cell_id": "892baa45cbbffff"}, "geometry": {"type": "Point", "coordinates": [-73.648003, 45.502867]}}, {"type": "Feature", "properties": {"cell_id": "892baa45cc3ffff"}, "geometry": {"type": "Point", "coordinates": [-73.660144, 45.510963]}}, {"type": "Feature", "properties": {"cell_id": "892baa45cc7ffff"}, "geometry": {"type": "Point", "coordinates": [-73.657677, 45.508231]}}, {"type": "Feature", "properties": {"cell_id": "892baa45ccbffff"}, "geometry": {"type": "Point", "coordinates": [-73.664887, 45.510863]}}, {"type": "Feature", "properties": {"cell_id": "892baa45ccfffff"}, "geometry": {"type": "Point", "coordinates": [-73.662421, 45.508131]}}, {"type": "Feature", "properties": {"cell_id": "892baa45cd3ffff"}, "geometry": {"type": "Point", "coordinates": [-73.657866, 45.513795]}}, {"type": "Feature", "properties": {"cell_id": "892baa45cd7ffff"}, "geometry": {"type": "Point", "coordinates": [-73.6554, 45.511063]}}, {"type": "Feature", "properties": {"cell_id": "892baa45cdbffff"}, "geometry": {"type": "Point", "coordinates": [-73.66261, 45.513695]}}, {"type": "Feature", "properties": {"cell_id": "892baa45d03ffff"}, "geometry": {"type": "Point", "coordinates": [-73.640236, 45.483546]}}, {"type": "Feature", "properties": {"cell_id": "892baa45d07ffff"}, "geometry": {"type": "Point", "coordinates": [-73.637773, 45.480815]}}, {"type": "Feature", "properties": {"cell_id": "892baa45d0bffff"}, "geometry": {"type": "Point", "coordinates": [-73.644977, 45.483447]}}, {"type": "Feature", "properties": {"cell_id": "892baa45d0fffff"}, "geometry": {"type": "Point", "coordinates": [-73.642513, 45.480715]}}, {"type": "Feature", "properties": {"cell_id": "892baa45d13ffff"}, "geometry": {"type": "Point", "coordinates": [-73.637959, 45.486377]}}, {"type": "Feature", "properties": {"cell_id": "892baa45d17ffff"}, "geometry": {"type": "Point", "coordinates": [-73.635496, 45.483645]}}, {"type": "Feature", "properties": {"cell_id": "892baa45d1bffff"}, "geometry": {"type": "Point", "coordinates": [-73.6427, 45.486278]}}, {"type": "Feature", "properties": {"cell_id": "892baa45d23ffff"}, "geometry": {"type": "Point", "coordinates": [-73.637587, 45.475252]}}, {"type": "Feature", "properties": {"cell_id": "892baa45d27ffff"}, "geometry": {"type": "Point", "coordinates": [-73.635124, 45.472521]}}, {"type": "Feature", "properties": {"cell_id": "892baa45d2bffff"}, "geometry": {"type": "Point", "coordinates": [-73.642327, 45.475153]}}, {"type": "Feature", "properties": {"cell_id": "892baa45d2fffff"}, "geometry": {"type": "Point", "coordinates": [-73.639864, 45.472422]}}, {"type": "Feature", "properties": {"cell_id": "892baa45d33ffff"}, "geometry": {"type": "Point", "coordinates": [-73.63531, 45.478083]}}, {"type": "Feature", "properties": {"cell_id": "892baa45d37ffff"}, "geometry": {"type": "Point", "coordinates": [-73.632847, 45.475351]}}, {"type": "Feature", "properties": {"cell_id": "892baa45d3bffff"}, "geometry": {"type": "Point", "coordinates": [-73.64005, 45.477984]}}, {"type": "Feature", "properties": {"cell_id": "892baa45d43ffff"}, "geometry": {"type": "Point", "coordinates": [-73.652182, 45.486078]}}, {"type": "Feature", "properties": {"cell_id": "892baa45d47ffff"}, "geometry": {"type": "Point", "coordinates": [-73.649718, 45.483347]}}, {"type": "Feature", "properties": {"cell_id": "892baa45d4bffff"}, "geometry": {"type": "Point", "coordinates": [-73.656923, 45.485979]}}, {"type": "Feature", "properties": {"cell_id": "892baa45d4fffff"}, "geometry": {"type": "Point", "coordinates": [-73.654458, 45.483247]}}, {"type": "Feature", "properties": {"cell_id": "892baa45d53ffff"}, "geometry": {"type": "Point", "coordinates": [-73.649905, 45.48891]}}, {"type": "Feature", "properties": {"cell_id": "892baa45d57ffff"}, "geometry": {"type": "Point", "coordinates": [-73.647441, 45.486178]}}, {"type": "Feature", "properties": {"cell_id": "892baa45d5bffff"}, "geometry": {"type": "Point", "coordinates": [-73.654647, 45.48881]}}, {"type": "Feature", "properties": {"cell_id": "892baa45d63ffff"}, "geometry": {"type": "Point", "coordinates": [-73.64953, 45.477785]}}, {"type": "Feature", "properties": {"cell_id": "892baa45d67ffff"}, "geometry": {"type": "Point", "coordinates": [-73.647067, 45.475053]}}, {"type": "Feature", "properties": {"cell_id": "892baa45d6bffff"}, "geometry": {"type": "Point", "coordinates": [-73.65427, 45.477685]}}, {"type": "Feature", "properties": {"cell_id": "892baa45d6fffff"}, "geometry": {"type": "Point", "coordinates": [-73.651806, 45.474954]}}, {"type": "Feature", "properties": {"cell_id": "892baa45d73ffff"}, "geometry": {"type": "Point", "coordinates": [-73.647254, 45.480616]}}, {"type": "Feature", "properties": {"cell_id": "892baa45d77ffff"}, "geometry": {"type": "Point", "coordinates": [-73.64479, 45.477884]}}, {"type": "Feature", "properties": {"cell_id": "892baa45d7bffff"}, "geometry": {"type": "Point", "coordinates": [-73.651994, 45.480516]}}, {"type": "Feature", "properties": {"cell_id": "892baa45d83ffff"}, "geometry": {"type": "Point", "coordinates": [-73.63094, 45.489307]}}, {"type": "Feature", "properties": {"cell_id": "892baa45d87ffff"}, "geometry": {"type": "Point", "coordinates": [-73.628477, 45.486575]}}, {"type": "Feature", "properties": {"cell_id": "892baa45d8bffff"}, "geometry": {"type": "Point", "coordinates": [-73.635681, 45.489208]}}, {"type": "Feature", "properties": {"cell_id": "892baa45d8fffff"}, "geometry": {"type": "Point", "coordinates": [-73.633218, 45.486476]}}, {"type": "Feature", "properties": {"cell_id": "892baa45d93ffff"}, "geometry": {"type": "Point", "coordinates": [-73.628662, 45.492138]}}, {"type": "Feature", "properties": {"cell_id": "892baa45d97ffff"}, "geometry": {"type": "Point", "coordinates": [-73.626199, 45.489406]}}, {"type": "Feature", "properties": {"cell_id": "892baa45d9bffff"}, "geometry": {"type": "Point", "coordinates": [-73.633403, 45.492039]}}, {"type": "Feature", "properties": {"cell_id": "892baa45da3ffff"}, "geometry": {"type": "Point", "coordinates": [-73.628292, 45.481013]}}, {"type": "Feature", "properties": {"cell_id": "892baa45da7ffff"}, "geometry": {"type": "Point", "coordinates": [-73.625829, 45.478281]}}, {"type": "Feature", "properties": {"cell_id": "892baa45dabffff"}, "geometry": {"type": "Point", "coordinates": [-73.633032, 45.480914]}}, {"type": "Feature", "properties": {"cell_id": "892baa45dafffff"}, "geometry": {"type": "Point", "coordinates": [-73.63057, 45.478182]}}, {"type": "Feature", "properties": {"cell_id": "892baa45db3ffff"}, "geometry": {"type": "Point", "coordinates": [-73.626014, 45.483843]}}, {"type": "Feature", "properties": {"cell_id": "892baa45db7ffff"}, "geometry": {"type": "Point", "coordinates": [-73.623552, 45.481111]}}, {"type": "Feature", "properties": {"cell_id": "892baa45dbbffff"}, "geometry": {"type": "Point", "coordinates": [-73.630755, 45.483744]}}, {"type": "Feature", "properties": {"cell_id": "892baa45dc3ffff"}, "geometry": {"type": "Point", "coordinates": [-73.642887, 45.49184]}}, {"type": "Feature", "properties": {"cell_id": "892baa45dc7ffff"}, "geometry": {"type": "Point", "coordinates": [-73.640423, 45.489109]}}, {"type": "Feature", "properties": {"cell_id": "892baa45dcbffff"}, "geometry": {"type": "Point", "coordinates": [-73.647628, 45.491741]}}, {"type": "Feature", "properties": {"cell_id": "892baa45dcfffff"}, "geometry": {"type": "Point", "coordinates": [-73.645164, 45.489009]}}, {"type": "Feature", "properties": {"cell_id": "892baa45dd3ffff"}, "geometry": {"type": "Point", "coordinates": [-73.640609, 45.494672]}}, {"type": "Feature", "properties": {"cell_id": "892baa45dd7ffff"}, "geometry": {"type": "Point", "coordinates": [-73.638145, 45.49194]}}, {"type": "Feature", "properties": {"cell_id": "892baa45ddbffff"}, "geometry": {"type": "Point", "coordinates": [-73.645351, 45.494572]}}, {"type": "Feature", "properties": {"cell_id": "892baa45e03ffff"}, "geometry": {"type": "Point", "coordinates": [-73.690688, 45.501963]}}, {"type": "Feature", "properties": {"cell_id": "892baa45e07ffff"}, "geometry": {"type": "Point", "coordinates": [-73.688221, 45.499232]}}, {"type": "Feature", "properties": {"cell_id": "892baa45e0bffff"}, "geometry": {"type": "Point", "coordinates": [-73.695431, 45.501861]}}, {"type": "Feature", "properties": {"cell_id": "892baa45e0fffff"}, "geometry": {"type": "Point", "coordinates": [-73.692963, 45.49913]}}, {"type": "Feature", "properties": {"cell_id": "892baa45e13ffff"}, "geometry": {"type": "Point", "coordinates": [-73.688413, 45.504795]}}, {"type": "Feature", "properties": {"cell_id": "892baa45e17ffff"}, "geometry": {"type": "Point", "coordinates": [-73.685945, 45.502064]}}, {"type": "Feature", "properties": {"cell_id": "892baa45e1bffff"}, "geometry": {"type": "Point", "coordinates": [-73.693156, 45.504694]}}, {"type": "Feature", "properties": {"cell_id": "892baa45e23ffff"}, "geometry": {"type": "Point", "coordinates": [-73.688028, 45.493669]}}, {"type": "Feature", "properties": {"cell_id": "892baa45e27ffff"}, "geometry": {"type": "Point", "coordinates": [-73.685561, 45.490938]}}, {"type": "Feature", "properties": {"cell_id": "892baa45e2bffff"}, "geometry": {"type": "Point", "coordinates": [-73.69277, 45.493567]}}, {"type": "Feature", "properties": {"cell_id": "892baa45e2fffff"}, "geometry": {"type": "Point", "coordinates": [-73.690303, 45.490836]}}, {"type": "Feature", "properties": {"cell_id": "892baa45e33ffff"}, "geometry": {"type": "Point", "coordinates": [-73.685753, 45.496501]}}, {"type": "Feature", "properties": {"cell_id": "892baa45e37ffff"}, "geometry": {"type": "Point", "coordinates": [-73.683286, 45.49377]}}, {"type": "Feature", "properties": {"cell_id": "892baa45e3bffff"}, "geometry": {"type": "Point", "coordinates": [-73.690495, 45.496399]}}, {"type": "Feature", "properties": {"cell_id": "892baa45e43ffff"}, "geometry": {"type": "Point", "coordinates": [-73.702642, 45.50449]}}, {"type": "Feature", "properties": {"cell_id": "892baa45e47ffff"}, "geometry": {"type": "Point", "coordinates": [-73.700174, 45.50176]}}, {"type": "Feature", "properties": {"cell_id": "892baa45e4bffff"}, "geometry": {"type": "Point", "coordinates": [-73.707385, 45.504388]}}, {"type": "Feature", "properties": {"cell_id": "892baa45e4fffff"}, "geometry": {"type": "Point", "coordinates": [-73.704917, 45.501658]}}, {"type": "Feature", "properties": {"cell_id": "892baa45e53ffff"}, "geometry": {"type": "Point", "coordinates": [-73.700368, 45.507323]}}, {"type": "Feature", "properties": {"cell_id": "892baa45e57ffff"}, "geometry": {"type": "Point", "coordinates": [-73.697899, 45.504592]}}, {"type": "Feature", "properties": {"cell_id": "892baa45e5bffff"}, "geometry": {"type": "Point", "coordinates": [-73.705111, 45.507221]}}, {"type": "Feature", "properties": {"cell_id": "892baa45e63ffff"}, "geometry": {"type": "Point", "coordinates": [-73.69998, 45.496196]}}, {"type": "Feature", "properties": {"cell_id": "892baa45e67ffff"}, "geometry": {"type": "Point", "coordinates": [-73.697512, 45.493466]}}, {"type": "Feature", "properties": {"cell_id": "892baa45e6bffff"}, "geometry": {"type": "Point", "coordinates": [-73.704722, 45.496094]}}, {"type": "Feature", "properties": {"cell_id": "892baa45e6fffff"}, "geometry": {"type": "Point", "coordinates": [-73.702254, 45.493364]}}, {"type": "Feature", "properties": {"cell_id": "892baa45e73ffff"}, "geometry": {"type": "Point", "coordinates": [-73.697706, 45.499029]}}, {"type": "Feature", "properties": {"cell_id": "892baa45e77ffff"}, "geometry": {"type": "Point", "coordinates": [-73.695238, 45.496298]}}, {"type": "Feature", "properties": {"cell_id": "892baa45e7bffff"}, "geometry": {"type": "Point", "coordinates": [-73.702448, 45.498927]}}, {"type": "Feature", "properties": {"cell_id": "892baa45e83ffff"}, "geometry": {"type": "Point", "coordinates": [-73.681394, 45.507729]}}, {"type": "Feature", "properties": {"cell_id": "892baa45e87ffff"}, "geometry": {"type": "Point", "coordinates": [-73.678927, 45.504997]}}, {"type": "Feature", "properties": {"cell_id": "892baa45e8bffff"}, "geometry": {"type": "Point", "coordinates": [-73.686138, 45.507628]}}, {"type": "Feature", "properties": {"cell_id": "892baa45e8fffff"}, "geometry": {"type": "Point", "coordinates": [-73.68367, 45.504896]}}, {"type": "Feature", "properties": {"cell_id": "892baa45e93ffff"}, "geometry": {"type": "Point", "coordinates": [-73.679118, 45.510561]}}, {"type": "Feature", "properties": {"cell_id": "892baa45e97ffff"}, "geometry": {"type": "Point", "coordinates": [-73.676651, 45.50783]}}, {"type": "Feature", "properties": {"cell_id": "892baa45e9bffff"}, "geometry": {"type": "Point", "coordinates": [-73.683862, 45.51046]}}, {"type": "Feature", "properties": {"cell_id": "892baa45ea3ffff"}, "geometry": {"type": "Point", "coordinates": [-73.678736, 45.499434]}}, {"type": "Feature", "properties": {"cell_id": "892baa45ea7ffff"}, "geometry": {"type": "Point", "coordinates": [-73.676269, 45.496703]}}, {"type": "Feature", "properties": {"cell_id": "892baa45eabffff"}, "geometry": {"type": "Point", "coordinates": [-73.683478, 45.499333]}}, {"type": "Feature", "properties": {"cell_id": "892baa45eafffff"}, "geometry": {"type": "Point", "coordinates": [-73.681011, 45.496602]}}, {"type": "Feature", "properties": {"cell_id": "892baa45eb3ffff"}, "geometry": {"type": "Point", "coordinates": [-73.67646, 45.502266]}}, {"type": "Feature", "properties": {"cell_id": "892baa45eb7ffff"}, "geometry": {"type": "Point", "coordinates": [-73.673993, 45.499535]}}, {"type": "Feature", "properties": {"cell_id": "892baa45ebbffff"}, "geometry": {"type": "Point", "coordinates": [-73.681203, 45.502165]}}, {"type": "Feature", "properties": {"cell_id": "892baa45ec3ffff"}, "geometry": {"type": "Point", "coordinates": [-73.693349, 45.510258]}}, {"type": "Feature", "properties": {"cell_id": "892baa45ec7ffff"}, "geometry": {"type": "Point", "coordinates": [-73.690881, 45.507526]}}, {"type": "Feature", "properties": {"cell_id": "892baa45ecbffff"}, "geometry": {"type": "Point", "coordinates": [-73.698093, 45.510156]}}, {"type": "Feature", "properties": {"cell_id": "892baa45ecfffff"}, "geometry": {"type": "Point", "coordinates": [-73.695624, 45.507425]}}, {"type": "Feature", "properties": {"cell_id": "892baa45ed3ffff"}, "geometry": {"type": "Point", "coordinates": [-73.691074, 45.51309]}}, {"type": "Feature", "properties": {"cell_id": "892baa45ed7ffff"}, "geometry": {"type": "Point", "coordinates": [-73.688606, 45.510359]}}, {"type": "Feature", "properties": {"cell_id": "892baa45edbffff"}, "geometry": {"type": "Point", "coordinates": [-73.695818, 45.512989]}}, {"type": "Feature", "properties": {"cell_id": "892baa46003ffff"}, "geometry": {"type": "Point", "coordinates": [-73.54312, 45.563493]}}, {"type": "Feature", "properties": {"cell_id": "892baa46007ffff"}, "geometry": {"type": "Point", "coordinates": [-73.540658, 45.560757]}}, {"type": "Feature", "properties": {"cell_id": "892baa4600bffff"}, "geometry": {"type": "Point", "coordinates": [-73.547869, 45.563397]}}, {"type": "Feature", "properties": {"cell_id": "892baa4600fffff"}, "geometry": {"type": "Point", "coordinates": [-73.545407, 45.560662]}}, {"type": "Feature", "properties": {"cell_id": "892baa46013ffff"}, "geometry": {"type": "Point", "coordinates": [-73.540832, 45.566323]}}, {"type": "Feature", "properties": {"cell_id": "892baa46017ffff"}, "geometry": {"type": "Point", "coordinates": [-73.538371, 45.563588]}}, {"type": "Feature", "properties": {"cell_id": "892baa4601bffff"}, "geometry": {"type": "Point", "coordinates": [-73.545582, 45.566228]}}, {"type": "Feature", "properties": {"cell_id": "892baa46023ffff"}, "geometry": {"type": "Point", "coordinates": [-73.540484, 45.555191]}}, {"type": "Feature", "properties": {"cell_id": "892baa46027ffff"}, "geometry": {"type": "Point", "coordinates": [-73.538023, 45.552455]}}, {"type": "Feature", "properties": {"cell_id": "892baa4602bffff"}, "geometry": {"type": "Point", "coordinates": [-73.545232, 45.555095]}}, {"type": "Feature", "properties": {"cell_id": "892baa4602fffff"}, "geometry": {"type": "Point", "coordinates": [-73.542771, 45.55236]}}, {"type": "Feature", "properties": {"cell_id": "892baa46033ffff"}, "geometry": {"type": "Point", "coordinates": [-73.538197, 45.558021]}}, {"type": "Feature", "properties": {"cell_id": "892baa46037ffff"}, "geometry": {"type": "Point", "coordinates": [-73.535736, 45.555286]}}, {"type": "Feature", "properties": {"cell_id": "892baa4603bffff"}, "geometry": {"type": "Point", "coordinates": [-73.542945, 45.557926]}}, {"type": "Feature", "properties": {"cell_id": "892baa46043ffff"}, "geometry": {"type": "Point", "coordinates": [-73.555081, 45.566037]}}, {"type": "Feature", "properties": {"cell_id": "892baa46047ffff"}, "geometry": {"type": "Point", "coordinates": [-73.552618, 45.563302]}}, {"type": "Feature", "properties": {"cell_id": "892baa4604bffff"}, "geometry": {"type": "Point", "coordinates": [-73.55983, 45.565941]}}, {"type": "Feature", "properties": {"cell_id": "892baa4604fffff"}, "geometry": {"type": "Point", "coordinates": [-73.557367, 45.563206]}}, {"type": "Feature", "properties": {"cell_id": "892baa46053ffff"}, "geometry": {"type": "Point", "coordinates": [-73.552794, 45.568868]}}, {"type": "Feature", "properties": {"cell_id": "892baa46057ffff"}, "geometry": {"type": "Point", "coordinates": [-73.550331, 45.566133]}}, {"type": "Feature", "properties": {"cell_id": "892baa4605bffff"}, "geometry": {"type": "Point", "coordinates": [-73.557543, 45.568773]}}, {"type": "Feature", "properties": {"cell_id": "892baa46063ffff"}, "geometry": {"type": "Point", "coordinates": [-73.552442, 45.557735]}}, {"type": "Feature", "properties": {"cell_id": "892baa46067ffff"}, "geometry": {"type": "Point", "coordinates": [-73.54998, 45.555]}}, {"type": "Feature", "properties": {"cell_id": "892baa4606bffff"}, "geometry": {"type": "Point", "coordinates": [-73.557191, 45.55764]}}, {"type": "Feature", "properties": {"cell_id": "892baa4606fffff"}, "geometry": {"type": "Point", "coordinates": [-73.554728, 45.554904]}}, {"type": "Feature", "properties": {"cell_id": "892baa46073ffff"}, "geometry": {"type": "Point", "coordinates": [-73.550156, 45.560566]}}, {"type": "Feature", "properties": {"cell_id": "892baa46077ffff"}, "geometry": {"type": "Point", "coordinates": [-73.547694, 45.557831]}}, {"type": "Feature", "properties": {"cell_id": "892baa4607bffff"}, "geometry": {"type": "Point", "coordinates": [-73.554904, 45.560471]}}, {"type": "Feature", "properties": {"cell_id": "892baa46083ffff"}, "geometry": {"type": "Point", "coordinates": [-73.533795, 45.569249]}}, {"type": "Feature", "properties": {"cell_id": "892baa46087ffff"}, "geometry": {"type": "Point", "coordinates": [-73.531334, 45.566513]}}, {"type": "Feature", "properties": {"cell_id": "892baa4608bffff"}, "geometry": {"type": "Point", "coordinates": [-73.538545, 45.569154]}}, {"type": "Feature", "properties": {"cell_id": "892baa4608fffff"}, "geometry": {"type": "Point", "coordinates": [-73.536083, 45.566418]}}, {"type": "Feature", "properties": {"cell_id": "892baa46093ffff"}, "geometry": {"type": "Point", "coordinates": [-73.531507, 45.57208]}}, {"type": "Feature", "properties": {"cell_id": "892baa46097ffff"}, "geometry": {"type": "Point", "coordinates": [-73.529045, 45.569344]}}, {"type": "Feature", "properties": {"cell_id": "892baa4609bffff"}, "geometry": {"type": "Point", "coordinates": [-73.536257, 45.571985]}}, {"type": "Feature", "properties": {"cell_id": "892baa460a3ffff"}, "geometry": {"type": "Point", "coordinates": [-73.53116, 45.560947]}}, {"type": "Feature", "properties": {"cell_id": "892baa460a7ffff"}, "geometry": {"type": "Point", "coordinates": [-73.5287, 45.558211]}}, {"type": "Feature", "properties": {"cell_id": "892baa460abffff"}, "geometry": {"type": "Point", "coordinates": [-73.535909, 45.560852]}}, {"type": "Feature", "properties": {"cell_id": "892baa460afffff"}, "geometry": {"type": "Point", "coordinates": [-73.533448, 45.558116]}}, {"type": "Feature", "properties": {"cell_id": "892baa460b3ffff"}, "geometry": {"type": "Point", "coordinates": [-73.528872, 45.563777]}}, {"type": "Feature", "properties": {"cell_id": "892baa460b7ffff"}, "geometry": {"type": "Point", "coordinates": [-73.526412, 45.561041]}}, {"type": "Feature", "properties": {"cell_id": "892baa460bbffff"}, "geometry": {"type": "Point", "coordinates": [-73.533622, 45.563683]}}, {"type": "Feature", "properties": {"cell_id": "892baa460c3ffff"}, "geometry": {"type": "Point", "coordinates": [-73.545757, 45.571795]}}, {"type": "Feature", "properties": {"cell_id": "892baa460c7ffff"}, "geometry": {"type": "Point", "coordinates": [-73.543294, 45.569059]}}, {"type": "Feature", "properties": {"cell_id": "892baa460cbffff"}, "geometry": {"type": "Point", "coordinates": [-73.550507, 45.5717]}}, {"type": "Feature", "properties": {"cell_id": "892baa460cfffff"}, "geometry": {"type": "Point", "coordinates": [-73.548044, 45.568964]}}, {"type": "Feature", "properties": {"cell_id": "892baa460d3ffff"}, "geometry": {"type": "Point", "coordinates": [-73.543469, 45.574626]}}, {"type": "Feature", "properties": {"cell_id": "892baa460d7ffff"}, "geometry": {"type": "Point", "coordinates": [-73.541007, 45.57189]}}, {"type": "Feature", "properties": {"cell_id": "892baa460dbffff"}, "geometry": {"type": "Point", "coordinates": [-73.548219, 45.574531]}}, {"type": "Feature", "properties": {"cell_id": "892baa46103ffff"}, "geometry": {"type": "Point", "coordinates": [-73.525894, 45.544343]}}, {"type": "Feature", "properties": {"cell_id": "892baa46107ffff"}, "geometry": {"type": "Point", "coordinates": [-73.523435, 45.541608]}}, {"type": "Feature", "properties": {"cell_id": "892baa4610bffff"}, "geometry": {"type": "Point", "coordinates": [-73.530641, 45.544249]}}, {"type": "Feature", "properties": {"cell_id": "892baa4610fffff"}, "geometry": {"type": "Point", "coordinates": [-73.528182, 45.541513]}}, {"type": "Feature", "properties": {"cell_id": "892baa46113ffff"}, "geometry": {"type": "Point", "coordinates": [-73.523607, 45.547173]}}, {"type": "Feature", "properties": {"cell_id": "892baa46117ffff"}, "geometry": {"type": "Point", "coordinates": [-73.521147, 45.544438]}}, {"type": "Feature", "properties": {"cell_id": "892baa4611bffff"}, "geometry": {"type": "Point", "coordinates": [-73.528354, 45.547079]}}, {"type": "Feature", "properties": {"cell_id": "892baa4612bffff"}, "geometry": {"type": "Point", "coordinates": [-73.528009, 45.535948]}}, {"type": "Feature", "properties": {"cell_id": "892baa4613bffff"}, "geometry": {"type": "Point", "coordinates": [-73.525722, 45.538778]}}, {"type": "Feature", "properties": {"cell_id": "892baa46143ffff"}, "geometry": {"type": "Point", "coordinates": [-73.537849, 45.546889]}}, {"type": "Feature", "properties": {"cell_id": "892baa46147ffff"}, "geometry": {"type": "Point", "coordinates": [-73.535388, 45.544154]}}, {"type": "Feature", "properties": {"cell_id": "892baa4614bffff"}, "geometry": {"type": "Point", "coordinates": [-73.542596, 45.546794]}}, {"type": "Feature", "properties": {"cell_id": "892baa4614fffff"}, "geometry": {"type": "Point", "coordinates": [-73.540135, 45.544059]}}, {"type": "Feature", "properties": {"cell_id": "892baa46153ffff"}, "geometry": {"type": "Point", "coordinates": [-73.535562, 45.54972]}}, {"type": "Feature", "properties": {"cell_id": "892baa46157ffff"}, "geometry": {"type": "Point", "coordinates": [-73.533102, 45.546984]}}, {"type": "Feature", "properties": {"cell_id": "892baa4615bffff"}, "geometry": {"type": "Point", "coordinates": [-73.54031, 45.549625]}}, {"type": "Feature", "properties": {"cell_id": "892baa46163ffff"}, "geometry": {"type": "Point", "coordinates": [-73.535215, 45.538588]}}, {"type": "Feature", "properties": {"cell_id": "892baa46167ffff"}, "geometry": {"type": "Point", "coordinates": [-73.532755, 45.535853]}}, {"type": "Feature", "properties": {"cell_id": "892baa4616bffff"}, "geometry": {"type": "Point", "coordinates": [-73.539961, 45.538493]}}, {"type": "Feature", "properties": {"cell_id": "892baa4616fffff"}, "geometry": {"type": "Point", "coordinates": [-73.537501, 45.535758]}}, {"type": "Feature", "properties": {"cell_id": "892baa46173ffff"}, "geometry": {"type": "Point", "coordinates": [-73.532928, 45.541419]}}, {"type": "Feature", "properties": {"cell_id": "892baa46177ffff"}, "geometry": {"type": "Point", "coordinates": [-73.530469, 45.538683]}}, {"type": "Feature", "properties": {"cell_id": "892baa4617bffff"}, "geometry": {"type": "Point", "coordinates": [-73.537675, 45.541324]}}, {"type": "Feature", "properties": {"cell_id": "892baa46183ffff"}, "geometry": {"type": "Point", "coordinates": [-73.516572, 45.550098]}}, {"type": "Feature", "properties": {"cell_id": "892baa4618bffff"}, "geometry": {"type": "Point", "coordinates": [-73.521319, 45.550003]}}, {"type": "Feature", "properties": {"cell_id": "892baa4618fffff"}, "geometry": {"type": "Point", "coordinates": [-73.51886, 45.547268]}}, {"type": "Feature", "properties": {"cell_id": "892baa4619bffff"}, "geometry": {"type": "Point", "coordinates": [-73.519031, 45.552834]}}, {"type": "Feature", "properties": {"cell_id": "892baa461c3ffff"}, "geometry": {"type": "Point", "coordinates": [-73.528527, 45.552645]}}, {"type": "Feature", "properties": {"cell_id": "892baa461c7ffff"}, "geometry": {"type": "Point", "coordinates": [-73.526067, 45.549909]}}, {"type": "Feature", "properties": {"cell_id": "892baa461cbffff"}, "geometry": {"type": "Point", "coordinates": [-73.533275, 45.55255]}}, {"type": "Feature", "properties": {"cell_id": "892baa461cfffff"}, "geometry": {"type": "Point", "coordinates": [-73.530814, 45.549814]}}, {"type": "Feature", "properties": {"cell_id": "892baa461d3ffff"}, "geometry": {"type": "Point", "coordinates": [-73.526239, 45.555475]}}, {"type": "Feature", "properties": {"cell_id": "892baa461d7ffff"}, "geometry": {"type": "Point", "coordinates": [-73.523779, 45.552739]}}, {"type": "Feature", "properties": {"cell_id": "892baa461dbffff"}, "geometry": {"type": "Point", "coordinates": [-73.530987, 45.55538]}}, {"type": "Feature", "properties": {"cell_id": "892baa46203ffff"}, "geometry": {"type": "Point", "coordinates": [-73.576363, 45.562821]}}, {"type": "Feature", "properties": {"cell_id": "892baa46207ffff"}, "geometry": {"type": "Point", "coordinates": [-73.5739, 45.560086]}}, {"type": "Feature", "properties": {"cell_id": "892baa4620bffff"}, "geometry": {"type": "Point", "coordinates": [-73.581112, 45.562724]}}, {"type": "Feature", "properties": {"cell_id": "892baa4620fffff"}, "geometry": {"type": "Point", "coordinates": [-73.578648, 45.55999]}}, {"type": "Feature", "properties": {"cell_id": "892baa46213ffff"}, "geometry": {"type": "Point", "coordinates": [-73.574078, 45.565653]}}, {"type": "Feature", "properties": {"cell_id": "892baa46217ffff"}, "geometry": {"type": "Point", "coordinates": [-73.571614, 45.562918]}}, {"type": "Feature", "properties": {"cell_id": "892baa4621bffff"}, "geometry": {"type": "Point", "coordinates": [-73.578827, 45.565556]}}, {"type": "Feature", "properties": {"cell_id": "892baa46223ffff"}, "geometry": {"type": "Point", "coordinates": [-73.573721, 45.55452]}}, {"type": "Feature", "properties": {"cell_id": "892baa46227ffff"}, "geometry": {"type": "Point", "coordinates": [-73.571258, 45.551785]}}, {"type": "Feature", "properties": {"cell_id": "892baa4622bffff"}, "geometry": {"type": "Point", "coordinates": [-73.578469, 45.554423]}}, {"type": "Feature", "properties": {"cell_id": "892baa4622fffff"}, "geometry": {"type": "Point", "coordinates": [-73.576006, 45.551689]}}, {"type": "Feature", "properties": {"cell_id": "892baa46233ffff"}, "geometry": {"type": "Point", "coordinates": [-73.571436, 45.557351]}}, {"type": "Feature", "properties": {"cell_id": "892baa46237ffff"}, "geometry": {"type": "Point", "coordinates": [-73.568973, 45.554616]}}, {"type": "Feature", "properties": {"cell_id": "892baa4623bffff"}, "geometry": {"type": "Point", "coordinates": [-73.576185, 45.557255]}}, {"type": "Feature", "properties": {"cell_id": "892baa46243ffff"}, "geometry": {"type": "Point", "coordinates": [-73.588326, 45.565362]}}, {"type": "Feature", "properties": {"cell_id": "892baa46247ffff"}, "geometry": {"type": "Point", "coordinates": [-73.585862, 45.562628]}}, {"type": "Feature", "properties": {"cell_id": "892baa4624bffff"}, "geometry": {"type": "Point", "coordinates": [-73.593076, 45.565265]}}, {"type": "Feature", "properties": {"cell_id": "892baa4624fffff"}, "geometry": {"type": "Point", "coordinates": [-73.590611, 45.56253]}}, {"type": "Feature", "properties": {"cell_id": "892baa46253ffff"}, "geometry": {"type": "Point", "coordinates": [-73.586041, 45.568194]}}, {"type": "Feature", "properties": {"cell_id": "892baa46257ffff"}, "geometry": {"type": "Point", "coordinates": [-73.583577, 45.565459]}}, {"type": "Feature", "properties": {"cell_id": "892baa4625bffff"}, "geometry": {"type": "Point", "coordinates": [-73.590791, 45.568097]}}, {"type": "Feature", "properties": {"cell_id": "892baa46263ffff"}, "geometry": {"type": "Point", "coordinates": [-73.585682, 45.557061]}}, {"type": "Feature", "properties": {"cell_id": "892baa46267ffff"}, "geometry": {"type": "Point", "coordinates": [-73.583218, 45.554326]}}, {"type": "Feature", "properties": {"cell_id": "892baa4626bffff"}, "geometry": {"type": "Point", "coordinates": [-73.59043, 45.556964]}}, {"type": "Feature", "properties": {"cell_id": "892baa4626fffff"}, "geometry": {"type": "Point", "coordinates": [-73.587966, 45.554229]}}, {"type": "Feature", "properties": {"cell_id": "892baa46273ffff"}, "geometry": {"type": "Point", "coordinates": [-73.583397, 45.559893]}}, {"type": "Feature", "properties": {"cell_id": "892baa46277ffff"}, "geometry": {"type": "Point", "coordinates": [-73.580933, 45.557158]}}, {"type": "Feature", "properties": {"cell_id": "892baa4627bffff"}, "geometry": {"type": "Point", "coordinates": [-73.588146, 45.559796]}}, {"type": "Feature", "properties": {"cell_id": "892baa46283ffff"}, "geometry": {"type": "Point", "coordinates": [-73.567043, 45.568581]}}, {"type": "Feature", "properties": {"cell_id": "892baa46287ffff"}, "geometry": {"type": "Point", "coordinates": [-73.564579, 45.565845]}}, {"type": "Feature", "properties": {"cell_id": "892baa4628bffff"}, "geometry": {"type": "Point", "coordinates": [-73.571792, 45.568484]}}, {"type": "Feature", "properties": {"cell_id": "892baa4628fffff"}, "geometry": {"type": "Point", "coordinates": [-73.569329, 45.565749]}}, {"type": "Feature", "properties": {"cell_id": "892baa46293ffff"}, "geometry": {"type": "Point", "coordinates": [-73.564757, 45.571412]}}, {"type": "Feature", "properties": {"cell_id": "892baa46297ffff"}, "geometry": {"type": "Point", "coordinates": [-73.562293, 45.568677]}}, {"type": "Feature", "properties": {"cell_id": "892baa4629bffff"}, "geometry": {"type": "Point", "coordinates": [-73.569507, 45.571316]}}, {"type": "Feature", "properties": {"cell_id": "892baa462a3ffff"}, "geometry": {"type": "Point", "coordinates": [-73.564402, 45.560279]}}, {"type": "Feature", "properties": {"cell_id": "892baa462a7ffff"}, "geometry": {"type": "Point", "coordinates": [-73.561939, 45.557544]}}, {"type": "Feature", "properties": {"cell_id": "892baa462abffff"}, "geometry": {"type": "Point", "coordinates": [-73.569151, 45.560183]}}, {"type": "Feature", "properties": {"cell_id": "892baa462afffff"}, "geometry": {"type": "Point", "coordinates": [-73.566688, 45.557448]}}, {"type": "Feature", "properties": {"cell_id": "892baa462b3ffff"}, "geometry": {"type": "Point", "coordinates": [-73.562116, 45.56311]}}, {"type": "Feature", "properties": {"cell_id": "892baa462b7ffff"}, "geometry": {"type": "Point", "coordinates": [-73.559653, 45.560375]}}, {"type": "Feature", "properties": {"cell_id": "892baa462bbffff"}, "geometry": {"type": "Point", "coordinates": [-73.566865, 45.563014]}}, {"type": "Feature", "properties": {"cell_id": "892baa462c3ffff"}, "geometry": {"type": "Point", "coordinates": [-73.579007, 45.571123]}}, {"type": "Feature", "properties": {"cell_id": "892baa462c7ffff"}, "geometry": {"type": "Point", "coordinates": [-73.576542, 45.568388]}}, {"type": "Feature", "properties": {"cell_id": "892baa462cbffff"}, "geometry": {"type": "Point", "coordinates": [-73.583756, 45.571026]}}, {"type": "Feature", "properties": {"cell_id": "892baa462cfffff"}, "geometry": {"type": "Point", "coordinates": [-73.581292, 45.568291]}}, {"type": "Feature", "properties": {"cell_id": "892baa462d3ffff"}, "geometry": {"type": "Point", "coordinates": [-73.576721, 45.573955]}}, {"type": "Feature", "properties": {"cell_id": "892baa462d7ffff"}, "geometry": {"type": "Point", "coordinates": [-73.574257, 45.57122]}}, {"type": "Feature", "properties": {"cell_id": "892baa462dbffff"}, "geometry": {"type": "Point", "coordinates": [-73.581471, 45.573858]}}, {"type": "Feature", "properties": {"cell_id": "892baa46303ffff"}, "geometry": {"type": "Point", "coordinates": [-73.559124, 45.543677]}}, {"type": "Feature", "properties": {"cell_id": "892baa46307ffff"}, "geometry": {"type": "Point", "coordinates": [-73.556662, 45.540942]}}, {"type": "Feature", "properties": {"cell_id": "892baa4630bffff"}, "geometry": {"type": "Point", "coordinates": [-73.563871, 45.543581]}}, {"type": "Feature", "properties": {"cell_id": "892baa4630fffff"}, "geometry": {"type": "Point", "coordinates": [-73.561409, 45.540846]}}, {"type": "Feature", "properties": {"cell_id": "892baa46313ffff"}, "geometry": {"type": "Point", "coordinates": [-73.556838, 45.546508]}}, {"type": "Feature", "properties": {"cell_id": "892baa46317ffff"}, "geometry": {"type": "Point", "coordinates": [-73.554377, 45.543773]}}, {"type": "Feature", "properties": {"cell_id": "892baa4631bffff"}, "geometry": {"type": "Point", "coordinates": [-73.561585, 45.546412]}}, {"type": "Feature", "properties": {"cell_id": "892baa46323ffff"}, "geometry": {"type": "Point", "coordinates": [-73.556486, 45.535377]}}, {"type": "Feature", "properties": {"cell_id": "892baa46327ffff"}, "geometry": {"type": "Point", "coordinates": [-73.554025, 45.532642]}}, {"type": "Feature", "properties": {"cell_id": "892baa4632bffff"}, "geometry": {"type": "Point", "coordinates": [-73.561232, 45.535281]}}, {"type": "Feature", "properties": {"cell_id": "892baa4632fffff"}, "geometry": {"type": "Point", "coordinates": [-73.558771, 45.532546]}}, {"type": "Feature", "properties": {"cell_id": "892baa46333ffff"}, "geometry": {"type": "Point", "coordinates": [-73.554201, 45.538207]}}, {"type": "Feature", "properties": {"cell_id": "892baa46337ffff"}, "geometry": {"type": "Point", "coordinates": [-73.55174, 45.535472]}}, {"type": "Feature", "properties": {"cell_id": "892baa4633bffff"}, "geometry": {"type": "Point", "coordinates": [-73.558947, 45.538111]}}, {"type": "Feature", "properties": {"cell_id": "892baa46343ffff"}, "geometry": {"type": "Point", "coordinates": [-73.57108, 45.546219]}}, {"type": "Feature", "properties": {"cell_id": "892baa46347ffff"}, "geometry": {"type": "Point", "coordinates": [-73.568618, 45.543485]}}, {"type": "Feature", "properties": {"cell_id": "892baa4634bffff"}, "geometry": {"type": "Point", "coordinates": [-73.575827, 45.546123]}}, {"type": "Feature", "properties": {"cell_id": "892baa4634fffff"}, "geometry": {"type": "Point", "coordinates": [-73.573365, 45.543388]}}, {"type": "Feature", "properties": {"cell_id": "892baa46353ffff"}, "geometry": {"type": "Point", "coordinates": [-73.568795, 45.54905]}}, {"type": "Feature", "properties": {"cell_id": "892baa46357ffff"}, "geometry": {"type": "Point", "coordinates": [-73.566333, 45.546316]}}, {"type": "Feature", "properties": {"cell_id": "892baa4635bffff"}, "geometry": {"type": "Point", "coordinates": [-73.573543, 45.548954]}}, {"type": "Feature", "properties": {"cell_id": "892baa46363ffff"}, "geometry": {"type": "Point", "coordinates": [-73.56844, 45.537919]}}, {"type": "Feature", "properties": {"cell_id": "892baa46367ffff"}, "geometry": {"type": "Point", "coordinates": [-73.565978, 45.535185]}}, {"type": "Feature", "properties": {"cell_id": "892baa4636bffff"}, "geometry": {"type": "Point", "coordinates": [-73.573186, 45.537823]}}, {"type": "Feature", "properties": {"cell_id": "892baa4636fffff"}, "geometry": {"type": "Point", "coordinates": [-73.570724, 45.535088]}}, {"type": "Feature", "properties": {"cell_id": "892baa46373ffff"}, "geometry": {"type": "Point", "coordinates": [-73.566155, 45.54075]}}, {"type": "Feature", "properties": {"cell_id": "892baa46377ffff"}, "geometry": {"type": "Point", "coordinates": [-73.563694, 45.538015]}}, {"type": "Feature", "properties": {"cell_id": "892baa4637bffff"}, "geometry": {"type": "Point", "coordinates": [-73.570902, 45.540654]}}, {"type": "Feature", "properties": {"cell_id": "892baa46383ffff"}, "geometry": {"type": "Point", "coordinates": [-73.549805, 45.549434]}}, {"type": "Feature", "properties": {"cell_id": "892baa46387ffff"}, "geometry": {"type": "Point", "coordinates": [-73.547344, 45.546699]}}, {"type": "Feature", "properties": {"cell_id": "892baa4638bffff"}, "geometry": {"type": "Point", "coordinates": [-73.554552, 45.549338]}}, {"type": "Feature", "properties": {"cell_id": "892baa4638fffff"}, "geometry": {"type": "Point", "coordinates": [-73.552091, 45.546603]}}, {"type": "Feature", "properties": {"cell_id": "892baa46393ffff"}, "geometry": {"type": "Point", "coordinates": [-73.547519, 45.552265]}}, {"type": "Feature", "properties": {"cell_id": "892baa46397ffff"}, "geometry": {"type": "Point", "coordinates": [-73.545057, 45.549529]}}, {"type": "Feature", "properties": {"cell_id": "892baa4639bffff"}, "geometry": {"type": "Point", "coordinates": [-73.552267, 45.552169]}}, {"type": "Feature", "properties": {"cell_id": "892baa463a3ffff"}, "geometry": {"type": "Point", "coordinates": [-73.547169, 45.541133]}}, {"type": "Feature", "properties": {"cell_id": "892baa463a7ffff"}, "geometry": {"type": "Point", "coordinates": [-73.544708, 45.538398]}}, {"type": "Feature", "properties": {"cell_id": "892baa463abffff"}, "geometry": {"type": "Point", "coordinates": [-73.551915, 45.541038]}}, {"type": "Feature", "properties": {"cell_id": "892baa463afffff"}, "geometry": {"type": "Point", "coordinates": [-73.549454, 45.538303]}}, {"type": "Feature", "properties": {"cell_id": "892baa463b3ffff"}, "geometry": {"type": "Point", "coordinates": [-73.544883, 45.543964]}}, {"type": "Feature", "properties": {"cell_id": "892baa463b7ffff"}, "geometry": {"type": "Point", "coordinates": [-73.542422, 45.541229]}}, {"type": "Feature", "properties": {"cell_id": "892baa463bbffff"}, "geometry": {"type": "Point", "coordinates": [-73.54963, 45.543868]}}, {"type": "Feature", "properties": {"cell_id": "892baa463c3ffff"}, "geometry": {"type": "Point", "coordinates": [-73.561762, 45.551977]}}, {"type": "Feature", "properties": {"cell_id": "892baa463c7ffff"}, "geometry": {"type": "Point", "coordinates": [-73.5593, 45.549242]}}, {"type": "Feature", "properties": {"cell_id": "892baa463cbffff"}, "geometry": {"type": "Point", "coordinates": [-73.56651, 45.551881]}}, {"type": "Feature", "properties": {"cell_id": "892baa463cfffff"}, "geometry": {"type": "Point", "coordinates": [-73.564048, 45.549146]}}, {"type": "Feature", "properties": {"cell_id": "892baa463d3ffff"}, "geometry": {"type": "Point", "coordinates": [-73.559477, 45.554808]}}, {"type": "Feature", "properties": {"cell_id": "892baa463d7ffff"}, "geometry": {"type": "Point", "coordinates": [-73.557014, 45.552073]}}, {"type": "Feature", "properties": {"cell_id": "892baa463dbffff"}, "geometry": {"type": "Point", "coordinates": [-73.564225, 45.554712]}}, {"type": "Feature", "properties": {"cell_id": "892baa46403ffff"}, "geometry": {"type": "Point", "coordinates": [-73.527102, 45.583309]}}, {"type": "Feature", "properties": {"cell_id": "892baa46407ffff"}, "geometry": {"type": "Point", "coordinates": [-73.52464, 45.580573]}}, {"type": "Feature", "properties": {"cell_id": "892baa4640bffff"}, "geometry": {"type": "Point", "coordinates": [-73.531853, 45.583215]}}, {"type": "Feature", "properties": {"cell_id": "892baa4640fffff"}, "geometry": {"type": "Point", "coordinates": [-73.529391, 45.580478]}}, {"type": "Feature", "properties": {"cell_id": "892baa46413ffff"}, "geometry": {"type": "Point", "coordinates": [-73.524812, 45.586141]}}, {"type": "Feature", "properties": {"cell_id": "892baa46417ffff"}, "geometry": {"type": "Point", "coordinates": [-73.522351, 45.583404]}}, {"type": "Feature", "properties": {"cell_id": "892baa4641bffff"}, "geometry": {"type": "Point", "coordinates": [-73.529564, 45.586046]}}, {"type": "Feature", "properties": {"cell_id": "892baa46423ffff"}, "geometry": {"type": "Point", "coordinates": [-73.524468, 45.575006]}}, {"type": "Feature", "properties": {"cell_id": "892baa46427ffff"}, "geometry": {"type": "Point", "coordinates": [-73.522007, 45.572269]}}, {"type": "Feature", "properties": {"cell_id": "892baa4642bffff"}, "geometry": {"type": "Point", "coordinates": [-73.529218, 45.574911]}}, {"type": "Feature", "properties": {"cell_id": "892baa4642fffff"}, "geometry": {"type": "Point", "coordinates": [-73.526757, 45.572175]}}, {"type": "Feature", "properties": {"cell_id": "892baa46433ffff"}, "geometry": {"type": "Point", "coordinates": [-73.522179, 45.577836]}}, {"type": "Feature", "properties": {"cell_id": "892baa46437ffff"}, "geometry": {"type": "Point", "coordinates": [-73.519717, 45.5751]}}, {"type": "Feature", "properties": {"cell_id": "892baa4643bffff"}, "geometry": {"type": "Point", "coordinates": [-73.526929, 45.577742]}}, {"type": "Feature", "properties": {"cell_id": "892baa46443ffff"}, "geometry": {"type": "Point", "coordinates": [-73.539067, 45.585856]}}, {"type": "Feature", "properties": {"cell_id": "892baa46447ffff"}, "geometry": {"type": "Point", "coordinates": [-73.536604, 45.58312]}}, {"type": "Feature", "properties": {"cell_id": "892baa4644bffff"}, "geometry": {"type": "Point", "coordinates": [-73.543818, 45.585761]}}, {"type": "Feature", "properties": {"cell_id": "892baa4644fffff"}, "geometry": {"type": "Point", "coordinates": [-73.541355, 45.583025]}}, {"type": "Feature", "properties": {"cell_id": "892baa46453ffff"}, "geometry": {"type": "Point", "coordinates": [-73.536778, 45.588688]}}, {"type": "Feature", "properties": {"cell_id": "892baa46457ffff"}, "geometry": {"type": "Point", "coordinates": [-73.534315, 45.585951]}}, {"type": "Feature", "properties": {"cell_id": "892baa4645bffff"}, "geometry": {"type": "Point", "coordinates": [-73.54153, 45.588593]}}, {"type": "Feature", "properties": {"cell_id": "892baa46463ffff"}, "geometry": {"type": "Point", "coordinates": [-73.53643, 45.577553]}}, {"type": "Feature", "properties": {"cell_id": "892baa46467ffff"}, "geometry": {"type": "Point", "coordinates": [-73.533968, 45.574816]}}, {"type": "Feature", "properties": {"cell_id": "892baa4646bffff"}, "geometry": {"type": "Point", "coordinates": [-73.541181, 45.577457]}}, {"type": "Feature", "properties": {"cell_id": "892baa4646fffff"}, "geometry": {"type": "Point", "coordinates": [-73.538719, 45.574721]}}, {"type": "Feature", "properties": {"cell_id": "892baa46473ffff"}, "geometry": {"type": "Point", "coordinates": [-73.534142, 45.580384]}}, {"type": "Feature", "properties": {"cell_id": "892baa46477ffff"}, "geometry": {"type": "Point", "coordinates": [-73.53168, 45.577647]}}, {"type": "Feature", "properties": {"cell_id": "892baa4647bffff"}, "geometry": {"type": "Point", "coordinates": [-73.538893, 45.580289]}}, {"type": "Feature", "properties": {"cell_id": "892baa46483ffff"}, "geometry": {"type": "Point", "coordinates": [-73.517771, 45.589066]}}, {"type": "Feature", "properties": {"cell_id": "892baa46487ffff"}, "geometry": {"type": "Point", "coordinates": [-73.515309, 45.586329]}}, {"type": "Feature", "properties": {"cell_id": "892baa4648bffff"}, "geometry": {"type": "Point", "coordinates": [-73.522523, 45.588972]}}, {"type": "Feature", "properties": {"cell_id": "892baa4648fffff"}, "geometry": {"type": "Point", "coordinates": [-73.520061, 45.586235]}}, {"type": "Feature", "properties": {"cell_id": "892baa46493ffff"}, "geometry": {"type": "Point", "coordinates": [-73.515481, 45.591897]}}, {"type": "Feature", "properties": {"cell_id": "892baa46497ffff"}, "geometry": {"type": "Point", "coordinates": [-73.513019, 45.58916]}}, {"type": "Feature", "properties": {"cell_id": "892baa4649bffff"}, "geometry": {"type": "Point", "coordinates": [-73.520233, 45.591803]}}, {"type": "Feature", "properties": {"cell_id": "892baa464a3ffff"}, "geometry": {"type": "Point", "coordinates": [-73.515138, 45.580761]}}, {"type": "Feature", "properties": {"cell_id": "892baa464a7ffff"}, "geometry": {"type": "Point", "coordinates": [-73.512677, 45.578025]}}, {"type": "Feature", "properties": {"cell_id": "892baa464abffff"}, "geometry": {"type": "Point", "coordinates": [-73.519889, 45.580667]}}, {"type": "Feature", "properties": {"cell_id": "892baa464afffff"}, "geometry": {"type": "Point", "coordinates": [-73.517428, 45.577931]}}, {"type": "Feature", "properties": {"cell_id": "892baa464b3ffff"}, "geometry": {"type": "Point", "coordinates": [-73.512848, 45.583592]}}, {"type": "Feature", "properties": {"cell_id": "892baa464b7ffff"}, "geometry": {"type": "Point", "coordinates": [-73.510387, 45.580855]}}, {"type": "Feature", "properties": {"cell_id": "892baa464bbffff"}, "geometry": {"type": "Point", "coordinates": [-73.517599, 45.583498]}}, {"type": "Feature", "properties": {"cell_id": "892baa464c3ffff"}, "geometry": {"type": "Point", "coordinates": [-73.529737, 45.591614]}}, {"type": "Feature", "properties": {"cell_id": "892baa464c7ffff"}, "geometry": {"type": "Point", "coordinates": [-73.527275, 45.588877]}}, {"type": "Feature", "properties": {"cell_id": "892baa464cbffff"}, "geometry": {"type": "Point", "coordinates": [-73.534489, 45.591519]}}, {"type": "Feature", "properties": {"cell_id": "892baa464cfffff"}, "geometry": {"type": "Point", "coordinates": [-73.532026, 45.588783]}}, {"type": "Feature", "properties": {"cell_id": "892baa464d3ffff"}, "geometry": {"type": "Point", "coordinates": [-73.527447, 45.594445]}}, {"type": "Feature", "properties": {"cell_id": "892baa464d7ffff"}, "geometry": {"type": "Point", "coordinates": [-73.524985, 45.591708]}}, {"type": "Feature", "properties": {"cell_id": "892baa464dbffff"}, "geometry": {"type": "Point", "coordinates": [-73.5322, 45.594351]}}, {"type": "Feature", "properties": {"cell_id": "892baa4650bffff"}, "geometry": {"type": "Point", "coordinates": [-73.514625, 45.56406]}}, {"type": "Feature", "properties": {"cell_id": "892baa4650fffff"}, "geometry": {"type": "Point", "coordinates": [-73.512165, 45.561324]}}, {"type": "Feature", "properties": {"cell_id": "892baa4651bffff"}, "geometry": {"type": "Point", "coordinates": [-73.512336, 45.566891]}}, {"type": "Feature", "properties": {"cell_id": "892baa46543ffff"}, "geometry": {"type": "Point", "coordinates": [-73.521835, 45.566702]}}, {"type": "Feature", "properties": {"cell_id": "892baa46547ffff"}, "geometry": {"type": "Point", "coordinates": [-73.519374, 45.563966]}}, {"type": "Feature", "properties": {"cell_id": "892baa4654bffff"}, "geometry": {"type": "Point", "coordinates": [-73.526584, 45.566608]}}, {"type": "Feature", "properties": {"cell_id": "892baa4654fffff"}, "geometry": {"type": "Point", "coordinates": [-73.524123, 45.563872]}}, {"type": "Feature", "properties": {"cell_id": "892baa46553ffff"}, "geometry": {"type": "Point", "coordinates": [-73.519546, 45.569533]}}, {"type": "Feature", "properties": {"cell_id": "892baa46557ffff"}, "geometry": {"type": "Point", "coordinates": [-73.517085, 45.566797]}}, {"type": "Feature", "properties": {"cell_id": "892baa4655bffff"}, "geometry": {"type": "Point", "coordinates": [-73.524296, 45.569439]}}, {"type": "Feature", "properties": {"cell_id": "892baa46563ffff"}, "geometry": {"type": "Point", "coordinates": [-73.519203, 45.5584]}}, {"type": "Feature", "properties": {"cell_id": "892baa46567ffff"}, "geometry": {"type": "Point", "coordinates": [-73.516743, 45.555664]}}, {"type": "Feature", "properties": {"cell_id": "892baa4656bffff"}, "geometry": {"type": "Point", "coordinates": [-73.523951, 45.558305]}}, {"type": "Feature", "properties": {"cell_id": "892baa4656fffff"}, "geometry": {"type": "Point", "coordinates": [-73.521491, 45.555569]}}, {"type": "Feature", "properties": {"cell_id": "892baa46573ffff"}, "geometry": {"type": "Point", "coordinates": [-73.516914, 45.56123]}}, {"type": "Feature", "properties": {"cell_id": "892baa46577ffff"}, "geometry": {"type": "Point", "coordinates": [-73.514454, 45.558494]}}, {"type": "Feature", "properties": {"cell_id": "892baa4657bffff"}, "geometry": {"type": "Point", "coordinates": [-73.521663, 45.561136]}}, {"type": "Feature", "properties": {"cell_id": "892baa465c3ffff"}, "geometry": {"type": "Point", "coordinates": [-73.512507, 45.572458]}}, {"type": "Feature", "properties": {"cell_id": "892baa465c7ffff"}, "geometry": {"type": "Point", "coordinates": [-73.510046, 45.569721]}}, {"type": "Feature", "properties": {"cell_id": "892baa465cbffff"}, "geometry": {"type": "Point", "coordinates": [-73.517257, 45.572364]}}, {"type": "Feature", "properties": {"cell_id": "892baa465cfffff"}, "geometry": {"type": "Point", "coordinates": [-73.514796, 45.569627]}}, {"type": "Feature", "properties": {"cell_id": "892baa465d3ffff"}, "geometry": {"type": "Point", "coordinates": [-73.510217, 45.575288]}}, {"type": "Feature", "properties": {"cell_id": "892baa465d7ffff"}, "geometry": {"type": "Point", "coordinates": [-73.507757, 45.572551]}}, {"type": "Feature", "properties": {"cell_id": "892baa465dbffff"}, "geometry": {"type": "Point", "coordinates": [-73.514967, 45.575194]}}, {"type": "Feature", "properties": {"cell_id": "892baa46603ffff"}, "geometry": {"type": "Point", "coordinates": [-73.56036, 45.582643]}}, {"type": "Feature", "properties": {"cell_id": "892baa46607ffff"}, "geometry": {"type": "Point", "coordinates": [-73.557896, 45.579907]}}, {"type": "Feature", "properties": {"cell_id": "892baa4660bffff"}, "geometry": {"type": "Point", "coordinates": [-73.565111, 45.582547]}}, {"type": "Feature", "properties": {"cell_id": "892baa4660fffff"}, "geometry": {"type": "Point", "coordinates": [-73.562647, 45.579811]}}, {"type": "Feature", "properties": {"cell_id": "892baa46613ffff"}, "geometry": {"type": "Point", "coordinates": [-73.558073, 45.585475]}}, {"type": "Feature", "properties": {"cell_id": "892baa46617ffff"}, "geometry": {"type": "Point", "coordinates": [-73.555609, 45.582739]}}, {"type": "Feature", "properties": {"cell_id": "892baa4661bffff"}, "geometry": {"type": "Point", "coordinates": [-73.562824, 45.585379]}}, {"type": "Feature", "properties": {"cell_id": "892baa46623ffff"}, "geometry": {"type": "Point", "coordinates": [-73.55772, 45.57434]}}, {"type": "Feature", "properties": {"cell_id": "892baa46627ffff"}, "geometry": {"type": "Point", "coordinates": [-73.555257, 45.571604]}}, {"type": "Feature", "properties": {"cell_id": "892baa4662bffff"}, "geometry": {"type": "Point", "coordinates": [-73.56247, 45.574244]}}, {"type": "Feature", "properties": {"cell_id": "892baa4662fffff"}, "geometry": {"type": "Point", "coordinates": [-73.560007, 45.571508]}}, {"type": "Feature", "properties": {"cell_id": "892baa46633ffff"}, "geometry": {"type": "Point", "coordinates": [-73.555433, 45.577171]}}, {"type": "Feature", "properties": {"cell_id": "892baa46637ffff"}, "geometry": {"type": "Point", "coordinates": [-73.55297, 45.574435]}}, {"type": "Feature", "properties": {"cell_id": "892baa4663bffff"}, "geometry": {"type": "Point", "coordinates": [-73.560183, 45.577075]}}, {"type": "Feature", "properties": {"cell_id": "892baa46643ffff"}, "geometry": {"type": "Point", "coordinates": [-73.572327, 45.585186]}}, {"type": "Feature", "properties": {"cell_id": "892baa46647ffff"}, "geometry": {"type": "Point", "coordinates": [-73.569862, 45.582451]}}, {"type": "Feature", "properties": {"cell_id": "892baa4664bffff"}, "geometry": {"type": "Point", "coordinates": [-73.577079, 45.58509]}}, {"type": "Feature", "properties": {"cell_id": "892baa4664fffff"}, "geometry": {"type": "Point", "coordinates": [-73.574614, 45.582354]}}, {"type": "Feature", "properties": {"cell_id": "892baa46653ffff"}, "geometry": {"type": "Point", "coordinates": [-73.57004, 45.588018]}}, {"type": "Feature", "properties": {"cell_id": "892baa46657ffff"}, "geometry": {"type": "Point", "coordinates": [-73.567576, 45.585283]}}, {"type": "Feature", "properties": {"cell_id": "892baa4665bffff"}, "geometry": {"type": "Point", "coordinates": [-73.574792, 45.587922]}}, {"type": "Feature", "properties": {"cell_id": "892baa46663ffff"}, "geometry": {"type": "Point", "coordinates": [-73.569684, 45.576883]}}, {"type": "Feature", "properties": {"cell_id": "892baa46667ffff"}, "geometry": {"type": "Point", "coordinates": [-73.56722, 45.574148]}}, {"type": "Feature", "properties": {"cell_id": "892baa4666bffff"}, "geometry": {"type": "Point", "coordinates": [-73.574435, 45.576787]}}, {"type": "Feature", "properties": {"cell_id": "892baa4666fffff"}, "geometry": {"type": "Point", "coordinates": [-73.571971, 45.574051]}}, {"type": "Feature", "properties": {"cell_id": "892baa46673ffff"}, "geometry": {"type": "Point", "coordinates": [-73.567398, 45.579715]}}, {"type": "Feature", "properties": {"cell_id": "892baa46677ffff"}, "geometry": {"type": "Point", "coordinates": [-73.564934, 45.576979]}}, {"type": "Feature", "properties": {"cell_id": "892baa4667bffff"}, "geometry": {"type": "Point", "coordinates": [-73.572149, 45.579619]}}, {"type": "Feature", "properties": {"cell_id": "892baa46683ffff"}, "geometry": {"type": "Point", "coordinates": [-73.551033, 45.588402]}}, {"type": "Feature", "properties": {"cell_id": "892baa46687ffff"}, "geometry": {"type": "Point", "coordinates": [-73.54857, 45.585666]}}, {"type": "Feature", "properties": {"cell_id": "892baa4668bffff"}, "geometry": {"type": "Point", "coordinates": [-73.555785, 45.588306]}}, {"type": "Feature", "properties": {"cell_id": "892baa4668fffff"}, "geometry": {"type": "Point", "coordinates": [-73.553321, 45.58557]}}, {"type": "Feature", "properties": {"cell_id": "892baa46693ffff"}, "geometry": {"type": "Point", "coordinates": [-73.548745, 45.591234]}}, {"type": "Feature", "properties": {"cell_id": "892baa46697ffff"}, "geometry": {"type": "Point", "coordinates": [-73.546282, 45.588497]}}, {"type": "Feature", "properties": {"cell_id": "892baa4669bffff"}, "geometry": {"type": "Point", "coordinates": [-73.553497, 45.591138]}}, {"type": "Feature", "properties": {"cell_id": "892baa466a3ffff"}, "geometry": {"type": "Point", "coordinates": [-73.548395, 45.580098]}}, {"type": "Feature", "properties": {"cell_id": "892baa466a7ffff"}, "geometry": {"type": "Point", "coordinates": [-73.545932, 45.577362]}}, {"type": "Feature", "properties": {"cell_id": "892baa466abffff"}, "geometry": {"type": "Point", "coordinates": [-73.553145, 45.580003]}}, {"type": "Feature", "properties": {"cell_id": "892baa466afffff"}, "geometry": {"type": "Point", "coordinates": [-73.550682, 45.577267]}}, {"type": "Feature", "properties": {"cell_id": "892baa466b3ffff"}, "geometry": {"type": "Point", "coordinates": [-73.546107, 45.58293]}}, {"type": "Feature", "properties": {"cell_id": "892baa466b7ffff"}, "geometry": {"type": "Point", "coordinates": [-73.543644, 45.580194]}}, {"type": "Feature", "properties": {"cell_id": "892baa466bbffff"}, "geometry": {"type": "Point", "coordinates": [-73.550858, 45.582834]}}, {"type": "Feature", "properties": {"cell_id": "892baa466c3ffff"}, "geometry": {"type": "Point", "coordinates": [-73.563001, 45.590947]}}, {"type": "Feature", "properties": {"cell_id": "892baa466c7ffff"}, "geometry": {"type": "Point", "coordinates": [-73.560537, 45.588211]}}, {"type": "Feature", "properties": {"cell_id": "892baa466cbffff"}, "geometry": {"type": "Point", "coordinates": [-73.567753, 45.59085]}}, {"type": "Feature", "properties": {"cell_id": "892baa466cfffff"}, "geometry": {"type": "Point", "coordinates": [-73.565289, 45.588115]}}, {"type": "Feature", "properties": {"cell_id": "892baa466d3ffff"}, "geometry": {"type": "Point", "coordinates": [-73.560714, 45.593779]}}, {"type": "Feature", "properties": {"cell_id": "892baa466d7ffff"}, "geometry": {"type": "Point", "coordinates": [-73.558249, 45.591042]}}, {"type": "Feature", "properties": {"cell_id": "892baa466dbffff"}, "geometry": {"type": "Point", "coordinates": [-73.565466, 45.593683]}}, {"type": "Feature", "properties": {"cell_id": "892baa46a03ffff"}, "geometry": {"type": "Point", "coordinates": [-73.557889, 45.504725]}}, {"type": "Feature", "properties": {"cell_id": "892baa46a07ffff"}, "geometry": {"type": "Point", "coordinates": [-73.55543, 45.501991]}}, {"type": "Feature", "properties": {"cell_id": "892baa46a0bffff"}, "geometry": {"type": "Point", "coordinates": [-73.562632, 45.504629]}}, {"type": "Feature", "properties": {"cell_id": "892baa46a0fffff"}, "geometry": {"type": "Point", "coordinates": [-73.560172, 45.501895]}}, {"type": "Feature", "properties": {"cell_id": "892baa46a13ffff"}, "geometry": {"type": "Point", "coordinates": [-73.555606, 45.507555]}}, {"type": "Feature", "properties": {"cell_id": "892baa46a17ffff"}, "geometry": {"type": "Point", "coordinates": [-73.553146, 45.504821]}}, {"type": "Feature", "properties": {"cell_id": "892baa46a1bffff"}, "geometry": {"type": "Point", "coordinates": [-73.560349, 45.507459]}}, {"type": "Feature", "properties": {"cell_id": "892baa46a23ffff"}, "geometry": {"type": "Point", "coordinates": [-73.555254, 45.496428]}}, {"type": "Feature", "properties": {"cell_id": "892baa46a27ffff"}, "geometry": {"type": "Point", "coordinates": [-73.552795, 45.493694]}}, {"type": "Feature", "properties": {"cell_id": "892baa46a2bffff"}, "geometry": {"type": "Point", "coordinates": [-73.559996, 45.496332]}}, {"type": "Feature", "properties": {"cell_id": "892baa46a2fffff"}, "geometry": {"type": "Point", "coordinates": [-73.557537, 45.493598]}}, {"type": "Feature", "properties": {"cell_id": "892baa46a33ffff"}, "geometry": {"type": "Point", "coordinates": [-73.552971, 45.499257]}}, {"type": "Feature", "properties": {"cell_id": "892baa46a37ffff"}, "geometry": {"type": "Point", "coordinates": [-73.550512, 45.496524]}}, {"type": "Feature", "properties": {"cell_id": "892baa46a3bffff"}, "geometry": {"type": "Point", "coordinates": [-73.557713, 45.499161]}}, {"type": "Feature", "properties": {"cell_id": "892baa46a43ffff"}, "geometry": {"type": "Point", "coordinates": [-73.569835, 45.507266]}}, {"type": "Feature", "properties": {"cell_id": "892baa46a47ffff"}, "geometry": {"type": "Point", "coordinates": [-73.567375, 45.504533]}}, {"type": "Feature", "properties": {"cell_id": "892baa46a4bffff"}, "geometry": {"type": "Point", "coordinates": [-73.574578, 45.50717]}}, {"type": "Feature", "properties": {"cell_id": "892baa46a4fffff"}, "geometry": {"type": "Point", "coordinates": [-73.572118, 45.504436]}}, {"type": "Feature", "properties": {"cell_id": "892baa46a53ffff"}, "geometry": {"type": "Point", "coordinates": [-73.567552, 45.510096]}}, {"type": "Feature", "properties": {"cell_id": "892baa46a57ffff"}, "geometry": {"type": "Point", "coordinates": [-73.565092, 45.507363]}}, {"type": "Feature", "properties": {"cell_id": "892baa46a5bffff"}, "geometry": {"type": "Point", "coordinates": [-73.572296, 45.51]}}, {"type": "Feature", "properties": {"cell_id": "892baa46a63ffff"}, "geometry": {"type": "Point", "coordinates": [-73.567198, 45.498969]}}, {"type": "Feature", "properties": {"cell_id": "892baa46a67ffff"}, "geometry": {"type": "Point", "coordinates": [-73.564738, 45.496236]}}, {"type": "Feature", "properties": {"cell_id": "892baa46a6bffff"}, "geometry": {"type": "Point", "coordinates": [-73.57194, 45.498873]}}, {"type": "Feature", "properties": {"cell_id": "892baa46a6fffff"}, "geometry": {"type": "Point", "coordinates": [-73.56948, 45.49614]}}, {"type": "Feature", "properties": {"cell_id": "892baa46a73ffff"}, "geometry": {"type": "Point", "coordinates": [-73.564915, 45.501799]}}, {"type": "Feature", "properties": {"cell_id": "892baa46a77ffff"}, "geometry": {"type": "Point", "coordinates": [-73.562455, 45.499066]}}, {"type": "Feature", "properties": {"cell_id": "892baa46a7bffff"}, "geometry": {"type": "Point", "coordinates": [-73.569658, 45.501703]}}, {"type": "Feature", "properties": {"cell_id": "892baa46a83ffff"}, "geometry": {"type": "Point", "coordinates": [-73.548578, 45.51048]}}, {"type": "Feature", "properties": {"cell_id": "892baa46a87ffff"}, "geometry": {"type": "Point", "coordinates": [-73.546119, 45.507746]}}, {"type": "Feature", "properties": {"cell_id": "892baa46a8bffff"}, "geometry": {"type": "Point", "coordinates": [-73.553322, 45.510384]}}, {"type": "Feature", "properties": {"cell_id": "892baa46a8fffff"}, "geometry": {"type": "Point", "coordinates": [-73.550863, 45.50765]}}, {"type": "Feature", "properties": {"cell_id": "892baa46a93ffff"}, "geometry": {"type": "Point", "coordinates": [-73.546294, 45.51331]}}, {"type": "Feature", "properties": {"cell_id": "892baa46a97ffff"}, "geometry": {"type": "Point", "coordinates": [-73.543835, 45.510575]}}, {"type": "Feature", "properties": {"cell_id": "892baa46a9bffff"}, "geometry": {"type": "Point", "coordinates": [-73.551038, 45.513214]}}, {"type": "Feature", "properties": {"cell_id": "892baa46aa3ffff"}, "geometry": {"type": "Point", "coordinates": [-73.545945, 45.502182]}}, {"type": "Feature", "properties": {"cell_id": "892baa46aabffff"}, "geometry": {"type": "Point", "coordinates": [-73.550687, 45.502087]}}, {"type": "Feature", "properties": {"cell_id": "892baa46aafffff"}, "geometry": {"type": "Point", "coordinates": [-73.548228, 45.499353]}}, {"type": "Feature", "properties": {"cell_id": "892baa46abbffff"}, "geometry": {"type": "Point", "coordinates": [-73.548403, 45.504916]}}, {"type": "Feature", "properties": {"cell_id": "892baa46ac3ffff"}, "geometry": {"type": "Point", "coordinates": [-73.560525, 45.513023]}}, {"type": "Feature", "properties": {"cell_id": "892baa46ac7ffff"}, "geometry": {"type": "Point", "coordinates": [-73.558065, 45.510289]}}, {"type": "Feature", "properties": {"cell_id": "892baa46acbffff"}, "geometry": {"type": "Point", "coordinates": [-73.565269, 45.512926]}}, {"type": "Feature", "properties": {"cell_id": "892baa46acfffff"}, "geometry": {"type": "Point", "coordinates": [-73.562809, 45.510193]}}, {"type": "Feature", "properties": {"cell_id": "892baa46ad3ffff"}, "geometry": {"type": "Point", "coordinates": [-73.558242, 45.515853]}}, {"type": "Feature", "properties": {"cell_id": "892baa46ad7ffff"}, "geometry": {"type": "Point", "coordinates": [-73.555782, 45.513118]}}, {"type": "Feature", "properties": {"cell_id": "892baa46adbffff"}, "geometry": {"type": "Point", "coordinates": [-73.562986, 45.515757]}}, {"type": "Feature", "properties": {"cell_id": "892baa46b43ffff"}, "geometry": {"type": "Point", "coordinates": [-73.55262, 45.488131]}}, {"type": "Feature", "properties": {"cell_id": "892baa46b47ffff"}, "geometry": {"type": "Point", "coordinates": [-73.550162, 45.485398]}}, {"type": "Feature", "properties": {"cell_id": "892baa46b4bffff"}, "geometry": {"type": "Point", "coordinates": [-73.557361, 45.488036]}}, {"type": "Feature", "properties": {"cell_id": "892baa46b4fffff"}, "geometry": {"type": "Point", "coordinates": [-73.554902, 45.485302]}}, {"type": "Feature", "properties": {"cell_id": "892baa46b53ffff"}, "geometry": {"type": "Point", "coordinates": [-73.550337, 45.490961]}}, {"type": "Feature", "properties": {"cell_id": "892baa46b57ffff"}, "geometry": {"type": "Point", "coordinates": [-73.547879, 45.488227]}}, {"type": "Feature", "properties": {"cell_id": "892baa46b5bffff"}, "geometry": {"type": "Point", "coordinates": [-73.555078, 45.490865]}}, {"type": "Feature", "properties": {"cell_id": "892baa46b63ffff"}, "geometry": {"type": "Point", "coordinates": [-73.549986, 45.479835]}}, {"type": "Feature", "properties": {"cell_id": "892baa46b6bffff"}, "geometry": {"type": "Point", "coordinates": [-73.554727, 45.47974]}}, {"type": "Feature", "properties": {"cell_id": "892baa46b6fffff"}, "geometry": {"type": "Point", "coordinates": [-73.552269, 45.477007]}}, {"type": "Feature", "properties": {"cell_id": "892baa46b7bffff"}, "geometry": {"type": "Point", "coordinates": [-73.552444, 45.482569]}}, {"type": "Feature", "properties": {"cell_id": "892baa46bcbffff"}, "geometry": {"type": "Point", "coordinates": [-73.548054, 45.49379]}}, {"type": "Feature", "properties": {"cell_id": "892baa46e03ffff"}, "geometry": {"type": "Point", "coordinates": [-73.541899, 45.524534]}}, {"type": "Feature", "properties": {"cell_id": "892baa46e07ffff"}, "geometry": {"type": "Point", "coordinates": [-73.539439, 45.521799]}}, {"type": "Feature", "properties": {"cell_id": "892baa46e0bffff"}, "geometry": {"type": "Point", "coordinates": [-73.546644, 45.524438]}}, {"type": "Feature", "properties": {"cell_id": "892baa46e0fffff"}, "geometry": {"type": "Point", "coordinates": [-73.544184, 45.521704]}}, {"type": "Feature", "properties": {"cell_id": "892baa46e13ffff"}, "geometry": {"type": "Point", "coordinates": [-73.539613, 45.527363]}}, {"type": "Feature", "properties": {"cell_id": "892baa46e17ffff"}, "geometry": {"type": "Point", "coordinates": [-73.537154, 45.524629]}}, {"type": "Feature", "properties": {"cell_id": "892baa46e1bffff"}, "geometry": {"type": "Point", "coordinates": [-73.544359, 45.527268]}}, {"type": "Feature", "properties": {"cell_id": "892baa46e23ffff"}, "geometry": {"type": "Point", "coordinates": [-73.539265, 45.516235]}}, {"type": "Feature", "properties": {"cell_id": "892baa46e2bffff"}, "geometry": {"type": "Point", "coordinates": [-73.544009, 45.516139]}}, {"type": "Feature", "properties": {"cell_id": "892baa46e2fffff"}, "geometry": {"type": "Point", "coordinates": [-73.54155, 45.513405]}}, {"type": "Feature", "properties": {"cell_id": "892baa46e33ffff"}, "geometry": {"type": "Point", "coordinates": [-73.53698, 45.519064]}}, {"type": "Feature", "properties": {"cell_id": "892baa46e3bffff"}, "geometry": {"type": "Point", "coordinates": [-73.541725, 45.518969]}}, {"type": "Feature", "properties": {"cell_id": "892baa46e43ffff"}, "geometry": {"type": "Point", "coordinates": [-73.553849, 45.527077]}}, {"type": "Feature", "properties": {"cell_id": "892baa46e47ffff"}, "geometry": {"type": "Point", "coordinates": [-73.551389, 45.524343]}}, {"type": "Feature", "properties": {"cell_id": "892baa46e4bffff"}, "geometry": {"type": "Point", "coordinates": [-73.558594, 45.526981]}}, {"type": "Feature", "properties": {"cell_id": "892baa46e4fffff"}, "geometry": {"type": "Point", "coordinates": [-73.556134, 45.524247]}}, {"type": "Feature", "properties": {"cell_id": "892baa46e53ffff"}, "geometry": {"type": "Point", "coordinates": [-73.551564, 45.529907]}}, {"type": "Feature", "properties": {"cell_id": "892baa46e57ffff"}, "geometry": {"type": "Point", "coordinates": [-73.549104, 45.527173]}}, {"type": "Feature", "properties": {"cell_id": "892baa46e5bffff"}, "geometry": {"type": "Point", "coordinates": [-73.55631, 45.529812]}}, {"type": "Feature", "properties": {"cell_id": "892baa46e63ffff"}, "geometry": {"type": "Point", "coordinates": [-73.551213, 45.518778]}}, {"type": "Feature", "properties": {"cell_id": "892baa46e67ffff"}, "geometry": {"type": "Point", "coordinates": [-73.548754, 45.516044]}}, {"type": "Feature", "properties": {"cell_id": "892baa46e6bffff"}, "geometry": {"type": "Point", "coordinates": [-73.555958, 45.518683]}}, {"type": "Feature", "properties": {"cell_id": "892baa46e6fffff"}, "geometry": {"type": "Point", "coordinates": [-73.553498, 45.515948]}}, {"type": "Feature", "properties": {"cell_id": "892baa46e73ffff"}, "geometry": {"type": "Point", "coordinates": [-73.548929, 45.521608]}}, {"type": "Feature", "properties": {"cell_id": "892baa46e77ffff"}, "geometry": {"type": "Point", "coordinates": [-73.546469, 45.518874]}}, {"type": "Feature", "properties": {"cell_id": "892baa46e7bffff"}, "geometry": {"type": "Point", "coordinates": [-73.553673, 45.521513]}}, {"type": "Feature", "properties": {"cell_id": "892baa46e83ffff"}, "geometry": {"type": "Point", "coordinates": [-73.532582, 45.530288]}}, {"type": "Feature", "properties": {"cell_id": "892baa46e87ffff"}, "geometry": {"type": "Point", "coordinates": [-73.530123, 45.527553]}}, {"type": "Feature", "properties": {"cell_id": "892baa46e8bffff"}, "geometry": {"type": "Point", "coordinates": [-73.537328, 45.530193]}}, {"type": "Feature", "properties": {"cell_id": "892baa46e8fffff"}, "geometry": {"type": "Point", "coordinates": [-73.534868, 45.527458]}}, {"type": "Feature", "properties": {"cell_id": "892baa46e93ffff"}, "geometry": {"type": "Point", "coordinates": [-73.530296, 45.533118]}}, {"type": "Feature", "properties": {"cell_id": "892baa46e9bffff"}, "geometry": {"type": "Point", "coordinates": [-73.535041, 45.533023]}}, {"type": "Feature", "properties": {"cell_id": "892baa46eabffff"}, "geometry": {"type": "Point", "coordinates": [-73.534695, 45.521894]}}, {"type": "Feature", "properties": {"cell_id": "892baa46ebbffff"}, "geometry": {"type": "Point", "coordinates": [-73.532409, 45.524724]}}, {"type": "Feature", "properties": {"cell_id": "892baa46ec3ffff"}, "geometry": {"type": "Point", "coordinates": [-73.544533, 45.532833]}}, {"type": "Feature", "properties": {"cell_id": "892baa46ec7ffff"}, "geometry": {"type": "Point", "coordinates": [-73.542073, 45.530098]}}, {"type": "Feature", "properties": {"cell_id": "892baa46ecbffff"}, "geometry": {"type": "Point", "coordinates": [-73.549279, 45.532738]}}, {"type": "Feature", "properties": {"cell_id": "892baa46ecfffff"}, "geometry": {"type": "Point", "coordinates": [-73.546819, 45.530003]}}, {"type": "Feature", "properties": {"cell_id": "892baa46ed3ffff"}, "geometry": {"type": "Point", "coordinates": [-73.542247, 45.535663]}}, {"type": "Feature", "properties": {"cell_id": "892baa46ed7ffff"}, "geometry": {"type": "Point", "coordinates": [-73.539787, 45.532928]}}, {"type": "Feature", "properties": {"cell_id": "892baa46edbffff"}, "geometry": {"type": "Point", "coordinates": [-73.546994, 45.535568]}}, {"type": "Feature", "properties": {"cell_id": "892baa47003ffff"}, "geometry": {"type": "Point", "coordinates": [-73.626876, 45.581281]}}, {"type": "Feature", "properties": {"cell_id": "892baa47007ffff"}, "geometry": {"type": "Point", "coordinates": [-73.624408, 45.578546]}}, {"type": "Feature", "properties": {"cell_id": "892baa4700bffff"}, "geometry": {"type": "Point", "coordinates": [-73.631627, 45.581182]}}, {"type": "Feature", "properties": {"cell_id": "892baa4700fffff"}, "geometry": {"type": "Point", "coordinates": [-73.629159, 45.578447]}}, {"type": "Feature", "properties": {"cell_id": "892baa47013ffff"}, "geometry": {"type": "Point", "coordinates": [-73.624593, 45.584114]}}, {"type": "Feature", "properties": {"cell_id": "892baa47017ffff"}, "geometry": {"type": "Point", "coordinates": [-73.622125, 45.581379]}}, {"type": "Feature", "properties": {"cell_id": "892baa4701bffff"}, "geometry": {"type": "Point", "coordinates": [-73.629345, 45.584015]}}, {"type": "Feature", "properties": {"cell_id": "892baa47023ffff"}, "geometry": {"type": "Point", "coordinates": [-73.624223, 45.572979]}}, {"type": "Feature", "properties": {"cell_id": "892baa47027ffff"}, "geometry": {"type": "Point", "coordinates": [-73.621756, 45.570245]}}, {"type": "Feature", "properties": {"cell_id": "892baa4702bffff"}, "geometry": {"type": "Point", "coordinates": [-73.628974, 45.57288]}}, {"type": "Feature", "properties": {"cell_id": "892baa4702fffff"}, "geometry": {"type": "Point", "coordinates": [-73.626506, 45.570146]}}, {"type": "Feature", "properties": {"cell_id": "892baa47033ffff"}, "geometry": {"type": "Point", "coordinates": [-73.621941, 45.575812]}}, {"type": "Feature", "properties": {"cell_id": "892baa47037ffff"}, "geometry": {"type": "Point", "coordinates": [-73.619473, 45.573077]}}, {"type": "Feature", "properties": {"cell_id": "892baa4703bffff"}, "geometry": {"type": "Point", "coordinates": [-73.626691, 45.575713]}}, {"type": "Feature", "properties": {"cell_id": "892baa47043ffff"}, "geometry": {"type": "Point", "coordinates": [-73.638847, 45.583817]}}, {"type": "Feature", "properties": {"cell_id": "892baa47047ffff"}, "geometry": {"type": "Point", "coordinates": [-73.636379, 45.581083]}}, {"type": "Feature", "properties": {"cell_id": "892baa4704bffff"}, "geometry": {"type": "Point", "coordinates": [-73.643599, 45.583718]}}, {"type": "Feature", "properties": {"cell_id": "892baa4704fffff"}, "geometry": {"type": "Point", "coordinates": [-73.64113, 45.580984]}}, {"type": "Feature", "properties": {"cell_id": "892baa47053ffff"}, "geometry": {"type": "Point", "coordinates": [-73.636565, 45.586651]}}, {"type": "Feature", "properties": {"cell_id": "892baa47057ffff"}, "geometry": {"type": "Point", "coordinates": [-73.634096, 45.583916]}}, {"type": "Feature", "properties": {"cell_id": "892baa4705bffff"}, "geometry": {"type": "Point", "coordinates": [-73.641317, 45.586551]}}, {"type": "Feature", "properties": {"cell_id": "892baa47063ffff"}, "geometry": {"type": "Point", "coordinates": [-73.636192, 45.575515]}}, {"type": "Feature", "properties": {"cell_id": "892baa47067ffff"}, "geometry": {"type": "Point", "coordinates": [-73.633724, 45.572781]}}, {"type": "Feature", "properties": {"cell_id": "892baa4706bffff"}, "geometry": {"type": "Point", "coordinates": [-73.640943, 45.575416]}}, {"type": "Feature", "properties": {"cell_id": "892baa4706fffff"}, "geometry": {"type": "Point", "coordinates": [-73.638474, 45.572682]}}, {"type": "Feature", "properties": {"cell_id": "892baa47073ffff"}, "geometry": {"type": "Point", "coordinates": [-73.63391, 45.578349]}}, {"type": "Feature", "properties": {"cell_id": "892baa47077ffff"}, "geometry": {"type": "Point", "coordinates": [-73.631442, 45.575614]}}, {"type": "Feature", "properties": {"cell_id": "892baa4707bffff"}, "geometry": {"type": "Point", "coordinates": [-73.638661, 45.57825]}}, {"type": "Feature", "properties": {"cell_id": "892baa47083ffff"}, "geometry": {"type": "Point", "coordinates": [-73.617558, 45.587045]}}, {"type": "Feature", "properties": {"cell_id": "892baa47087ffff"}, "geometry": {"type": "Point", "coordinates": [-73.61509, 45.584311]}}, {"type": "Feature", "properties": {"cell_id": "892baa4708bffff"}, "geometry": {"type": "Point", "coordinates": [-73.62231, 45.586947]}}, {"type": "Feature", "properties": {"cell_id": "892baa4708fffff"}, "geometry": {"type": "Point", "coordinates": [-73.619842, 45.584212]}}, {"type": "Feature", "properties": {"cell_id": "892baa47093ffff"}, "geometry": {"type": "Point", "coordinates": [-73.615274, 45.589878]}}, {"type": "Feature", "properties": {"cell_id": "892baa47097ffff"}, "geometry": {"type": "Point", "coordinates": [-73.612806, 45.587143]}}, {"type": "Feature", "properties": {"cell_id": "892baa4709bffff"}, "geometry": {"type": "Point", "coordinates": [-73.620026, 45.58978]}}, {"type": "Feature", "properties": {"cell_id": "892baa470a3ffff"}, "geometry": {"type": "Point", "coordinates": [-73.614907, 45.578743]}}, {"type": "Feature", "properties": {"cell_id": "892baa470a7ffff"}, "geometry": {"type": "Point", "coordinates": [-73.61244, 45.576008]}}, {"type": "Feature", "properties": {"cell_id": "892baa470abffff"}, "geometry": {"type": "Point", "coordinates": [-73.619657, 45.578645]}}, {"type": "Feature", "properties": {"cell_id": "892baa470afffff"}, "geometry": {"type": "Point", "coordinates": [-73.61719, 45.57591]}}, {"type": "Feature", "properties": {"cell_id": "892baa470b3ffff"}, "geometry": {"type": "Point", "coordinates": [-73.612623, 45.581576]}}, {"type": "Feature", "properties": {"cell_id": "892baa470b7ffff"}, "geometry": {"type": "Point", "coordinates": [-73.610156, 45.578841]}}, {"type": "Feature", "properties": {"cell_id": "892baa470bbffff"}, "geometry": {"type": "Point", "coordinates": [-73.617374, 45.581478]}}, {"type": "Feature", "properties": {"cell_id": "892baa470c3ffff"}, "geometry": {"type": "Point", "coordinates": [-73.62953, 45.589583]}}, {"type": "Feature", "properties": {"cell_id": "892baa470c7ffff"}, "geometry": {"type": "Point", "coordinates": [-73.627061, 45.586848]}}, {"type": "Feature", "properties": {"cell_id": "892baa470cbffff"}, "geometry": {"type": "Point", "coordinates": [-73.634282, 45.589484]}}, {"type": "Feature", "properties": {"cell_id": "892baa470cfffff"}, "geometry": {"type": "Point", "coordinates": [-73.631813, 45.58675]}}, {"type": "Feature", "properties": {"cell_id": "892baa470d3ffff"}, "geometry": {"type": "Point", "coordinates": [-73.627247, 45.592416]}}, {"type": "Feature", "properties": {"cell_id": "892baa470d7ffff"}, "geometry": {"type": "Point", "coordinates": [-73.624778, 45.589682]}}, {"type": "Feature", "properties": {"cell_id": "892baa470dbffff"}, "geometry": {"type": "Point", "coordinates": [-73.631999, 45.592317]}}, {"type": "Feature", "properties": {"cell_id": "892baa47103ffff"}, "geometry": {"type": "Point", "coordinates": [-73.609607, 45.56214]}}, {"type": "Feature", "properties": {"cell_id": "892baa47107ffff"}, "geometry": {"type": "Point", "coordinates": [-73.607141, 45.559406]}}, {"type": "Feature", "properties": {"cell_id": "892baa4710bffff"}, "geometry": {"type": "Point", "coordinates": [-73.614356, 45.562042]}}, {"type": "Feature", "properties": {"cell_id": "892baa4710fffff"}, "geometry": {"type": "Point", "coordinates": [-73.61189, 45.559308]}}, {"type": "Feature", "properties": {"cell_id": "892baa47113ffff"}, "geometry": {"type": "Point", "coordinates": [-73.607324, 45.564972]}}, {"type": "Feature", "properties": {"cell_id": "892baa47117ffff"}, "geometry": {"type": "Point", "coordinates": [-73.604858, 45.562238]}}, {"type": "Feature", "properties": {"cell_id": "892baa4711bffff"}, "geometry": {"type": "Point", "coordinates": [-73.612073, 45.564874]}}, {"type": "Feature", "properties": {"cell_id": "892baa47123ffff"}, "geometry": {"type": "Point", "coordinates": [-73.606959, 45.55384]}}, {"type": "Feature", "properties": {"cell_id": "892baa47127ffff"}, "geometry": {"type": "Point", "coordinates": [-73.604493, 45.551105]}}, {"type": "Feature", "properties": {"cell_id": "892baa4712bffff"}, "geometry": {"type": "Point", "coordinates": [-73.611707, 45.553742]}}, {"type": "Feature", "properties": {"cell_id": "892baa4712fffff"}, "geometry": {"type": "Point", "coordinates": [-73.609241, 45.551008]}}, {"type": "Feature", "properties": {"cell_id": "892baa47133ffff"}, "geometry": {"type": "Point", "coordinates": [-73.604676, 45.556672]}}, {"type": "Feature", "properties": {"cell_id": "892baa47137ffff"}, "geometry": {"type": "Point", "coordinates": [-73.60221, 45.553937]}}, {"type": "Feature", "properties": {"cell_id": "892baa4713bffff"}, "geometry": {"type": "Point", "coordinates": [-73.609424, 45.556574]}}, {"type": "Feature", "properties": {"cell_id": "892baa47143ffff"}, "geometry": {"type": "Point", "coordinates": [-73.621572, 45.564678]}}, {"type": "Feature", "properties": {"cell_id": "892baa47147ffff"}, "geometry": {"type": "Point", "coordinates": [-73.619105, 45.561944]}}, {"type": "Feature", "properties": {"cell_id": "892baa4714bffff"}, "geometry": {"type": "Point", "coordinates": [-73.626321, 45.564579]}}, {"type": "Feature", "properties": {"cell_id": "892baa4714fffff"}, "geometry": {"type": "Point", "coordinates": [-73.623854, 45.561845]}}, {"type": "Feature", "properties": {"cell_id": "892baa47153ffff"}, "geometry": {"type": "Point", "coordinates": [-73.619289, 45.56751]}}, {"type": "Feature", "properties": {"cell_id": "892baa47157ffff"}, "geometry": {"type": "Point", "coordinates": [-73.616822, 45.564776]}}, {"type": "Feature", "properties": {"cell_id": "892baa4715bffff"}, "geometry": {"type": "Point", "coordinates": [-73.624039, 45.567412]}}, {"type": "Feature", "properties": {"cell_id": "892baa47163ffff"}, "geometry": {"type": "Point", "coordinates": [-73.618921, 45.556377]}}, {"type": "Feature", "properties": {"cell_id": "892baa47167ffff"}, "geometry": {"type": "Point", "coordinates": [-73.616455, 45.553643]}}, {"type": "Feature", "properties": {"cell_id": "892baa4716bffff"}, "geometry": {"type": "Point", "coordinates": [-73.623669, 45.556279]}}, {"type": "Feature", "properties": {"cell_id": "892baa4716fffff"}, "geometry": {"type": "Point", "coordinates": [-73.621203, 45.553545]}}, {"type": "Feature", "properties": {"cell_id": "892baa47173ffff"}, "geometry": {"type": "Point", "coordinates": [-73.616639, 45.55921]}}, {"type": "Feature", "properties": {"cell_id": "892baa47177ffff"}, "geometry": {"type": "Point", "coordinates": [-73.614173, 45.556476]}}, {"type": "Feature", "properties": {"cell_id": "892baa4717bffff"}, "geometry": {"type": "Point", "coordinates": [-73.621387, 45.559111]}}, {"type": "Feature", "properties": {"cell_id": "892baa47183ffff"}, "geometry": {"type": "Point", "coordinates": [-73.60029, 45.567902]}}, {"type": "Feature", "properties": {"cell_id": "892baa47187ffff"}, "geometry": {"type": "Point", "coordinates": [-73.597825, 45.565168]}}, {"type": "Feature", "properties": {"cell_id": "892baa4718bffff"}, "geometry": {"type": "Point", "coordinates": [-73.60504, 45.567805]}}, {"type": "Feature", "properties": {"cell_id": "892baa4718fffff"}, "geometry": {"type": "Point", "coordinates": [-73.602574, 45.56507]}}, {"type": "Feature", "properties": {"cell_id": "892baa47193ffff"}, "geometry": {"type": "Point", "coordinates": [-73.598006, 45.570735]}}, {"type": "Feature", "properties": {"cell_id": "892baa47197ffff"}, "geometry": {"type": "Point", "coordinates": [-73.595541, 45.568]}}, {"type": "Feature", "properties": {"cell_id": "892baa4719bffff"}, "geometry": {"type": "Point", "coordinates": [-73.602756, 45.570637]}}, {"type": "Feature", "properties": {"cell_id": "892baa471a3ffff"}, "geometry": {"type": "Point", "coordinates": [-73.597644, 45.559601]}}, {"type": "Feature", "properties": {"cell_id": "892baa471a7ffff"}, "geometry": {"type": "Point", "coordinates": [-73.595179, 45.556867]}}, {"type": "Feature", "properties": {"cell_id": "892baa471abffff"}, "geometry": {"type": "Point", "coordinates": [-73.602392, 45.559504]}}, {"type": "Feature", "properties": {"cell_id": "892baa471afffff"}, "geometry": {"type": "Point", "coordinates": [-73.599927, 45.556769]}}, {"type": "Feature", "properties": {"cell_id": "892baa471b3ffff"}, "geometry": {"type": "Point", "coordinates": [-73.59536, 45.562433]}}, {"type": "Feature", "properties": {"cell_id": "892baa471b7ffff"}, "geometry": {"type": "Point", "coordinates": [-73.592895, 45.559699]}}, {"type": "Feature", "properties": {"cell_id": "892baa471bbffff"}, "geometry": {"type": "Point", "coordinates": [-73.600109, 45.562336]}}, {"type": "Feature", "properties": {"cell_id": "892baa471c3ffff"}, "geometry": {"type": "Point", "coordinates": [-73.612256, 45.570441]}}, {"type": "Feature", "properties": {"cell_id": "892baa471c7ffff"}, "geometry": {"type": "Point", "coordinates": [-73.60979, 45.567707]}}, {"type": "Feature", "properties": {"cell_id": "892baa471cbffff"}, "geometry": {"type": "Point", "coordinates": [-73.617006, 45.570343]}}, {"type": "Feature", "properties": {"cell_id": "892baa471cfffff"}, "geometry": {"type": "Point", "coordinates": [-73.614539, 45.567609]}}, {"type": "Feature", "properties": {"cell_id": "892baa471d3ffff"}, "geometry": {"type": "Point", "coordinates": [-73.609973, 45.573274]}}, {"type": "Feature", "properties": {"cell_id": "892baa471d7ffff"}, "geometry": {"type": "Point", "coordinates": [-73.607506, 45.570539]}}, {"type": "Feature", "properties": {"cell_id": "892baa471dbffff"}, "geometry": {"type": "Point", "coordinates": [-73.614723, 45.573176]}}, {"type": "Feature", "properties": {"cell_id": "892baa47203ffff"}, "geometry": {"type": "Point", "coordinates": [-73.660134, 45.580585]}}, {"type": "Feature", "properties": {"cell_id": "892baa47207ffff"}, "geometry": {"type": "Point", "coordinates": [-73.657664, 45.577851]}}, {"type": "Feature", "properties": {"cell_id": "892baa4720bffff"}, "geometry": {"type": "Point", "coordinates": [-73.664885, 45.580485]}}, {"type": "Feature", "properties": {"cell_id": "892baa4720fffff"}, "geometry": {"type": "Point", "coordinates": [-73.662415, 45.577751]}}, {"type": "Feature", "properties": {"cell_id": "892baa47213ffff"}, "geometry": {"type": "Point", "coordinates": [-73.657853, 45.583419]}}, {"type": "Feature", "properties": {"cell_id": "892baa47217ffff"}, "geometry": {"type": "Point", "coordinates": [-73.655383, 45.580685]}}, {"type": "Feature", "properties": {"cell_id": "892baa4721bffff"}, "geometry": {"type": "Point", "coordinates": [-73.662604, 45.583319]}}, {"type": "Feature", "properties": {"cell_id": "892baa47223ffff"}, "geometry": {"type": "Point", "coordinates": [-73.657475, 45.572284]}}, {"type": "Feature", "properties": {"cell_id": "892baa47227ffff"}, "geometry": {"type": "Point", "coordinates": [-73.655006, 45.56955]}}, {"type": "Feature", "properties": {"cell_id": "892baa4722bffff"}, "geometry": {"type": "Point", "coordinates": [-73.662225, 45.572184]}}, {"type": "Feature", "properties": {"cell_id": "892baa4722fffff"}, "geometry": {"type": "Point", "coordinates": [-73.659756, 45.56945]}}, {"type": "Feature", "properties": {"cell_id": "892baa47233ffff"}, "geometry": {"type": "Point", "coordinates": [-73.655194, 45.575118]}}, {"type": "Feature", "properties": {"cell_id": "892baa47237ffff"}, "geometry": {"type": "Point", "coordinates": [-73.652725, 45.572384]}}, {"type": "Feature", "properties": {"cell_id": "892baa4723bffff"}, "geometry": {"type": "Point", "coordinates": [-73.659945, 45.575018]}}, {"type": "Feature", "properties": {"cell_id": "892baa47243ffff"}, "geometry": {"type": "Point", "coordinates": [-73.672107, 45.583118]}}, {"type": "Feature", "properties": {"cell_id": "892baa47247ffff"}, "geometry": {"type": "Point", "coordinates": [-73.669636, 45.580384]}}, {"type": "Feature", "properties": {"cell_id": "892baa4724fffff"}, "geometry": {"type": "Point", "coordinates": [-73.674387, 45.580284]}}, {"type": "Feature", "properties": {"cell_id": "892baa47257ffff"}, "geometry": {"type": "Point", "coordinates": [-73.667356, 45.583218]}}, {"type": "Feature", "properties": {"cell_id": "892baa47263ffff"}, "geometry": {"type": "Point", "coordinates": [-73.669446, 45.574817]}}, {"type": "Feature", "properties": {"cell_id": "892baa47267ffff"}, "geometry": {"type": "Point", "coordinates": [-73.666976, 45.572084]}}, {"type": "Feature", "properties": {"cell_id": "892baa4726bffff"}, "geometry": {"type": "Point", "coordinates": [-73.674196, 45.574717]}}, {"type": "Feature", "properties": {"cell_id": "892baa4726fffff"}, "geometry": {"type": "Point", "coordinates": [-73.671726, 45.571983]}}, {"type": "Feature", "properties": {"cell_id": "892baa47273ffff"}, "geometry": {"type": "Point", "coordinates": [-73.667166, 45.577651]}}, {"type": "Feature", "properties": {"cell_id": "892baa47277ffff"}, "geometry": {"type": "Point", "coordinates": [-73.664695, 45.574917]}}, {"type": "Feature", "properties": {"cell_id": "892baa4727bffff"}, "geometry": {"type": "Point", "coordinates": [-73.671916, 45.57755]}}, {"type": "Feature", "properties": {"cell_id": "892baa47283ffff"}, "geometry": {"type": "Point", "coordinates": [-73.65082, 45.586352]}}, {"type": "Feature", "properties": {"cell_id": "892baa47287ffff"}, "geometry": {"type": "Point", "coordinates": [-73.64835, 45.583618]}}, {"type": "Feature", "properties": {"cell_id": "892baa4728bffff"}, "geometry": {"type": "Point", "coordinates": [-73.655572, 45.586253]}}, {"type": "Feature", "properties": {"cell_id": "892baa4728fffff"}, "geometry": {"type": "Point", "coordinates": [-73.653102, 45.583519]}}, {"type": "Feature", "properties": {"cell_id": "892baa47293ffff"}, "geometry": {"type": "Point", "coordinates": [-73.648538, 45.589186]}}, {"type": "Feature", "properties": {"cell_id": "892baa47297ffff"}, "geometry": {"type": "Point", "coordinates": [-73.646068, 45.586452]}}, {"type": "Feature", "properties": {"cell_id": "892baa4729bffff"}, "geometry": {"type": "Point", "coordinates": [-73.65329, 45.589086]}}, {"type": "Feature", "properties": {"cell_id": "892baa472a3ffff"}, "geometry": {"type": "Point", "coordinates": [-73.648162, 45.578051]}}, {"type": "Feature", "properties": {"cell_id": "892baa472a7ffff"}, "geometry": {"type": "Point", "coordinates": [-73.645693, 45.575317]}}, {"type": "Feature", "properties": {"cell_id": "892baa472abffff"}, "geometry": {"type": "Point", "coordinates": [-73.652913, 45.577951]}}, {"type": "Feature", "properties": {"cell_id": "892baa472afffff"}, "geometry": {"type": "Point", "coordinates": [-73.650444, 45.575217]}}, {"type": "Feature", "properties": {"cell_id": "892baa472b3ffff"}, "geometry": {"type": "Point", "coordinates": [-73.645881, 45.580884]}}, {"type": "Feature", "properties": {"cell_id": "892baa472b7ffff"}, "geometry": {"type": "Point", "coordinates": [-73.643412, 45.57815]}}, {"type": "Feature", "properties": {"cell_id": "892baa472bbffff"}, "geometry": {"type": "Point", "coordinates": [-73.650632, 45.580785]}}, {"type": "Feature", "properties": {"cell_id": "892baa472c7ffff"}, "geometry": {"type": "Point", "coordinates": [-73.660323, 45.586153]}}, {"type": "Feature", "properties": {"cell_id": "892baa472cfffff"}, "geometry": {"type": "Point", "coordinates": [-73.665075, 45.586052]}}, {"type": "Feature", "properties": {"cell_id": "892baa472d7ffff"}, "geometry": {"type": "Point", "coordinates": [-73.658042, 45.588987]}}, {"type": "Feature", "properties": {"cell_id": "892baa47303ffff"}, "geometry": {"type": "Point", "coordinates": [-73.64285, 45.561449]}}, {"type": "Feature", "properties": {"cell_id": "892baa47307ffff"}, "geometry": {"type": "Point", "coordinates": [-73.640382, 45.558716]}}, {"type": "Feature", "properties": {"cell_id": "892baa4730bffff"}, "geometry": {"type": "Point", "coordinates": [-73.647599, 45.56135]}}, {"type": "Feature", "properties": {"cell_id": "892baa4730fffff"}, "geometry": {"type": "Point", "coordinates": [-73.645131, 45.558616]}}, {"type": "Feature", "properties": {"cell_id": "892baa47313ffff"}, "geometry": {"type": "Point", "coordinates": [-73.640569, 45.564282]}}, {"type": "Feature", "properties": {"cell_id": "892baa47317ffff"}, "geometry": {"type": "Point", "coordinates": [-73.638101, 45.561549]}}, {"type": "Feature", "properties": {"cell_id": "892baa4731bffff"}, "geometry": {"type": "Point", "coordinates": [-73.645318, 45.564183]}}, {"type": "Feature", "properties": {"cell_id": "892baa47323ffff"}, "geometry": {"type": "Point", "coordinates": [-73.640196, 45.55315]}}, {"type": "Feature", "properties": {"cell_id": "892baa47327ffff"}, "geometry": {"type": "Point", "coordinates": [-73.637728, 45.550416]}}, {"type": "Feature", "properties": {"cell_id": "892baa4732bffff"}, "geometry": {"type": "Point", "coordinates": [-73.644944, 45.55305]}}, {"type": "Feature", "properties": {"cell_id": "892baa4732fffff"}, "geometry": {"type": "Point", "coordinates": [-73.642476, 45.550317]}}, {"type": "Feature", "properties": {"cell_id": "892baa47333ffff"}, "geometry": {"type": "Point", "coordinates": [-73.637915, 45.555982]}}, {"type": "Feature", "properties": {"cell_id": "892baa47337ffff"}, "geometry": {"type": "Point", "coordinates": [-73.635448, 45.553249]}}, {"type": "Feature", "properties": {"cell_id": "892baa4733bffff"}, "geometry": {"type": "Point", "coordinates": [-73.642663, 45.555883]}}, {"type": "Feature", "properties": {"cell_id": "892baa47343ffff"}, "geometry": {"type": "Point", "coordinates": [-73.654817, 45.563984]}}, {"type": "Feature", "properties": {"cell_id": "892baa47347ffff"}, "geometry": {"type": "Point", "coordinates": [-73.652348, 45.56125]}}, {"type": "Feature", "properties": {"cell_id": "892baa4734bffff"}, "geometry": {"type": "Point", "coordinates": [-73.659566, 45.563884]}}, {"type": "Feature", "properties": {"cell_id": "892baa4734fffff"}, "geometry": {"type": "Point", "coordinates": [-73.657097, 45.56115]}}, {"type": "Feature", "properties": {"cell_id": "892baa47353ffff"}, "geometry": {"type": "Point", "coordinates": [-73.652537, 45.566817]}}, {"type": "Feature", "properties": {"cell_id": "892baa47357ffff"}, "geometry": {"type": "Point", "coordinates": [-73.650068, 45.564083]}}, {"type": "Feature", "properties": {"cell_id": "892baa4735bffff"}, "geometry": {"type": "Point", "coordinates": [-73.657286, 45.566717]}}, {"type": "Feature", "properties": {"cell_id": "892baa47363ffff"}, "geometry": {"type": "Point", "coordinates": [-73.65216, 45.555684]}}, {"type": "Feature", "properties": {"cell_id": "892baa47367ffff"}, "geometry": {"type": "Point", "coordinates": [-73.649692, 45.552951]}}, {"type": "Feature", "properties": {"cell_id": "892baa4736bffff"}, "geometry": {"type": "Point", "coordinates": [-73.656909, 45.555584]}}, {"type": "Feature", "properties": {"cell_id": "892baa4736fffff"}, "geometry": {"type": "Point", "coordinates": [-73.65444, 45.552851]}}, {"type": "Feature", "properties": {"cell_id": "892baa47373ffff"}, "geometry": {"type": "Point", "coordinates": [-73.64988, 45.558517]}}, {"type": "Feature", "properties": {"cell_id": "892baa47377ffff"}, "geometry": {"type": "Point", "coordinates": [-73.647412, 45.555783]}}, {"type": "Feature", "properties": {"cell_id": "892baa4737bffff"}, "geometry": {"type": "Point", "coordinates": [-73.654629, 45.558417]}}, {"type": "Feature", "properties": {"cell_id": "892baa47383ffff"}, "geometry": {"type": "Point", "coordinates": [-73.633538, 45.567214]}}, {"type": "Feature", "properties": {"cell_id": "892baa47387ffff"}, "geometry": {"type": "Point", "coordinates": [-73.63107, 45.56448]}}, {"type": "Feature", "properties": {"cell_id": "892baa4738bffff"}, "geometry": {"type": "Point", "coordinates": [-73.638288, 45.567115]}}, {"type": "Feature", "properties": {"cell_id": "892baa4738fffff"}, "geometry": {"type": "Point", "coordinates": [-73.63582, 45.564381]}}, {"type": "Feature", "properties": {"cell_id": "892baa47393ffff"}, "geometry": {"type": "Point", "coordinates": [-73.631256, 45.570047]}}, {"type": "Feature", "properties": {"cell_id": "892baa47397ffff"}, "geometry": {"type": "Point", "coordinates": [-73.628788, 45.567313]}}, {"type": "Feature", "properties": {"cell_id": "892baa4739bffff"}, "geometry": {"type": "Point", "coordinates": [-73.636006, 45.569948]}}, {"type": "Feature", "properties": {"cell_id": "892baa473a3ffff"}, "geometry": {"type": "Point", "coordinates": [-73.630885, 45.558914]}}, {"type": "Feature", "properties": {"cell_id": "892baa473a7ffff"}, "geometry": {"type": "Point", "coordinates": [-73.628418, 45.55618]}}, {"type": "Feature", "properties": {"cell_id": "892baa473abffff"}, "geometry": {"type": "Point", "coordinates": [-73.635634, 45.558815]}}, {"type": "Feature", "properties": {"cell_id": "892baa473afffff"}, "geometry": {"type": "Point", "coordinates": [-73.633166, 45.556081]}}, {"type": "Feature", "properties": {"cell_id": "892baa473b3ffff"}, "geometry": {"type": "Point", "coordinates": [-73.628603, 45.561747]}}, {"type": "Feature", "properties": {"cell_id": "892baa473b7ffff"}, "geometry": {"type": "Point", "coordinates": [-73.626136, 45.559013]}}, {"type": "Feature", "properties": {"cell_id": "892baa473bbffff"}, "geometry": {"type": "Point", "coordinates": [-73.633352, 45.561648]}}, {"type": "Feature", "properties": {"cell_id": "892baa473c3ffff"}, "geometry": {"type": "Point", "coordinates": [-73.645506, 45.56975]}}, {"type": "Feature", "properties": {"cell_id": "892baa473c7ffff"}, "geometry": {"type": "Point", "coordinates": [-73.643037, 45.567016]}}, {"type": "Feature", "properties": {"cell_id": "892baa473cbffff"}, "geometry": {"type": "Point", "coordinates": [-73.650256, 45.56965]}}, {"type": "Feature", "properties": {"cell_id": "892baa473cfffff"}, "geometry": {"type": "Point", "coordinates": [-73.647787, 45.566917]}}, {"type": "Feature", "properties": {"cell_id": "892baa473d3ffff"}, "geometry": {"type": "Point", "coordinates": [-73.643224, 45.572583]}}, {"type": "Feature", "properties": {"cell_id": "892baa473d7ffff"}, "geometry": {"type": "Point", "coordinates": [-73.640756, 45.569849]}}, {"type": "Feature", "properties": {"cell_id": "892baa473dbffff"}, "geometry": {"type": "Point", "coordinates": [-73.647975, 45.572484]}}, {"type": "Feature", "properties": {"cell_id": "892baa47403ffff"}, "geometry": {"type": "Point", "coordinates": [-73.610888, 45.601113]}}, {"type": "Feature", "properties": {"cell_id": "892baa47407ffff"}, "geometry": {"type": "Point", "coordinates": [-73.60842, 45.598378]}}, {"type": "Feature", "properties": {"cell_id": "892baa4740bffff"}, "geometry": {"type": "Point", "coordinates": [-73.615641, 45.601015]}}, {"type": "Feature", "properties": {"cell_id": "892baa4740fffff"}, "geometry": {"type": "Point", "coordinates": [-73.613173, 45.59828]}}, {"type": "Feature", "properties": {"cell_id": "892baa47413ffff"}, "geometry": {"type": "Point", "coordinates": [-73.608603, 45.603946]}}, {"type": "Feature", "properties": {"cell_id": "892baa47417ffff"}, "geometry": {"type": "Point", "coordinates": [-73.606135, 45.601211]}}, {"type": "Feature", "properties": {"cell_id": "892baa4741bffff"}, "geometry": {"type": "Point", "coordinates": [-73.613357, 45.603848]}}, {"type": "Feature", "properties": {"cell_id": "892baa47423ffff"}, "geometry": {"type": "Point", "coordinates": [-73.608237, 45.592809]}}, {"type": "Feature", "properties": {"cell_id": "892baa47427ffff"}, "geometry": {"type": "Point", "coordinates": [-73.60577, 45.590074]}}, {"type": "Feature", "properties": {"cell_id": "892baa4742bffff"}, "geometry": {"type": "Point", "coordinates": [-73.61299, 45.592711]}}, {"type": "Feature", "properties": {"cell_id": "892baa4742fffff"}, "geometry": {"type": "Point", "coordinates": [-73.610522, 45.589976]}}, {"type": "Feature", "properties": {"cell_id": "892baa47433ffff"}, "geometry": {"type": "Point", "coordinates": [-73.605952, 45.595642]}}, {"type": "Feature", "properties": {"cell_id": "892baa47437ffff"}, "geometry": {"type": "Point", "coordinates": [-73.603485, 45.592907]}}, {"type": "Feature", "properties": {"cell_id": "892baa4743bffff"}, "geometry": {"type": "Point", "coordinates": [-73.610705, 45.595545]}}, {"type": "Feature", "properties": {"cell_id": "892baa47443ffff"}, "geometry": {"type": "Point", "coordinates": [-73.622864, 45.603652]}}, {"type": "Feature", "properties": {"cell_id": "892baa47447ffff"}, "geometry": {"type": "Point", "coordinates": [-73.620395, 45.600917]}}, {"type": "Feature", "properties": {"cell_id": "892baa4744bffff"}, "geometry": {"type": "Point", "coordinates": [-73.627617, 45.603553]}}, {"type": "Feature", "properties": {"cell_id": "892baa4744fffff"}, "geometry": {"type": "Point", "coordinates": [-73.625148, 45.600818]}}, {"type": "Feature", "properties": {"cell_id": "892baa47453ffff"}, "geometry": {"type": "Point", "coordinates": [-73.620579, 45.606485]}}, {"type": "Feature", "properties": {"cell_id": "892baa47457ffff"}, "geometry": {"type": "Point", "coordinates": [-73.61811, 45.60375]}}, {"type": "Feature", "properties": {"cell_id": "892baa4745bffff"}, "geometry": {"type": "Point", "coordinates": [-73.625333, 45.606387]}}, {"type": "Feature", "properties": {"cell_id": "892baa47463ffff"}, "geometry": {"type": "Point", "coordinates": [-73.62021, 45.595348]}}, {"type": "Feature", "properties": {"cell_id": "892baa47467ffff"}, "geometry": {"type": "Point", "coordinates": [-73.617742, 45.592613]}}, {"type": "Feature", "properties": {"cell_id": "892baa4746bffff"}, "geometry": {"type": "Point", "coordinates": [-73.624963, 45.59525]}}, {"type": "Feature", "properties": {"cell_id": "892baa4746fffff"}, "geometry": {"type": "Point", "coordinates": [-73.622494, 45.592515]}}, {"type": "Feature", "properties": {"cell_id": "892baa47473ffff"}, "geometry": {"type": "Point", "coordinates": [-73.617926, 45.598182]}}, {"type": "Feature", "properties": {"cell_id": "892baa47477ffff"}, "geometry": {"type": "Point", "coordinates": [-73.615458, 45.595446]}}, {"type": "Feature", "properties": {"cell_id": "892baa4747bffff"}, "geometry": {"type": "Point", "coordinates": [-73.622679, 45.598083]}}, {"type": "Feature", "properties": {"cell_id": "892baa47483ffff"}, "geometry": {"type": "Point", "coordinates": [-73.601564, 45.606877]}}, {"type": "Feature", "properties": {"cell_id": "892baa47487ffff"}, "geometry": {"type": "Point", "coordinates": [-73.599096, 45.604142]}}, {"type": "Feature", "properties": {"cell_id": "892baa4748bffff"}, "geometry": {"type": "Point", "coordinates": [-73.606318, 45.60678]}}, {"type": "Feature", "properties": {"cell_id": "892baa4748fffff"}, "geometry": {"type": "Point", "coordinates": [-73.60385, 45.604044]}}, {"type": "Feature", "properties": {"cell_id": "892baa47493ffff"}, "geometry": {"type": "Point", "coordinates": [-73.599278, 45.609711]}}, {"type": "Feature", "properties": {"cell_id": "892baa47497ffff"}, "geometry": {"type": "Point", "coordinates": [-73.59681, 45.606975]}}, {"type": "Feature", "properties": {"cell_id": "892baa4749bffff"}, "geometry": {"type": "Point", "coordinates": [-73.604032, 45.609613]}}, {"type": "Feature", "properties": {"cell_id": "892baa474a3ffff"}, "geometry": {"type": "Point", "coordinates": [-73.598914, 45.598573]}}, {"type": "Feature", "properties": {"cell_id": "892baa474a7ffff"}, "geometry": {"type": "Point", "coordinates": [-73.596447, 45.595838]}}, {"type": "Feature", "properties": {"cell_id": "892baa474abffff"}, "geometry": {"type": "Point", "coordinates": [-73.603667, 45.598476]}}, {"type": "Feature", "properties": {"cell_id": "892baa474afffff"}, "geometry": {"type": "Point", "coordinates": [-73.6012, 45.59574]}}, {"type": "Feature", "properties": {"cell_id": "892baa474b3ffff"}, "geometry": {"type": "Point", "coordinates": [-73.596629, 45.601406]}}, {"type": "Feature", "properties": {"cell_id": "892baa474b7ffff"}, "geometry": {"type": "Point", "coordinates": [-73.594161, 45.598671]}}, {"type": "Feature", "properties": {"cell_id": "892baa474bbffff"}, "geometry": {"type": "Point", "coordinates": [-73.601382, 45.601309]}}, {"type": "Feature", "properties": {"cell_id": "892baa474c3ffff"}, "geometry": {"type": "Point", "coordinates": [-73.61354, 45.609417]}}, {"type": "Feature", "properties": {"cell_id": "892baa474c7ffff"}, "geometry": {"type": "Point", "coordinates": [-73.611071, 45.606682]}}, {"type": "Feature", "properties": {"cell_id": "892baa474cbffff"}, "geometry": {"type": "Point", "coordinates": [-73.618294, 45.609319]}}, {"type": "Feature", "properties": {"cell_id": "892baa474cfffff"}, "geometry": {"type": "Point", "coordinates": [-73.615825, 45.606584]}}, {"type": "Feature", "properties": {"cell_id": "892baa474d3ffff"}, "geometry": {"type": "Point", "coordinates": [-73.611255, 45.612251]}}, {"type": "Feature", "properties": {"cell_id": "892baa474d7ffff"}, "geometry": {"type": "Point", "coordinates": [-73.608786, 45.609515]}}, {"type": "Feature", "properties": {"cell_id": "892baa474dbffff"}, "geometry": {"type": "Point", "coordinates": [-73.616009, 45.612153]}}, {"type": "Feature", "properties": {"cell_id": "892baa47503ffff"}, "geometry": {"type": "Point", "coordinates": [-73.593618, 45.581967]}}, {"type": "Feature", "properties": {"cell_id": "892baa47507ffff"}, "geometry": {"type": "Point", "coordinates": [-73.591152, 45.579231]}}, {"type": "Feature", "properties": {"cell_id": "892baa4750bffff"}, "geometry": {"type": "Point", "coordinates": [-73.598369, 45.581869]}}, {"type": "Feature", "properties": {"cell_id": "892baa4750fffff"}, "geometry": {"type": "Point", "coordinates": [-73.595903, 45.579134]}}, {"type": "Feature", "properties": {"cell_id": "892baa47513ffff"}, "geometry": {"type": "Point", "coordinates": [-73.591333, 45.584799]}}, {"type": "Feature", "properties": {"cell_id": "892baa47517ffff"}, "geometry": {"type": "Point", "coordinates": [-73.588867, 45.582064]}}, {"type": "Feature", "properties": {"cell_id": "892baa4751bffff"}, "geometry": {"type": "Point", "coordinates": [-73.596084, 45.584702]}}, {"type": "Feature", "properties": {"cell_id": "892baa47523ffff"}, "geometry": {"type": "Point", "coordinates": [-73.590972, 45.573664]}}, {"type": "Feature", "properties": {"cell_id": "892baa47527ffff"}, "geometry": {"type": "Point", "coordinates": [-73.588506, 45.570929]}}, {"type": "Feature", "properties": {"cell_id": "892baa4752bffff"}, "geometry": {"type": "Point", "coordinates": [-73.595722, 45.573567]}}, {"type": "Feature", "properties": {"cell_id": "892baa4752fffff"}, "geometry": {"type": "Point", "coordinates": [-73.593256, 45.570832]}}, {"type": "Feature", "properties": {"cell_id": "892baa47533ffff"}, "geometry": {"type": "Point", "coordinates": [-73.588687, 45.576496]}}, {"type": "Feature", "properties": {"cell_id": "892baa47537ffff"}, "geometry": {"type": "Point", "coordinates": [-73.586221, 45.573761]}}, {"type": "Feature", "properties": {"cell_id": "892baa4753bffff"}, "geometry": {"type": "Point", "coordinates": [-73.593437, 45.576399]}}, {"type": "Feature", "properties": {"cell_id": "892baa47543ffff"}, "geometry": {"type": "Point", "coordinates": [-73.605587, 45.584506]}}, {"type": "Feature", "properties": {"cell_id": "892baa47547ffff"}, "geometry": {"type": "Point", "coordinates": [-73.603121, 45.581772]}}, {"type": "Feature", "properties": {"cell_id": "892baa4754bffff"}, "geometry": {"type": "Point", "coordinates": [-73.610339, 45.584409]}}, {"type": "Feature", "properties": {"cell_id": "892baa4754fffff"}, "geometry": {"type": "Point", "coordinates": [-73.607872, 45.581674]}}, {"type": "Feature", "properties": {"cell_id": "892baa47553ffff"}, "geometry": {"type": "Point", "coordinates": [-73.603303, 45.587339]}}, {"type": "Feature", "properties": {"cell_id": "892baa47557ffff"}, "geometry": {"type": "Point", "coordinates": [-73.600836, 45.584604]}}, {"type": "Feature", "properties": {"cell_id": "892baa4755bffff"}, "geometry": {"type": "Point", "coordinates": [-73.608054, 45.587241]}}, {"type": "Feature", "properties": {"cell_id": "892baa47563ffff"}, "geometry": {"type": "Point", "coordinates": [-73.602938, 45.576204]}}, {"type": "Feature", "properties": {"cell_id": "892baa47567ffff"}, "geometry": {"type": "Point", "coordinates": [-73.600472, 45.573469]}}, {"type": "Feature", "properties": {"cell_id": "892baa4756bffff"}, "geometry": {"type": "Point", "coordinates": [-73.607689, 45.576106]}}, {"type": "Feature", "properties": {"cell_id": "892baa4756fffff"}, "geometry": {"type": "Point", "coordinates": [-73.605223, 45.573372]}}, {"type": "Feature", "properties": {"cell_id": "892baa47573ffff"}, "geometry": {"type": "Point", "coordinates": [-73.600654, 45.579037]}}, {"type": "Feature", "properties": {"cell_id": "892baa47577ffff"}, "geometry": {"type": "Point", "coordinates": [-73.598188, 45.576302]}}, {"type": "Feature", "properties": {"cell_id": "892baa4757bffff"}, "geometry": {"type": "Point", "coordinates": [-73.605405, 45.578939]}}, {"type": "Feature", "properties": {"cell_id": "892baa47583ffff"}, "geometry": {"type": "Point", "coordinates": [-73.584296, 45.587728]}}, {"type": "Feature", "properties": {"cell_id": "892baa47587ffff"}, "geometry": {"type": "Point", "coordinates": [-73.58183, 45.584993]}}, {"type": "Feature", "properties": {"cell_id": "892baa4758bffff"}, "geometry": {"type": "Point", "coordinates": [-73.589047, 45.587631]}}, {"type": "Feature", "properties": {"cell_id": "892baa4758fffff"}, "geometry": {"type": "Point", "coordinates": [-73.586582, 45.584896]}}, {"type": "Feature", "properties": {"cell_id": "892baa47593ffff"}, "geometry": {"type": "Point", "coordinates": [-73.58201, 45.590561]}}, {"type": "Feature", "properties": {"cell_id": "892baa47597ffff"}, "geometry": {"type": "Point", "coordinates": [-73.579544, 45.587825]}}, {"type": "Feature", "properties": {"cell_id": "892baa4759bffff"}, "geometry": {"type": "Point", "coordinates": [-73.586762, 45.590464]}}, {"type": "Feature", "properties": {"cell_id": "892baa475a3ffff"}, "geometry": {"type": "Point", "coordinates": [-73.581651, 45.579425]}}, {"type": "Feature", "properties": {"cell_id": "892baa475a7ffff"}, "geometry": {"type": "Point", "coordinates": [-73.579186, 45.57669]}}, {"type": "Feature", "properties": {"cell_id": "892baa475abffff"}, "geometry": {"type": "Point", "coordinates": [-73.586401, 45.579329]}}, {"type": "Feature", "properties": {"cell_id": "892baa475afffff"}, "geometry": {"type": "Point", "coordinates": [-73.583936, 45.576593]}}, {"type": "Feature", "properties": {"cell_id": "892baa475b3ffff"}, "geometry": {"type": "Point", "coordinates": [-73.579365, 45.582258]}}, {"type": "Feature", "properties": {"cell_id": "892baa475b7ffff"}, "geometry": {"type": "Point", "coordinates": [-73.5769, 45.579522]}}, {"type": "Feature", "properties": {"cell_id": "892baa475bbffff"}, "geometry": {"type": "Point", "coordinates": [-73.584116, 45.582161]}}, {"type": "Feature", "properties": {"cell_id": "892baa475c3ffff"}, "geometry": {"type": "Point", "coordinates": [-73.596266, 45.59027]}}, {"type": "Feature", "properties": {"cell_id": "892baa475c7ffff"}, "geometry": {"type": "Point", "coordinates": [-73.593799, 45.587534]}}, {"type": "Feature", "properties": {"cell_id": "892baa475cbffff"}, "geometry": {"type": "Point", "coordinates": [-73.601018, 45.590172]}}, {"type": "Feature", "properties": {"cell_id": "892baa475cfffff"}, "geometry": {"type": "Point", "coordinates": [-73.598551, 45.587437]}}, {"type": "Feature", "properties": {"cell_id": "892baa475d3ffff"}, "geometry": {"type": "Point", "coordinates": [-73.59398, 45.593102]}}, {"type": "Feature", "properties": {"cell_id": "892baa475d7ffff"}, "geometry": {"type": "Point", "coordinates": [-73.591514, 45.590367]}}, {"type": "Feature", "properties": {"cell_id": "892baa475dbffff"}, "geometry": {"type": "Point", "coordinates": [-73.598733, 45.593005]}}, {"type": "Feature", "properties": {"cell_id": "892baa47603ffff"}, "geometry": {"type": "Point", "coordinates": [-73.644161, 45.600422]}}, {"type": "Feature", "properties": {"cell_id": "892baa47607ffff"}, "geometry": {"type": "Point", "coordinates": [-73.641691, 45.597688]}}, {"type": "Feature", "properties": {"cell_id": "892baa4760fffff"}, "geometry": {"type": "Point", "coordinates": [-73.646443, 45.597588]}}, {"type": "Feature", "properties": {"cell_id": "892baa47617ffff"}, "geometry": {"type": "Point", "coordinates": [-73.639407, 45.600521]}}, {"type": "Feature", "properties": {"cell_id": "892baa47623ffff"}, "geometry": {"type": "Point", "coordinates": [-73.641504, 45.592119]}}, {"type": "Feature", "properties": {"cell_id": "892baa47627ffff"}, "geometry": {"type": "Point", "coordinates": [-73.639034, 45.589385]}}, {"type": "Feature", "properties": {"cell_id": "892baa4762bffff"}, "geometry": {"type": "Point", "coordinates": [-73.646256, 45.59202]}}, {"type": "Feature", "properties": {"cell_id": "892baa4762fffff"}, "geometry": {"type": "Point", "coordinates": [-73.643786, 45.589286]}}, {"type": "Feature", "properties": {"cell_id": "892baa47633ffff"}, "geometry": {"type": "Point", "coordinates": [-73.639221, 45.594953]}}, {"type": "Feature", "properties": {"cell_id": "892baa47637ffff"}, "geometry": {"type": "Point", "coordinates": [-73.636751, 45.592219]}}, {"type": "Feature", "properties": {"cell_id": "892baa4763bffff"}, "geometry": {"type": "Point", "coordinates": [-73.643973, 45.594854]}}, {"type": "Feature", "properties": {"cell_id": "892baa47667ffff"}, "geometry": {"type": "Point", "coordinates": [-73.651008, 45.59192]}}, {"type": "Feature", "properties": {"cell_id": "892baa4766fffff"}, "geometry": {"type": "Point", "coordinates": [-73.65576, 45.591821]}}, {"type": "Feature", "properties": {"cell_id": "892baa47677ffff"}, "geometry": {"type": "Point", "coordinates": [-73.648726, 45.594754]}}, {"type": "Feature", "properties": {"cell_id": "892baa47683ffff"}, "geometry": {"type": "Point", "coordinates": [-73.63484, 45.606189]}}, {"type": "Feature", "properties": {"cell_id": "892baa47687ffff"}, "geometry": {"type": "Point", "coordinates": [-73.632371, 45.603454]}}, {"type": "Feature", "properties": {"cell_id": "892baa4768fffff"}, "geometry": {"type": "Point", "coordinates": [-73.637124, 45.603355]}}, {"type": "Feature", "properties": {"cell_id": "892baa47697ffff"}, "geometry": {"type": "Point", "coordinates": [-73.630087, 45.606288]}}, {"type": "Feature", "properties": {"cell_id": "892baa476a3ffff"}, "geometry": {"type": "Point", "coordinates": [-73.632185, 45.597886]}}, {"type": "Feature", "properties": {"cell_id": "892baa476a7ffff"}, "geometry": {"type": "Point", "coordinates": [-73.629716, 45.595151]}}, {"type": "Feature", "properties": {"cell_id": "892baa476abffff"}, "geometry": {"type": "Point", "coordinates": [-73.636938, 45.597787]}}, {"type": "Feature", "properties": {"cell_id": "892baa476afffff"}, "geometry": {"type": "Point", "coordinates": [-73.634468, 45.595052]}}, {"type": "Feature", "properties": {"cell_id": "892baa476b3ffff"}, "geometry": {"type": "Point", "coordinates": [-73.629901, 45.600719]}}, {"type": "Feature", "properties": {"cell_id": "892baa476b7ffff"}, "geometry": {"type": "Point", "coordinates": [-73.627432, 45.597985]}}, {"type": "Feature", "properties": {"cell_id": "892baa476bbffff"}, "geometry": {"type": "Point", "coordinates": [-73.634654, 45.600621]}}, {"type": "Feature", "properties": {"cell_id": "892baa4c003ffff"}, "geometry": {"type": "Point", "coordinates": [-73.840823, 45.518145]}}, {"type": "Feature", "properties": {"cell_id": "892baa4c007ffff"}, "geometry": {"type": "Point", "coordinates": [-73.838345, 45.515416]}}, {"type": "Feature", "properties": {"cell_id": "892baa4c00bffff"}, "geometry": {"type": "Point", "coordinates": [-73.845568, 45.518037]}}, {"type": "Feature", "properties": {"cell_id": "892baa4c00fffff"}, "geometry": {"type": "Point", "coordinates": [-73.84309, 45.515309]}}, {"type": "Feature", "properties": {"cell_id": "892baa4c013ffff"}, "geometry": {"type": "Point", "coordinates": [-73.838557, 45.520981]}}, {"type": "Feature", "properties": {"cell_id": "892baa4c017ffff"}, "geometry": {"type": "Point", "coordinates": [-73.836079, 45.518252]}}, {"type": "Feature", "properties": {"cell_id": "892baa4c01bffff"}, "geometry": {"type": "Point", "coordinates": [-73.843302, 45.520873]}}, {"type": "Feature", "properties": {"cell_id": "892baa4c023ffff"}, "geometry": {"type": "Point", "coordinates": [-73.838134, 45.509852]}}, {"type": "Feature", "properties": {"cell_id": "892baa4c027ffff"}, "geometry": {"type": "Point", "coordinates": [-73.835657, 45.507124]}}, {"type": "Feature", "properties": {"cell_id": "892baa4c02bffff"}, "geometry": {"type": "Point", "coordinates": [-73.842878, 45.509745]}}, {"type": "Feature", "properties": {"cell_id": "892baa4c02fffff"}, "geometry": {"type": "Point", "coordinates": [-73.8404, 45.507016]}}, {"type": "Feature", "properties": {"cell_id": "892baa4c033ffff"}, "geometry": {"type": "Point", "coordinates": [-73.835868, 45.512688]}}, {"type": "Feature", "properties": {"cell_id": "892baa4c037ffff"}, "geometry": {"type": "Point", "coordinates": [-73.83339, 45.50996]}}, {"type": "Feature", "properties": {"cell_id": "892baa4c03bffff"}, "geometry": {"type": "Point", "coordinates": [-73.840612, 45.51258]}}, {"type": "Feature", "properties": {"cell_id": "892baa4c043ffff"}, "geometry": {"type": "Point", "coordinates": [-73.852792, 45.520657]}}, {"type": "Feature", "properties": {"cell_id": "892baa4c047ffff"}, "geometry": {"type": "Point", "coordinates": [-73.850313, 45.517929]}}, {"type": "Feature", "properties": {"cell_id": "892baa4c04bffff"}, "geometry": {"type": "Point", "coordinates": [-73.857536, 45.520549]}}, {"type": "Feature", "properties": {"cell_id": "892baa4c04fffff"}, "geometry": {"type": "Point", "coordinates": [-73.855057, 45.517821]}}, {"type": "Feature", "properties": {"cell_id": "892baa4c053ffff"}, "geometry": {"type": "Point", "coordinates": [-73.850525, 45.523493]}}, {"type": "Feature", "properties": {"cell_id": "892baa4c057ffff"}, "geometry": {"type": "Point", "coordinates": [-73.848047, 45.520765]}}, {"type": "Feature", "properties": {"cell_id": "892baa4c05bffff"}, "geometry": {"type": "Point", "coordinates": [-73.855271, 45.523385]}}, {"type": "Feature", "properties": {"cell_id": "892baa4c063ffff"}, "geometry": {"type": "Point", "coordinates": [-73.8501, 45.512365]}}, {"type": "Feature", "properties": {"cell_id": "892baa4c067ffff"}, "geometry": {"type": "Point", "coordinates": [-73.847622, 45.509637]}}, {"type": "Feature", "properties": {"cell_id": "892baa4c06bffff"}, "geometry": {"type": "Point", "coordinates": [-73.854844, 45.512257]}}, {"type": "Feature", "properties": {"cell_id": "892baa4c06fffff"}, "geometry": {"type": "Point", "coordinates": [-73.852365, 45.509529]}}, {"type": "Feature", "properties": {"cell_id": "892baa4c073ffff"}, "geometry": {"type": "Point", "coordinates": [-73.847834, 45.515201]}}, {"type": "Feature", "properties": {"cell_id": "892baa4c077ffff"}, "geometry": {"type": "Point", "coordinates": [-73.845356, 45.512473]}}, {"type": "Feature", "properties": {"cell_id": "892baa4c07bffff"}, "geometry": {"type": "Point", "coordinates": [-73.852578, 45.515093]}}, {"type": "Feature", "properties": {"cell_id": "892baa4c083ffff"}, "geometry": {"type": "Point", "coordinates": [-73.831544, 45.523924]}}, {"type": "Feature", "properties": {"cell_id": "892baa4c087ffff"}, "geometry": {"type": "Point", "coordinates": [-73.829067, 45.521195]}}, {"type": "Feature", "properties": {"cell_id": "892baa4c08bffff"}, "geometry": {"type": "Point", "coordinates": [-73.83629, 45.523817]}}, {"type": "Feature", "properties": {"cell_id": "892baa4c08fffff"}, "geometry": {"type": "Point", "coordinates": [-73.833812, 45.521088]}}, {"type": "Feature", "properties": {"cell_id": "892baa4c093ffff"}, "geometry": {"type": "Point", "coordinates": [-73.829277, 45.52676]}}, {"type": "Feature", "properties": {"cell_id": "892baa4c097ffff"}, "geometry": {"type": "Point", "coordinates": [-73.826799, 45.524031]}}, {"type": "Feature", "properties": {"cell_id": "892baa4c09bffff"}, "geometry": {"type": "Point", "coordinates": [-73.834022, 45.526653]}}, {"type": "Feature", "properties": {"cell_id": "892baa4c0a3ffff"}, "geometry": {"type": "Point", "coordinates": [-73.828857, 45.515631]}}, {"type": "Feature", "properties": {"cell_id": "892baa4c0a7ffff"}, "geometry": {"type": "Point", "coordinates": [-73.826379, 45.512902]}}, {"type": "Feature", "properties": {"cell_id": "892baa4c0abffff"}, "geometry": {"type": "Point", "coordinates": [-73.833601, 45.515524]}}, {"type": "Feature", "properties": {"cell_id": "892baa4c0afffff"}, "geometry": {"type": "Point", "coordinates": [-73.831124, 45.512795]}}, {"type": "Feature", "properties": {"cell_id": "892baa4c0b3ffff"}, "geometry": {"type": "Point", "coordinates": [-73.826589, 45.518467]}}, {"type": "Feature", "properties": {"cell_id": "892baa4c0b7ffff"}, "geometry": {"type": "Point", "coordinates": [-73.824112, 45.515738]}}, {"type": "Feature", "properties": {"cell_id": "892baa4c0bbffff"}, "geometry": {"type": "Point", "coordinates": [-73.831334, 45.518359]}}, {"type": "Feature", "properties": {"cell_id": "892baa4c0c3ffff"}, "geometry": {"type": "Point", "coordinates": [-73.843514, 45.526438]}}, {"type": "Feature", "properties": {"cell_id": "892baa4c0c7ffff"}, "geometry": {"type": "Point", "coordinates": [-73.841035, 45.523709]}}, {"type": "Feature", "properties": {"cell_id": "892baa4c0cbffff"}, "geometry": {"type": "Point", "coordinates": [-73.848259, 45.52633]}}, {"type": "Feature", "properties": {"cell_id": "892baa4c0cfffff"}, "geometry": {"type": "Point", "coordinates": [-73.84578, 45.523601]}}, {"type": "Feature", "properties": {"cell_id": "892baa4c0d7ffff"}, "geometry": {"type": "Point", "coordinates": [-73.838768, 45.526545]}}, {"type": "Feature", "properties": {"cell_id": "892baa4c103ffff"}, "geometry": {"type": "Point", "coordinates": [-73.823484, 45.499046]}}, {"type": "Feature", "properties": {"cell_id": "892baa4c107ffff"}, "geometry": {"type": "Point", "coordinates": [-73.821008, 45.496318]}}, {"type": "Feature", "properties": {"cell_id": "892baa4c10bffff"}, "geometry": {"type": "Point", "coordinates": [-73.828227, 45.498939]}}, {"type": "Feature", "properties": {"cell_id": "892baa4c10fffff"}, "geometry": {"type": "Point", "coordinates": [-73.82575, 45.496211]}}, {"type": "Feature", "properties": {"cell_id": "892baa4c113ffff"}, "geometry": {"type": "Point", "coordinates": [-73.821217, 45.501882]}}, {"type": "Feature", "properties": {"cell_id": "892baa4c117ffff"}, "geometry": {"type": "Point", "coordinates": [-73.818741, 45.499153]}}, {"type": "Feature", "properties": {"cell_id": "892baa4c11bffff"}, "geometry": {"type": "Point", "coordinates": [-73.82596, 45.501775]}}, {"type": "Feature", "properties": {"cell_id": "892baa4c123ffff"}, "geometry": {"type": "Point", "coordinates": [-73.820799, 45.490755]}}, {"type": "Feature", "properties": {"cell_id": "892baa4c127ffff"}, "geometry": {"type": "Point", "coordinates": [-73.818324, 45.488027]}}, {"type": "Feature", "properties": {"cell_id": "892baa4c12bffff"}, "geometry": {"type": "Point", "coordinates": [-73.825541, 45.490648]}}, {"type": "Feature", "properties": {"cell_id": "892baa4c12fffff"}, "geometry": {"type": "Point", "coordinates": [-73.823065, 45.48792]}}, {"type": "Feature", "properties": {"cell_id": "892baa4c133ffff"}, "geometry": {"type": "Point", "coordinates": [-73.818533, 45.49359]}}, {"type": "Feature", "properties": {"cell_id": "892baa4c137ffff"}, "geometry": {"type": "Point", "coordinates": [-73.816057, 45.490862]}}, {"type": "Feature", "properties": {"cell_id": "892baa4c13bffff"}, "geometry": {"type": "Point", "coordinates": [-73.823275, 45.493483]}}, {"type": "Feature", "properties": {"cell_id": "892baa4c143ffff"}, "geometry": {"type": "Point", "coordinates": [-73.835446, 45.50156]}}, {"type": "Feature", "properties": {"cell_id": "892baa4c147ffff"}, "geometry": {"type": "Point", "coordinates": [-73.832969, 45.498832]}}, {"type": "Feature", "properties": {"cell_id": "892baa4c14bffff"}, "geometry": {"type": "Point", "coordinates": [-73.840189, 45.501453]}}, {"type": "Feature", "properties": {"cell_id": "892baa4c14fffff"}, "geometry": {"type": "Point", "coordinates": [-73.837712, 45.498725]}}, {"type": "Feature", "properties": {"cell_id": "892baa4c153ffff"}, "geometry": {"type": "Point", "coordinates": [-73.83318, 45.504396]}}, {"type": "Feature", "properties": {"cell_id": "892baa4c157ffff"}, "geometry": {"type": "Point", "coordinates": [-73.830703, 45.501668]}}, {"type": "Feature", "properties": {"cell_id": "892baa4c15bffff"}, "geometry": {"type": "Point", "coordinates": [-73.837923, 45.504288]}}, {"type": "Feature", "properties": {"cell_id": "892baa4c163ffff"}, "geometry": {"type": "Point", "coordinates": [-73.832759, 45.493269]}}, {"type": "Feature", "properties": {"cell_id": "892baa4c167ffff"}, "geometry": {"type": "Point", "coordinates": [-73.830283, 45.490541]}}, {"type": "Feature", "properties": {"cell_id": "892baa4c16bffff"}, "geometry": {"type": "Point", "coordinates": [-73.837501, 45.493162]}}, {"type": "Feature", "properties": {"cell_id": "892baa4c16fffff"}, "geometry": {"type": "Point", "coordinates": [-73.835024, 45.490434]}}, {"type": "Feature", "properties": {"cell_id": "892baa4c173ffff"}, "geometry": {"type": "Point", "coordinates": [-73.830493, 45.496104]}}, {"type": "Feature", "properties": {"cell_id": "892baa4c177ffff"}, "geometry": {"type": "Point", "coordinates": [-73.828017, 45.493376]}}, {"type": "Feature", "properties": {"cell_id": "892baa4c17bffff"}, "geometry": {"type": "Point", "coordinates": [-73.835235, 45.495997]}}, {"type": "Feature", "properties": {"cell_id": "892baa4c183ffff"}, "geometry": {"type": "Point", "coordinates": [-73.814207, 45.504823]}}, {"type": "Feature", "properties": {"cell_id": "892baa4c187ffff"}, "geometry": {"type": "Point", "coordinates": [-73.811731, 45.502095]}}, {"type": "Feature", "properties": {"cell_id": "892baa4c18bffff"}, "geometry": {"type": "Point", "coordinates": [-73.81895, 45.504717]}}, {"type": "Feature", "properties": {"cell_id": "892baa4c18fffff"}, "geometry": {"type": "Point", "coordinates": [-73.816474, 45.501988]}}, {"type": "Feature", "properties": {"cell_id": "892baa4c193ffff"}, "geometry": {"type": "Point", "coordinates": [-73.811939, 45.507659]}}, {"type": "Feature", "properties": {"cell_id": "892baa4c197ffff"}, "geometry": {"type": "Point", "coordinates": [-73.809464, 45.50493]}}, {"type": "Feature", "properties": {"cell_id": "892baa4c19bffff"}, "geometry": {"type": "Point", "coordinates": [-73.816683, 45.507552]}}, {"type": "Feature", "properties": {"cell_id": "892baa4c1a3ffff"}, "geometry": {"type": "Point", "coordinates": [-73.811523, 45.496531]}}, {"type": "Feature", "properties": {"cell_id": "892baa4c1a7ffff"}, "geometry": {"type": "Point", "coordinates": [-73.809048, 45.493803]}}, {"type": "Feature", "properties": {"cell_id": "892baa4c1abffff"}, "geometry": {"type": "Point", "coordinates": [-73.816266, 45.496425]}}, {"type": "Feature", "properties": {"cell_id": "892baa4c1afffff"}, "geometry": {"type": "Point", "coordinates": [-73.81379, 45.493697]}}, {"type": "Feature", "properties": {"cell_id": "892baa4c1b3ffff"}, "geometry": {"type": "Point", "coordinates": [-73.809256, 45.499366]}}, {"type": "Feature", "properties": {"cell_id": "892baa4c1b7ffff"}, "geometry": {"type": "Point", "coordinates": [-73.806781, 45.496638]}}, {"type": "Feature", "properties": {"cell_id": "892baa4c1bbffff"}, "geometry": {"type": "Point", "coordinates": [-73.813999, 45.49926]}}, {"type": "Feature", "properties": {"cell_id": "892baa4c1c3ffff"}, "geometry": {"type": "Point", "coordinates": [-73.82617, 45.507338]}}, {"type": "Feature", "properties": {"cell_id": "892baa4c1c7ffff"}, "geometry": {"type": "Point", "coordinates": [-73.823693, 45.50461]}}, {"type": "Feature", "properties": {"cell_id": "892baa4c1cbffff"}, "geometry": {"type": "Point", "coordinates": [-73.830913, 45.507231]}}, {"type": "Feature", "properties": {"cell_id": "892baa4c1cfffff"}, "geometry": {"type": "Point", "coordinates": [-73.828436, 45.504503]}}, {"type": "Feature", "properties": {"cell_id": "892baa4c1d3ffff"}, "geometry": {"type": "Point", "coordinates": [-73.823903, 45.510174]}}, {"type": "Feature", "properties": {"cell_id": "892baa4c1d7ffff"}, "geometry": {"type": "Point", "coordinates": [-73.821426, 45.507445]}}, {"type": "Feature", "properties": {"cell_id": "892baa4c1dbffff"}, "geometry": {"type": "Point", "coordinates": [-73.828646, 45.510067]}}, {"type": "Feature", "properties": {"cell_id": "892baa4c203ffff"}, "geometry": {"type": "Point", "coordinates": [-73.874036, 45.517387]}}, {"type": "Feature", "properties": {"cell_id": "892baa4c207ffff"}, "geometry": {"type": "Point", "coordinates": [-73.871556, 45.514659]}}, {"type": "Feature", "properties": {"cell_id": "892baa4c20bffff"}, "geometry": {"type": "Point", "coordinates": [-73.878781, 45.517277]}}, {"type": "Feature", "properties": {"cell_id": "892baa4c20fffff"}, "geometry": {"type": "Point", "coordinates": [-73.8763, 45.51455]}}, {"type": "Feature", "properties": {"cell_id": "892baa4c213ffff"}, "geometry": {"type": "Point", "coordinates": [-73.871771, 45.520223]}}, {"type": "Feature", "properties": {"cell_id": "892baa4c217ffff"}, "geometry": {"type": "Point", "coordinates": [-73.869291, 45.517495]}}, {"type": "Feature", "properties": {"cell_id": "892baa4c223ffff"}, "geometry": {"type": "Point", "coordinates": [-73.87134, 45.509095]}}, {"type": "Feature", "properties": {"cell_id": "892baa4c227ffff"}, "geometry": {"type": "Point", "coordinates": [-73.868861, 45.506367]}}, {"type": "Feature", "properties": {"cell_id": "892baa4c22bffff"}, "geometry": {"type": "Point", "coordinates": [-73.876084, 45.508986]}}, {"type": "Feature", "properties": {"cell_id": "892baa4c22fffff"}, "geometry": {"type": "Point", "coordinates": [-73.873604, 45.506258]}}, {"type": "Feature", "properties": {"cell_id": "892baa4c233ffff"}, "geometry": {"type": "Point", "coordinates": [-73.869076, 45.511931]}}, {"type": "Feature", "properties": {"cell_id": "892baa4c237ffff"}, "geometry": {"type": "Point", "coordinates": [-73.866597, 45.509204]}}, {"type": "Feature", "properties": {"cell_id": "892baa4c23bffff"}, "geometry": {"type": "Point", "coordinates": [-73.87382, 45.511822]}}, {"type": "Feature", "properties": {"cell_id": "892baa4c263ffff"}, "geometry": {"type": "Point", "coordinates": [-73.883308, 45.511604]}}, {"type": "Feature", "properties": {"cell_id": "892baa4c267ffff"}, "geometry": {"type": "Point", "coordinates": [-73.880828, 45.508877]}}, {"type": "Feature", "properties": {"cell_id": "892baa4c26bffff"}, "geometry": {"type": "Point", "coordinates": [-73.888052, 45.511495]}}, {"type": "Feature", "properties": {"cell_id": "892baa4c26fffff"}, "geometry": {"type": "Point", "coordinates": [-73.885572, 45.508767]}}, {"type": "Feature", "properties": {"cell_id": "892baa4c273ffff"}, "geometry": {"type": "Point", "coordinates": [-73.881045, 45.514441]}}, {"type": "Feature", "properties": {"cell_id": "892baa4c277ffff"}, "geometry": {"type": "Point", "coordinates": [-73.878564, 45.511713]}}, {"type": "Feature", "properties": {"cell_id": "892baa4c287ffff"}, "geometry": {"type": "Point", "coordinates": [-73.862281, 45.520441]}}, {"type": "Feature", "properties": {"cell_id": "892baa4c28fffff"}, "geometry": {"type": "Point", "coordinates": [-73.867026, 45.520332]}}, {"type": "Feature", "properties": {"cell_id": "892baa4c297ffff"}, "geometry": {"type": "Point", "coordinates": [-73.860016, 45.523277]}}, {"type": "Feature", "properties": {"cell_id": "892baa4c2a3ffff"}, "geometry": {"type": "Point", "coordinates": [-73.862067, 45.514876]}}, {"type": "Feature", "properties": {"cell_id": "892baa4c2a7ffff"}, "geometry": {"type": "Point", "coordinates": [-73.859588, 45.512148]}}, {"type": "Feature", "properties": {"cell_id": "892baa4c2abffff"}, "geometry": {"type": "Point", "coordinates": [-73.866812, 45.514768]}}, {"type": "Feature", "properties": {"cell_id": "892baa4c2afffff"}, "geometry": {"type": "Point", "coordinates": [-73.864332, 45.51204]}}, {"type": "Feature", "properties": {"cell_id": "892baa4c2b3ffff"}, "geometry": {"type": "Point", "coordinates": [-73.859802, 45.517713]}}, {"type": "Feature", "properties": {"cell_id": "892baa4c2b7ffff"}, "geometry": {"type": "Point", "coordinates": [-73.857323, 45.514985]}}, {"type": "Feature", "properties": {"cell_id": "892baa4c2bbffff"}, "geometry": {"type": "Point", "coordinates": [-73.864547, 45.517604]}}, {"type": "Feature", "properties": {"cell_id": "892baa4c303ffff"}, "geometry": {"type": "Point", "coordinates": [-73.856682, 45.498293]}}, {"type": "Feature", "properties": {"cell_id": "892baa4c307ffff"}, "geometry": {"type": "Point", "coordinates": [-73.854204, 45.495566]}}, {"type": "Feature", "properties": {"cell_id": "892baa4c30bffff"}, "geometry": {"type": "Point", "coordinates": [-73.861425, 45.498185]}}, {"type": "Feature", "properties": {"cell_id": "892baa4c30fffff"}, "geometry": {"type": "Point", "coordinates": [-73.858947, 45.495458]}}, {"type": "Feature", "properties": {"cell_id": "892baa4c313ffff"}, "geometry": {"type": "Point", "coordinates": [-73.854417, 45.501129]}}, {"type": "Feature", "properties": {"cell_id": "892baa4c317ffff"}, "geometry": {"type": "Point", "coordinates": [-73.85194, 45.498402]}}, {"type": "Feature", "properties": {"cell_id": "892baa4c31bffff"}, "geometry": {"type": "Point", "coordinates": [-73.85916, 45.501021]}}, {"type": "Feature", "properties": {"cell_id": "892baa4c323ffff"}, "geometry": {"type": "Point", "coordinates": [-73.853991, 45.490003]}}, {"type": "Feature", "properties": {"cell_id": "892baa4c327ffff"}, "geometry": {"type": "Point", "coordinates": [-73.851514, 45.487275]}}, {"type": "Feature", "properties": {"cell_id": "892baa4c32bffff"}, "geometry": {"type": "Point", "coordinates": [-73.858733, 45.489894]}}, {"type": "Feature", "properties": {"cell_id": "892baa4c32fffff"}, "geometry": {"type": "Point", "coordinates": [-73.856255, 45.487167]}}, {"type": "Feature", "properties": {"cell_id": "892baa4c333ffff"}, "geometry": {"type": "Point", "coordinates": [-73.851727, 45.492838]}}, {"type": "Feature", "properties": {"cell_id": "892baa4c337ffff"}, "geometry": {"type": "Point", "coordinates": [-73.849249, 45.490111]}}, {"type": "Feature", "properties": {"cell_id": "892baa4c33bffff"}, "geometry": {"type": "Point", "coordinates": [-73.856469, 45.49273]}}, {"type": "Feature", "properties": {"cell_id": "892baa4c343ffff"}, "geometry": {"type": "Point", "coordinates": [-73.868646, 45.500804]}}, {"type": "Feature", "properties": {"cell_id": "892baa4c347ffff"}, "geometry": {"type": "Point", "coordinates": [-73.866167, 45.498076]}}, {"type": "Feature", "properties": {"cell_id": "892baa4c34bffff"}, "geometry": {"type": "Point", "coordinates": [-73.873389, 45.500695]}}, {"type": "Feature", "properties": {"cell_id": "892baa4c34fffff"}, "geometry": {"type": "Point", "coordinates": [-73.87091, 45.497968]}}, {"type": "Feature", "properties": {"cell_id": "892baa4c353ffff"}, "geometry": {"type": "Point", "coordinates": [-73.866382, 45.50364]}}, {"type": "Feature", "properties": {"cell_id": "892baa4c357ffff"}, "geometry": {"type": "Point", "coordinates": [-73.863903, 45.500912]}}, {"type": "Feature", "properties": {"cell_id": "892baa4c35bffff"}, "geometry": {"type": "Point", "coordinates": [-73.871125, 45.503531]}}, {"type": "Feature", "properties": {"cell_id": "892baa4c363ffff"}, "geometry": {"type": "Point", "coordinates": [-73.865953, 45.492513]}}, {"type": "Feature", "properties": {"cell_id": "892baa4c367ffff"}, "geometry": {"type": "Point", "coordinates": [-73.863474, 45.489786]}}, {"type": "Feature", "properties": {"cell_id": "892baa4c36bffff"}, "geometry": {"type": "Point", "coordinates": [-73.870695, 45.492404]}}, {"type": "Feature", "properties": {"cell_id": "892baa4c36fffff"}, "geometry": {"type": "Point", "coordinates": [-73.868216, 45.489677]}}, {"type": "Feature", "properties": {"cell_id": "892baa4c373ffff"}, "geometry": {"type": "Point", "coordinates": [-73.863689, 45.495349]}}, {"type": "Feature", "properties": {"cell_id": "892baa4c377ffff"}, "geometry": {"type": "Point", "coordinates": [-73.861211, 45.492622]}}, {"type": "Feature", "properties": {"cell_id": "892baa4c37bffff"}, "geometry": {"type": "Point", "coordinates": [-73.868431, 45.49524]}}, {"type": "Feature", "properties": {"cell_id": "892baa4c383ffff"}, "geometry": {"type": "Point", "coordinates": [-73.847409, 45.504073]}}, {"type": "Feature", "properties": {"cell_id": "892baa4c387ffff"}, "geometry": {"type": "Point", "coordinates": [-73.844932, 45.501345]}}, {"type": "Feature", "properties": {"cell_id": "892baa4c38bffff"}, "geometry": {"type": "Point", "coordinates": [-73.852152, 45.503965]}}, {"type": "Feature", "properties": {"cell_id": "892baa4c38fffff"}, "geometry": {"type": "Point", "coordinates": [-73.849675, 45.501237]}}, {"type": "Feature", "properties": {"cell_id": "892baa4c393ffff"}, "geometry": {"type": "Point", "coordinates": [-73.845144, 45.506909]}}, {"type": "Feature", "properties": {"cell_id": "892baa4c397ffff"}, "geometry": {"type": "Point", "coordinates": [-73.842666, 45.504181]}}, {"type": "Feature", "properties": {"cell_id": "892baa4c39bffff"}, "geometry": {"type": "Point", "coordinates": [-73.849887, 45.506801]}}, {"type": "Feature", "properties": {"cell_id": "892baa4c3a3ffff"}, "geometry": {"type": "Point", "coordinates": [-73.84472, 45.495782]}}, {"type": "Feature", "properties": {"cell_id": "892baa4c3a7ffff"}, "geometry": {"type": "Point", "coordinates": [-73.842243, 45.493054]}}, {"type": "Feature", "properties": {"cell_id": "892baa4c3abffff"}, "geometry": {"type": "Point", "coordinates": [-73.849462, 45.495674]}}, {"type": "Feature", "properties": {"cell_id": "892baa4c3afffff"}, "geometry": {"type": "Point", "coordinates": [-73.846985, 45.492946]}}, {"type": "Feature", "properties": {"cell_id": "892baa4c3b3ffff"}, "geometry": {"type": "Point", "coordinates": [-73.842454, 45.498617]}}, {"type": "Feature", "properties": {"cell_id": "892baa4c3b7ffff"}, "geometry": {"type": "Point", "coordinates": [-73.839977, 45.495889]}}, {"type": "Feature", "properties": {"cell_id": "892baa4c3bbffff"}, "geometry": {"type": "Point", "coordinates": [-73.847197, 45.498509]}}, {"type": "Feature", "properties": {"cell_id": "892baa4c3c3ffff"}, "geometry": {"type": "Point", "coordinates": [-73.859374, 45.506584]}}, {"type": "Feature", "properties": {"cell_id": "892baa4c3c7ffff"}, "geometry": {"type": "Point", "coordinates": [-73.856896, 45.503857]}}, {"type": "Feature", "properties": {"cell_id": "892baa4c3cbffff"}, "geometry": {"type": "Point", "coordinates": [-73.864118, 45.506476]}}, {"type": "Feature", "properties": {"cell_id": "892baa4c3cfffff"}, "geometry": {"type": "Point", "coordinates": [-73.861639, 45.503748]}}, {"type": "Feature", "properties": {"cell_id": "892baa4c3d3ffff"}, "geometry": {"type": "Point", "coordinates": [-73.857109, 45.509421]}}, {"type": "Feature", "properties": {"cell_id": "892baa4c3d7ffff"}, "geometry": {"type": "Point", "coordinates": [-73.854631, 45.506693]}}, {"type": "Feature", "properties": {"cell_id": "892baa4c3dbffff"}, "geometry": {"type": "Point", "coordinates": [-73.861853, 45.509312]}}, {"type": "Feature", "properties": {"cell_id": "892baa4c423ffff"}, "geometry": {"type": "Point", "coordinates": [-73.822263, 45.529703]}}, {"type": "Feature", "properties": {"cell_id": "892baa4c427ffff"}, "geometry": {"type": "Point", "coordinates": [-73.819786, 45.526974]}}, {"type": "Feature", "properties": {"cell_id": "892baa4c42bffff"}, "geometry": {"type": "Point", "coordinates": [-73.827009, 45.529596]}}, {"type": "Feature", "properties": {"cell_id": "892baa4c42fffff"}, "geometry": {"type": "Point", "coordinates": [-73.824531, 45.526867]}}, {"type": "Feature", "properties": {"cell_id": "892baa4c433ffff"}, "geometry": {"type": "Point", "coordinates": [-73.819995, 45.532539]}}, {"type": "Feature", "properties": {"cell_id": "892baa4c437ffff"}, "geometry": {"type": "Point", "coordinates": [-73.817517, 45.52981]}}, {"type": "Feature", "properties": {"cell_id": "892baa4c43bffff"}, "geometry": {"type": "Point", "coordinates": [-73.824741, 45.532432]}}, {"type": "Feature", "properties": {"cell_id": "892baa4c467ffff"}, "geometry": {"type": "Point", "coordinates": [-73.831755, 45.529489]}}, {"type": "Feature", "properties": {"cell_id": "892baa4c46fffff"}, "geometry": {"type": "Point", "coordinates": [-73.836501, 45.529381]}}, {"type": "Feature", "properties": {"cell_id": "892baa4c4a3ffff"}, "geometry": {"type": "Point", "coordinates": [-73.81298, 45.535481]}}, {"type": "Feature", "properties": {"cell_id": "892baa4c4a7ffff"}, "geometry": {"type": "Point", "coordinates": [-73.810502, 45.532752]}}, {"type": "Feature", "properties": {"cell_id": "892baa4c4afffff"}, "geometry": {"type": "Point", "coordinates": [-73.815249, 45.532645]}}, {"type": "Feature", "properties": {"cell_id": "892baa4c4b7ffff"}, "geometry": {"type": "Point", "coordinates": [-73.808233, 45.535588]}}, {"type": "Feature", "properties": {"cell_id": "892baa4c503ffff"}, "geometry": {"type": "Point", "coordinates": [-73.80761, 45.518893]}}, {"type": "Feature", "properties": {"cell_id": "892baa4c507ffff"}, "geometry": {"type": "Point", "coordinates": [-73.805135, 45.516164]}}, {"type": "Feature", "properties": {"cell_id": "892baa4c50bffff"}, "geometry": {"type": "Point", "coordinates": [-73.812355, 45.518787]}}, {"type": "Feature", "properties": {"cell_id": "892baa4c50fffff"}, "geometry": {"type": "Point", "coordinates": [-73.809879, 45.516058]}}, {"type": "Feature", "properties": {"cell_id": "892baa4c513ffff"}, "geometry": {"type": "Point", "coordinates": [-73.805342, 45.521728]}}, {"type": "Feature", "properties": {"cell_id": "892baa4c517ffff"}, "geometry": {"type": "Point", "coordinates": [-73.802866, 45.518999]}}, {"type": "Feature", "properties": {"cell_id": "892baa4c51bffff"}, "geometry": {"type": "Point", "coordinates": [-73.810087, 45.521622]}}, {"type": "Feature", "properties": {"cell_id": "892baa4c523ffff"}, "geometry": {"type": "Point", "coordinates": [-73.804927, 45.5106]}}, {"type": "Feature", "properties": {"cell_id": "892baa4c527ffff"}, "geometry": {"type": "Point", "coordinates": [-73.802452, 45.507871]}}, {"type": "Feature", "properties": {"cell_id": "892baa4c52bffff"}, "geometry": {"type": "Point", "coordinates": [-73.809671, 45.510494]}}, {"type": "Feature", "properties": {"cell_id": "892baa4c52fffff"}, "geometry": {"type": "Point", "coordinates": [-73.807196, 45.507765]}}, {"type": "Feature", "properties": {"cell_id": "892baa4c533ffff"}, "geometry": {"type": "Point", "coordinates": [-73.802659, 45.513435]}}, {"type": "Feature", "properties": {"cell_id": "892baa4c537ffff"}, "geometry": {"type": "Point", "coordinates": [-73.800184, 45.510706]}}, {"type": "Feature", "properties": {"cell_id": "892baa4c53bffff"}, "geometry": {"type": "Point", "coordinates": [-73.807403, 45.513329]}}, {"type": "Feature", "properties": {"cell_id": "892baa4c543ffff"}, "geometry": {"type": "Point", "coordinates": [-73.819577, 45.521409]}}, {"type": "Feature", "properties": {"cell_id": "892baa4c547ffff"}, "geometry": {"type": "Point", "coordinates": [-73.8171, 45.51868]}}, {"type": "Feature", "properties": {"cell_id": "892baa4c54bffff"}, "geometry": {"type": "Point", "coordinates": [-73.824322, 45.521302]}}, {"type": "Feature", "properties": {"cell_id": "892baa4c54fffff"}, "geometry": {"type": "Point", "coordinates": [-73.821845, 45.518573]}}, {"type": "Feature", "properties": {"cell_id": "892baa4c553ffff"}, "geometry": {"type": "Point", "coordinates": [-73.817309, 45.524245]}}, {"type": "Feature", "properties": {"cell_id": "892baa4c557ffff"}, "geometry": {"type": "Point", "coordinates": [-73.814832, 45.521516]}}, {"type": "Feature", "properties": {"cell_id": "892baa4c55bffff"}, "geometry": {"type": "Point", "coordinates": [-73.822054, 45.524138]}}, {"type": "Feature", "properties": {"cell_id": "892baa4c563ffff"}, "geometry": {"type": "Point", "coordinates": [-73.816891, 45.513116]}}, {"type": "Feature", "properties": {"cell_id": "892baa4c567ffff"}, "geometry": {"type": "Point", "coordinates": [-73.814415, 45.510387]}}, {"type": "Feature", "properties": {"cell_id": "892baa4c56bffff"}, "geometry": {"type": "Point", "coordinates": [-73.821635, 45.513009]}}, {"type": "Feature", "properties": {"cell_id": "892baa4c56fffff"}, "geometry": {"type": "Point", "coordinates": [-73.819159, 45.510281]}}, {"type": "Feature", "properties": {"cell_id": "892baa4c573ffff"}, "geometry": {"type": "Point", "coordinates": [-73.814623, 45.515951]}}, {"type": "Feature", "properties": {"cell_id": "892baa4c577ffff"}, "geometry": {"type": "Point", "coordinates": [-73.812147, 45.513222]}}, {"type": "Feature", "properties": {"cell_id": "892baa4c57bffff"}, "geometry": {"type": "Point", "coordinates": [-73.819368, 45.515845]}}, {"type": "Feature", "properties": {"cell_id": "892baa4c583ffff"}, "geometry": {"type": "Point", "coordinates": [-73.798327, 45.52467]}}, {"type": "Feature", "properties": {"cell_id": "892baa4c587ffff"}, "geometry": {"type": "Point", "coordinates": [-73.795852, 45.52194]}}, {"type": "Feature", "properties": {"cell_id": "892baa4c58bffff"}, "geometry": {"type": "Point", "coordinates": [-73.803073, 45.524564]}}, {"type": "Feature", "properties": {"cell_id": "892baa4c58fffff"}, "geometry": {"type": "Point", "coordinates": [-73.800597, 45.521834]}}, {"type": "Feature", "properties": {"cell_id": "892baa4c593ffff"}, "geometry": {"type": "Point", "coordinates": [-73.796058, 45.527505]}}, {"type": "Feature", "properties": {"cell_id": "892baa4c597ffff"}, "geometry": {"type": "Point", "coordinates": [-73.793582, 45.524775]}}, {"type": "Feature", "properties": {"cell_id": "892baa4c59bffff"}, "geometry": {"type": "Point", "coordinates": [-73.800803, 45.527399]}}, {"type": "Feature", "properties": {"cell_id": "892baa4c5a3ffff"}, "geometry": {"type": "Point", "coordinates": [-73.795646, 45.516376]}}, {"type": "Feature", "properties": {"cell_id": "892baa4c5a7ffff"}, "geometry": {"type": "Point", "coordinates": [-73.793171, 45.513647]}}, {"type": "Feature", "properties": {"cell_id": "892baa4c5abffff"}, "geometry": {"type": "Point", "coordinates": [-73.80039, 45.51627]}}, {"type": "Feature", "properties": {"cell_id": "892baa4c5afffff"}, "geometry": {"type": "Point", "coordinates": [-73.797915, 45.513541]}}, {"type": "Feature", "properties": {"cell_id": "892baa4c5b3ffff"}, "geometry": {"type": "Point", "coordinates": [-73.793376, 45.519211]}}, {"type": "Feature", "properties": {"cell_id": "892baa4c5b7ffff"}, "geometry": {"type": "Point", "coordinates": [-73.790901, 45.516481]}}, {"type": "Feature", "properties": {"cell_id": "892baa4c5bbffff"}, "geometry": {"type": "Point", "coordinates": [-73.798121, 45.519105]}}, {"type": "Feature", "properties": {"cell_id": "892baa4c5c3ffff"}, "geometry": {"type": "Point", "coordinates": [-73.810294, 45.527187]}}, {"type": "Feature", "properties": {"cell_id": "892baa4c5c7ffff"}, "geometry": {"type": "Point", "coordinates": [-73.807818, 45.524458]}}, {"type": "Feature", "properties": {"cell_id": "892baa4c5cbffff"}, "geometry": {"type": "Point", "coordinates": [-73.81504, 45.52708]}}, {"type": "Feature", "properties": {"cell_id": "892baa4c5cfffff"}, "geometry": {"type": "Point", "coordinates": [-73.812563, 45.524351]}}, {"type": "Feature", "properties": {"cell_id": "892baa4c5d3ffff"}, "geometry": {"type": "Point", "coordinates": [-73.808025, 45.530022]}}, {"type": "Feature", "properties": {"cell_id": "892baa4c5d7ffff"}, "geometry": {"type": "Point", "coordinates": [-73.805549, 45.527293]}}, {"type": "Feature", "properties": {"cell_id": "892baa4c5dbffff"}, "geometry": {"type": "Point", "coordinates": [-73.812771, 45.529916]}}, {"type": "Feature", "properties": {"cell_id": "892baa4c803ffff"}, "geometry": {"type": "Point", "coordinates": [-73.82202, 45.46011]}}, {"type": "Feature", "properties": {"cell_id": "892baa4c807ffff"}, "geometry": {"type": "Point", "coordinates": [-73.819546, 45.457383]}}, {"type": "Feature", "properties": {"cell_id": "892baa4c80bffff"}, "geometry": {"type": "Point", "coordinates": [-73.826758, 45.460003]}}, {"type": "Feature", "properties": {"cell_id": "892baa4c80fffff"}, "geometry": {"type": "Point", "coordinates": [-73.824284, 45.457276]}}, {"type": "Feature", "properties": {"cell_id": "892baa4c813ffff"}, "geometry": {"type": "Point", "coordinates": [-73.819755, 45.462944]}}, {"type": "Feature", "properties": {"cell_id": "892baa4c817ffff"}, "geometry": {"type": "Point", "coordinates": [-73.817281, 45.460217]}}, {"type": "Feature", "properties": {"cell_id": "892baa4c81bffff"}, "geometry": {"type": "Point", "coordinates": [-73.824494, 45.462837]}}, {"type": "Feature", "properties": {"cell_id": "892baa4c823ffff"}, "geometry": {"type": "Point", "coordinates": [-73.819338, 45.451822]}}, {"type": "Feature", "properties": {"cell_id": "892baa4c827ffff"}, "geometry": {"type": "Point", "coordinates": [-73.816865, 45.449095]}}, {"type": "Feature", "properties": {"cell_id": "892baa4c82bffff"}, "geometry": {"type": "Point", "coordinates": [-73.824075, 45.451715]}}, {"type": "Feature", "properties": {"cell_id": "892baa4c82fffff"}, "geometry": {"type": "Point", "coordinates": [-73.821602, 45.448988]}}, {"type": "Feature", "properties": {"cell_id": "892baa4c833ffff"}, "geometry": {"type": "Point", "coordinates": [-73.817073, 45.454656]}}, {"type": "Feature", "properties": {"cell_id": "892baa4c837ffff"}, "geometry": {"type": "Point", "coordinates": [-73.8146, 45.451928]}}, {"type": "Feature", "properties": {"cell_id": "892baa4c83bffff"}, "geometry": {"type": "Point", "coordinates": [-73.821811, 45.454549]}}, {"type": "Feature", "properties": {"cell_id": "892baa4c843ffff"}, "geometry": {"type": "Point", "coordinates": [-73.833971, 45.462623]}}, {"type": "Feature", "properties": {"cell_id": "892baa4c847ffff"}, "geometry": {"type": "Point", "coordinates": [-73.831497, 45.459896]}}, {"type": "Feature", "properties": {"cell_id": "892baa4c84bffff"}, "geometry": {"type": "Point", "coordinates": [-73.83871, 45.462515]}}, {"type": "Feature", "properties": {"cell_id": "892baa4c84fffff"}, "geometry": {"type": "Point", "coordinates": [-73.836235, 45.459788]}}, {"type": "Feature", "properties": {"cell_id": "892baa4c853ffff"}, "geometry": {"type": "Point", "coordinates": [-73.831707, 45.465457]}}, {"type": "Feature", "properties": {"cell_id": "892baa4c857ffff"}, "geometry": {"type": "Point", "coordinates": [-73.829232, 45.46273]}}, {"type": "Feature", "properties": {"cell_id": "892baa4c85bffff"}, "geometry": {"type": "Point", "coordinates": [-73.836446, 45.46535]}}, {"type": "Feature", "properties": {"cell_id": "892baa4c863ffff"}, "geometry": {"type": "Point", "coordinates": [-73.831287, 45.454335]}}, {"type": "Feature", "properties": {"cell_id": "892baa4c867ffff"}, "geometry": {"type": "Point", "coordinates": [-73.828813, 45.451608]}}, {"type": "Feature", "properties": {"cell_id": "892baa4c86bffff"}, "geometry": {"type": "Point", "coordinates": [-73.836024, 45.454227]}}, {"type": "Feature", "properties": {"cell_id": "892baa4c86fffff"}, "geometry": {"type": "Point", "coordinates": [-73.83355, 45.451501]}}, {"type": "Feature", "properties": {"cell_id": "892baa4c873ffff"}, "geometry": {"type": "Point", "coordinates": [-73.829023, 45.457169]}}, {"type": "Feature", "properties": {"cell_id": "892baa4c877ffff"}, "geometry": {"type": "Point", "coordinates": [-73.826549, 45.454442]}}, {"type": "Feature", "properties": {"cell_id": "892baa4c87bffff"}, "geometry": {"type": "Point", "coordinates": [-73.833761, 45.457062]}}, {"type": "Feature", "properties": {"cell_id": "892baa4c883ffff"}, "geometry": {"type": "Point", "coordinates": [-73.812751, 45.465885]}}, {"type": "Feature", "properties": {"cell_id": "892baa4c887ffff"}, "geometry": {"type": "Point", "coordinates": [-73.810277, 45.463157]}}, {"type": "Feature", "properties": {"cell_id": "892baa4c88bffff"}, "geometry": {"type": "Point", "coordinates": [-73.81749, 45.465778]}}, {"type": "Feature", "properties": {"cell_id": "892baa4c88fffff"}, "geometry": {"type": "Point", "coordinates": [-73.815016, 45.463051]}}, {"type": "Feature", "properties": {"cell_id": "892baa4c893ffff"}, "geometry": {"type": "Point", "coordinates": [-73.810485, 45.468719]}}, {"type": "Feature", "properties": {"cell_id": "892baa4c897ffff"}, "geometry": {"type": "Point", "coordinates": [-73.808011, 45.465991]}}, {"type": "Feature", "properties": {"cell_id": "892baa4c89bffff"}, "geometry": {"type": "Point", "coordinates": [-73.815224, 45.468612]}}, {"type": "Feature", "properties": {"cell_id": "892baa4c8a3ffff"}, "geometry": {"type": "Point", "coordinates": [-73.81007, 45.457596]}}, {"type": "Feature", "properties": {"cell_id": "892baa4c8a7ffff"}, "geometry": {"type": "Point", "coordinates": [-73.807597, 45.454869]}}, {"type": "Feature", "properties": {"cell_id": "892baa4c8abffff"}, "geometry": {"type": "Point", "coordinates": [-73.814808, 45.457489]}}, {"type": "Feature", "properties": {"cell_id": "892baa4c8afffff"}, "geometry": {"type": "Point", "coordinates": [-73.812335, 45.454762]}}, {"type": "Feature", "properties": {"cell_id": "892baa4c8b3ffff"}, "geometry": {"type": "Point", "coordinates": [-73.807804, 45.46043]}}, {"type": "Feature", "properties": {"cell_id": "892baa4c8b7ffff"}, "geometry": {"type": "Point", "coordinates": [-73.805332, 45.457702]}}, {"type": "Feature", "properties": {"cell_id": "892baa4c8bbffff"}, "geometry": {"type": "Point", "coordinates": [-73.812543, 45.460323]}}, {"type": "Feature", "properties": {"cell_id": "892baa4c8c3ffff"}, "geometry": {"type": "Point", "coordinates": [-73.824703, 45.468399]}}, {"type": "Feature", "properties": {"cell_id": "892baa4c8c7ffff"}, "geometry": {"type": "Point", "coordinates": [-73.822229, 45.465671]}}, {"type": "Feature", "properties": {"cell_id": "892baa4c8cbffff"}, "geometry": {"type": "Point", "coordinates": [-73.829442, 45.468292]}}, {"type": "Feature", "properties": {"cell_id": "892baa4c8cfffff"}, "geometry": {"type": "Point", "coordinates": [-73.826968, 45.465565]}}, {"type": "Feature", "properties": {"cell_id": "892baa4c8d3ffff"}, "geometry": {"type": "Point", "coordinates": [-73.822438, 45.471233]}}, {"type": "Feature", "properties": {"cell_id": "892baa4c8d7ffff"}, "geometry": {"type": "Point", "coordinates": [-73.819964, 45.468506]}}, {"type": "Feature", "properties": {"cell_id": "892baa4c8dbffff"}, "geometry": {"type": "Point", "coordinates": [-73.827177, 45.471126]}}, {"type": "Feature", "properties": {"cell_id": "892baa4c903ffff"}, "geometry": {"type": "Point", "coordinates": [-73.804711, 45.44102]}}, {"type": "Feature", "properties": {"cell_id": "892baa4c907ffff"}, "geometry": {"type": "Point", "coordinates": [-73.80224, 45.438293]}}, {"type": "Feature", "properties": {"cell_id": "892baa4c90bffff"}, "geometry": {"type": "Point", "coordinates": [-73.809448, 45.440914]}}, {"type": "Feature", "properties": {"cell_id": "892baa4c90fffff"}, "geometry": {"type": "Point", "coordinates": [-73.806976, 45.438187]}}, {"type": "Feature", "properties": {"cell_id": "892baa4c913ffff"}, "geometry": {"type": "Point", "coordinates": [-73.802446, 45.443853]}}, {"type": "Feature", "properties": {"cell_id": "892baa4c917ffff"}, "geometry": {"type": "Point", "coordinates": [-73.799975, 45.441126]}}, {"type": "Feature", "properties": {"cell_id": "892baa4c91bffff"}, "geometry": {"type": "Point", "coordinates": [-73.807183, 45.443747]}}, {"type": "Feature", "properties": {"cell_id": "892baa4c923ffff"}, "geometry": {"type": "Point", "coordinates": [-73.802033, 45.432733]}}, {"type": "Feature", "properties": {"cell_id": "892baa4c92bffff"}, "geometry": {"type": "Point", "coordinates": [-73.806769, 45.432627]}}, {"type": "Feature", "properties": {"cell_id": "892baa4c933ffff"}, "geometry": {"type": "Point", "coordinates": [-73.799769, 45.435566]}}, {"type": "Feature", "properties": {"cell_id": "892baa4c937ffff"}, "geometry": {"type": "Point", "coordinates": [-73.797298, 45.432839]}}, {"type": "Feature", "properties": {"cell_id": "892baa4c93bffff"}, "geometry": {"type": "Point", "coordinates": [-73.804504, 45.43546]}}, {"type": "Feature", "properties": {"cell_id": "892baa4c943ffff"}, "geometry": {"type": "Point", "coordinates": [-73.816656, 45.443534]}}, {"type": "Feature", "properties": {"cell_id": "892baa4c947ffff"}, "geometry": {"type": "Point", "coordinates": [-73.814184, 45.440807]}}, {"type": "Feature", "properties": {"cell_id": "892baa4c94bffff"}, "geometry": {"type": "Point", "coordinates": [-73.821393, 45.443427]}}, {"type": "Feature", "properties": {"cell_id": "892baa4c94fffff"}, "geometry": {"type": "Point", "coordinates": [-73.81892, 45.4407]}}, {"type": "Feature", "properties": {"cell_id": "892baa4c953ffff"}, "geometry": {"type": "Point", "coordinates": [-73.814392, 45.446368]}}, {"type": "Feature", "properties": {"cell_id": "892baa4c957ffff"}, "geometry": {"type": "Point", "coordinates": [-73.81192, 45.443641]}}, {"type": "Feature", "properties": {"cell_id": "892baa4c95bffff"}, "geometry": {"type": "Point", "coordinates": [-73.819129, 45.446261]}}, {"type": "Feature", "properties": {"cell_id": "892baa4c963ffff"}, "geometry": {"type": "Point", "coordinates": [-73.813976, 45.435247]}}, {"type": "Feature", "properties": {"cell_id": "892baa4c967ffff"}, "geometry": {"type": "Point", "coordinates": [-73.811504, 45.43252]}}, {"type": "Feature", "properties": {"cell_id": "892baa4c96bffff"}, "geometry": {"type": "Point", "coordinates": [-73.818712, 45.43514]}}, {"type": "Feature", "properties": {"cell_id": "892baa4c96fffff"}, "geometry": {"type": "Point", "coordinates": [-73.81624, 45.432414]}}, {"type": "Feature", "properties": {"cell_id": "892baa4c973ffff"}, "geometry": {"type": "Point", "coordinates": [-73.811712, 45.43808]}}, {"type": "Feature", "properties": {"cell_id": "892baa4c977ffff"}, "geometry": {"type": "Point", "coordinates": [-73.80924, 45.435353]}}, {"type": "Feature", "properties": {"cell_id": "892baa4c97bffff"}, "geometry": {"type": "Point", "coordinates": [-73.816448, 45.437974]}}, {"type": "Feature", "properties": {"cell_id": "892baa4c983ffff"}, "geometry": {"type": "Point", "coordinates": [-73.795444, 45.446792]}}, {"type": "Feature", "properties": {"cell_id": "892baa4c987ffff"}, "geometry": {"type": "Point", "coordinates": [-73.792973, 45.444065]}}, {"type": "Feature", "properties": {"cell_id": "892baa4c98bffff"}, "geometry": {"type": "Point", "coordinates": [-73.800181, 45.446686]}}, {"type": "Feature", "properties": {"cell_id": "892baa4c98fffff"}, "geometry": {"type": "Point", "coordinates": [-73.797709, 45.443959]}}, {"type": "Feature", "properties": {"cell_id": "892baa4c993ffff"}, "geometry": {"type": "Point", "coordinates": [-73.793178, 45.449626]}}, {"type": "Feature", "properties": {"cell_id": "892baa4c997ffff"}, "geometry": {"type": "Point", "coordinates": [-73.790707, 45.446898]}}, {"type": "Feature", "properties": {"cell_id": "892baa4c99bffff"}, "geometry": {"type": "Point", "coordinates": [-73.797915, 45.44952]}}, {"type": "Feature", "properties": {"cell_id": "892baa4c9a3ffff"}, "geometry": {"type": "Point", "coordinates": [-73.792767, 45.438505]}}, {"type": "Feature", "properties": {"cell_id": "892baa4c9a7ffff"}, "geometry": {"type": "Point", "coordinates": [-73.790297, 45.435777]}}, {"type": "Feature", "properties": {"cell_id": "892baa4c9abffff"}, "geometry": {"type": "Point", "coordinates": [-73.797504, 45.438399]}}, {"type": "Feature", "properties": {"cell_id": "892baa4c9afffff"}, "geometry": {"type": "Point", "coordinates": [-73.795033, 45.435672]}}, {"type": "Feature", "properties": {"cell_id": "892baa4c9b3ffff"}, "geometry": {"type": "Point", "coordinates": [-73.790502, 45.441338]}}, {"type": "Feature", "properties": {"cell_id": "892baa4c9b7ffff"}, "geometry": {"type": "Point", "coordinates": [-73.788031, 45.43861]}}, {"type": "Feature", "properties": {"cell_id": "892baa4c9bbffff"}, "geometry": {"type": "Point", "coordinates": [-73.795238, 45.441232]}}, {"type": "Feature", "properties": {"cell_id": "892baa4c9c3ffff"}, "geometry": {"type": "Point", "coordinates": [-73.80739, 45.449308]}}, {"type": "Feature", "properties": {"cell_id": "892baa4c9c7ffff"}, "geometry": {"type": "Point", "coordinates": [-73.804918, 45.44658]}}, {"type": "Feature", "properties": {"cell_id": "892baa4c9cbffff"}, "geometry": {"type": "Point", "coordinates": [-73.812127, 45.449201]}}, {"type": "Feature", "properties": {"cell_id": "892baa4c9cfffff"}, "geometry": {"type": "Point", "coordinates": [-73.809655, 45.446474]}}, {"type": "Feature", "properties": {"cell_id": "892baa4c9d3ffff"}, "geometry": {"type": "Point", "coordinates": [-73.805125, 45.452141]}}, {"type": "Feature", "properties": {"cell_id": "892baa4c9d7ffff"}, "geometry": {"type": "Point", "coordinates": [-73.802653, 45.449414]}}, {"type": "Feature", "properties": {"cell_id": "892baa4c9dbffff"}, "geometry": {"type": "Point", "coordinates": [-73.809862, 45.452035]}}, {"type": "Feature", "properties": {"cell_id": "892baa4ca03ffff"}, "geometry": {"type": "Point", "coordinates": [-73.855189, 45.459357]}}, {"type": "Feature", "properties": {"cell_id": "892baa4ca07ffff"}, "geometry": {"type": "Point", "coordinates": [-73.852713, 45.456631]}}, {"type": "Feature", "properties": {"cell_id": "892baa4ca0bffff"}, "geometry": {"type": "Point", "coordinates": [-73.859927, 45.459249]}}, {"type": "Feature", "properties": {"cell_id": "892baa4ca0fffff"}, "geometry": {"type": "Point", "coordinates": [-73.857451, 45.456522]}}, {"type": "Feature", "properties": {"cell_id": "892baa4ca13ffff"}, "geometry": {"type": "Point", "coordinates": [-73.852926, 45.462192]}}, {"type": "Feature", "properties": {"cell_id": "892baa4ca17ffff"}, "geometry": {"type": "Point", "coordinates": [-73.850451, 45.459465]}}, {"type": "Feature", "properties": {"cell_id": "892baa4ca1bffff"}, "geometry": {"type": "Point", "coordinates": [-73.857665, 45.462084]}}, {"type": "Feature", "properties": {"cell_id": "892baa4ca23ffff"}, "geometry": {"type": "Point", "coordinates": [-73.852501, 45.45107]}}, {"type": "Feature", "properties": {"cell_id": "892baa4ca27ffff"}, "geometry": {"type": "Point", "coordinates": [-73.850026, 45.448343]}}, {"type": "Feature", "properties": {"cell_id": "892baa4ca2bffff"}, "geometry": {"type": "Point", "coordinates": [-73.857238, 45.450961]}}, {"type": "Feature", "properties": {"cell_id": "892baa4ca2fffff"}, "geometry": {"type": "Point", "coordinates": [-73.854763, 45.448235]}}, {"type": "Feature", "properties": {"cell_id": "892baa4ca33ffff"}, "geometry": {"type": "Point", "coordinates": [-73.850238, 45.453904]}}, {"type": "Feature", "properties": {"cell_id": "892baa4ca37ffff"}, "geometry": {"type": "Point", "coordinates": [-73.847763, 45.451178]}}, {"type": "Feature", "properties": {"cell_id": "892baa4ca3bffff"}, "geometry": {"type": "Point", "coordinates": [-73.854976, 45.453796]}}, {"type": "Feature", "properties": {"cell_id": "892baa4ca43ffff"}, "geometry": {"type": "Point", "coordinates": [-73.867142, 45.461867]}}, {"type": "Feature", "properties": {"cell_id": "892baa4ca47ffff"}, "geometry": {"type": "Point", "coordinates": [-73.864666, 45.45914]}}, {"type": "Feature", "properties": {"cell_id": "892baa4ca4bffff"}, "geometry": {"type": "Point", "coordinates": [-73.871881, 45.461758]}}, {"type": "Feature", "properties": {"cell_id": "892baa4ca4fffff"}, "geometry": {"type": "Point", "coordinates": [-73.869404, 45.459031]}}, {"type": "Feature", "properties": {"cell_id": "892baa4ca53ffff"}, "geometry": {"type": "Point", "coordinates": [-73.86488, 45.464702]}}, {"type": "Feature", "properties": {"cell_id": "892baa4ca57ffff"}, "geometry": {"type": "Point", "coordinates": [-73.862404, 45.461975]}}, {"type": "Feature", "properties": {"cell_id": "892baa4ca5bffff"}, "geometry": {"type": "Point", "coordinates": [-73.869619, 45.464593]}}, {"type": "Feature", "properties": {"cell_id": "892baa4ca63ffff"}, "geometry": {"type": "Point", "coordinates": [-73.864452, 45.453579]}}, {"type": "Feature", "properties": {"cell_id": "892baa4ca67ffff"}, "geometry": {"type": "Point", "coordinates": [-73.861976, 45.450853]}}, {"type": "Feature", "properties": {"cell_id": "892baa4ca6bffff"}, "geometry": {"type": "Point", "coordinates": [-73.869189, 45.45347]}}, {"type": "Feature", "properties": {"cell_id": "892baa4ca6fffff"}, "geometry": {"type": "Point", "coordinates": [-73.866713, 45.450744]}}, {"type": "Feature", "properties": {"cell_id": "892baa4ca73ffff"}, "geometry": {"type": "Point", "coordinates": [-73.86219, 45.456414]}}, {"type": "Feature", "properties": {"cell_id": "892baa4ca77ffff"}, "geometry": {"type": "Point", "coordinates": [-73.859714, 45.453688]}}, {"type": "Feature", "properties": {"cell_id": "892baa4ca7bffff"}, "geometry": {"type": "Point", "coordinates": [-73.866928, 45.456305]}}, {"type": "Feature", "properties": {"cell_id": "892baa4ca83ffff"}, "geometry": {"type": "Point", "coordinates": [-73.845924, 45.465135]}}, {"type": "Feature", "properties": {"cell_id": "892baa4ca87ffff"}, "geometry": {"type": "Point", "coordinates": [-73.843449, 45.462408]}}, {"type": "Feature", "properties": {"cell_id": "892baa4ca8bffff"}, "geometry": {"type": "Point", "coordinates": [-73.850663, 45.465027]}}, {"type": "Feature", "properties": {"cell_id": "892baa4ca8fffff"}, "geometry": {"type": "Point", "coordinates": [-73.848187, 45.4623]}}, {"type": "Feature", "properties": {"cell_id": "892baa4ca93ffff"}, "geometry": {"type": "Point", "coordinates": [-73.84366, 45.467969]}}, {"type": "Feature", "properties": {"cell_id": "892baa4ca97ffff"}, "geometry": {"type": "Point", "coordinates": [-73.841185, 45.465242]}}, {"type": "Feature", "properties": {"cell_id": "892baa4ca9bffff"}, "geometry": {"type": "Point", "coordinates": [-73.8484, 45.467862]}}, {"type": "Feature", "properties": {"cell_id": "892baa4caa3ffff"}, "geometry": {"type": "Point", "coordinates": [-73.843237, 45.456846]}}, {"type": "Feature", "properties": {"cell_id": "892baa4caa7ffff"}, "geometry": {"type": "Point", "coordinates": [-73.840762, 45.45412]}}, {"type": "Feature", "properties": {"cell_id": "892baa4caabffff"}, "geometry": {"type": "Point", "coordinates": [-73.847975, 45.456739]}}, {"type": "Feature", "properties": {"cell_id": "892baa4caafffff"}, "geometry": {"type": "Point", "coordinates": [-73.8455, 45.454012]}}, {"type": "Feature", "properties": {"cell_id": "892baa4cab3ffff"}, "geometry": {"type": "Point", "coordinates": [-73.840974, 45.459681]}}, {"type": "Feature", "properties": {"cell_id": "892baa4cab7ffff"}, "geometry": {"type": "Point", "coordinates": [-73.838499, 45.456954]}}, {"type": "Feature", "properties": {"cell_id": "892baa4cabbffff"}, "geometry": {"type": "Point", "coordinates": [-73.845712, 45.459573]}}, {"type": "Feature", "properties": {"cell_id": "892baa4cac3ffff"}, "geometry": {"type": "Point", "coordinates": [-73.857878, 45.467645]}}, {"type": "Feature", "properties": {"cell_id": "892baa4cac7ffff"}, "geometry": {"type": "Point", "coordinates": [-73.855402, 45.464919]}}, {"type": "Feature", "properties": {"cell_id": "892baa4cacbffff"}, "geometry": {"type": "Point", "coordinates": [-73.862618, 45.467537]}}, {"type": "Feature", "properties": {"cell_id": "892baa4cacfffff"}, "geometry": {"type": "Point", "coordinates": [-73.860141, 45.46481]}}, {"type": "Feature", "properties": {"cell_id": "892baa4cad3ffff"}, "geometry": {"type": "Point", "coordinates": [-73.855615, 45.47048]}}, {"type": "Feature", "properties": {"cell_id": "892baa4cad7ffff"}, "geometry": {"type": "Point", "coordinates": [-73.853139, 45.467753]}}, {"type": "Feature", "properties": {"cell_id": "892baa4cadbffff"}, "geometry": {"type": "Point", "coordinates": [-73.860355, 45.470372]}}, {"type": "Feature", "properties": {"cell_id": "892baa4cb03ffff"}, "geometry": {"type": "Point", "coordinates": [-73.837866, 45.440272]}}, {"type": "Feature", "properties": {"cell_id": "892baa4cb07ffff"}, "geometry": {"type": "Point", "coordinates": [-73.835393, 45.437546]}}, {"type": "Feature", "properties": {"cell_id": "892baa4cb0bffff"}, "geometry": {"type": "Point", "coordinates": [-73.842602, 45.440164]}}, {"type": "Feature", "properties": {"cell_id": "892baa4cb0fffff"}, "geometry": {"type": "Point", "coordinates": [-73.840129, 45.437438]}}, {"type": "Feature", "properties": {"cell_id": "892baa4cb13ffff"}, "geometry": {"type": "Point", "coordinates": [-73.835603, 45.443106]}}, {"type": "Feature", "properties": {"cell_id": "892baa4cb17ffff"}, "geometry": {"type": "Point", "coordinates": [-73.83313, 45.440379]}}, {"type": "Feature", "properties": {"cell_id": "892baa4cb1bffff"}, "geometry": {"type": "Point", "coordinates": [-73.84034, 45.442998]}}, {"type": "Feature", "properties": {"cell_id": "892baa4cb23ffff"}, "geometry": {"type": "Point", "coordinates": [-73.835182, 45.431985]}}, {"type": "Feature", "properties": {"cell_id": "892baa4cb27ffff"}, "geometry": {"type": "Point", "coordinates": [-73.832709, 45.429259]}}, {"type": "Feature", "properties": {"cell_id": "892baa4cb2bffff"}, "geometry": {"type": "Point", "coordinates": [-73.839918, 45.431878]}}, {"type": "Feature", "properties": {"cell_id": "892baa4cb2fffff"}, "geometry": {"type": "Point", "coordinates": [-73.837444, 45.429152]}}, {"type": "Feature", "properties": {"cell_id": "892baa4cb33ffff"}, "geometry": {"type": "Point", "coordinates": [-73.832919, 45.434819]}}, {"type": "Feature", "properties": {"cell_id": "892baa4cb37ffff"}, "geometry": {"type": "Point", "coordinates": [-73.830447, 45.432093]}}, {"type": "Feature", "properties": {"cell_id": "892baa4cb3bffff"}, "geometry": {"type": "Point", "coordinates": [-73.837655, 45.434712]}}, {"type": "Feature", "properties": {"cell_id": "892baa4cb43ffff"}, "geometry": {"type": "Point", "coordinates": [-73.849813, 45.442783]}}, {"type": "Feature", "properties": {"cell_id": "892baa4cb47ffff"}, "geometry": {"type": "Point", "coordinates": [-73.847339, 45.440056]}}, {"type": "Feature", "properties": {"cell_id": "892baa4cb4bffff"}, "geometry": {"type": "Point", "coordinates": [-73.85455, 45.442674]}}, {"type": "Feature", "properties": {"cell_id": "892baa4cb4fffff"}, "geometry": {"type": "Point", "coordinates": [-73.852075, 45.439948]}}, {"type": "Feature", "properties": {"cell_id": "892baa4cb53ffff"}, "geometry": {"type": "Point", "coordinates": [-73.847551, 45.445617]}}, {"type": "Feature", "properties": {"cell_id": "892baa4cb57ffff"}, "geometry": {"type": "Point", "coordinates": [-73.845077, 45.442891]}}, {"type": "Feature", "properties": {"cell_id": "892baa4cb5bffff"}, "geometry": {"type": "Point", "coordinates": [-73.852288, 45.445509]}}, {"type": "Feature", "properties": {"cell_id": "892baa4cb63ffff"}, "geometry": {"type": "Point", "coordinates": [-73.847127, 45.434496]}}, {"type": "Feature", "properties": {"cell_id": "892baa4cb67ffff"}, "geometry": {"type": "Point", "coordinates": [-73.844653, 45.43177]}}, {"type": "Feature", "properties": {"cell_id": "892baa4cb6bffff"}, "geometry": {"type": "Point", "coordinates": [-73.851863, 45.434388]}}, {"type": "Feature", "properties": {"cell_id": "892baa4cb6fffff"}, "geometry": {"type": "Point", "coordinates": [-73.849389, 45.431662]}}, {"type": "Feature", "properties": {"cell_id": "892baa4cb73ffff"}, "geometry": {"type": "Point", "coordinates": [-73.844865, 45.43733]}}, {"type": "Feature", "properties": {"cell_id": "892baa4cb77ffff"}, "geometry": {"type": "Point", "coordinates": [-73.842391, 45.434604]}}, {"type": "Feature", "properties": {"cell_id": "892baa4cb7bffff"}, "geometry": {"type": "Point", "coordinates": [-73.849601, 45.437222]}}, {"type": "Feature", "properties": {"cell_id": "892baa4cb83ffff"}, "geometry": {"type": "Point", "coordinates": [-73.828603, 45.446047]}}, {"type": "Feature", "properties": {"cell_id": "892baa4cb87ffff"}, "geometry": {"type": "Point", "coordinates": [-73.82613, 45.44332]}}, {"type": "Feature", "properties": {"cell_id": "892baa4cb8bffff"}, "geometry": {"type": "Point", "coordinates": [-73.83334, 45.44594]}}, {"type": "Feature", "properties": {"cell_id": "892baa4cb8fffff"}, "geometry": {"type": "Point", "coordinates": [-73.830866, 45.443213]}}, {"type": "Feature", "properties": {"cell_id": "892baa4cb93ffff"}, "geometry": {"type": "Point", "coordinates": [-73.826339, 45.448881]}}, {"type": "Feature", "properties": {"cell_id": "892baa4cb97ffff"}, "geometry": {"type": "Point", "coordinates": [-73.823866, 45.446154]}}, {"type": "Feature", "properties": {"cell_id": "892baa4cb9bffff"}, "geometry": {"type": "Point", "coordinates": [-73.831076, 45.448774]}}, {"type": "Feature", "properties": {"cell_id": "892baa4cba3ffff"}, "geometry": {"type": "Point", "coordinates": [-73.82592, 45.43776]}}, {"type": "Feature", "properties": {"cell_id": "892baa4cba7ffff"}, "geometry": {"type": "Point", "coordinates": [-73.823448, 45.435033]}}, {"type": "Feature", "properties": {"cell_id": "892baa4cbabffff"}, "geometry": {"type": "Point", "coordinates": [-73.830656, 45.437653]}}, {"type": "Feature", "properties": {"cell_id": "892baa4cbafffff"}, "geometry": {"type": "Point", "coordinates": [-73.828184, 45.434926]}}, {"type": "Feature", "properties": {"cell_id": "892baa4cbb3ffff"}, "geometry": {"type": "Point", "coordinates": [-73.823657, 45.440594]}}, {"type": "Feature", "properties": {"cell_id": "892baa4cbb7ffff"}, "geometry": {"type": "Point", "coordinates": [-73.821184, 45.437867]}}, {"type": "Feature", "properties": {"cell_id": "892baa4cbbbffff"}, "geometry": {"type": "Point", "coordinates": [-73.828393, 45.440487]}}, {"type": "Feature", "properties": {"cell_id": "892baa4cbc3ffff"}, "geometry": {"type": "Point", "coordinates": [-73.840551, 45.448559]}}, {"type": "Feature", "properties": {"cell_id": "892baa4cbc7ffff"}, "geometry": {"type": "Point", "coordinates": [-73.838077, 45.445832]}}, {"type": "Feature", "properties": {"cell_id": "892baa4cbcbffff"}, "geometry": {"type": "Point", "coordinates": [-73.845288, 45.448451]}}, {"type": "Feature", "properties": {"cell_id": "892baa4cbcfffff"}, "geometry": {"type": "Point", "coordinates": [-73.842814, 45.445725]}}, {"type": "Feature", "properties": {"cell_id": "892baa4cbd3ffff"}, "geometry": {"type": "Point", "coordinates": [-73.838288, 45.451393]}}, {"type": "Feature", "properties": {"cell_id": "892baa4cbd7ffff"}, "geometry": {"type": "Point", "coordinates": [-73.835814, 45.448666]}}, {"type": "Feature", "properties": {"cell_id": "892baa4cbdbffff"}, "geometry": {"type": "Point", "coordinates": [-73.843025, 45.451285]}}, {"type": "Feature", "properties": {"cell_id": "892baa4cc03ffff"}, "geometry": {"type": "Point", "coordinates": [-73.80616, 45.479949]}}, {"type": "Feature", "properties": {"cell_id": "892baa4cc07ffff"}, "geometry": {"type": "Point", "coordinates": [-73.803686, 45.477221]}}, {"type": "Feature", "properties": {"cell_id": "892baa4cc0bffff"}, "geometry": {"type": "Point", "coordinates": [-73.8109, 45.479843]}}, {"type": "Feature", "properties": {"cell_id": "892baa4cc0fffff"}, "geometry": {"type": "Point", "coordinates": [-73.808426, 45.477115]}}, {"type": "Feature", "properties": {"cell_id": "892baa4cc13ffff"}, "geometry": {"type": "Point", "coordinates": [-73.803893, 45.482784]}}, {"type": "Feature", "properties": {"cell_id": "892baa4cc17ffff"}, "geometry": {"type": "Point", "coordinates": [-73.801419, 45.480055]}}, {"type": "Feature", "properties": {"cell_id": "892baa4cc1bffff"}, "geometry": {"type": "Point", "coordinates": [-73.808634, 45.482677]}}, {"type": "Feature", "properties": {"cell_id": "892baa4cc23ffff"}, "geometry": {"type": "Point", "coordinates": [-73.803479, 45.471659]}}, {"type": "Feature", "properties": {"cell_id": "892baa4cc27ffff"}, "geometry": {"type": "Point", "coordinates": [-73.801006, 45.468931]}}, {"type": "Feature", "properties": {"cell_id": "892baa4cc2bffff"}, "geometry": {"type": "Point", "coordinates": [-73.808219, 45.471553]}}, {"type": "Feature", "properties": {"cell_id": "892baa4cc2fffff"}, "geometry": {"type": "Point", "coordinates": [-73.805745, 45.468825]}}, {"type": "Feature", "properties": {"cell_id": "892baa4cc33ffff"}, "geometry": {"type": "Point", "coordinates": [-73.801212, 45.474493]}}, {"type": "Feature", "properties": {"cell_id": "892baa4cc37ffff"}, "geometry": {"type": "Point", "coordinates": [-73.798739, 45.471765]}}, {"type": "Feature", "properties": {"cell_id": "892baa4cc3bffff"}, "geometry": {"type": "Point", "coordinates": [-73.805952, 45.474387]}}, {"type": "Feature", "properties": {"cell_id": "892baa4cc43ffff"}, "geometry": {"type": "Point", "coordinates": [-73.818115, 45.482464]}}, {"type": "Feature", "properties": {"cell_id": "892baa4cc47ffff"}, "geometry": {"type": "Point", "coordinates": [-73.815641, 45.479737]}}, {"type": "Feature", "properties": {"cell_id": "892baa4cc4bffff"}, "geometry": {"type": "Point", "coordinates": [-73.822856, 45.482358]}}, {"type": "Feature", "properties": {"cell_id": "892baa4cc4fffff"}, "geometry": {"type": "Point", "coordinates": [-73.820381, 45.47963]}}, {"type": "Feature", "properties": {"cell_id": "892baa4cc53ffff"}, "geometry": {"type": "Point", "coordinates": [-73.815849, 45.485299]}}, {"type": "Feature", "properties": {"cell_id": "892baa4cc57ffff"}, "geometry": {"type": "Point", "coordinates": [-73.813374, 45.482571]}}, {"type": "Feature", "properties": {"cell_id": "892baa4cc5bffff"}, "geometry": {"type": "Point", "coordinates": [-73.82059, 45.485192]}}, {"type": "Feature", "properties": {"cell_id": "892baa4cc63ffff"}, "geometry": {"type": "Point", "coordinates": [-73.815432, 45.474174]}}, {"type": "Feature", "properties": {"cell_id": "892baa4cc67ffff"}, "geometry": {"type": "Point", "coordinates": [-73.812958, 45.471447]}}, {"type": "Feature", "properties": {"cell_id": "892baa4cc6bffff"}, "geometry": {"type": "Point", "coordinates": [-73.820172, 45.474068]}}, {"type": "Feature", "properties": {"cell_id": "892baa4cc6fffff"}, "geometry": {"type": "Point", "coordinates": [-73.817698, 45.47134]}}, {"type": "Feature", "properties": {"cell_id": "892baa4cc73ffff"}, "geometry": {"type": "Point", "coordinates": [-73.813166, 45.477009]}}, {"type": "Feature", "properties": {"cell_id": "892baa4cc77ffff"}, "geometry": {"type": "Point", "coordinates": [-73.810692, 45.474281]}}, {"type": "Feature", "properties": {"cell_id": "892baa4cc7bffff"}, "geometry": {"type": "Point", "coordinates": [-73.817907, 45.476902]}}, {"type": "Feature", "properties": {"cell_id": "892baa4cc83ffff"}, "geometry": {"type": "Point", "coordinates": [-73.796884, 45.485724]}}, {"type": "Feature", "properties": {"cell_id": "892baa4cc87ffff"}, "geometry": {"type": "Point", "coordinates": [-73.794411, 45.482995]}}, {"type": "Feature", "properties": {"cell_id": "892baa4cc8bffff"}, "geometry": {"type": "Point", "coordinates": [-73.801625, 45.485618]}}, {"type": "Feature", "properties": {"cell_id": "892baa4cc8fffff"}, "geometry": {"type": "Point", "coordinates": [-73.799152, 45.48289]}}, {"type": "Feature", "properties": {"cell_id": "892baa4cc93ffff"}, "geometry": {"type": "Point", "coordinates": [-73.794617, 45.488558]}}, {"type": "Feature", "properties": {"cell_id": "892baa4cc97ffff"}, "geometry": {"type": "Point", "coordinates": [-73.792143, 45.48583]}}, {"type": "Feature", "properties": {"cell_id": "892baa4cc9bffff"}, "geometry": {"type": "Point", "coordinates": [-73.799358, 45.488452]}}, {"type": "Feature", "properties": {"cell_id": "892baa4cca3ffff"}, "geometry": {"type": "Point", "coordinates": [-73.794205, 45.477433]}}, {"type": "Feature", "properties": {"cell_id": "892baa4cca7ffff"}, "geometry": {"type": "Point", "coordinates": [-73.791732, 45.474705]}}, {"type": "Feature", "properties": {"cell_id": "892baa4ccabffff"}, "geometry": {"type": "Point", "coordinates": [-73.798946, 45.477327]}}, {"type": "Feature", "properties": {"cell_id": "892baa4ccafffff"}, "geometry": {"type": "Point", "coordinates": [-73.796472, 45.474599]}}, {"type": "Feature", "properties": {"cell_id": "892baa4ccb3ffff"}, "geometry": {"type": "Point", "coordinates": [-73.791938, 45.480267]}}, {"type": "Feature", "properties": {"cell_id": "892baa4ccb7ffff"}, "geometry": {"type": "Point", "coordinates": [-73.789465, 45.477539]}}, {"type": "Feature", "properties": {"cell_id": "892baa4ccbbffff"}, "geometry": {"type": "Point", "coordinates": [-73.796678, 45.480161]}}, {"type": "Feature", "properties": {"cell_id": "892baa4ccc3ffff"}, "geometry": {"type": "Point", "coordinates": [-73.808841, 45.48824]}}, {"type": "Feature", "properties": {"cell_id": "892baa4ccc7ffff"}, "geometry": {"type": "Point", "coordinates": [-73.806367, 45.485512]}}, {"type": "Feature", "properties": {"cell_id": "892baa4cccbffff"}, "geometry": {"type": "Point", "coordinates": [-73.813582, 45.488134]}}, {"type": "Feature", "properties": {"cell_id": "892baa4cccfffff"}, "geometry": {"type": "Point", "coordinates": [-73.811108, 45.485406]}}, {"type": "Feature", "properties": {"cell_id": "892baa4ccd3ffff"}, "geometry": {"type": "Point", "coordinates": [-73.806574, 45.491075]}}, {"type": "Feature", "properties": {"cell_id": "892baa4ccd7ffff"}, "geometry": {"type": "Point", "coordinates": [-73.804099, 45.488346]}}, {"type": "Feature", "properties": {"cell_id": "892baa4ccdbffff"}, "geometry": {"type": "Point", "coordinates": [-73.811316, 45.490968]}}, {"type": "Feature", "properties": {"cell_id": "892baa4cd03ffff"}, "geometry": {"type": "Point", "coordinates": [-73.78885, 45.460853]}}, {"type": "Feature", "properties": {"cell_id": "892baa4cd07ffff"}, "geometry": {"type": "Point", "coordinates": [-73.786379, 45.458125]}}, {"type": "Feature", "properties": {"cell_id": "892baa4cd0bffff"}, "geometry": {"type": "Point", "coordinates": [-73.793589, 45.460748]}}, {"type": "Feature", "properties": {"cell_id": "892baa4cd0fffff"}, "geometry": {"type": "Point", "coordinates": [-73.791117, 45.45802]}}, {"type": "Feature", "properties": {"cell_id": "892baa4cd13ffff"}, "geometry": {"type": "Point", "coordinates": [-73.786583, 45.463687]}}, {"type": "Feature", "properties": {"cell_id": "892baa4cd17ffff"}, "geometry": {"type": "Point", "coordinates": [-73.784112, 45.460959]}}, {"type": "Feature", "properties": {"cell_id": "892baa4cd1bffff"}, "geometry": {"type": "Point", "coordinates": [-73.791322, 45.463581]}}, {"type": "Feature", "properties": {"cell_id": "892baa4cd23ffff"}, "geometry": {"type": "Point", "coordinates": [-73.786174, 45.452564]}}, {"type": "Feature", "properties": {"cell_id": "892baa4cd27ffff"}, "geometry": {"type": "Point", "coordinates": [-73.783703, 45.449837]}}, {"type": "Feature", "properties": {"cell_id": "892baa4cd2bffff"}, "geometry": {"type": "Point", "coordinates": [-73.790912, 45.452459]}}, {"type": "Feature", "properties": {"cell_id": "892baa4cd2fffff"}, "geometry": {"type": "Point", "coordinates": [-73.788441, 45.449731]}}, {"type": "Feature", "properties": {"cell_id": "892baa4cd33ffff"}, "geometry": {"type": "Point", "coordinates": [-73.783907, 45.455397]}}, {"type": "Feature", "properties": {"cell_id": "892baa4cd37ffff"}, "geometry": {"type": "Point", "coordinates": [-73.781437, 45.45267]}}, {"type": "Feature", "properties": {"cell_id": "892baa4cd3bffff"}, "geometry": {"type": "Point", "coordinates": [-73.788645, 45.455292]}}, {"type": "Feature", "properties": {"cell_id": "892baa4cd43ffff"}, "geometry": {"type": "Point", "coordinates": [-73.8008, 45.46337]}}, {"type": "Feature", "properties": {"cell_id": "892baa4cd47ffff"}, "geometry": {"type": "Point", "coordinates": [-73.798327, 45.460642]}}, {"type": "Feature", "properties": {"cell_id": "892baa4cd4bffff"}, "geometry": {"type": "Point", "coordinates": [-73.805538, 45.463264]}}, {"type": "Feature", "properties": {"cell_id": "892baa4cd4fffff"}, "geometry": {"type": "Point", "coordinates": [-73.803066, 45.460536]}}, {"type": "Feature", "properties": {"cell_id": "892baa4cd53ffff"}, "geometry": {"type": "Point", "coordinates": [-73.798533, 45.466203]}}, {"type": "Feature", "properties": {"cell_id": "892baa4cd57ffff"}, "geometry": {"type": "Point", "coordinates": [-73.796061, 45.463476]}}, {"type": "Feature", "properties": {"cell_id": "892baa4cd5bffff"}, "geometry": {"type": "Point", "coordinates": [-73.803272, 45.466097]}}, {"type": "Feature", "properties": {"cell_id": "892baa4cd63ffff"}, "geometry": {"type": "Point", "coordinates": [-73.798121, 45.455081]}}, {"type": "Feature", "properties": {"cell_id": "892baa4cd67ffff"}, "geometry": {"type": "Point", "coordinates": [-73.795649, 45.452353]}}, {"type": "Feature", "properties": {"cell_id": "892baa4cd6bffff"}, "geometry": {"type": "Point", "coordinates": [-73.802859, 45.454975]}}, {"type": "Feature", "properties": {"cell_id": "892baa4cd6fffff"}, "geometry": {"type": "Point", "coordinates": [-73.800387, 45.452247]}}, {"type": "Feature", "properties": {"cell_id": "892baa4cd73ffff"}, "geometry": {"type": "Point", "coordinates": [-73.795855, 45.457914]}}, {"type": "Feature", "properties": {"cell_id": "892baa4cd77ffff"}, "geometry": {"type": "Point", "coordinates": [-73.793383, 45.455186]}}, {"type": "Feature", "properties": {"cell_id": "892baa4cd7bffff"}, "geometry": {"type": "Point", "coordinates": [-73.800593, 45.457808]}}, {"type": "Feature", "properties": {"cell_id": "892baa4cd83ffff"}, "geometry": {"type": "Point", "coordinates": [-73.779577, 45.466625]}}, {"type": "Feature", "properties": {"cell_id": "892baa4cd87ffff"}, "geometry": {"type": "Point", "coordinates": [-73.777106, 45.463897]}}, {"type": "Feature", "properties": {"cell_id": "892baa4cd8bffff"}, "geometry": {"type": "Point", "coordinates": [-73.784316, 45.46652]}}, {"type": "Feature", "properties": {"cell_id": "892baa4cd8fffff"}, "geometry": {"type": "Point", "coordinates": [-73.781844, 45.463792]}}, {"type": "Feature", "properties": {"cell_id": "892baa4cd93ffff"}, "geometry": {"type": "Point", "coordinates": [-73.777309, 45.469459]}}, {"type": "Feature", "properties": {"cell_id": "892baa4cd97ffff"}, "geometry": {"type": "Point", "coordinates": [-73.774838, 45.46673]}}, {"type": "Feature", "properties": {"cell_id": "892baa4cd9bffff"}, "geometry": {"type": "Point", "coordinates": [-73.782048, 45.469354]}}, {"type": "Feature", "properties": {"cell_id": "892baa4cda3ffff"}, "geometry": {"type": "Point", "coordinates": [-73.776902, 45.458336]}}, {"type": "Feature", "properties": {"cell_id": "892baa4cda7ffff"}, "geometry": {"type": "Point", "coordinates": [-73.774432, 45.455608]}}, {"type": "Feature", "properties": {"cell_id": "892baa4cdabffff"}, "geometry": {"type": "Point", "coordinates": [-73.78164, 45.458231]}}, {"type": "Feature", "properties": {"cell_id": "892baa4cdafffff"}, "geometry": {"type": "Point", "coordinates": [-73.77917, 45.455503]}}, {"type": "Feature", "properties": {"cell_id": "892baa4cdb3ffff"}, "geometry": {"type": "Point", "coordinates": [-73.774635, 45.461169]}}, {"type": "Feature", "properties": {"cell_id": "892baa4cdb7ffff"}, "geometry": {"type": "Point", "coordinates": [-73.772164, 45.458441]}}, {"type": "Feature", "properties": {"cell_id": "892baa4cdbbffff"}, "geometry": {"type": "Point", "coordinates": [-73.779373, 45.461064]}}, {"type": "Feature", "properties": {"cell_id": "892baa4cdc3ffff"}, "geometry": {"type": "Point", "coordinates": [-73.791527, 45.469143]}}, {"type": "Feature", "properties": {"cell_id": "892baa4cdc7ffff"}, "geometry": {"type": "Point", "coordinates": [-73.789055, 45.466415]}}, {"type": "Feature", "properties": {"cell_id": "892baa4cdcbffff"}, "geometry": {"type": "Point", "coordinates": [-73.796267, 45.469037]}}, {"type": "Feature", "properties": {"cell_id": "892baa4cdcfffff"}, "geometry": {"type": "Point", "coordinates": [-73.793794, 45.466309]}}, {"type": "Feature", "properties": {"cell_id": "892baa4cdd3ffff"}, "geometry": {"type": "Point", "coordinates": [-73.78926, 45.471977]}}, {"type": "Feature", "properties": {"cell_id": "892baa4cdd7ffff"}, "geometry": {"type": "Point", "coordinates": [-73.786788, 45.469248]}}, {"type": "Feature", "properties": {"cell_id": "892baa4cddbffff"}, "geometry": {"type": "Point", "coordinates": [-73.794, 45.471871]}}, {"type": "Feature", "properties": {"cell_id": "892baa4ce03ffff"}, "geometry": {"type": "Point", "coordinates": [-73.839343, 45.479201]}}, {"type": "Feature", "properties": {"cell_id": "892baa4ce07ffff"}, "geometry": {"type": "Point", "coordinates": [-73.836868, 45.476474]}}, {"type": "Feature", "properties": {"cell_id": "892baa4ce0bffff"}, "geometry": {"type": "Point", "coordinates": [-73.844084, 45.479093]}}, {"type": "Feature", "properties": {"cell_id": "892baa4ce0fffff"}, "geometry": {"type": "Point", "coordinates": [-73.841608, 45.476366]}}, {"type": "Feature", "properties": {"cell_id": "892baa4ce13ffff"}, "geometry": {"type": "Point", "coordinates": [-73.837079, 45.482036]}}, {"type": "Feature", "properties": {"cell_id": "892baa4ce17ffff"}, "geometry": {"type": "Point", "coordinates": [-73.834603, 45.479309]}}, {"type": "Feature", "properties": {"cell_id": "892baa4ce1bffff"}, "geometry": {"type": "Point", "coordinates": [-73.841819, 45.481929]}}, {"type": "Feature", "properties": {"cell_id": "892baa4ce23ffff"}, "geometry": {"type": "Point", "coordinates": [-73.836657, 45.470912]}}, {"type": "Feature", "properties": {"cell_id": "892baa4ce27ffff"}, "geometry": {"type": "Point", "coordinates": [-73.834182, 45.468185]}}, {"type": "Feature", "properties": {"cell_id": "892baa4ce2bffff"}, "geometry": {"type": "Point", "coordinates": [-73.841396, 45.470804]}}, {"type": "Feature", "properties": {"cell_id": "892baa4ce2fffff"}, "geometry": {"type": "Point", "coordinates": [-73.838921, 45.468077]}}, {"type": "Feature", "properties": {"cell_id": "892baa4ce33ffff"}, "geometry": {"type": "Point", "coordinates": [-73.834392, 45.473746]}}, {"type": "Feature", "properties": {"cell_id": "892baa4ce37ffff"}, "geometry": {"type": "Point", "coordinates": [-73.831917, 45.471019]}}, {"type": "Feature", "properties": {"cell_id": "892baa4ce3bffff"}, "geometry": {"type": "Point", "coordinates": [-73.839132, 45.473639]}}, {"type": "Feature", "properties": {"cell_id": "892baa4ce43ffff"}, "geometry": {"type": "Point", "coordinates": [-73.851301, 45.481713]}}, {"type": "Feature", "properties": {"cell_id": "892baa4ce47ffff"}, "geometry": {"type": "Point", "coordinates": [-73.848824, 45.478986]}}, {"type": "Feature", "properties": {"cell_id": "892baa4ce4bffff"}, "geometry": {"type": "Point", "coordinates": [-73.856042, 45.481605]}}, {"type": "Feature", "properties": {"cell_id": "892baa4ce4fffff"}, "geometry": {"type": "Point", "coordinates": [-73.853565, 45.478878]}}, {"type": "Feature", "properties": {"cell_id": "892baa4ce53ffff"}, "geometry": {"type": "Point", "coordinates": [-73.849037, 45.484548]}}, {"type": "Feature", "properties": {"cell_id": "892baa4ce57ffff"}, "geometry": {"type": "Point", "coordinates": [-73.84656, 45.481821]}}, {"type": "Feature", "properties": {"cell_id": "892baa4ce5bffff"}, "geometry": {"type": "Point", "coordinates": [-73.853778, 45.48444]}}, {"type": "Feature", "properties": {"cell_id": "892baa4ce63ffff"}, "geometry": {"type": "Point", "coordinates": [-73.848612, 45.473423]}}, {"type": "Feature", "properties": {"cell_id": "892baa4ce67ffff"}, "geometry": {"type": "Point", "coordinates": [-73.846136, 45.470696]}}, {"type": "Feature", "properties": {"cell_id": "892baa4ce6bffff"}, "geometry": {"type": "Point", "coordinates": [-73.853352, 45.473315]}}, {"type": "Feature", "properties": {"cell_id": "892baa4ce6fffff"}, "geometry": {"type": "Point", "coordinates": [-73.850876, 45.470588]}}, {"type": "Feature", "properties": {"cell_id": "892baa4ce73ffff"}, "geometry": {"type": "Point", "coordinates": [-73.846348, 45.476258]}}, {"type": "Feature", "properties": {"cell_id": "892baa4ce77ffff"}, "geometry": {"type": "Point", "coordinates": [-73.843872, 45.473531]}}, {"type": "Feature", "properties": {"cell_id": "892baa4ce7bffff"}, "geometry": {"type": "Point", "coordinates": [-73.851088, 45.47615]}}, {"type": "Feature", "properties": {"cell_id": "892baa4ce83ffff"}, "geometry": {"type": "Point", "coordinates": [-73.830072, 45.484978]}}, {"type": "Feature", "properties": {"cell_id": "892baa4ce87ffff"}, "geometry": {"type": "Point", "coordinates": [-73.827597, 45.482251]}}, {"type": "Feature", "properties": {"cell_id": "892baa4ce8bffff"}, "geometry": {"type": "Point", "coordinates": [-73.834814, 45.484871]}}, {"type": "Feature", "properties": {"cell_id": "892baa4ce8fffff"}, "geometry": {"type": "Point", "coordinates": [-73.832338, 45.482143]}}, {"type": "Feature", "properties": {"cell_id": "892baa4ce93ffff"}, "geometry": {"type": "Point", "coordinates": [-73.827807, 45.487813]}}, {"type": "Feature", "properties": {"cell_id": "892baa4ce97ffff"}, "geometry": {"type": "Point", "coordinates": [-73.825331, 45.485085]}}, {"type": "Feature", "properties": {"cell_id": "892baa4ce9bffff"}, "geometry": {"type": "Point", "coordinates": [-73.832548, 45.487706]}}, {"type": "Feature", "properties": {"cell_id": "892baa4cea3ffff"}, "geometry": {"type": "Point", "coordinates": [-73.827387, 45.476688]}}, {"type": "Feature", "properties": {"cell_id": "892baa4cea7ffff"}, "geometry": {"type": "Point", "coordinates": [-73.824912, 45.473961]}}, {"type": "Feature", "properties": {"cell_id": "892baa4ceabffff"}, "geometry": {"type": "Point", "coordinates": [-73.832127, 45.476581]}}, {"type": "Feature", "properties": {"cell_id": "892baa4ceafffff"}, "geometry": {"type": "Point", "coordinates": [-73.829652, 45.473854]}}, {"type": "Feature", "properties": {"cell_id": "892baa4ceb3ffff"}, "geometry": {"type": "Point", "coordinates": [-73.825122, 45.479523]}}, {"type": "Feature", "properties": {"cell_id": "892baa4ceb7ffff"}, "geometry": {"type": "Point", "coordinates": [-73.822647, 45.476795]}}, {"type": "Feature", "properties": {"cell_id": "892baa4cebbffff"}, "geometry": {"type": "Point", "coordinates": [-73.829862, 45.479416]}}, {"type": "Feature", "properties": {"cell_id": "892baa4cec3ffff"}, "geometry": {"type": "Point", "coordinates": [-73.842031, 45.487491]}}, {"type": "Feature", "properties": {"cell_id": "892baa4cec7ffff"}, "geometry": {"type": "Point", "coordinates": [-73.839555, 45.484764]}}, {"type": "Feature", "properties": {"cell_id": "892baa4cecbffff"}, "geometry": {"type": "Point", "coordinates": [-73.846772, 45.487383]}}, {"type": "Feature", "properties": {"cell_id": "892baa4cecfffff"}, "geometry": {"type": "Point", "coordinates": [-73.844296, 45.484656]}}, {"type": "Feature", "properties": {"cell_id": "892baa4ced3ffff"}, "geometry": {"type": "Point", "coordinates": [-73.839766, 45.490326]}}, {"type": "Feature", "properties": {"cell_id": "892baa4ced7ffff"}, "geometry": {"type": "Point", "coordinates": [-73.83729, 45.487599]}}, {"type": "Feature", "properties": {"cell_id": "892baa4cedbffff"}, "geometry": {"type": "Point", "coordinates": [-73.844508, 45.490219]}}, {"type": "Feature", "properties": {"cell_id": "892baa4d803ffff"}, "geometry": {"type": "Point", "coordinates": [-73.90571, 45.477676]}}, {"type": "Feature", "properties": {"cell_id": "892baa4d807ffff"}, "geometry": {"type": "Point", "coordinates": [-73.90323, 45.47495]}}, {"type": "Feature", "properties": {"cell_id": "892baa4d80bffff"}, "geometry": {"type": "Point", "coordinates": [-73.910451, 45.477565]}}, {"type": "Feature", "properties": {"cell_id": "892baa4d80fffff"}, "geometry": {"type": "Point", "coordinates": [-73.90797, 45.47484]}}, {"type": "Feature", "properties": {"cell_id": "892baa4d813ffff"}, "geometry": {"type": "Point", "coordinates": [-73.90345, 45.480512]}}, {"type": "Feature", "properties": {"cell_id": "892baa4d817ffff"}, "geometry": {"type": "Point", "coordinates": [-73.90097, 45.477786]}}, {"type": "Feature", "properties": {"cell_id": "892baa4d81bffff"}, "geometry": {"type": "Point", "coordinates": [-73.90819, 45.480402]}}, {"type": "Feature", "properties": {"cell_id": "892baa4d823ffff"}, "geometry": {"type": "Point", "coordinates": [-73.903011, 45.469388]}}, {"type": "Feature", "properties": {"cell_id": "892baa4d827ffff"}, "geometry": {"type": "Point", "coordinates": [-73.900532, 45.466662]}}, {"type": "Feature", "properties": {"cell_id": "892baa4d82bffff"}, "geometry": {"type": "Point", "coordinates": [-73.907751, 45.469278]}}, {"type": "Feature", "properties": {"cell_id": "892baa4d82fffff"}, "geometry": {"type": "Point", "coordinates": [-73.905271, 45.466552]}}, {"type": "Feature", "properties": {"cell_id": "892baa4d833ffff"}, "geometry": {"type": "Point", "coordinates": [-73.900751, 45.472224]}}, {"type": "Feature", "properties": {"cell_id": "892baa4d837ffff"}, "geometry": {"type": "Point", "coordinates": [-73.898272, 45.469498]}}, {"type": "Feature", "properties": {"cell_id": "892baa4d83bffff"}, "geometry": {"type": "Point", "coordinates": [-73.905491, 45.472114]}}, {"type": "Feature", "properties": {"cell_id": "892baa4d843ffff"}, "geometry": {"type": "Point", "coordinates": [-73.917672, 45.480181]}}, {"type": "Feature", "properties": {"cell_id": "892baa4d847ffff"}, "geometry": {"type": "Point", "coordinates": [-73.915191, 45.477455]}}, {"type": "Feature", "properties": {"cell_id": "892baa4d84bffff"}, "geometry": {"type": "Point", "coordinates": [-73.922412, 45.48007]}}, {"type": "Feature", "properties": {"cell_id": "892baa4d84fffff"}, "geometry": {"type": "Point", "coordinates": [-73.919931, 45.477344]}}, {"type": "Feature", "properties": {"cell_id": "892baa4d853ffff"}, "geometry": {"type": "Point", "coordinates": [-73.915412, 45.483017]}}, {"type": "Feature", "properties": {"cell_id": "892baa4d857ffff"}, "geometry": {"type": "Point", "coordinates": [-73.912931, 45.480291]}}, {"type": "Feature", "properties": {"cell_id": "892baa4d85bffff"}, "geometry": {"type": "Point", "coordinates": [-73.920153, 45.482906]}}, {"type": "Feature", "properties": {"cell_id": "892baa4d863ffff"}, "geometry": {"type": "Point", "coordinates": [-73.91497, 45.471893]}}, {"type": "Feature", "properties": {"cell_id": "892baa4d867ffff"}, "geometry": {"type": "Point", "coordinates": [-73.91249, 45.469167]}}, {"type": "Feature", "properties": {"cell_id": "892baa4d86bffff"}, "geometry": {"type": "Point", "coordinates": [-73.91971, 45.471782]}}, {"type": "Feature", "properties": {"cell_id": "892baa4d86fffff"}, "geometry": {"type": "Point", "coordinates": [-73.91723, 45.469056]}}, {"type": "Feature", "properties": {"cell_id": "892baa4d873ffff"}, "geometry": {"type": "Point", "coordinates": [-73.912711, 45.474729]}}, {"type": "Feature", "properties": {"cell_id": "892baa4d877ffff"}, "geometry": {"type": "Point", "coordinates": [-73.910231, 45.472003]}}, {"type": "Feature", "properties": {"cell_id": "892baa4d87bffff"}, "geometry": {"type": "Point", "coordinates": [-73.917451, 45.474618]}}, {"type": "Feature", "properties": {"cell_id": "892baa4d883ffff"}, "geometry": {"type": "Point", "coordinates": [-73.896448, 45.483459]}}, {"type": "Feature", "properties": {"cell_id": "892baa4d887ffff"}, "geometry": {"type": "Point", "coordinates": [-73.893968, 45.480732]}}, {"type": "Feature", "properties": {"cell_id": "892baa4d88bffff"}, "geometry": {"type": "Point", "coordinates": [-73.901189, 45.483348]}}, {"type": "Feature", "properties": {"cell_id": "892baa4d88fffff"}, "geometry": {"type": "Point", "coordinates": [-73.898709, 45.480622]}}, {"type": "Feature", "properties": {"cell_id": "892baa4d893ffff"}, "geometry": {"type": "Point", "coordinates": [-73.894186, 45.486295]}}, {"type": "Feature", "properties": {"cell_id": "892baa4d897ffff"}, "geometry": {"type": "Point", "coordinates": [-73.891707, 45.483568]}}, {"type": "Feature", "properties": {"cell_id": "892baa4d89bffff"}, "geometry": {"type": "Point", "coordinates": [-73.898928, 45.486185]}}, {"type": "Feature", "properties": {"cell_id": "892baa4d8a3ffff"}, "geometry": {"type": "Point", "coordinates": [-73.89375, 45.47517]}}, {"type": "Feature", "properties": {"cell_id": "892baa4d8a7ffff"}, "geometry": {"type": "Point", "coordinates": [-73.891271, 45.472444]}}, {"type": "Feature", "properties": {"cell_id": "892baa4d8abffff"}, "geometry": {"type": "Point", "coordinates": [-73.89849, 45.47506]}}, {"type": "Feature", "properties": {"cell_id": "892baa4d8afffff"}, "geometry": {"type": "Point", "coordinates": [-73.896011, 45.472334]}}, {"type": "Feature", "properties": {"cell_id": "892baa4d8b3ffff"}, "geometry": {"type": "Point", "coordinates": [-73.891489, 45.478006]}}, {"type": "Feature", "properties": {"cell_id": "892baa4d8b7ffff"}, "geometry": {"type": "Point", "coordinates": [-73.88901, 45.47528]}}, {"type": "Feature", "properties": {"cell_id": "892baa4d8bbffff"}, "geometry": {"type": "Point", "coordinates": [-73.896229, 45.477896]}}, {"type": "Feature", "properties": {"cell_id": "892baa4d8c3ffff"}, "geometry": {"type": "Point", "coordinates": [-73.90841, 45.485964]}}, {"type": "Feature", "properties": {"cell_id": "892baa4d8c7ffff"}, "geometry": {"type": "Point", "coordinates": [-73.90593, 45.483238]}}, {"type": "Feature", "properties": {"cell_id": "892baa4d8cbffff"}, "geometry": {"type": "Point", "coordinates": [-73.913151, 45.485854]}}, {"type": "Feature", "properties": {"cell_id": "892baa4d8cfffff"}, "geometry": {"type": "Point", "coordinates": [-73.910671, 45.483128]}}, {"type": "Feature", "properties": {"cell_id": "892baa4d8d3ffff"}, "geometry": {"type": "Point", "coordinates": [-73.906149, 45.488801]}}, {"type": "Feature", "properties": {"cell_id": "892baa4d8d7ffff"}, "geometry": {"type": "Point", "coordinates": [-73.903669, 45.486075]}}, {"type": "Feature", "properties": {"cell_id": "892baa4d8dbffff"}, "geometry": {"type": "Point", "coordinates": [-73.910891, 45.488691]}}, {"type": "Feature", "properties": {"cell_id": "892baa4d903ffff"}, "geometry": {"type": "Point", "coordinates": [-73.888358, 45.458595]}}, {"type": "Feature", "properties": {"cell_id": "892baa4d907ffff"}, "geometry": {"type": "Point", "coordinates": [-73.88588, 45.455869]}}, {"type": "Feature", "properties": {"cell_id": "892baa4d90bffff"}, "geometry": {"type": "Point", "coordinates": [-73.893096, 45.458485]}}, {"type": "Feature", "properties": {"cell_id": "892baa4d90fffff"}, "geometry": {"type": "Point", "coordinates": [-73.890618, 45.455759]}}, {"type": "Feature", "properties": {"cell_id": "892baa4d913ffff"}, "geometry": {"type": "Point", "coordinates": [-73.886097, 45.46143]}}, {"type": "Feature", "properties": {"cell_id": "892baa4d917ffff"}, "geometry": {"type": "Point", "coordinates": [-73.883619, 45.458704]}}, {"type": "Feature", "properties": {"cell_id": "892baa4d91bffff"}, "geometry": {"type": "Point", "coordinates": [-73.890836, 45.46132]}}, {"type": "Feature", "properties": {"cell_id": "892baa4d923ffff"}, "geometry": {"type": "Point", "coordinates": [-73.885663, 45.450308]}}, {"type": "Feature", "properties": {"cell_id": "892baa4d927ffff"}, "geometry": {"type": "Point", "coordinates": [-73.883186, 45.447582]}}, {"type": "Feature", "properties": {"cell_id": "892baa4d92bffff"}, "geometry": {"type": "Point", "coordinates": [-73.890401, 45.450198]}}, {"type": "Feature", "properties": {"cell_id": "892baa4d92fffff"}, "geometry": {"type": "Point", "coordinates": [-73.887923, 45.447473]}}, {"type": "Feature", "properties": {"cell_id": "892baa4d933ffff"}, "geometry": {"type": "Point", "coordinates": [-73.883403, 45.453143]}}, {"type": "Feature", "properties": {"cell_id": "892baa4d937ffff"}, "geometry": {"type": "Point", "coordinates": [-73.880926, 45.450417]}}, {"type": "Feature", "properties": {"cell_id": "892baa4d93bffff"}, "geometry": {"type": "Point", "coordinates": [-73.888141, 45.453033]}}, {"type": "Feature", "properties": {"cell_id": "892baa4d943ffff"}, "geometry": {"type": "Point", "coordinates": [-73.900313, 45.461101]}}, {"type": "Feature", "properties": {"cell_id": "892baa4d947ffff"}, "geometry": {"type": "Point", "coordinates": [-73.897835, 45.458375]}}, {"type": "Feature", "properties": {"cell_id": "892baa4d94bffff"}, "geometry": {"type": "Point", "coordinates": [-73.905052, 45.46099]}}, {"type": "Feature", "properties": {"cell_id": "892baa4d94fffff"}, "geometry": {"type": "Point", "coordinates": [-73.902573, 45.458265]}}, {"type": "Feature", "properties": {"cell_id": "892baa4d953ffff"}, "geometry": {"type": "Point", "coordinates": [-73.898053, 45.463936]}}, {"type": "Feature", "properties": {"cell_id": "892baa4d957ffff"}, "geometry": {"type": "Point", "coordinates": [-73.895575, 45.461211]}}, {"type": "Feature", "properties": {"cell_id": "892baa4d95bffff"}, "geometry": {"type": "Point", "coordinates": [-73.902792, 45.463826]}}, {"type": "Feature", "properties": {"cell_id": "892baa4d963ffff"}, "geometry": {"type": "Point", "coordinates": [-73.897616, 45.452814]}}, {"type": "Feature", "properties": {"cell_id": "892baa4d967ffff"}, "geometry": {"type": "Point", "coordinates": [-73.895138, 45.450088]}}, {"type": "Feature", "properties": {"cell_id": "892baa4d96bffff"}, "geometry": {"type": "Point", "coordinates": [-73.902354, 45.452704]}}, {"type": "Feature", "properties": {"cell_id": "892baa4d96fffff"}, "geometry": {"type": "Point", "coordinates": [-73.899876, 45.449978]}}, {"type": "Feature", "properties": {"cell_id": "892baa4d973ffff"}, "geometry": {"type": "Point", "coordinates": [-73.895356, 45.455649]}}, {"type": "Feature", "properties": {"cell_id": "892baa4d977ffff"}, "geometry": {"type": "Point", "coordinates": [-73.892878, 45.452924]}}, {"type": "Feature", "properties": {"cell_id": "892baa4d97bffff"}, "geometry": {"type": "Point", "coordinates": [-73.900094, 45.455539]}}, {"type": "Feature", "properties": {"cell_id": "892baa4d983ffff"}, "geometry": {"type": "Point", "coordinates": [-73.879097, 45.464375]}}, {"type": "Feature", "properties": {"cell_id": "892baa4d987ffff"}, "geometry": {"type": "Point", "coordinates": [-73.87662, 45.461649]}}, {"type": "Feature", "properties": {"cell_id": "892baa4d98bffff"}, "geometry": {"type": "Point", "coordinates": [-73.883836, 45.464265]}}, {"type": "Feature", "properties": {"cell_id": "892baa4d98fffff"}, "geometry": {"type": "Point", "coordinates": [-73.881358, 45.461539]}}, {"type": "Feature", "properties": {"cell_id": "892baa4d993ffff"}, "geometry": {"type": "Point", "coordinates": [-73.876836, 45.46721]}}, {"type": "Feature", "properties": {"cell_id": "892baa4d997ffff"}, "geometry": {"type": "Point", "coordinates": [-73.874358, 45.464484]}}, {"type": "Feature", "properties": {"cell_id": "892baa4d99bffff"}, "geometry": {"type": "Point", "coordinates": [-73.881575, 45.467101]}}, {"type": "Feature", "properties": {"cell_id": "892baa4d9a3ffff"}, "geometry": {"type": "Point", "coordinates": [-73.876404, 45.456087]}}, {"type": "Feature", "properties": {"cell_id": "892baa4d9a7ffff"}, "geometry": {"type": "Point", "coordinates": [-73.873927, 45.453361]}}, {"type": "Feature", "properties": {"cell_id": "892baa4d9abffff"}, "geometry": {"type": "Point", "coordinates": [-73.881142, 45.455978]}}, {"type": "Feature", "properties": {"cell_id": "892baa4d9afffff"}, "geometry": {"type": "Point", "coordinates": [-73.878665, 45.453252]}}, {"type": "Feature", "properties": {"cell_id": "892baa4d9b3ffff"}, "geometry": {"type": "Point", "coordinates": [-73.874143, 45.458923]}}, {"type": "Feature", "properties": {"cell_id": "892baa4d9b7ffff"}, "geometry": {"type": "Point", "coordinates": [-73.871666, 45.456196]}}, {"type": "Feature", "properties": {"cell_id": "892baa4d9bbffff"}, "geometry": {"type": "Point", "coordinates": [-73.878881, 45.458813]}}, {"type": "Feature", "properties": {"cell_id": "892baa4d9c3ffff"}, "geometry": {"type": "Point", "coordinates": [-73.891053, 45.466882]}}, {"type": "Feature", "properties": {"cell_id": "892baa4d9c7ffff"}, "geometry": {"type": "Point", "coordinates": [-73.888575, 45.464156]}}, {"type": "Feature", "properties": {"cell_id": "892baa4d9cbffff"}, "geometry": {"type": "Point", "coordinates": [-73.895793, 45.466772]}}, {"type": "Feature", "properties": {"cell_id": "892baa4d9cfffff"}, "geometry": {"type": "Point", "coordinates": [-73.893314, 45.464046]}}, {"type": "Feature", "properties": {"cell_id": "892baa4d9d3ffff"}, "geometry": {"type": "Point", "coordinates": [-73.888793, 45.469718]}}, {"type": "Feature", "properties": {"cell_id": "892baa4d9d7ffff"}, "geometry": {"type": "Point", "coordinates": [-73.886314, 45.466992]}}, {"type": "Feature", "properties": {"cell_id": "892baa4d9dbffff"}, "geometry": {"type": "Point", "coordinates": [-73.893532, 45.469608]}}, {"type": "Feature", "properties": {"cell_id": "892baa4da23ffff"}, "geometry": {"type": "Point", "coordinates": [-73.936188, 45.468612]}}, {"type": "Feature", "properties": {"cell_id": "892baa4da27ffff"}, "geometry": {"type": "Point", "coordinates": [-73.933707, 45.465886]}}, {"type": "Feature", "properties": {"cell_id": "892baa4da2fffff"}, "geometry": {"type": "Point", "coordinates": [-73.938446, 45.465775]}}, {"type": "Feature", "properties": {"cell_id": "892baa4da33ffff"}, "geometry": {"type": "Point", "coordinates": [-73.93393, 45.471448]}}, {"type": "Feature", "properties": {"cell_id": "892baa4da37ffff"}, "geometry": {"type": "Point", "coordinates": [-73.931448, 45.468723]}}, {"type": "Feature", "properties": {"cell_id": "892baa4da87ffff"}, "geometry": {"type": "Point", "coordinates": [-73.927153, 45.479959]}}, {"type": "Feature", "properties": {"cell_id": "892baa4daa3ffff"}, "geometry": {"type": "Point", "coordinates": [-73.926931, 45.474396]}}, {"type": "Feature", "properties": {"cell_id": "892baa4daa7ffff"}, "geometry": {"type": "Point", "coordinates": [-73.92445, 45.471671]}}, {"type": "Feature", "properties": {"cell_id": "892baa4daabffff"}, "geometry": {"type": "Point", "coordinates": [-73.931671, 45.474285]}}, {"type": "Feature", "properties": {"cell_id": "892baa4daafffff"}, "geometry": {"type": "Point", "coordinates": [-73.92919, 45.47156]}}, {"type": "Feature", "properties": {"cell_id": "892baa4dab3ffff"}, "geometry": {"type": "Point", "coordinates": [-73.924672, 45.477233]}}, {"type": "Feature", "properties": {"cell_id": "892baa4dab7ffff"}, "geometry": {"type": "Point", "coordinates": [-73.922191, 45.474507]}}, {"type": "Feature", "properties": {"cell_id": "892baa4dabbffff"}, "geometry": {"type": "Point", "coordinates": [-73.929412, 45.477122]}}, {"type": "Feature", "properties": {"cell_id": "892baa4db03ffff"}, "geometry": {"type": "Point", "coordinates": [-73.921526, 45.457822]}}, {"type": "Feature", "properties": {"cell_id": "892baa4db07ffff"}, "geometry": {"type": "Point", "coordinates": [-73.919047, 45.455097]}}, {"type": "Feature", "properties": {"cell_id": "892baa4db0bffff"}, "geometry": {"type": "Point", "coordinates": [-73.926265, 45.457711]}}, {"type": "Feature", "properties": {"cell_id": "892baa4db0fffff"}, "geometry": {"type": "Point", "coordinates": [-73.923785, 45.454986]}}, {"type": "Feature", "properties": {"cell_id": "892baa4db13ffff"}, "geometry": {"type": "Point", "coordinates": [-73.919268, 45.460659]}}, {"type": "Feature", "properties": {"cell_id": "892baa4db17ffff"}, "geometry": {"type": "Point", "coordinates": [-73.916788, 45.457933]}}, {"type": "Feature", "properties": {"cell_id": "892baa4db1bffff"}, "geometry": {"type": "Point", "coordinates": [-73.924006, 45.460548]}}, {"type": "Feature", "properties": {"cell_id": "892baa4db23ffff"}, "geometry": {"type": "Point", "coordinates": [-73.918826, 45.449536]}}, {"type": "Feature", "properties": {"cell_id": "892baa4db27ffff"}, "geometry": {"type": "Point", "coordinates": [-73.916347, 45.446811]}}, {"type": "Feature", "properties": {"cell_id": "892baa4db2bffff"}, "geometry": {"type": "Point", "coordinates": [-73.923563, 45.449425]}}, {"type": "Feature", "properties": {"cell_id": "892baa4db2fffff"}, "geometry": {"type": "Point", "coordinates": [-73.921084, 45.446701]}}, {"type": "Feature", "properties": {"cell_id": "892baa4db33ffff"}, "geometry": {"type": "Point", "coordinates": [-73.916567, 45.452372]}}, {"type": "Feature", "properties": {"cell_id": "892baa4db37ffff"}, "geometry": {"type": "Point", "coordinates": [-73.914088, 45.449647]}}, {"type": "Feature", "properties": {"cell_id": "892baa4db3bffff"}, "geometry": {"type": "Point", "coordinates": [-73.921305, 45.452261]}}, {"type": "Feature", "properties": {"cell_id": "892baa4db43ffff"}, "geometry": {"type": "Point", "coordinates": [-73.933484, 45.460325]}}, {"type": "Feature", "properties": {"cell_id": "892baa4db47ffff"}, "geometry": {"type": "Point", "coordinates": [-73.931003, 45.4576]}}, {"type": "Feature", "properties": {"cell_id": "892baa4db4bffff"}, "geometry": {"type": "Point", "coordinates": [-73.938222, 45.460213]}}, {"type": "Feature", "properties": {"cell_id": "892baa4db4fffff"}, "geometry": {"type": "Point", "coordinates": [-73.935741, 45.457489]}}, {"type": "Feature", "properties": {"cell_id": "892baa4db53ffff"}, "geometry": {"type": "Point", "coordinates": [-73.931226, 45.463161]}}, {"type": "Feature", "properties": {"cell_id": "892baa4db57ffff"}, "geometry": {"type": "Point", "coordinates": [-73.928745, 45.460436]}}, {"type": "Feature", "properties": {"cell_id": "892baa4db5bffff"}, "geometry": {"type": "Point", "coordinates": [-73.935965, 45.46305]}}, {"type": "Feature", "properties": {"cell_id": "892baa4db63ffff"}, "geometry": {"type": "Point", "coordinates": [-73.930781, 45.452039]}}, {"type": "Feature", "properties": {"cell_id": "892baa4db67ffff"}, "geometry": {"type": "Point", "coordinates": [-73.928301, 45.449314]}}, {"type": "Feature", "properties": {"cell_id": "892baa4db6bffff"}, "geometry": {"type": "Point", "coordinates": [-73.935518, 45.451927]}}, {"type": "Feature", "properties": {"cell_id": "892baa4db6fffff"}, "geometry": {"type": "Point", "coordinates": [-73.933038, 45.449203]}}, {"type": "Feature", "properties": {"cell_id": "892baa4db73ffff"}, "geometry": {"type": "Point", "coordinates": [-73.928523, 45.454875]}}, {"type": "Feature", "properties": {"cell_id": "892baa4db77ffff"}, "geometry": {"type": "Point", "coordinates": [-73.926043, 45.45215]}}, {"type": "Feature", "properties": {"cell_id": "892baa4db7bffff"}, "geometry": {"type": "Point", "coordinates": [-73.933261, 45.454764]}}, {"type": "Feature", "properties": {"cell_id": "892baa4db83ffff"}, "geometry": {"type": "Point", "coordinates": [-73.91227, 45.463605]}}, {"type": "Feature", "properties": {"cell_id": "892baa4db87ffff"}, "geometry": {"type": "Point", "coordinates": [-73.909791, 45.46088]}}, {"type": "Feature", "properties": {"cell_id": "892baa4db8bffff"}, "geometry": {"type": "Point", "coordinates": [-73.917009, 45.463495]}}, {"type": "Feature", "properties": {"cell_id": "892baa4db8fffff"}, "geometry": {"type": "Point", "coordinates": [-73.914529, 45.460769]}}, {"type": "Feature", "properties": {"cell_id": "892baa4db93ffff"}, "geometry": {"type": "Point", "coordinates": [-73.910011, 45.466441]}}, {"type": "Feature", "properties": {"cell_id": "892baa4db97ffff"}, "geometry": {"type": "Point", "coordinates": [-73.907531, 45.463716]}}, {"type": "Feature", "properties": {"cell_id": "892baa4db9bffff"}, "geometry": {"type": "Point", "coordinates": [-73.91475, 45.466331]}}, {"type": "Feature", "properties": {"cell_id": "892baa4dba3ffff"}, "geometry": {"type": "Point", "coordinates": [-73.909571, 45.455319]}}, {"type": "Feature", "properties": {"cell_id": "892baa4dba7ffff"}, "geometry": {"type": "Point", "coordinates": [-73.907092, 45.452593]}}, {"type": "Feature", "properties": {"cell_id": "892baa4dbabffff"}, "geometry": {"type": "Point", "coordinates": [-73.914309, 45.455208]}}, {"type": "Feature", "properties": {"cell_id": "892baa4dbafffff"}, "geometry": {"type": "Point", "coordinates": [-73.91183, 45.452483]}}, {"type": "Feature", "properties": {"cell_id": "892baa4dbb3ffff"}, "geometry": {"type": "Point", "coordinates": [-73.907311, 45.458155]}}, {"type": "Feature", "properties": {"cell_id": "892baa4dbb7ffff"}, "geometry": {"type": "Point", "coordinates": [-73.904833, 45.455429]}}, {"type": "Feature", "properties": {"cell_id": "892baa4dbbbffff"}, "geometry": {"type": "Point", "coordinates": [-73.91205, 45.458044]}}, {"type": "Feature", "properties": {"cell_id": "892baa4dbc3ffff"}, "geometry": {"type": "Point", "coordinates": [-73.924228, 45.466109]}}, {"type": "Feature", "properties": {"cell_id": "892baa4dbc7ffff"}, "geometry": {"type": "Point", "coordinates": [-73.921748, 45.463384]}}, {"type": "Feature", "properties": {"cell_id": "892baa4dbcbffff"}, "geometry": {"type": "Point", "coordinates": [-73.928967, 45.465998]}}, {"type": "Feature", "properties": {"cell_id": "892baa4dbcfffff"}, "geometry": {"type": "Point", "coordinates": [-73.926487, 45.463273]}}, {"type": "Feature", "properties": {"cell_id": "892baa4dbd3ffff"}, "geometry": {"type": "Point", "coordinates": [-73.921969, 45.468945]}}, {"type": "Feature", "properties": {"cell_id": "892baa4dbd7ffff"}, "geometry": {"type": "Point", "coordinates": [-73.919489, 45.46622]}}, {"type": "Feature", "properties": {"cell_id": "892baa4dbdbffff"}, "geometry": {"type": "Point", "coordinates": [-73.926709, 45.468834]}}, {"type": "Feature", "properties": {"cell_id": "892baa4dc03ffff"}, "geometry": {"type": "Point", "coordinates": [-73.88988, 45.497531]}}, {"type": "Feature", "properties": {"cell_id": "892baa4dc07ffff"}, "geometry": {"type": "Point", "coordinates": [-73.8874, 45.494804]}}, {"type": "Feature", "properties": {"cell_id": "892baa4dc0bffff"}, "geometry": {"type": "Point", "coordinates": [-73.894623, 45.497421]}}, {"type": "Feature", "properties": {"cell_id": "892baa4dc0fffff"}, "geometry": {"type": "Point", "coordinates": [-73.892142, 45.494694]}}, {"type": "Feature", "properties": {"cell_id": "892baa4dc13ffff"}, "geometry": {"type": "Point", "coordinates": [-73.887617, 45.500367]}}, {"type": "Feature", "properties": {"cell_id": "892baa4dc17ffff"}, "geometry": {"type": "Point", "coordinates": [-73.885137, 45.49764]}}, {"type": "Feature", "properties": {"cell_id": "892baa4dc1bffff"}, "geometry": {"type": "Point", "coordinates": [-73.89236, 45.500257]}}, {"type": "Feature", "properties": {"cell_id": "892baa4dc23ffff"}, "geometry": {"type": "Point", "coordinates": [-73.887183, 45.489241]}}, {"type": "Feature", "properties": {"cell_id": "892baa4dc27ffff"}, "geometry": {"type": "Point", "coordinates": [-73.884703, 45.486514]}}, {"type": "Feature", "properties": {"cell_id": "892baa4dc2bffff"}, "geometry": {"type": "Point", "coordinates": [-73.891924, 45.489131]}}, {"type": "Feature", "properties": {"cell_id": "892baa4dc2fffff"}, "geometry": {"type": "Point", "coordinates": [-73.889445, 45.486405]}}, {"type": "Feature", "properties": {"cell_id": "892baa4dc33ffff"}, "geometry": {"type": "Point", "coordinates": [-73.88492, 45.492077]}}, {"type": "Feature", "properties": {"cell_id": "892baa4dc37ffff"}, "geometry": {"type": "Point", "coordinates": [-73.882441, 45.48935]}}, {"type": "Feature", "properties": {"cell_id": "892baa4dc3bffff"}, "geometry": {"type": "Point", "coordinates": [-73.889662, 45.491967]}}, {"type": "Feature", "properties": {"cell_id": "892baa4dc43ffff"}, "geometry": {"type": "Point", "coordinates": [-73.901846, 45.500037]}}, {"type": "Feature", "properties": {"cell_id": "892baa4dc47ffff"}, "geometry": {"type": "Point", "coordinates": [-73.899365, 45.497311]}}, {"type": "Feature", "properties": {"cell_id": "892baa4dc4fffff"}, "geometry": {"type": "Point", "coordinates": [-73.904108, 45.497201]}}, {"type": "Feature", "properties": {"cell_id": "892baa4dc57ffff"}, "geometry": {"type": "Point", "coordinates": [-73.897103, 45.500148]}}, {"type": "Feature", "properties": {"cell_id": "892baa4dc63ffff"}, "geometry": {"type": "Point", "coordinates": [-73.899146, 45.491748]}}, {"type": "Feature", "properties": {"cell_id": "892baa4dc67ffff"}, "geometry": {"type": "Point", "coordinates": [-73.896666, 45.489021]}}, {"type": "Feature", "properties": {"cell_id": "892baa4dc6bffff"}, "geometry": {"type": "Point", "coordinates": [-73.903888, 45.491638]}}, {"type": "Feature", "properties": {"cell_id": "892baa4dc6fffff"}, "geometry": {"type": "Point", "coordinates": [-73.901408, 45.488911]}}, {"type": "Feature", "properties": {"cell_id": "892baa4dc73ffff"}, "geometry": {"type": "Point", "coordinates": [-73.896885, 45.494584]}}, {"type": "Feature", "properties": {"cell_id": "892baa4dc77ffff"}, "geometry": {"type": "Point", "coordinates": [-73.894404, 45.491858]}}, {"type": "Feature", "properties": {"cell_id": "892baa4dc7bffff"}, "geometry": {"type": "Point", "coordinates": [-73.901627, 45.494474]}}, {"type": "Feature", "properties": {"cell_id": "892baa4dc83ffff"}, "geometry": {"type": "Point", "coordinates": [-73.880611, 45.503313]}}, {"type": "Feature", "properties": {"cell_id": "892baa4dc87ffff"}, "geometry": {"type": "Point", "coordinates": [-73.878132, 45.500586]}}, {"type": "Feature", "properties": {"cell_id": "892baa4dc8bffff"}, "geometry": {"type": "Point", "coordinates": [-73.885355, 45.503204]}}, {"type": "Feature", "properties": {"cell_id": "892baa4dc8fffff"}, "geometry": {"type": "Point", "coordinates": [-73.882875, 45.500477]}}, {"type": "Feature", "properties": {"cell_id": "892baa4dc93ffff"}, "geometry": {"type": "Point", "coordinates": [-73.878348, 45.506149]}}, {"type": "Feature", "properties": {"cell_id": "892baa4dc97ffff"}, "geometry": {"type": "Point", "coordinates": [-73.875868, 45.503422]}}, {"type": "Feature", "properties": {"cell_id": "892baa4dc9bffff"}, "geometry": {"type": "Point", "coordinates": [-73.883091, 45.50604]}}, {"type": "Feature", "properties": {"cell_id": "892baa4dca3ffff"}, "geometry": {"type": "Point", "coordinates": [-73.877916, 45.495022]}}, {"type": "Feature", "properties": {"cell_id": "892baa4dca7ffff"}, "geometry": {"type": "Point", "coordinates": [-73.875437, 45.492295]}}, {"type": "Feature", "properties": {"cell_id": "892baa4dcabffff"}, "geometry": {"type": "Point", "coordinates": [-73.882658, 45.494913]}}, {"type": "Feature", "properties": {"cell_id": "892baa4dcafffff"}, "geometry": {"type": "Point", "coordinates": [-73.880178, 45.492186]}}, {"type": "Feature", "properties": {"cell_id": "892baa4dcb3ffff"}, "geometry": {"type": "Point", "coordinates": [-73.875652, 45.497859]}}, {"type": "Feature", "properties": {"cell_id": "892baa4dcb7ffff"}, "geometry": {"type": "Point", "coordinates": [-73.873173, 45.495132]}}, {"type": "Feature", "properties": {"cell_id": "892baa4dcbbffff"}, "geometry": {"type": "Point", "coordinates": [-73.880395, 45.497749]}}, {"type": "Feature", "properties": {"cell_id": "892baa4dcc3ffff"}, "geometry": {"type": "Point", "coordinates": [-73.892578, 45.505821]}}, {"type": "Feature", "properties": {"cell_id": "892baa4dcc7ffff"}, "geometry": {"type": "Point", "coordinates": [-73.890098, 45.503094]}}, {"type": "Feature", "properties": {"cell_id": "892baa4dccfffff"}, "geometry": {"type": "Point", "coordinates": [-73.894841, 45.502984]}}, {"type": "Feature", "properties": {"cell_id": "892baa4dcd3ffff"}, "geometry": {"type": "Point", "coordinates": [-73.890315, 45.508658]}}, {"type": "Feature", "properties": {"cell_id": "892baa4dcd7ffff"}, "geometry": {"type": "Point", "coordinates": [-73.887835, 45.505931]}}, {"type": "Feature", "properties": {"cell_id": "892baa4dd03ffff"}, "geometry": {"type": "Point", "coordinates": [-73.872527, 45.478443]}}, {"type": "Feature", "properties": {"cell_id": "892baa4dd07ffff"}, "geometry": {"type": "Point", "coordinates": [-73.870049, 45.475717]}}, {"type": "Feature", "properties": {"cell_id": "892baa4dd0bffff"}, "geometry": {"type": "Point", "coordinates": [-73.877267, 45.478334]}}, {"type": "Feature", "properties": {"cell_id": "892baa4dd0fffff"}, "geometry": {"type": "Point", "coordinates": [-73.874789, 45.475608]}}, {"type": "Feature", "properties": {"cell_id": "892baa4dd13ffff"}, "geometry": {"type": "Point", "coordinates": [-73.870264, 45.481279]}}, {"type": "Feature", "properties": {"cell_id": "892baa4dd17ffff"}, "geometry": {"type": "Point", "coordinates": [-73.867786, 45.478552]}}, {"type": "Feature", "properties": {"cell_id": "892baa4dd1bffff"}, "geometry": {"type": "Point", "coordinates": [-73.875005, 45.48117]}}, {"type": "Feature", "properties": {"cell_id": "892baa4dd23ffff"}, "geometry": {"type": "Point", "coordinates": [-73.869834, 45.470155]}}, {"type": "Feature", "properties": {"cell_id": "892baa4dd27ffff"}, "geometry": {"type": "Point", "coordinates": [-73.867357, 45.467428]}}, {"type": "Feature", "properties": {"cell_id": "892baa4dd2bffff"}, "geometry": {"type": "Point", "coordinates": [-73.874574, 45.470046]}}, {"type": "Feature", "properties": {"cell_id": "892baa4dd2fffff"}, "geometry": {"type": "Point", "coordinates": [-73.872096, 45.467319]}}, {"type": "Feature", "properties": {"cell_id": "892baa4dd33ffff"}, "geometry": {"type": "Point", "coordinates": [-73.867572, 45.47299]}}, {"type": "Feature", "properties": {"cell_id": "892baa4dd37ffff"}, "geometry": {"type": "Point", "coordinates": [-73.865095, 45.470263]}}, {"type": "Feature", "properties": {"cell_id": "892baa4dd3bffff"}, "geometry": {"type": "Point", "coordinates": [-73.872312, 45.472881]}}, {"type": "Feature", "properties": {"cell_id": "892baa4dd43ffff"}, "geometry": {"type": "Point", "coordinates": [-73.884487, 45.480952]}}, {"type": "Feature", "properties": {"cell_id": "892baa4dd47ffff"}, "geometry": {"type": "Point", "coordinates": [-73.882008, 45.478225]}}, {"type": "Feature", "properties": {"cell_id": "892baa4dd4bffff"}, "geometry": {"type": "Point", "coordinates": [-73.889227, 45.480842]}}, {"type": "Feature", "properties": {"cell_id": "892baa4dd4fffff"}, "geometry": {"type": "Point", "coordinates": [-73.886748, 45.478116]}}, {"type": "Feature", "properties": {"cell_id": "892baa4dd53ffff"}, "geometry": {"type": "Point", "coordinates": [-73.882224, 45.483787]}}, {"type": "Feature", "properties": {"cell_id": "892baa4dd57ffff"}, "geometry": {"type": "Point", "coordinates": [-73.879746, 45.481061]}}, {"type": "Feature", "properties": {"cell_id": "892baa4dd5bffff"}, "geometry": {"type": "Point", "coordinates": [-73.886966, 45.483678]}}, {"type": "Feature", "properties": {"cell_id": "892baa4dd63ffff"}, "geometry": {"type": "Point", "coordinates": [-73.881791, 45.472663]}}, {"type": "Feature", "properties": {"cell_id": "892baa4dd67ffff"}, "geometry": {"type": "Point", "coordinates": [-73.879313, 45.469937]}}, {"type": "Feature", "properties": {"cell_id": "892baa4dd6bffff"}, "geometry": {"type": "Point", "coordinates": [-73.886531, 45.472553]}}, {"type": "Feature", "properties": {"cell_id": "892baa4dd6fffff"}, "geometry": {"type": "Point", "coordinates": [-73.884053, 45.469827]}}, {"type": "Feature", "properties": {"cell_id": "892baa4dd73ffff"}, "geometry": {"type": "Point", "coordinates": [-73.87953, 45.475499]}}, {"type": "Feature", "properties": {"cell_id": "892baa4dd77ffff"}, "geometry": {"type": "Point", "coordinates": [-73.877051, 45.472772]}}, {"type": "Feature", "properties": {"cell_id": "892baa4dd7bffff"}, "geometry": {"type": "Point", "coordinates": [-73.88427, 45.475389]}}, {"type": "Feature", "properties": {"cell_id": "892baa4dd83ffff"}, "geometry": {"type": "Point", "coordinates": [-73.86326, 45.484223]}}, {"type": "Feature", "properties": {"cell_id": "892baa4dd87ffff"}, "geometry": {"type": "Point", "coordinates": [-73.860783, 45.481496]}}, {"type": "Feature", "properties": {"cell_id": "892baa4dd8bffff"}, "geometry": {"type": "Point", "coordinates": [-73.868001, 45.484115]}}, {"type": "Feature", "properties": {"cell_id": "892baa4dd8fffff"}, "geometry": {"type": "Point", "coordinates": [-73.865523, 45.481388]}}, {"type": "Feature", "properties": {"cell_id": "892baa4dd93ffff"}, "geometry": {"type": "Point", "coordinates": [-73.860997, 45.487059]}}, {"type": "Feature", "properties": {"cell_id": "892baa4dd97ffff"}, "geometry": {"type": "Point", "coordinates": [-73.858519, 45.484332]}}, {"type": "Feature", "properties": {"cell_id": "892baa4dd9bffff"}, "geometry": {"type": "Point", "coordinates": [-73.865738, 45.48695]}}, {"type": "Feature", "properties": {"cell_id": "892baa4dda3ffff"}, "geometry": {"type": "Point", "coordinates": [-73.860569, 45.475934]}}, {"type": "Feature", "properties": {"cell_id": "892baa4dda7ffff"}, "geometry": {"type": "Point", "coordinates": [-73.858092, 45.473207]}}, {"type": "Feature", "properties": {"cell_id": "892baa4ddabffff"}, "geometry": {"type": "Point", "coordinates": [-73.865309, 45.475825]}}, {"type": "Feature", "properties": {"cell_id": "892baa4ddafffff"}, "geometry": {"type": "Point", "coordinates": [-73.862832, 45.473099]}}, {"type": "Feature", "properties": {"cell_id": "892baa4ddb3ffff"}, "geometry": {"type": "Point", "coordinates": [-73.858305, 45.478769]}}, {"type": "Feature", "properties": {"cell_id": "892baa4ddb7ffff"}, "geometry": {"type": "Point", "coordinates": [-73.855829, 45.476042]}}, {"type": "Feature", "properties": {"cell_id": "892baa4ddbbffff"}, "geometry": {"type": "Point", "coordinates": [-73.863046, 45.478661]}}, {"type": "Feature", "properties": {"cell_id": "892baa4ddc3ffff"}, "geometry": {"type": "Point", "coordinates": [-73.875221, 45.486733]}}, {"type": "Feature", "properties": {"cell_id": "892baa4ddc7ffff"}, "geometry": {"type": "Point", "coordinates": [-73.872742, 45.484006]}}, {"type": "Feature", "properties": {"cell_id": "892baa4ddcbffff"}, "geometry": {"type": "Point", "coordinates": [-73.879962, 45.486623]}}, {"type": "Feature", "properties": {"cell_id": "892baa4ddcfffff"}, "geometry": {"type": "Point", "coordinates": [-73.877483, 45.483897]}}, {"type": "Feature", "properties": {"cell_id": "892baa4ddd3ffff"}, "geometry": {"type": "Point", "coordinates": [-73.872958, 45.489568]}}, {"type": "Feature", "properties": {"cell_id": "892baa4ddd7ffff"}, "geometry": {"type": "Point", "coordinates": [-73.870479, 45.486842]}}, {"type": "Feature", "properties": {"cell_id": "892baa4dddbffff"}, "geometry": {"type": "Point", "coordinates": [-73.877699, 45.489459]}}, {"type": "Feature", "properties": {"cell_id": "892baa4de27ffff"}, "geometry": {"type": "Point", "coordinates": [-73.917893, 45.485743]}}, {"type": "Feature", "properties": {"cell_id": "892baa4de37ffff"}, "geometry": {"type": "Point", "coordinates": [-73.915633, 45.48858]}}, {"type": "Feature", "properties": {"cell_id": "892baa4dea7ffff"}, "geometry": {"type": "Point", "coordinates": [-73.90863, 45.491527]}}, {"type": "Feature", "properties": {"cell_id": "892baa4deb7ffff"}, "geometry": {"type": "Point", "coordinates": [-73.906369, 45.494364]}}, {"type": "Feature", "properties": {"cell_id": "892baa4e027ffff"}, "geometry": {"type": "Point", "coordinates": [-73.770667, 45.547562]}}, {"type": "Feature", "properties": {"cell_id": "892baa4e103ffff"}, "geometry": {"type": "Point", "coordinates": [-73.758495, 45.539475]}}, {"type": "Feature", "properties": {"cell_id": "892baa4e107ffff"}, "geometry": {"type": "Point", "coordinates": [-73.756021, 45.536744]}}, {"type": "Feature", "properties": {"cell_id": "892baa4e10bffff"}, "geometry": {"type": "Point", "coordinates": [-73.763242, 45.539371]}}, {"type": "Feature", "properties": {"cell_id": "892baa4e10fffff"}, "geometry": {"type": "Point", "coordinates": [-73.760768, 45.53664]}}, {"type": "Feature", "properties": {"cell_id": "892baa4e113ffff"}, "geometry": {"type": "Point", "coordinates": [-73.756222, 45.54231]}}, {"type": "Feature", "properties": {"cell_id": "892baa4e117ffff"}, "geometry": {"type": "Point", "coordinates": [-73.753748, 45.539579]}}, {"type": "Feature", "properties": {"cell_id": "892baa4e11bffff"}, "geometry": {"type": "Point", "coordinates": [-73.760969, 45.542206]}}, {"type": "Feature", "properties": {"cell_id": "892baa4e123ffff"}, "geometry": {"type": "Point", "coordinates": [-73.75582, 45.531179]}}, {"type": "Feature", "properties": {"cell_id": "892baa4e127ffff"}, "geometry": {"type": "Point", "coordinates": [-73.753347, 45.528449]}}, {"type": "Feature", "properties": {"cell_id": "892baa4e12bffff"}, "geometry": {"type": "Point", "coordinates": [-73.760566, 45.531075]}}, {"type": "Feature", "properties": {"cell_id": "892baa4e12fffff"}, "geometry": {"type": "Point", "coordinates": [-73.758092, 45.528345]}}, {"type": "Feature", "properties": {"cell_id": "892baa4e133ffff"}, "geometry": {"type": "Point", "coordinates": [-73.753548, 45.534014]}}, {"type": "Feature", "properties": {"cell_id": "892baa4e137ffff"}, "geometry": {"type": "Point", "coordinates": [-73.751074, 45.531283]}}, {"type": "Feature", "properties": {"cell_id": "892baa4e13bffff"}, "geometry": {"type": "Point", "coordinates": [-73.758294, 45.53391]}}, {"type": "Feature", "properties": {"cell_id": "892baa4e143ffff"}, "geometry": {"type": "Point", "coordinates": [-73.770464, 45.541997]}}, {"type": "Feature", "properties": {"cell_id": "892baa4e147ffff"}, "geometry": {"type": "Point", "coordinates": [-73.767989, 45.539266]}}, {"type": "Feature", "properties": {"cell_id": "892baa4e14bffff"}, "geometry": {"type": "Point", "coordinates": [-73.775211, 45.541892]}}, {"type": "Feature", "properties": {"cell_id": "892baa4e14fffff"}, "geometry": {"type": "Point", "coordinates": [-73.772736, 45.539161]}}, {"type": "Feature", "properties": {"cell_id": "892baa4e153ffff"}, "geometry": {"type": "Point", "coordinates": [-73.768192, 45.544832]}}, {"type": "Feature", "properties": {"cell_id": "892baa4e157ffff"}, "geometry": {"type": "Point", "coordinates": [-73.765717, 45.542101]}}, {"type": "Feature", "properties": {"cell_id": "892baa4e15bffff"}, "geometry": {"type": "Point", "coordinates": [-73.772939, 45.544727]}}, {"type": "Feature", "properties": {"cell_id": "892baa4e163ffff"}, "geometry": {"type": "Point", "coordinates": [-73.767786, 45.533701]}}, {"type": "Feature", "properties": {"cell_id": "892baa4e167ffff"}, "geometry": {"type": "Point", "coordinates": [-73.765312, 45.530971]}}, {"type": "Feature", "properties": {"cell_id": "892baa4e16bffff"}, "geometry": {"type": "Point", "coordinates": [-73.772533, 45.533596]}}, {"type": "Feature", "properties": {"cell_id": "892baa4e16fffff"}, "geometry": {"type": "Point", "coordinates": [-73.770058, 45.530866]}}, {"type": "Feature", "properties": {"cell_id": "892baa4e173ffff"}, "geometry": {"type": "Point", "coordinates": [-73.765514, 45.536536]}}, {"type": "Feature", "properties": {"cell_id": "892baa4e177ffff"}, "geometry": {"type": "Point", "coordinates": [-73.76304, 45.533805]}}, {"type": "Feature", "properties": {"cell_id": "892baa4e17bffff"}, "geometry": {"type": "Point", "coordinates": [-73.770261, 45.536431]}}, {"type": "Feature", "properties": {"cell_id": "892baa4e183ffff"}, "geometry": {"type": "Point", "coordinates": [-73.749202, 45.545248]}}, {"type": "Feature", "properties": {"cell_id": "892baa4e187ffff"}, "geometry": {"type": "Point", "coordinates": [-73.746728, 45.542518]}}, {"type": "Feature", "properties": {"cell_id": "892baa4e18bffff"}, "geometry": {"type": "Point", "coordinates": [-73.753949, 45.545145]}}, {"type": "Feature", "properties": {"cell_id": "892baa4e18fffff"}, "geometry": {"type": "Point", "coordinates": [-73.751475, 45.542414]}}, {"type": "Feature", "properties": {"cell_id": "892baa4e193ffff"}, "geometry": {"type": "Point", "coordinates": [-73.746928, 45.548083]}}, {"type": "Feature", "properties": {"cell_id": "892baa4e197ffff"}, "geometry": {"type": "Point", "coordinates": [-73.744454, 45.545352]}}, {"type": "Feature", "properties": {"cell_id": "892baa4e19bffff"}, "geometry": {"type": "Point", "coordinates": [-73.751676, 45.547979]}}, {"type": "Feature", "properties": {"cell_id": "892baa4e1a3ffff"}, "geometry": {"type": "Point", "coordinates": [-73.746528, 45.536952]}}, {"type": "Feature", "properties": {"cell_id": "892baa4e1a7ffff"}, "geometry": {"type": "Point", "coordinates": [-73.744055, 45.534221]}}, {"type": "Feature", "properties": {"cell_id": "892baa4e1abffff"}, "geometry": {"type": "Point", "coordinates": [-73.751275, 45.536848]}}, {"type": "Feature", "properties": {"cell_id": "892baa4e1afffff"}, "geometry": {"type": "Point", "coordinates": [-73.748801, 45.534118]}}, {"type": "Feature", "properties": {"cell_id": "892baa4e1b3ffff"}, "geometry": {"type": "Point", "coordinates": [-73.744255, 45.539787]}}, {"type": "Feature", "properties": {"cell_id": "892baa4e1b7ffff"}, "geometry": {"type": "Point", "coordinates": [-73.741782, 45.537056]}}, {"type": "Feature", "properties": {"cell_id": "892baa4e1bbffff"}, "geometry": {"type": "Point", "coordinates": [-73.749001, 45.539683]}}, {"type": "Feature", "properties": {"cell_id": "892baa4e1c3ffff"}, "geometry": {"type": "Point", "coordinates": [-73.761171, 45.547771]}}, {"type": "Feature", "properties": {"cell_id": "892baa4e1c7ffff"}, "geometry": {"type": "Point", "coordinates": [-73.758697, 45.545041]}}, {"type": "Feature", "properties": {"cell_id": "892baa4e1cbffff"}, "geometry": {"type": "Point", "coordinates": [-73.765919, 45.547667]}}, {"type": "Feature", "properties": {"cell_id": "892baa4e1cfffff"}, "geometry": {"type": "Point", "coordinates": [-73.763444, 45.544936]}}, {"type": "Feature", "properties": {"cell_id": "892baa4e1d3ffff"}, "geometry": {"type": "Point", "coordinates": [-73.758898, 45.550606]}}, {"type": "Feature", "properties": {"cell_id": "892baa4e1d7ffff"}, "geometry": {"type": "Point", "coordinates": [-73.756424, 45.547875]}}, {"type": "Feature", "properties": {"cell_id": "892baa4e303ffff"}, "geometry": {"type": "Point", "coordinates": [-73.791723, 45.538741]}}, {"type": "Feature", "properties": {"cell_id": "892baa4e307ffff"}, "geometry": {"type": "Point", "coordinates": [-73.789247, 45.536011]}}, {"type": "Feature", "properties": {"cell_id": "892baa4e30bffff"}, "geometry": {"type": "Point", "coordinates": [-73.79647, 45.538635]}}, {"type": "Feature", "properties": {"cell_id": "892baa4e30fffff"}, "geometry": {"type": "Point", "coordinates": [-73.793994, 45.535905]}}, {"type": "Feature", "properties": {"cell_id": "892baa4e313ffff"}, "geometry": {"type": "Point", "coordinates": [-73.789452, 45.541576]}}, {"type": "Feature", "properties": {"cell_id": "892baa4e317ffff"}, "geometry": {"type": "Point", "coordinates": [-73.786976, 45.538846]}}, {"type": "Feature", "properties": {"cell_id": "892baa4e31bffff"}, "geometry": {"type": "Point", "coordinates": [-73.794199, 45.541471]}}, {"type": "Feature", "properties": {"cell_id": "892baa4e323ffff"}, "geometry": {"type": "Point", "coordinates": [-73.789042, 45.530446]}}, {"type": "Feature", "properties": {"cell_id": "892baa4e327ffff"}, "geometry": {"type": "Point", "coordinates": [-73.786566, 45.527716]}}, {"type": "Feature", "properties": {"cell_id": "892baa4e32bffff"}, "geometry": {"type": "Point", "coordinates": [-73.793788, 45.53034]}}, {"type": "Feature", "properties": {"cell_id": "892baa4e32fffff"}, "geometry": {"type": "Point", "coordinates": [-73.791312, 45.527611]}}, {"type": "Feature", "properties": {"cell_id": "892baa4e333ffff"}, "geometry": {"type": "Point", "coordinates": [-73.786771, 45.533281]}}, {"type": "Feature", "properties": {"cell_id": "892baa4e337ffff"}, "geometry": {"type": "Point", "coordinates": [-73.784296, 45.530551]}}, {"type": "Feature", "properties": {"cell_id": "892baa4e33bffff"}, "geometry": {"type": "Point", "coordinates": [-73.791517, 45.533176]}}, {"type": "Feature", "properties": {"cell_id": "892baa4e347ffff"}, "geometry": {"type": "Point", "coordinates": [-73.801217, 45.538529]}}, {"type": "Feature", "properties": {"cell_id": "892baa4e363ffff"}, "geometry": {"type": "Point", "coordinates": [-73.80101, 45.532964]}}, {"type": "Feature", "properties": {"cell_id": "892baa4e367ffff"}, "geometry": {"type": "Point", "coordinates": [-73.798534, 45.530234]}}, {"type": "Feature", "properties": {"cell_id": "892baa4e36bffff"}, "geometry": {"type": "Point", "coordinates": [-73.805756, 45.532858]}}, {"type": "Feature", "properties": {"cell_id": "892baa4e36fffff"}, "geometry": {"type": "Point", "coordinates": [-73.80328, 45.530129]}}, {"type": "Feature", "properties": {"cell_id": "892baa4e373ffff"}, "geometry": {"type": "Point", "coordinates": [-73.79874, 45.5358]}}, {"type": "Feature", "properties": {"cell_id": "892baa4e377ffff"}, "geometry": {"type": "Point", "coordinates": [-73.796264, 45.53307]}}, {"type": "Feature", "properties": {"cell_id": "892baa4e37bffff"}, "geometry": {"type": "Point", "coordinates": [-73.803487, 45.535694]}}, {"type": "Feature", "properties": {"cell_id": "892baa4e383ffff"}, "geometry": {"type": "Point", "coordinates": [-73.782434, 45.544517]}}, {"type": "Feature", "properties": {"cell_id": "892baa4e387ffff"}, "geometry": {"type": "Point", "coordinates": [-73.779958, 45.541787]}}, {"type": "Feature", "properties": {"cell_id": "892baa4e38fffff"}, "geometry": {"type": "Point", "coordinates": [-73.784705, 45.541682]}}, {"type": "Feature", "properties": {"cell_id": "892baa4e397ffff"}, "geometry": {"type": "Point", "coordinates": [-73.777686, 45.544622]}}, {"type": "Feature", "properties": {"cell_id": "892baa4e3a3ffff"}, "geometry": {"type": "Point", "coordinates": [-73.779754, 45.536221]}}, {"type": "Feature", "properties": {"cell_id": "892baa4e3a7ffff"}, "geometry": {"type": "Point", "coordinates": [-73.777279, 45.533491]}}, {"type": "Feature", "properties": {"cell_id": "892baa4e3abffff"}, "geometry": {"type": "Point", "coordinates": [-73.7845, 45.536116]}}, {"type": "Feature", "properties": {"cell_id": "892baa4e3afffff"}, "geometry": {"type": "Point", "coordinates": [-73.782025, 45.533386]}}, {"type": "Feature", "properties": {"cell_id": "892baa4e3b3ffff"}, "geometry": {"type": "Point", "coordinates": [-73.777483, 45.539057]}}, {"type": "Feature", "properties": {"cell_id": "892baa4e3b7ffff"}, "geometry": {"type": "Point", "coordinates": [-73.775007, 45.536326]}}, {"type": "Feature", "properties": {"cell_id": "892baa4e3bbffff"}, "geometry": {"type": "Point", "coordinates": [-73.782229, 45.538952]}}, {"type": "Feature", "properties": {"cell_id": "892baa4e507ffff"}, "geometry": {"type": "Point", "coordinates": [-73.740105, 45.556588]}}, {"type": "Feature", "properties": {"cell_id": "892baa4e523ffff"}, "geometry": {"type": "Point", "coordinates": [-73.739906, 45.551022]}}, {"type": "Feature", "properties": {"cell_id": "892baa4e527ffff"}, "geometry": {"type": "Point", "coordinates": [-73.737432, 45.54829]}}, {"type": "Feature", "properties": {"cell_id": "892baa4e52bffff"}, "geometry": {"type": "Point", "coordinates": [-73.744654, 45.550918]}}, {"type": "Feature", "properties": {"cell_id": "892baa4e52fffff"}, "geometry": {"type": "Point", "coordinates": [-73.74218, 45.548187]}}, {"type": "Feature", "properties": {"cell_id": "892baa4e533ffff"}, "geometry": {"type": "Point", "coordinates": [-73.737631, 45.553856]}}, {"type": "Feature", "properties": {"cell_id": "892baa4e537ffff"}, "geometry": {"type": "Point", "coordinates": [-73.735158, 45.551125]}}, {"type": "Feature", "properties": {"cell_id": "892baa4e53bffff"}, "geometry": {"type": "Point", "coordinates": [-73.74238, 45.553753]}}, {"type": "Feature", "properties": {"cell_id": "892baa4e563ffff"}, "geometry": {"type": "Point", "coordinates": [-73.751876, 45.553546]}}, {"type": "Feature", "properties": {"cell_id": "892baa4e567ffff"}, "geometry": {"type": "Point", "coordinates": [-73.749402, 45.550814]}}, {"type": "Feature", "properties": {"cell_id": "892baa4e56fffff"}, "geometry": {"type": "Point", "coordinates": [-73.75415, 45.55071]}}, {"type": "Feature", "properties": {"cell_id": "892baa4e577ffff"}, "geometry": {"type": "Point", "coordinates": [-73.747128, 45.553649]}}, {"type": "Feature", "properties": {"cell_id": "892baa4e5a3ffff"}, "geometry": {"type": "Point", "coordinates": [-73.730608, 45.556794]}}, {"type": "Feature", "properties": {"cell_id": "892baa4e5a7ffff"}, "geometry": {"type": "Point", "coordinates": [-73.728135, 45.554063]}}, {"type": "Feature", "properties": {"cell_id": "892baa4e5abffff"}, "geometry": {"type": "Point", "coordinates": [-73.735356, 45.556691]}}, {"type": "Feature", "properties": {"cell_id": "892baa4e5afffff"}, "geometry": {"type": "Point", "coordinates": [-73.732883, 45.55396]}}, {"type": "Feature", "properties": {"cell_id": "892baa4e5b3ffff"}, "geometry": {"type": "Point", "coordinates": [-73.728332, 45.559629]}}, {"type": "Feature", "properties": {"cell_id": "892baa4e5b7ffff"}, "geometry": {"type": "Point", "coordinates": [-73.725859, 45.556897]}}, {"type": "Feature", "properties": {"cell_id": "892baa4e803ffff"}, "geometry": {"type": "Point", "coordinates": [-73.757087, 45.500524]}}, {"type": "Feature", "properties": {"cell_id": "892baa4e807ffff"}, "geometry": {"type": "Point", "coordinates": [-73.754615, 45.497794]}}, {"type": "Feature", "properties": {"cell_id": "892baa4e80bffff"}, "geometry": {"type": "Point", "coordinates": [-73.761829, 45.50042]}}, {"type": "Feature", "properties": {"cell_id": "892baa4e80fffff"}, "geometry": {"type": "Point", "coordinates": [-73.759357, 45.49769]}}, {"type": "Feature", "properties": {"cell_id": "892baa4e813ffff"}, "geometry": {"type": "Point", "coordinates": [-73.754816, 45.503358]}}, {"type": "Feature", "properties": {"cell_id": "892baa4e817ffff"}, "geometry": {"type": "Point", "coordinates": [-73.752344, 45.500628]}}, {"type": "Feature", "properties": {"cell_id": "892baa4e81bffff"}, "geometry": {"type": "Point", "coordinates": [-73.759559, 45.503254]}}, {"type": "Feature", "properties": {"cell_id": "892baa4e823ffff"}, "geometry": {"type": "Point", "coordinates": [-73.754414, 45.492231]}}, {"type": "Feature", "properties": {"cell_id": "892baa4e827ffff"}, "geometry": {"type": "Point", "coordinates": [-73.751943, 45.489502]}}, {"type": "Feature", "properties": {"cell_id": "892baa4e82bffff"}, "geometry": {"type": "Point", "coordinates": [-73.759156, 45.492127]}}, {"type": "Feature", "properties": {"cell_id": "892baa4e82fffff"}, "geometry": {"type": "Point", "coordinates": [-73.756685, 45.489398]}}, {"type": "Feature", "properties": {"cell_id": "892baa4e833ffff"}, "geometry": {"type": "Point", "coordinates": [-73.752143, 45.495065]}}, {"type": "Feature", "properties": {"cell_id": "892baa4e837ffff"}, "geometry": {"type": "Point", "coordinates": [-73.749672, 45.492335]}}, {"type": "Feature", "properties": {"cell_id": "892baa4e83bffff"}, "geometry": {"type": "Point", "coordinates": [-73.756886, 45.494961]}}, {"type": "Feature", "properties": {"cell_id": "892baa4e843ffff"}, "geometry": {"type": "Point", "coordinates": [-73.769045, 45.503045]}}, {"type": "Feature", "properties": {"cell_id": "892baa4e847ffff"}, "geometry": {"type": "Point", "coordinates": [-73.766572, 45.500315]}}, {"type": "Feature", "properties": {"cell_id": "892baa4e84bffff"}, "geometry": {"type": "Point", "coordinates": [-73.773788, 45.50294]}}, {"type": "Feature", "properties": {"cell_id": "892baa4e84fffff"}, "geometry": {"type": "Point", "coordinates": [-73.771315, 45.500211]}}, {"type": "Feature", "properties": {"cell_id": "892baa4e853ffff"}, "geometry": {"type": "Point", "coordinates": [-73.766774, 45.505879]}}, {"type": "Feature", "properties": {"cell_id": "892baa4e857ffff"}, "geometry": {"type": "Point", "coordinates": [-73.764302, 45.503149]}}, {"type": "Feature", "properties": {"cell_id": "892baa4e85bffff"}, "geometry": {"type": "Point", "coordinates": [-73.771518, 45.505774]}}, {"type": "Feature", "properties": {"cell_id": "892baa4e863ffff"}, "geometry": {"type": "Point", "coordinates": [-73.76637, 45.494752]}}, {"type": "Feature", "properties": {"cell_id": "892baa4e867ffff"}, "geometry": {"type": "Point", "coordinates": [-73.763898, 45.492023]}}, {"type": "Feature", "properties": {"cell_id": "892baa4e86bffff"}, "geometry": {"type": "Point", "coordinates": [-73.771112, 45.494647]}}, {"type": "Feature", "properties": {"cell_id": "892baa4e86fffff"}, "geometry": {"type": "Point", "coordinates": [-73.76864, 45.491918]}}, {"type": "Feature", "properties": {"cell_id": "892baa4e873ffff"}, "geometry": {"type": "Point", "coordinates": [-73.7641, 45.497586]}}, {"type": "Feature", "properties": {"cell_id": "892baa4e877ffff"}, "geometry": {"type": "Point", "coordinates": [-73.761628, 45.494856]}}, {"type": "Feature", "properties": {"cell_id": "892baa4e87bffff"}, "geometry": {"type": "Point", "coordinates": [-73.768842, 45.497481]}}, {"type": "Feature", "properties": {"cell_id": "892baa4e883ffff"}, "geometry": {"type": "Point", "coordinates": [-73.747801, 45.506295]}}, {"type": "Feature", "properties": {"cell_id": "892baa4e887ffff"}, "geometry": {"type": "Point", "coordinates": [-73.74533, 45.503565]}}, {"type": "Feature", "properties": {"cell_id": "892baa4e88bffff"}, "geometry": {"type": "Point", "coordinates": [-73.752544, 45.506191]}}, {"type": "Feature", "properties": {"cell_id": "892baa4e88fffff"}, "geometry": {"type": "Point", "coordinates": [-73.750073, 45.503462]}}, {"type": "Feature", "properties": {"cell_id": "892baa4e893ffff"}, "geometry": {"type": "Point", "coordinates": [-73.745529, 45.509129]}}, {"type": "Feature", "properties": {"cell_id": "892baa4e897ffff"}, "geometry": {"type": "Point", "coordinates": [-73.743058, 45.506399]}}, {"type": "Feature", "properties": {"cell_id": "892baa4e89bffff"}, "geometry": {"type": "Point", "coordinates": [-73.750273, 45.509025]}}, {"type": "Feature", "properties": {"cell_id": "892baa4e8a3ffff"}, "geometry": {"type": "Point", "coordinates": [-73.74513, 45.498002]}}, {"type": "Feature", "properties": {"cell_id": "892baa4e8a7ffff"}, "geometry": {"type": "Point", "coordinates": [-73.742659, 45.495272]}}, {"type": "Feature", "properties": {"cell_id": "892baa4e8abffff"}, "geometry": {"type": "Point", "coordinates": [-73.749872, 45.497898]}}, {"type": "Feature", "properties": {"cell_id": "892baa4e8afffff"}, "geometry": {"type": "Point", "coordinates": [-73.747401, 45.495168]}}, {"type": "Feature", "properties": {"cell_id": "892baa4e8b3ffff"}, "geometry": {"type": "Point", "coordinates": [-73.742858, 45.500835]}}, {"type": "Feature", "properties": {"cell_id": "892baa4e8b7ffff"}, "geometry": {"type": "Point", "coordinates": [-73.740388, 45.498105]}}, {"type": "Feature", "properties": {"cell_id": "892baa4e8bbffff"}, "geometry": {"type": "Point", "coordinates": [-73.747601, 45.500732]}}, {"type": "Feature", "properties": {"cell_id": "892baa4e8c3ffff"}, "geometry": {"type": "Point", "coordinates": [-73.75976, 45.508817]}}, {"type": "Feature", "properties": {"cell_id": "892baa4e8c7ffff"}, "geometry": {"type": "Point", "coordinates": [-73.757288, 45.506087]}}, {"type": "Feature", "properties": {"cell_id": "892baa4e8cbffff"}, "geometry": {"type": "Point", "coordinates": [-73.764504, 45.508713]}}, {"type": "Feature", "properties": {"cell_id": "892baa4e8cfffff"}, "geometry": {"type": "Point", "coordinates": [-73.762031, 45.505983]}}, {"type": "Feature", "properties": {"cell_id": "892baa4e8d3ffff"}, "geometry": {"type": "Point", "coordinates": [-73.757489, 45.511651]}}, {"type": "Feature", "properties": {"cell_id": "892baa4e8d7ffff"}, "geometry": {"type": "Point", "coordinates": [-73.755016, 45.508921]}}, {"type": "Feature", "properties": {"cell_id": "892baa4e8dbffff"}, "geometry": {"type": "Point", "coordinates": [-73.762233, 45.511547]}}, {"type": "Feature", "properties": {"cell_id": "892baa4e903ffff"}, "geometry": {"type": "Point", "coordinates": [-73.739791, 45.481417]}}, {"type": "Feature", "properties": {"cell_id": "892baa4e907ffff"}, "geometry": {"type": "Point", "coordinates": [-73.737321, 45.478687]}}, {"type": "Feature", "properties": {"cell_id": "892baa4e90bffff"}, "geometry": {"type": "Point", "coordinates": [-73.744532, 45.481313]}}, {"type": "Feature", "properties": {"cell_id": "892baa4e90fffff"}, "geometry": {"type": "Point", "coordinates": [-73.742062, 45.478584]}}, {"type": "Feature", "properties": {"cell_id": "892baa4e913ffff"}, "geometry": {"type": "Point", "coordinates": [-73.73752, 45.48425]}}, {"type": "Feature", "properties": {"cell_id": "892baa4e917ffff"}, "geometry": {"type": "Point", "coordinates": [-73.73505, 45.48152]}}, {"type": "Feature", "properties": {"cell_id": "892baa4e91bffff"}, "geometry": {"type": "Point", "coordinates": [-73.742261, 45.484146]}}, {"type": "Feature", "properties": {"cell_id": "892baa4e923ffff"}, "geometry": {"type": "Point", "coordinates": [-73.737123, 45.473125]}}, {"type": "Feature", "properties": {"cell_id": "892baa4e927ffff"}, "geometry": {"type": "Point", "coordinates": [-73.734654, 45.470396]}}, {"type": "Feature", "properties": {"cell_id": "892baa4e92bffff"}, "geometry": {"type": "Point", "coordinates": [-73.741863, 45.473022]}}, {"type": "Feature", "properties": {"cell_id": "892baa4e92fffff"}, "geometry": {"type": "Point", "coordinates": [-73.739393, 45.470293]}}, {"type": "Feature", "properties": {"cell_id": "892baa4e933ffff"}, "geometry": {"type": "Point", "coordinates": [-73.734852, 45.475958]}}, {"type": "Feature", "properties": {"cell_id": "892baa4e937ffff"}, "geometry": {"type": "Point", "coordinates": [-73.732383, 45.473229]}}, {"type": "Feature", "properties": {"cell_id": "892baa4e93bffff"}, "geometry": {"type": "Point", "coordinates": [-73.739592, 45.475855]}}, {"type": "Feature", "properties": {"cell_id": "892baa4e943ffff"}, "geometry": {"type": "Point", "coordinates": [-73.751743, 45.483939]}}, {"type": "Feature", "properties": {"cell_id": "892baa4e947ffff"}, "geometry": {"type": "Point", "coordinates": [-73.749272, 45.48121]}}, {"type": "Feature", "properties": {"cell_id": "892baa4e94bffff"}, "geometry": {"type": "Point", "coordinates": [-73.756484, 45.483835]}}, {"type": "Feature", "properties": {"cell_id": "892baa4e94fffff"}, "geometry": {"type": "Point", "coordinates": [-73.754013, 45.481106]}}, {"type": "Feature", "properties": {"cell_id": "892baa4e953ffff"}, "geometry": {"type": "Point", "coordinates": [-73.749472, 45.486772]}}, {"type": "Feature", "properties": {"cell_id": "892baa4e957ffff"}, "geometry": {"type": "Point", "coordinates": [-73.747002, 45.484043]}}, {"type": "Feature", "properties": {"cell_id": "892baa4e95bffff"}, "geometry": {"type": "Point", "coordinates": [-73.754213, 45.486668]}}, {"type": "Feature", "properties": {"cell_id": "892baa4e963ffff"}, "geometry": {"type": "Point", "coordinates": [-73.749072, 45.475647]}}, {"type": "Feature", "properties": {"cell_id": "892baa4e967ffff"}, "geometry": {"type": "Point", "coordinates": [-73.746602, 45.472918]}}, {"type": "Feature", "properties": {"cell_id": "892baa4e96bffff"}, "geometry": {"type": "Point", "coordinates": [-73.753812, 45.475543]}}, {"type": "Feature", "properties": {"cell_id": "892baa4e96fffff"}, "geometry": {"type": "Point", "coordinates": [-73.751342, 45.472814]}}, {"type": "Feature", "properties": {"cell_id": "892baa4e973ffff"}, "geometry": {"type": "Point", "coordinates": [-73.746802, 45.47848]}}, {"type": "Feature", "properties": {"cell_id": "892baa4e977ffff"}, "geometry": {"type": "Point", "coordinates": [-73.744332, 45.475751]}}, {"type": "Feature", "properties": {"cell_id": "892baa4e97bffff"}, "geometry": {"type": "Point", "coordinates": [-73.751542, 45.478377]}}, {"type": "Feature", "properties": {"cell_id": "892baa4e983ffff"}, "geometry": {"type": "Point", "coordinates": [-73.730507, 45.487186]}}, {"type": "Feature", "properties": {"cell_id": "892baa4e987ffff"}, "geometry": {"type": "Point", "coordinates": [-73.728038, 45.484456]}}, {"type": "Feature", "properties": {"cell_id": "892baa4e98bffff"}, "geometry": {"type": "Point", "coordinates": [-73.735249, 45.487083]}}, {"type": "Feature", "properties": {"cell_id": "892baa4e98fffff"}, "geometry": {"type": "Point", "coordinates": [-73.732779, 45.484353]}}, {"type": "Feature", "properties": {"cell_id": "892baa4e993ffff"}, "geometry": {"type": "Point", "coordinates": [-73.728235, 45.490019]}}, {"type": "Feature", "properties": {"cell_id": "892baa4e997ffff"}, "geometry": {"type": "Point", "coordinates": [-73.725766, 45.487289]}}, {"type": "Feature", "properties": {"cell_id": "892baa4e99bffff"}, "geometry": {"type": "Point", "coordinates": [-73.732977, 45.489916]}}, {"type": "Feature", "properties": {"cell_id": "892baa4e9a3ffff"}, "geometry": {"type": "Point", "coordinates": [-73.727841, 45.478894]}}, {"type": "Feature", "properties": {"cell_id": "892baa4e9a7ffff"}, "geometry": {"type": "Point", "coordinates": [-73.725372, 45.476164]}}, {"type": "Feature", "properties": {"cell_id": "892baa4e9abffff"}, "geometry": {"type": "Point", "coordinates": [-73.732581, 45.478791]}}, {"type": "Feature", "properties": {"cell_id": "892baa4e9afffff"}, "geometry": {"type": "Point", "coordinates": [-73.730112, 45.476061]}}, {"type": "Feature", "properties": {"cell_id": "892baa4e9b3ffff"}, "geometry": {"type": "Point", "coordinates": [-73.725569, 45.481726]}}, {"type": "Feature", "properties": {"cell_id": "892baa4e9b7ffff"}, "geometry": {"type": "Point", "coordinates": [-73.7231, 45.478997]}}, {"type": "Feature", "properties": {"cell_id": "892baa4e9bbffff"}, "geometry": {"type": "Point", "coordinates": [-73.73031, 45.481623]}}, {"type": "Feature", "properties": {"cell_id": "892baa4e9c3ffff"}, "geometry": {"type": "Point", "coordinates": [-73.74246, 45.489709]}}, {"type": "Feature", "properties": {"cell_id": "892baa4e9c7ffff"}, "geometry": {"type": "Point", "coordinates": [-73.73999, 45.486979]}}, {"type": "Feature", "properties": {"cell_id": "892baa4e9cbffff"}, "geometry": {"type": "Point", "coordinates": [-73.747202, 45.489605]}}, {"type": "Feature", "properties": {"cell_id": "892baa4e9cfffff"}, "geometry": {"type": "Point", "coordinates": [-73.744731, 45.486876]}}, {"type": "Feature", "properties": {"cell_id": "892baa4e9d3ffff"}, "geometry": {"type": "Point", "coordinates": [-73.740189, 45.492542]}}, {"type": "Feature", "properties": {"cell_id": "892baa4e9d7ffff"}, "geometry": {"type": "Point", "coordinates": [-73.737718, 45.489813]}}, {"type": "Feature", "properties": {"cell_id": "892baa4e9dbffff"}, "geometry": {"type": "Point", "coordinates": [-73.74493, 45.492439]}}, {"type": "Feature", "properties": {"cell_id": "892baa4ea03ffff"}, "geometry": {"type": "Point", "coordinates": [-73.790285, 45.49979]}}, {"type": "Feature", "properties": {"cell_id": "892baa4ea07ffff"}, "geometry": {"type": "Point", "coordinates": [-73.787812, 45.497061]}}, {"type": "Feature", "properties": {"cell_id": "892baa4ea0bffff"}, "geometry": {"type": "Point", "coordinates": [-73.795028, 45.499684]}}, {"type": "Feature", "properties": {"cell_id": "892baa4ea0fffff"}, "geometry": {"type": "Point", "coordinates": [-73.792554, 45.496956]}}, {"type": "Feature", "properties": {"cell_id": "892baa4ea13ffff"}, "geometry": {"type": "Point", "coordinates": [-73.788016, 45.502624]}}, {"type": "Feature", "properties": {"cell_id": "892baa4ea17ffff"}, "geometry": {"type": "Point", "coordinates": [-73.785543, 45.499895]}}, {"type": "Feature", "properties": {"cell_id": "892baa4ea1bffff"}, "geometry": {"type": "Point", "coordinates": [-73.792759, 45.502519]}}, {"type": "Feature", "properties": {"cell_id": "892baa4ea23ffff"}, "geometry": {"type": "Point", "coordinates": [-73.787607, 45.491498]}}, {"type": "Feature", "properties": {"cell_id": "892baa4ea27ffff"}, "geometry": {"type": "Point", "coordinates": [-73.785134, 45.488769]}}, {"type": "Feature", "properties": {"cell_id": "892baa4ea2bffff"}, "geometry": {"type": "Point", "coordinates": [-73.792349, 45.491392]}}, {"type": "Feature", "properties": {"cell_id": "892baa4ea2fffff"}, "geometry": {"type": "Point", "coordinates": [-73.789875, 45.488664]}}, {"type": "Feature", "properties": {"cell_id": "892baa4ea33ffff"}, "geometry": {"type": "Point", "coordinates": [-73.785338, 45.494332]}}, {"type": "Feature", "properties": {"cell_id": "892baa4ea37ffff"}, "geometry": {"type": "Point", "coordinates": [-73.782865, 45.491603]}}, {"type": "Feature", "properties": {"cell_id": "892baa4ea3bffff"}, "geometry": {"type": "Point", "coordinates": [-73.79008, 45.494227]}}, {"type": "Feature", "properties": {"cell_id": "892baa4ea43ffff"}, "geometry": {"type": "Point", "coordinates": [-73.802245, 45.502307]}}, {"type": "Feature", "properties": {"cell_id": "892baa4ea47ffff"}, "geometry": {"type": "Point", "coordinates": [-73.799771, 45.499579]}}, {"type": "Feature", "properties": {"cell_id": "892baa4ea4bffff"}, "geometry": {"type": "Point", "coordinates": [-73.806988, 45.502201]}}, {"type": "Feature", "properties": {"cell_id": "892baa4ea4fffff"}, "geometry": {"type": "Point", "coordinates": [-73.804513, 45.499473]}}, {"type": "Feature", "properties": {"cell_id": "892baa4ea53ffff"}, "geometry": {"type": "Point", "coordinates": [-73.799977, 45.505142]}}, {"type": "Feature", "properties": {"cell_id": "892baa4ea57ffff"}, "geometry": {"type": "Point", "coordinates": [-73.797502, 45.502413]}}, {"type": "Feature", "properties": {"cell_id": "892baa4ea5bffff"}, "geometry": {"type": "Point", "coordinates": [-73.80472, 45.505036]}}, {"type": "Feature", "properties": {"cell_id": "892baa4ea63ffff"}, "geometry": {"type": "Point", "coordinates": [-73.799564, 45.494015]}}, {"type": "Feature", "properties": {"cell_id": "892baa4ea67ffff"}, "geometry": {"type": "Point", "coordinates": [-73.79709, 45.491287]}}, {"type": "Feature", "properties": {"cell_id": "892baa4ea6bffff"}, "geometry": {"type": "Point", "coordinates": [-73.804306, 45.493909]}}, {"type": "Feature", "properties": {"cell_id": "892baa4ea6fffff"}, "geometry": {"type": "Point", "coordinates": [-73.801832, 45.491181]}}, {"type": "Feature", "properties": {"cell_id": "892baa4ea73ffff"}, "geometry": {"type": "Point", "coordinates": [-73.797296, 45.49685]}}, {"type": "Feature", "properties": {"cell_id": "892baa4ea77ffff"}, "geometry": {"type": "Point", "coordinates": [-73.794822, 45.494121]}}, {"type": "Feature", "properties": {"cell_id": "892baa4ea7bffff"}, "geometry": {"type": "Point", "coordinates": [-73.802039, 45.496744]}}, {"type": "Feature", "properties": {"cell_id": "892baa4ea83ffff"}, "geometry": {"type": "Point", "coordinates": [-73.781004, 45.505564]}}, {"type": "Feature", "properties": {"cell_id": "892baa4ea87ffff"}, "geometry": {"type": "Point", "coordinates": [-73.778531, 45.502835]}}, {"type": "Feature", "properties": {"cell_id": "892baa4ea8bffff"}, "geometry": {"type": "Point", "coordinates": [-73.785747, 45.505459]}}, {"type": "Feature", "properties": {"cell_id": "892baa4ea8fffff"}, "geometry": {"type": "Point", "coordinates": [-73.783274, 45.50273]}}, {"type": "Feature", "properties": {"cell_id": "892baa4ea93ffff"}, "geometry": {"type": "Point", "coordinates": [-73.778734, 45.508399]}}, {"type": "Feature", "properties": {"cell_id": "892baa4ea97ffff"}, "geometry": {"type": "Point", "coordinates": [-73.776261, 45.505669]}}, {"type": "Feature", "properties": {"cell_id": "892baa4ea9bffff"}, "geometry": {"type": "Point", "coordinates": [-73.783478, 45.508293]}}, {"type": "Feature", "properties": {"cell_id": "892baa4eaa3ffff"}, "geometry": {"type": "Point", "coordinates": [-73.778327, 45.497272]}}, {"type": "Feature", "properties": {"cell_id": "892baa4eaa7ffff"}, "geometry": {"type": "Point", "coordinates": [-73.775854, 45.494542]}}, {"type": "Feature", "properties": {"cell_id": "892baa4eaabffff"}, "geometry": {"type": "Point", "coordinates": [-73.783069, 45.497166]}}, {"type": "Feature", "properties": {"cell_id": "892baa4eaafffff"}, "geometry": {"type": "Point", "coordinates": [-73.780596, 45.494437]}}, {"type": "Feature", "properties": {"cell_id": "892baa4eab3ffff"}, "geometry": {"type": "Point", "coordinates": [-73.776057, 45.500106]}}, {"type": "Feature", "properties": {"cell_id": "892baa4eab7ffff"}, "geometry": {"type": "Point", "coordinates": [-73.773584, 45.497376]}}, {"type": "Feature", "properties": {"cell_id": "892baa4eabbffff"}, "geometry": {"type": "Point", "coordinates": [-73.7808, 45.500001]}}, {"type": "Feature", "properties": {"cell_id": "892baa4eac3ffff"}, "geometry": {"type": "Point", "coordinates": [-73.792965, 45.508083]}}, {"type": "Feature", "properties": {"cell_id": "892baa4eac7ffff"}, "geometry": {"type": "Point", "coordinates": [-73.790491, 45.505354]}}, {"type": "Feature", "properties": {"cell_id": "892baa4eacbffff"}, "geometry": {"type": "Point", "coordinates": [-73.797709, 45.507977]}}, {"type": "Feature", "properties": {"cell_id": "892baa4eacfffff"}, "geometry": {"type": "Point", "coordinates": [-73.795234, 45.505248]}}, {"type": "Feature", "properties": {"cell_id": "892baa4ead3ffff"}, "geometry": {"type": "Point", "coordinates": [-73.790696, 45.510917]}}, {"type": "Feature", "properties": {"cell_id": "892baa4ead7ffff"}, "geometry": {"type": "Point", "coordinates": [-73.788221, 45.508188]}}, {"type": "Feature", "properties": {"cell_id": "892baa4eadbffff"}, "geometry": {"type": "Point", "coordinates": [-73.79544, 45.510812]}}, {"type": "Feature", "properties": {"cell_id": "892baa4eb03ffff"}, "geometry": {"type": "Point", "coordinates": [-73.772975, 45.480688]}}, {"type": "Feature", "properties": {"cell_id": "892baa4eb07ffff"}, "geometry": {"type": "Point", "coordinates": [-73.770504, 45.477959]}}, {"type": "Feature", "properties": {"cell_id": "892baa4eb0bffff"}, "geometry": {"type": "Point", "coordinates": [-73.777716, 45.480583]}}, {"type": "Feature", "properties": {"cell_id": "892baa4eb0fffff"}, "geometry": {"type": "Point", "coordinates": [-73.775244, 45.477854]}}, {"type": "Feature", "properties": {"cell_id": "892baa4eb13ffff"}, "geometry": {"type": "Point", "coordinates": [-73.770706, 45.483522]}}, {"type": "Feature", "properties": {"cell_id": "892baa4eb17ffff"}, "geometry": {"type": "Point", "coordinates": [-73.768235, 45.480793]}}, {"type": "Feature", "properties": {"cell_id": "892baa4eb1bffff"}, "geometry": {"type": "Point", "coordinates": [-73.775447, 45.483417]}}, {"type": "Feature", "properties": {"cell_id": "892baa4eb23ffff"}, "geometry": {"type": "Point", "coordinates": [-73.770301, 45.472397]}}, {"type": "Feature", "properties": {"cell_id": "892baa4eb27ffff"}, "geometry": {"type": "Point", "coordinates": [-73.76783, 45.469668]}}, {"type": "Feature", "properties": {"cell_id": "892baa4eb2bffff"}, "geometry": {"type": "Point", "coordinates": [-73.775041, 45.472292]}}, {"type": "Feature", "properties": {"cell_id": "892baa4eb2fffff"}, "geometry": {"type": "Point", "coordinates": [-73.77257, 45.469564]}}, {"type": "Feature", "properties": {"cell_id": "892baa4eb33ffff"}, "geometry": {"type": "Point", "coordinates": [-73.768032, 45.47523]}}, {"type": "Feature", "properties": {"cell_id": "892baa4eb37ffff"}, "geometry": {"type": "Point", "coordinates": [-73.765561, 45.472502]}}, {"type": "Feature", "properties": {"cell_id": "892baa4eb3bffff"}, "geometry": {"type": "Point", "coordinates": [-73.772772, 45.475126]}}, {"type": "Feature", "properties": {"cell_id": "892baa4eb43ffff"}, "geometry": {"type": "Point", "coordinates": [-73.784929, 45.483207]}}, {"type": "Feature", "properties": {"cell_id": "892baa4eb47ffff"}, "geometry": {"type": "Point", "coordinates": [-73.782457, 45.480478]}}, {"type": "Feature", "properties": {"cell_id": "892baa4eb4bffff"}, "geometry": {"type": "Point", "coordinates": [-73.78967, 45.483101]}}, {"type": "Feature", "properties": {"cell_id": "892baa4eb4fffff"}, "geometry": {"type": "Point", "coordinates": [-73.787197, 45.480373]}}, {"type": "Feature", "properties": {"cell_id": "892baa4eb53ffff"}, "geometry": {"type": "Point", "coordinates": [-73.782661, 45.48604]}}, {"type": "Feature", "properties": {"cell_id": "892baa4eb57ffff"}, "geometry": {"type": "Point", "coordinates": [-73.780188, 45.483312]}}, {"type": "Feature", "properties": {"cell_id": "892baa4eb5bffff"}, "geometry": {"type": "Point", "coordinates": [-73.787402, 45.485935]}}, {"type": "Feature", "properties": {"cell_id": "892baa4eb63ffff"}, "geometry": {"type": "Point", "coordinates": [-73.782252, 45.474916]}}, {"type": "Feature", "properties": {"cell_id": "892baa4eb67ffff"}, "geometry": {"type": "Point", "coordinates": [-73.779781, 45.472187]}}, {"type": "Feature", "properties": {"cell_id": "892baa4eb6bffff"}, "geometry": {"type": "Point", "coordinates": [-73.786992, 45.47481]}}, {"type": "Feature", "properties": {"cell_id": "892baa4eb6fffff"}, "geometry": {"type": "Point", "coordinates": [-73.78452, 45.472082]}}, {"type": "Feature", "properties": {"cell_id": "892baa4eb73ffff"}, "geometry": {"type": "Point", "coordinates": [-73.779984, 45.477749]}}, {"type": "Feature", "properties": {"cell_id": "892baa4eb77ffff"}, "geometry": {"type": "Point", "coordinates": [-73.777512, 45.475021]}}, {"type": "Feature", "properties": {"cell_id": "892baa4eb7bffff"}, "geometry": {"type": "Point", "coordinates": [-73.784725, 45.477644]}}, {"type": "Feature", "properties": {"cell_id": "892baa4eb83ffff"}, "geometry": {"type": "Point", "coordinates": [-73.763696, 45.48646]}}, {"type": "Feature", "properties": {"cell_id": "892baa4eb87ffff"}, "geometry": {"type": "Point", "coordinates": [-73.761225, 45.483731]}}, {"type": "Feature", "properties": {"cell_id": "892baa4eb8bffff"}, "geometry": {"type": "Point", "coordinates": [-73.768437, 45.486355]}}, {"type": "Feature", "properties": {"cell_id": "892baa4eb8fffff"}, "geometry": {"type": "Point", "coordinates": [-73.765965, 45.483626]}}, {"type": "Feature", "properties": {"cell_id": "892baa4eb93ffff"}, "geometry": {"type": "Point", "coordinates": [-73.761426, 45.489293]}}, {"type": "Feature", "properties": {"cell_id": "892baa4eb97ffff"}, "geometry": {"type": "Point", "coordinates": [-73.758955, 45.486564]}}, {"type": "Feature", "properties": {"cell_id": "892baa4eb9bffff"}, "geometry": {"type": "Point", "coordinates": [-73.766168, 45.489189]}}, {"type": "Feature", "properties": {"cell_id": "892baa4eba3ffff"}, "geometry": {"type": "Point", "coordinates": [-73.761023, 45.478168]}}, {"type": "Feature", "properties": {"cell_id": "892baa4eba7ffff"}, "geometry": {"type": "Point", "coordinates": [-73.758552, 45.475439]}}, {"type": "Feature", "properties": {"cell_id": "892baa4ebabffff"}, "geometry": {"type": "Point", "coordinates": [-73.765763, 45.478064]}}, {"type": "Feature", "properties": {"cell_id": "892baa4ebafffff"}, "geometry": {"type": "Point", "coordinates": [-73.763292, 45.475335]}}, {"type": "Feature", "properties": {"cell_id": "892baa4ebb3ffff"}, "geometry": {"type": "Point", "coordinates": [-73.758753, 45.481002]}}, {"type": "Feature", "properties": {"cell_id": "892baa4ebb7ffff"}, "geometry": {"type": "Point", "coordinates": [-73.756283, 45.478272]}}, {"type": "Feature", "properties": {"cell_id": "892baa4ebbbffff"}, "geometry": {"type": "Point", "coordinates": [-73.763494, 45.480897]}}, {"type": "Feature", "properties": {"cell_id": "892baa4ebc3ffff"}, "geometry": {"type": "Point", "coordinates": [-73.775651, 45.488979]}}, {"type": "Feature", "properties": {"cell_id": "892baa4ebc7ffff"}, "geometry": {"type": "Point", "coordinates": [-73.773178, 45.48625]}}, {"type": "Feature", "properties": {"cell_id": "892baa4ebcbffff"}, "geometry": {"type": "Point", "coordinates": [-73.780392, 45.488874]}}, {"type": "Feature", "properties": {"cell_id": "892baa4ebcfffff"}, "geometry": {"type": "Point", "coordinates": [-73.77792, 45.486146]}}, {"type": "Feature", "properties": {"cell_id": "892baa4ebd3ffff"}, "geometry": {"type": "Point", "coordinates": [-73.773381, 45.491813]}}, {"type": "Feature", "properties": {"cell_id": "892baa4ebd7ffff"}, "geometry": {"type": "Point", "coordinates": [-73.770909, 45.489084]}}, {"type": "Feature", "properties": {"cell_id": "892baa4ebdbffff"}, "geometry": {"type": "Point", "coordinates": [-73.778123, 45.491708]}}, {"type": "Feature", "properties": {"cell_id": "892baa4ec03ffff"}, "geometry": {"type": "Point", "coordinates": [-73.741184, 45.520361]}}, {"type": "Feature", "properties": {"cell_id": "892baa4ec07ffff"}, "geometry": {"type": "Point", "coordinates": [-73.738712, 45.517631]}}, {"type": "Feature", "properties": {"cell_id": "892baa4ec0bffff"}, "geometry": {"type": "Point", "coordinates": [-73.745929, 45.520257]}}, {"type": "Feature", "properties": {"cell_id": "892baa4ec0fffff"}, "geometry": {"type": "Point", "coordinates": [-73.743457, 45.517527]}}, {"type": "Feature", "properties": {"cell_id": "892baa4ec13ffff"}, "geometry": {"type": "Point", "coordinates": [-73.738911, 45.523195]}}, {"type": "Feature", "properties": {"cell_id": "892baa4ec17ffff"}, "geometry": {"type": "Point", "coordinates": [-73.736439, 45.520464]}}, {"type": "Feature", "properties": {"cell_id": "892baa4ec1bffff"}, "geometry": {"type": "Point", "coordinates": [-73.743656, 45.523091]}}, {"type": "Feature", "properties": {"cell_id": "892baa4ec23ffff"}, "geometry": {"type": "Point", "coordinates": [-73.738513, 45.512066]}}, {"type": "Feature", "properties": {"cell_id": "892baa4ec27ffff"}, "geometry": {"type": "Point", "coordinates": [-73.736042, 45.509336]}}, {"type": "Feature", "properties": {"cell_id": "892baa4ec2bffff"}, "geometry": {"type": "Point", "coordinates": [-73.743257, 45.511963]}}, {"type": "Feature", "properties": {"cell_id": "892baa4ec2fffff"}, "geometry": {"type": "Point", "coordinates": [-73.740786, 45.509233]}}, {"type": "Feature", "properties": {"cell_id": "892baa4ec33ffff"}, "geometry": {"type": "Point", "coordinates": [-73.73624, 45.5149]}}, {"type": "Feature", "properties": {"cell_id": "892baa4ec37ffff"}, "geometry": {"type": "Point", "coordinates": [-73.733769, 45.51217]}}, {"type": "Feature", "properties": {"cell_id": "892baa4ec3bffff"}, "geometry": {"type": "Point", "coordinates": [-73.740985, 45.514797]}}, {"type": "Feature", "properties": {"cell_id": "892baa4ec43ffff"}, "geometry": {"type": "Point", "coordinates": [-73.753146, 45.522884]}}, {"type": "Feature", "properties": {"cell_id": "892baa4ec47ffff"}, "geometry": {"type": "Point", "coordinates": [-73.750673, 45.520154]}}, {"type": "Feature", "properties": {"cell_id": "892baa4ec4bffff"}, "geometry": {"type": "Point", "coordinates": [-73.757891, 45.52278]}}, {"type": "Feature", "properties": {"cell_id": "892baa4ec4fffff"}, "geometry": {"type": "Point", "coordinates": [-73.755418, 45.52005]}}, {"type": "Feature", "properties": {"cell_id": "892baa4ec53ffff"}, "geometry": {"type": "Point", "coordinates": [-73.750874, 45.525718]}}, {"type": "Feature", "properties": {"cell_id": "892baa4ec57ffff"}, "geometry": {"type": "Point", "coordinates": [-73.748401, 45.522988]}}, {"type": "Feature", "properties": {"cell_id": "892baa4ec5bffff"}, "geometry": {"type": "Point", "coordinates": [-73.755619, 45.525614]}}, {"type": "Feature", "properties": {"cell_id": "892baa4ec63ffff"}, "geometry": {"type": "Point", "coordinates": [-73.750473, 45.514589]}}, {"type": "Feature", "properties": {"cell_id": "892baa4ec67ffff"}, "geometry": {"type": "Point", "coordinates": [-73.748001, 45.511859]}}, {"type": "Feature", "properties": {"cell_id": "892baa4ec6bffff"}, "geometry": {"type": "Point", "coordinates": [-73.755217, 45.514485]}}, {"type": "Feature", "properties": {"cell_id": "892baa4ec6fffff"}, "geometry": {"type": "Point", "coordinates": [-73.752745, 45.511755]}}, {"type": "Feature", "properties": {"cell_id": "892baa4ec73ffff"}, "geometry": {"type": "Point", "coordinates": [-73.748201, 45.517423]}}, {"type": "Feature", "properties": {"cell_id": "892baa4ec77ffff"}, "geometry": {"type": "Point", "coordinates": [-73.745729, 45.514693]}}, {"type": "Feature", "properties": {"cell_id": "892baa4ec7bffff"}, "geometry": {"type": "Point", "coordinates": [-73.752945, 45.517319]}}, {"type": "Feature", "properties": {"cell_id": "892baa4ec83ffff"}, "geometry": {"type": "Point", "coordinates": [-73.731892, 45.526132]}}, {"type": "Feature", "properties": {"cell_id": "892baa4ec87ffff"}, "geometry": {"type": "Point", "coordinates": [-73.729421, 45.523401]}}, {"type": "Feature", "properties": {"cell_id": "892baa4ec8bffff"}, "geometry": {"type": "Point", "coordinates": [-73.736638, 45.526029]}}, {"type": "Feature", "properties": {"cell_id": "892baa4ec8fffff"}, "geometry": {"type": "Point", "coordinates": [-73.734166, 45.523298]}}, {"type": "Feature", "properties": {"cell_id": "892baa4ec93ffff"}, "geometry": {"type": "Point", "coordinates": [-73.729618, 45.528966]}}, {"type": "Feature", "properties": {"cell_id": "892baa4ec97ffff"}, "geometry": {"type": "Point", "coordinates": [-73.727147, 45.526235]}}, {"type": "Feature", "properties": {"cell_id": "892baa4ec9bffff"}, "geometry": {"type": "Point", "coordinates": [-73.734364, 45.528863]}}, {"type": "Feature", "properties": {"cell_id": "892baa4eca3ffff"}, "geometry": {"type": "Point", "coordinates": [-73.729223, 45.517837]}}, {"type": "Feature", "properties": {"cell_id": "892baa4eca7ffff"}, "geometry": {"type": "Point", "coordinates": [-73.726752, 45.515106]}}, {"type": "Feature", "properties": {"cell_id": "892baa4ecabffff"}, "geometry": {"type": "Point", "coordinates": [-73.733968, 45.517734]}}, {"type": "Feature", "properties": {"cell_id": "892baa4ecafffff"}, "geometry": {"type": "Point", "coordinates": [-73.731496, 45.515003]}}, {"type": "Feature", "properties": {"cell_id": "892baa4ecb3ffff"}, "geometry": {"type": "Point", "coordinates": [-73.726949, 45.520671]}}, {"type": "Feature", "properties": {"cell_id": "892baa4ecb7ffff"}, "geometry": {"type": "Point", "coordinates": [-73.724478, 45.51794]}}, {"type": "Feature", "properties": {"cell_id": "892baa4ecbbffff"}, "geometry": {"type": "Point", "coordinates": [-73.731694, 45.520568]}}, {"type": "Feature", "properties": {"cell_id": "892baa4ecc3ffff"}, "geometry": {"type": "Point", "coordinates": [-73.743855, 45.528656]}}, {"type": "Feature", "properties": {"cell_id": "892baa4ecc7ffff"}, "geometry": {"type": "Point", "coordinates": [-73.741383, 45.525926]}}, {"type": "Feature", "properties": {"cell_id": "892baa4eccbffff"}, "geometry": {"type": "Point", "coordinates": [-73.748601, 45.528553]}}, {"type": "Feature", "properties": {"cell_id": "892baa4eccfffff"}, "geometry": {"type": "Point", "coordinates": [-73.746128, 45.525822]}}, {"type": "Feature", "properties": {"cell_id": "892baa4ecd3ffff"}, "geometry": {"type": "Point", "coordinates": [-73.741582, 45.53149]}}, {"type": "Feature", "properties": {"cell_id": "892baa4ecd7ffff"}, "geometry": {"type": "Point", "coordinates": [-73.73911, 45.52876]}}, {"type": "Feature", "properties": {"cell_id": "892baa4ecdbffff"}, "geometry": {"type": "Point", "coordinates": [-73.746328, 45.531387]}}, {"type": "Feature", "properties": {"cell_id": "892baa4ed03ffff"}, "geometry": {"type": "Point", "coordinates": [-73.723888, 45.501248]}}, {"type": "Feature", "properties": {"cell_id": "892baa4ed07ffff"}, "geometry": {"type": "Point", "coordinates": [-73.721418, 45.498518]}}, {"type": "Feature", "properties": {"cell_id": "892baa4ed0bffff"}, "geometry": {"type": "Point", "coordinates": [-73.72863, 45.501145]}}, {"type": "Feature", "properties": {"cell_id": "892baa4ed0fffff"}, "geometry": {"type": "Point", "coordinates": [-73.72616, 45.498415]}}, {"type": "Feature", "properties": {"cell_id": "892baa4ed13ffff"}, "geometry": {"type": "Point", "coordinates": [-73.721614, 45.504081]}}, {"type": "Feature", "properties": {"cell_id": "892baa4ed17ffff"}, "geometry": {"type": "Point", "coordinates": [-73.719145, 45.501351]}}, {"type": "Feature", "properties": {"cell_id": "892baa4ed1bffff"}, "geometry": {"type": "Point", "coordinates": [-73.726357, 45.503978]}}, {"type": "Feature", "properties": {"cell_id": "892baa4ed23ffff"}, "geometry": {"type": "Point", "coordinates": [-73.721221, 45.492955]}}, {"type": "Feature", "properties": {"cell_id": "892baa4ed27ffff"}, "geometry": {"type": "Point", "coordinates": [-73.718752, 45.490224]}}, {"type": "Feature", "properties": {"cell_id": "892baa4ed2bffff"}, "geometry": {"type": "Point", "coordinates": [-73.725963, 45.492852]}}, {"type": "Feature", "properties": {"cell_id": "892baa4ed2fffff"}, "geometry": {"type": "Point", "coordinates": [-73.723494, 45.490122]}}, {"type": "Feature", "properties": {"cell_id": "892baa4ed33ffff"}, "geometry": {"type": "Point", "coordinates": [-73.718948, 45.495787]}}, {"type": "Feature", "properties": {"cell_id": "892baa4ed37ffff"}, "geometry": {"type": "Point", "coordinates": [-73.716479, 45.493057]}}, {"type": "Feature", "properties": {"cell_id": "892baa4ed3bffff"}, "geometry": {"type": "Point", "coordinates": [-73.723691, 45.495685]}}, {"type": "Feature", "properties": {"cell_id": "892baa4ed43ffff"}, "geometry": {"type": "Point", "coordinates": [-73.735844, 45.503772]}}, {"type": "Feature", "properties": {"cell_id": "892baa4ed47ffff"}, "geometry": {"type": "Point", "coordinates": [-73.733373, 45.501042]}}, {"type": "Feature", "properties": {"cell_id": "892baa4ed4bffff"}, "geometry": {"type": "Point", "coordinates": [-73.740587, 45.503669]}}, {"type": "Feature", "properties": {"cell_id": "892baa4ed4fffff"}, "geometry": {"type": "Point", "coordinates": [-73.738116, 45.500939]}}, {"type": "Feature", "properties": {"cell_id": "892baa4ed53ffff"}, "geometry": {"type": "Point", "coordinates": [-73.733571, 45.506606]}}, {"type": "Feature", "properties": {"cell_id": "892baa4ed57ffff"}, "geometry": {"type": "Point", "coordinates": [-73.731101, 45.503875]}}, {"type": "Feature", "properties": {"cell_id": "892baa4ed5bffff"}, "geometry": {"type": "Point", "coordinates": [-73.738314, 45.506502]}}, {"type": "Feature", "properties": {"cell_id": "892baa4ed63ffff"}, "geometry": {"type": "Point", "coordinates": [-73.733175, 45.495479]}}, {"type": "Feature", "properties": {"cell_id": "892baa4ed67ffff"}, "geometry": {"type": "Point", "coordinates": [-73.730705, 45.492749]}}, {"type": "Feature", "properties": {"cell_id": "892baa4ed6bffff"}, "geometry": {"type": "Point", "coordinates": [-73.737917, 45.495376]}}, {"type": "Feature", "properties": {"cell_id": "892baa4ed6fffff"}, "geometry": {"type": "Point", "coordinates": [-73.735447, 45.492646]}}, {"type": "Feature", "properties": {"cell_id": "892baa4ed73ffff"}, "geometry": {"type": "Point", "coordinates": [-73.730903, 45.498312]}}, {"type": "Feature", "properties": {"cell_id": "892baa4ed77ffff"}, "geometry": {"type": "Point", "coordinates": [-73.728433, 45.495582]}}, {"type": "Feature", "properties": {"cell_id": "892baa4ed7bffff"}, "geometry": {"type": "Point", "coordinates": [-73.735645, 45.498209]}}, {"type": "Feature", "properties": {"cell_id": "892baa4ed83ffff"}, "geometry": {"type": "Point", "coordinates": [-73.714598, 45.507017]}}, {"type": "Feature", "properties": {"cell_id": "892baa4ed87ffff"}, "geometry": {"type": "Point", "coordinates": [-73.712128, 45.504286]}}, {"type": "Feature", "properties": {"cell_id": "892baa4ed8bffff"}, "geometry": {"type": "Point", "coordinates": [-73.719341, 45.506914]}}, {"type": "Feature", "properties": {"cell_id": "892baa4ed8fffff"}, "geometry": {"type": "Point", "coordinates": [-73.716871, 45.504184]}}, {"type": "Feature", "properties": {"cell_id": "892baa4ed93ffff"}, "geometry": {"type": "Point", "coordinates": [-73.712324, 45.50985]}}, {"type": "Feature", "properties": {"cell_id": "892baa4ed97ffff"}, "geometry": {"type": "Point", "coordinates": [-73.709854, 45.507119]}}, {"type": "Feature", "properties": {"cell_id": "892baa4ed9bffff"}, "geometry": {"type": "Point", "coordinates": [-73.717067, 45.509748]}}, {"type": "Feature", "properties": {"cell_id": "892baa4eda3ffff"}, "geometry": {"type": "Point", "coordinates": [-73.711933, 45.498723]}}, {"type": "Feature", "properties": {"cell_id": "892baa4eda7ffff"}, "geometry": {"type": "Point", "coordinates": [-73.709464, 45.495992]}}, {"type": "Feature", "properties": {"cell_id": "892baa4edabffff"}, "geometry": {"type": "Point", "coordinates": [-73.716675, 45.49862]}}, {"type": "Feature", "properties": {"cell_id": "892baa4edafffff"}, "geometry": {"type": "Point", "coordinates": [-73.714206, 45.49589]}}, {"type": "Feature", "properties": {"cell_id": "892baa4edb3ffff"}, "geometry": {"type": "Point", "coordinates": [-73.709659, 45.501556]}}, {"type": "Feature", "properties": {"cell_id": "892baa4edb7ffff"}, "geometry": {"type": "Point", "coordinates": [-73.70719, 45.498825]}}, {"type": "Feature", "properties": {"cell_id": "892baa4edbbffff"}, "geometry": {"type": "Point", "coordinates": [-73.714402, 45.501453]}}, {"type": "Feature", "properties": {"cell_id": "892baa4edc3ffff"}, "geometry": {"type": "Point", "coordinates": [-73.726555, 45.509542]}}, {"type": "Feature", "properties": {"cell_id": "892baa4edc7ffff"}, "geometry": {"type": "Point", "coordinates": [-73.724084, 45.506812]}}, {"type": "Feature", "properties": {"cell_id": "892baa4edcbffff"}, "geometry": {"type": "Point", "coordinates": [-73.731298, 45.509439]}}, {"type": "Feature", "properties": {"cell_id": "892baa4edcfffff"}, "geometry": {"type": "Point", "coordinates": [-73.728828, 45.506709]}}, {"type": "Feature", "properties": {"cell_id": "892baa4edd3ffff"}, "geometry": {"type": "Point", "coordinates": [-73.724281, 45.512376]}}, {"type": "Feature", "properties": {"cell_id": "892baa4edd7ffff"}, "geometry": {"type": "Point", "coordinates": [-73.721811, 45.509645]}}, {"type": "Feature", "properties": {"cell_id": "892baa4eddbffff"}, "geometry": {"type": "Point", "coordinates": [-73.729025, 45.512273]}}, {"type": "Feature", "properties": {"cell_id": "892baa4ee03ffff"}, "geometry": {"type": "Point", "coordinates": [-73.774397, 45.519632]}}, {"type": "Feature", "properties": {"cell_id": "892baa4ee07ffff"}, "geometry": {"type": "Point", "coordinates": [-73.771923, 45.516902]}}, {"type": "Feature", "properties": {"cell_id": "892baa4ee0bffff"}, "geometry": {"type": "Point", "coordinates": [-73.779142, 45.519527]}}, {"type": "Feature", "properties": {"cell_id": "892baa4ee0fffff"}, "geometry": {"type": "Point", "coordinates": [-73.776668, 45.516797]}}, {"type": "Feature", "properties": {"cell_id": "892baa4ee13ffff"}, "geometry": {"type": "Point", "coordinates": [-73.772126, 45.522466]}}, {"type": "Feature", "properties": {"cell_id": "892baa4ee17ffff"}, "geometry": {"type": "Point", "coordinates": [-73.769653, 45.519737]}}, {"type": "Feature", "properties": {"cell_id": "892baa4ee1bffff"}, "geometry": {"type": "Point", "coordinates": [-73.776871, 45.522362]}}, {"type": "Feature", "properties": {"cell_id": "892baa4ee23ffff"}, "geometry": {"type": "Point", "coordinates": [-73.77172, 45.511338]}}, {"type": "Feature", "properties": {"cell_id": "892baa4ee27ffff"}, "geometry": {"type": "Point", "coordinates": [-73.769247, 45.508608]}}, {"type": "Feature", "properties": {"cell_id": "892baa4ee2bffff"}, "geometry": {"type": "Point", "coordinates": [-73.776464, 45.511233]}}, {"type": "Feature", "properties": {"cell_id": "892baa4ee2fffff"}, "geometry": {"type": "Point", "coordinates": [-73.773991, 45.508504]}}, {"type": "Feature", "properties": {"cell_id": "892baa4ee33ffff"}, "geometry": {"type": "Point", "coordinates": [-73.76945, 45.514172]}}, {"type": "Feature", "properties": {"cell_id": "892baa4ee37ffff"}, "geometry": {"type": "Point", "coordinates": [-73.766977, 45.511443]}}, {"type": "Feature", "properties": {"cell_id": "892baa4ee3bffff"}, "geometry": {"type": "Point", "coordinates": [-73.774194, 45.514068]}}, {"type": "Feature", "properties": {"cell_id": "892baa4ee43ffff"}, "geometry": {"type": "Point", "coordinates": [-73.786362, 45.522151]}}, {"type": "Feature", "properties": {"cell_id": "892baa4ee47ffff"}, "geometry": {"type": "Point", "coordinates": [-73.783887, 45.519422]}}, {"type": "Feature", "properties": {"cell_id": "892baa4ee4bffff"}, "geometry": {"type": "Point", "coordinates": [-73.791107, 45.522046]}}, {"type": "Feature", "properties": {"cell_id": "892baa4ee4fffff"}, "geometry": {"type": "Point", "coordinates": [-73.788632, 45.519316]}}, {"type": "Feature", "properties": {"cell_id": "892baa4ee53ffff"}, "geometry": {"type": "Point", "coordinates": [-73.784091, 45.524986]}}, {"type": "Feature", "properties": {"cell_id": "892baa4ee57ffff"}, "geometry": {"type": "Point", "coordinates": [-73.781617, 45.522257]}}, {"type": "Feature", "properties": {"cell_id": "892baa4ee5bffff"}, "geometry": {"type": "Point", "coordinates": [-73.788837, 45.524881]}}, {"type": "Feature", "properties": {"cell_id": "892baa4ee63ffff"}, "geometry": {"type": "Point", "coordinates": [-73.783682, 45.513857]}}, {"type": "Feature", "properties": {"cell_id": "892baa4ee67ffff"}, "geometry": {"type": "Point", "coordinates": [-73.781208, 45.511128]}}, {"type": "Feature", "properties": {"cell_id": "892baa4ee6bffff"}, "geometry": {"type": "Point", "coordinates": [-73.788426, 45.513752]}}, {"type": "Feature", "properties": {"cell_id": "892baa4ee6fffff"}, "geometry": {"type": "Point", "coordinates": [-73.785952, 45.511023]}}, {"type": "Feature", "properties": {"cell_id": "892baa4ee73ffff"}, "geometry": {"type": "Point", "coordinates": [-73.781412, 45.516692]}}, {"type": "Feature", "properties": {"cell_id": "892baa4ee77ffff"}, "geometry": {"type": "Point", "coordinates": [-73.778938, 45.513963]}}, {"type": "Feature", "properties": {"cell_id": "892baa4ee7bffff"}, "geometry": {"type": "Point", "coordinates": [-73.786157, 45.516587]}}, {"type": "Feature", "properties": {"cell_id": "892baa4ee83ffff"}, "geometry": {"type": "Point", "coordinates": [-73.76511, 45.525406]}}, {"type": "Feature", "properties": {"cell_id": "892baa4ee87ffff"}, "geometry": {"type": "Point", "coordinates": [-73.762636, 45.522676]}}, {"type": "Feature", "properties": {"cell_id": "892baa4ee8bffff"}, "geometry": {"type": "Point", "coordinates": [-73.769855, 45.525301]}}, {"type": "Feature", "properties": {"cell_id": "892baa4ee8fffff"}, "geometry": {"type": "Point", "coordinates": [-73.767381, 45.522571]}}, {"type": "Feature", "properties": {"cell_id": "892baa4ee93ffff"}, "geometry": {"type": "Point", "coordinates": [-73.762838, 45.52824]}}, {"type": "Feature", "properties": {"cell_id": "892baa4ee97ffff"}, "geometry": {"type": "Point", "coordinates": [-73.760365, 45.52551]}}, {"type": "Feature", "properties": {"cell_id": "892baa4ee9bffff"}, "geometry": {"type": "Point", "coordinates": [-73.767584, 45.528136]}}, {"type": "Feature", "properties": {"cell_id": "892baa4eea3ffff"}, "geometry": {"type": "Point", "coordinates": [-73.762434, 45.517111]}}, {"type": "Feature", "properties": {"cell_id": "892baa4eea7ffff"}, "geometry": {"type": "Point", "coordinates": [-73.759961, 45.514381]}}, {"type": "Feature", "properties": {"cell_id": "892baa4eeabffff"}, "geometry": {"type": "Point", "coordinates": [-73.767179, 45.517007]}}, {"type": "Feature", "properties": {"cell_id": "892baa4eeafffff"}, "geometry": {"type": "Point", "coordinates": [-73.764706, 45.514277]}}, {"type": "Feature", "properties": {"cell_id": "892baa4eeb3ffff"}, "geometry": {"type": "Point", "coordinates": [-73.760163, 45.519946]}}, {"type": "Feature", "properties": {"cell_id": "892baa4eeb7ffff"}, "geometry": {"type": "Point", "coordinates": [-73.75769, 45.517215]}}, {"type": "Feature", "properties": {"cell_id": "892baa4eebbffff"}, "geometry": {"type": "Point", "coordinates": [-73.764908, 45.519841]}}, {"type": "Feature", "properties": {"cell_id": "892baa4eec3ffff"}, "geometry": {"type": "Point", "coordinates": [-73.777075, 45.527926]}}, {"type": "Feature", "properties": {"cell_id": "892baa4eec7ffff"}, "geometry": {"type": "Point", "coordinates": [-73.774601, 45.525196]}}, {"type": "Feature", "properties": {"cell_id": "892baa4eecbffff"}, "geometry": {"type": "Point", "coordinates": [-73.781821, 45.527821]}}, {"type": "Feature", "properties": {"cell_id": "892baa4eecfffff"}, "geometry": {"type": "Point", "coordinates": [-73.779346, 45.525091]}}, {"type": "Feature", "properties": {"cell_id": "892baa4eed3ffff"}, "geometry": {"type": "Point", "coordinates": [-73.774804, 45.530761]}}, {"type": "Feature", "properties": {"cell_id": "892baa4eed7ffff"}, "geometry": {"type": "Point", "coordinates": [-73.772329, 45.528031]}}, {"type": "Feature", "properties": {"cell_id": "892baa4eedbffff"}, "geometry": {"type": "Point", "coordinates": [-73.77955, 45.530656]}}, {"type": "Feature", "properties": {"cell_id": "892baa54003ffff"}, "geometry": {"type": "Point", "coordinates": [-73.496206, 45.661941]}}, {"type": "Feature", "properties": {"cell_id": "892baa54007ffff"}, "geometry": {"type": "Point", "coordinates": [-73.493742, 45.659202]}}, {"type": "Feature", "properties": {"cell_id": "892baa5400bffff"}, "geometry": {"type": "Point", "coordinates": [-73.500966, 45.661848]}}, {"type": "Feature", "properties": {"cell_id": "892baa5400fffff"}, "geometry": {"type": "Point", "coordinates": [-73.498501, 45.659109]}}, {"type": "Feature", "properties": {"cell_id": "892baa54013ffff"}, "geometry": {"type": "Point", "coordinates": [-73.493911, 45.664774]}}, {"type": "Feature", "properties": {"cell_id": "892baa54017ffff"}, "geometry": {"type": "Point", "coordinates": [-73.491447, 45.662034]}}, {"type": "Feature", "properties": {"cell_id": "892baa5401bffff"}, "geometry": {"type": "Point", "coordinates": [-73.498671, 45.66468]}}, {"type": "Feature", "properties": {"cell_id": "892baa54023ffff"}, "geometry": {"type": "Point", "coordinates": [-73.493574, 45.653631]}}, {"type": "Feature", "properties": {"cell_id": "892baa54027ffff"}, "geometry": {"type": "Point", "coordinates": [-73.49111, 45.650892]}}, {"type": "Feature", "properties": {"cell_id": "892baa5402bffff"}, "geometry": {"type": "Point", "coordinates": [-73.498332, 45.653537]}}, {"type": "Feature", "properties": {"cell_id": "892baa5402fffff"}, "geometry": {"type": "Point", "coordinates": [-73.495868, 45.650798]}}, {"type": "Feature", "properties": {"cell_id": "892baa54033ffff"}, "geometry": {"type": "Point", "coordinates": [-73.491278, 45.656463]}}, {"type": "Feature", "properties": {"cell_id": "892baa54037ffff"}, "geometry": {"type": "Point", "coordinates": [-73.488815, 45.653724]}}, {"type": "Feature", "properties": {"cell_id": "892baa5403bffff"}, "geometry": {"type": "Point", "coordinates": [-73.496037, 45.65637]}}, {"type": "Feature", "properties": {"cell_id": "892baa54043ffff"}, "geometry": {"type": "Point", "coordinates": [-73.508191, 45.664493]}}, {"type": "Feature", "properties": {"cell_id": "892baa54047ffff"}, "geometry": {"type": "Point", "coordinates": [-73.505725, 45.661754]}}, {"type": "Feature", "properties": {"cell_id": "892baa5404bffff"}, "geometry": {"type": "Point", "coordinates": [-73.51295, 45.6644]}}, {"type": "Feature", "properties": {"cell_id": "892baa5404fffff"}, "geometry": {"type": "Point", "coordinates": [-73.510485, 45.661661]}}, {"type": "Feature", "properties": {"cell_id": "892baa54053ffff"}, "geometry": {"type": "Point", "coordinates": [-73.505896, 45.667326]}}, {"type": "Feature", "properties": {"cell_id": "892baa54057ffff"}, "geometry": {"type": "Point", "coordinates": [-73.503431, 45.664587]}}, {"type": "Feature", "properties": {"cell_id": "892baa5405bffff"}, "geometry": {"type": "Point", "coordinates": [-73.510656, 45.667233]}}, {"type": "Feature", "properties": {"cell_id": "892baa54063ffff"}, "geometry": {"type": "Point", "coordinates": [-73.505555, 45.656183]}}, {"type": "Feature", "properties": {"cell_id": "892baa54067ffff"}, "geometry": {"type": "Point", "coordinates": [-73.503091, 45.653444]}}, {"type": "Feature", "properties": {"cell_id": "892baa5406bffff"}, "geometry": {"type": "Point", "coordinates": [-73.510314, 45.656089]}}, {"type": "Feature", "properties": {"cell_id": "892baa5406fffff"}, "geometry": {"type": "Point", "coordinates": [-73.507849, 45.65335]}}, {"type": "Feature", "properties": {"cell_id": "892baa54073ffff"}, "geometry": {"type": "Point", "coordinates": [-73.503261, 45.659015]}}, {"type": "Feature", "properties": {"cell_id": "892baa54077ffff"}, "geometry": {"type": "Point", "coordinates": [-73.500796, 45.656276]}}, {"type": "Feature", "properties": {"cell_id": "892baa5407bffff"}, "geometry": {"type": "Point", "coordinates": [-73.50802, 45.658922]}}, {"type": "Feature", "properties": {"cell_id": "892baa54083ffff"}, "geometry": {"type": "Point", "coordinates": [-73.486855, 45.667699]}}, {"type": "Feature", "properties": {"cell_id": "892baa54087ffff"}, "geometry": {"type": "Point", "coordinates": [-73.484391, 45.664959]}}, {"type": "Feature", "properties": {"cell_id": "892baa5408bffff"}, "geometry": {"type": "Point", "coordinates": [-73.491615, 45.667606]}}, {"type": "Feature", "properties": {"cell_id": "892baa5408fffff"}, "geometry": {"type": "Point", "coordinates": [-73.489151, 45.664867]}}, {"type": "Feature", "properties": {"cell_id": "892baa54093ffff"}, "geometry": {"type": "Point", "coordinates": [-73.484559, 45.670531]}}, {"type": "Feature", "properties": {"cell_id": "892baa54097ffff"}, "geometry": {"type": "Point", "coordinates": [-73.482095, 45.667792]}}, {"type": "Feature", "properties": {"cell_id": "892baa5409bffff"}, "geometry": {"type": "Point", "coordinates": [-73.489319, 45.670438]}}, {"type": "Feature", "properties": {"cell_id": "892baa540a3ffff"}, "geometry": {"type": "Point", "coordinates": [-73.484224, 45.659388]}}, {"type": "Feature", "properties": {"cell_id": "892baa540abffff"}, "geometry": {"type": "Point", "coordinates": [-73.488983, 45.659295]}}, {"type": "Feature", "properties": {"cell_id": "892baa540afffff"}, "geometry": {"type": "Point", "coordinates": [-73.486519, 45.656556]}}, {"type": "Feature", "properties": {"cell_id": "892baa540bbffff"}, "geometry": {"type": "Point", "coordinates": [-73.486687, 45.662127]}}, {"type": "Feature", "properties": {"cell_id": "892baa540c3ffff"}, "geometry": {"type": "Point", "coordinates": [-73.49884, 45.670252]}}, {"type": "Feature", "properties": {"cell_id": "892baa540c7ffff"}, "geometry": {"type": "Point", "coordinates": [-73.496375, 45.667513]}}, {"type": "Feature", "properties": {"cell_id": "892baa540cbffff"}, "geometry": {"type": "Point", "coordinates": [-73.503601, 45.670159]}}, {"type": "Feature", "properties": {"cell_id": "892baa540cfffff"}, "geometry": {"type": "Point", "coordinates": [-73.501136, 45.66742]}}, {"type": "Feature", "properties": {"cell_id": "892baa540d3ffff"}, "geometry": {"type": "Point", "coordinates": [-73.496545, 45.673085]}}, {"type": "Feature", "properties": {"cell_id": "892baa540d7ffff"}, "geometry": {"type": "Point", "coordinates": [-73.49408, 45.670346]}}, {"type": "Feature", "properties": {"cell_id": "892baa540dbffff"}, "geometry": {"type": "Point", "coordinates": [-73.501305, 45.672992]}}, {"type": "Feature", "properties": {"cell_id": "892baa54143ffff"}, "geometry": {"type": "Point", "coordinates": [-73.490942, 45.645321]}}, {"type": "Feature", "properties": {"cell_id": "892baa54147ffff"}, "geometry": {"type": "Point", "coordinates": [-73.488479, 45.642582]}}, {"type": "Feature", "properties": {"cell_id": "892baa5414bffff"}, "geometry": {"type": "Point", "coordinates": [-73.495699, 45.645228]}}, {"type": "Feature", "properties": {"cell_id": "892baa5414fffff"}, "geometry": {"type": "Point", "coordinates": [-73.493236, 45.642489]}}, {"type": "Feature", "properties": {"cell_id": "892baa54153ffff"}, "geometry": {"type": "Point", "coordinates": [-73.488647, 45.648153]}}, {"type": "Feature", "properties": {"cell_id": "892baa54157ffff"}, "geometry": {"type": "Point", "coordinates": [-73.486184, 45.645413]}}, {"type": "Feature", "properties": {"cell_id": "892baa5415bffff"}, "geometry": {"type": "Point", "coordinates": [-73.493405, 45.64806]}}, {"type": "Feature", "properties": {"cell_id": "892baa54163ffff"}, "geometry": {"type": "Point", "coordinates": [-73.488311, 45.637011]}}, {"type": "Feature", "properties": {"cell_id": "892baa54167ffff"}, "geometry": {"type": "Point", "coordinates": [-73.485848, 45.634273]}}, {"type": "Feature", "properties": {"cell_id": "892baa5416bffff"}, "geometry": {"type": "Point", "coordinates": [-73.493068, 45.636918]}}, {"type": "Feature", "properties": {"cell_id": "892baa5416fffff"}, "geometry": {"type": "Point", "coordinates": [-73.490605, 45.63418]}}, {"type": "Feature", "properties": {"cell_id": "892baa54173ffff"}, "geometry": {"type": "Point", "coordinates": [-73.486016, 45.639843]}}, {"type": "Feature", "properties": {"cell_id": "892baa5417bffff"}, "geometry": {"type": "Point", "coordinates": [-73.490773, 45.63975]}}, {"type": "Feature", "properties": {"cell_id": "892baa541cbffff"}, "geometry": {"type": "Point", "coordinates": [-73.486352, 45.650984]}}, {"type": "Feature", "properties": {"cell_id": "892baa541cfffff"}, "geometry": {"type": "Point", "coordinates": [-73.483889, 45.648245]}}, {"type": "Feature", "properties": {"cell_id": "892baa541dbffff"}, "geometry": {"type": "Point", "coordinates": [-73.484056, 45.653816]}}, {"type": "Feature", "properties": {"cell_id": "892baa54203ffff"}, "geometry": {"type": "Point", "coordinates": [-73.529523, 45.661284]}}, {"type": "Feature", "properties": {"cell_id": "892baa54207ffff"}, "geometry": {"type": "Point", "coordinates": [-73.527057, 45.658546]}}, {"type": "Feature", "properties": {"cell_id": "892baa5420bffff"}, "geometry": {"type": "Point", "coordinates": [-73.534283, 45.661189]}}, {"type": "Feature", "properties": {"cell_id": "892baa5420fffff"}, "geometry": {"type": "Point", "coordinates": [-73.531816, 45.658451]}}, {"type": "Feature", "properties": {"cell_id": "892baa54213ffff"}, "geometry": {"type": "Point", "coordinates": [-73.52723, 45.664117]}}, {"type": "Feature", "properties": {"cell_id": "892baa54217ffff"}, "geometry": {"type": "Point", "coordinates": [-73.524764, 45.661379]}}, {"type": "Feature", "properties": {"cell_id": "892baa5421bffff"}, "geometry": {"type": "Point", "coordinates": [-73.53199, 45.664023]}}, {"type": "Feature", "properties": {"cell_id": "892baa54223ffff"}, "geometry": {"type": "Point", "coordinates": [-73.526884, 45.652974]}}, {"type": "Feature", "properties": {"cell_id": "892baa54227ffff"}, "geometry": {"type": "Point", "coordinates": [-73.524418, 45.650236]}}, {"type": "Feature", "properties": {"cell_id": "892baa5422bffff"}, "geometry": {"type": "Point", "coordinates": [-73.531643, 45.65288]}}, {"type": "Feature", "properties": {"cell_id": "892baa5422fffff"}, "geometry": {"type": "Point", "coordinates": [-73.529177, 45.650141]}}, {"type": "Feature", "properties": {"cell_id": "892baa54233ffff"}, "geometry": {"type": "Point", "coordinates": [-73.524591, 45.655807]}}, {"type": "Feature", "properties": {"cell_id": "892baa54237ffff"}, "geometry": {"type": "Point", "coordinates": [-73.522125, 45.653069]}}, {"type": "Feature", "properties": {"cell_id": "892baa5423bffff"}, "geometry": {"type": "Point", "coordinates": [-73.52935, 45.655713]}}, {"type": "Feature", "properties": {"cell_id": "892baa54243ffff"}, "geometry": {"type": "Point", "coordinates": [-73.541509, 45.663833]}}, {"type": "Feature", "properties": {"cell_id": "892baa54247ffff"}, "geometry": {"type": "Point", "coordinates": [-73.539042, 45.661095]}}, {"type": "Feature", "properties": {"cell_id": "892baa5424bffff"}, "geometry": {"type": "Point", "coordinates": [-73.546269, 45.663738]}}, {"type": "Feature", "properties": {"cell_id": "892baa5424fffff"}, "geometry": {"type": "Point", "coordinates": [-73.543802, 45.661]}}, {"type": "Feature", "properties": {"cell_id": "892baa54253ffff"}, "geometry": {"type": "Point", "coordinates": [-73.539217, 45.666666]}}, {"type": "Feature", "properties": {"cell_id": "892baa54257ffff"}, "geometry": {"type": "Point", "coordinates": [-73.536749, 45.663928]}}, {"type": "Feature", "properties": {"cell_id": "892baa5425bffff"}, "geometry": {"type": "Point", "coordinates": [-73.543977, 45.666571]}}, {"type": "Feature", "properties": {"cell_id": "892baa54263ffff"}, "geometry": {"type": "Point", "coordinates": [-73.538868, 45.655523]}}, {"type": "Feature", "properties": {"cell_id": "892baa54267ffff"}, "geometry": {"type": "Point", "coordinates": [-73.536401, 45.652785]}}, {"type": "Feature", "properties": {"cell_id": "892baa5426bffff"}, "geometry": {"type": "Point", "coordinates": [-73.543627, 45.655428]}}, {"type": "Feature", "properties": {"cell_id": "892baa5426fffff"}, "geometry": {"type": "Point", "coordinates": [-73.54116, 45.65269]}}, {"type": "Feature", "properties": {"cell_id": "892baa54273ffff"}, "geometry": {"type": "Point", "coordinates": [-73.536575, 45.658356]}}, {"type": "Feature", "properties": {"cell_id": "892baa54277ffff"}, "geometry": {"type": "Point", "coordinates": [-73.534109, 45.655618]}}, {"type": "Feature", "properties": {"cell_id": "892baa5427bffff"}, "geometry": {"type": "Point", "coordinates": [-73.541335, 45.658261]}}, {"type": "Feature", "properties": {"cell_id": "892baa54283ffff"}, "geometry": {"type": "Point", "coordinates": [-73.520176, 45.667045]}}, {"type": "Feature", "properties": {"cell_id": "892baa54287ffff"}, "geometry": {"type": "Point", "coordinates": [-73.51771, 45.664306]}}, {"type": "Feature", "properties": {"cell_id": "892baa5428bffff"}, "geometry": {"type": "Point", "coordinates": [-73.524936, 45.66695]}}, {"type": "Feature", "properties": {"cell_id": "892baa5428fffff"}, "geometry": {"type": "Point", "coordinates": [-73.52247, 45.664212]}}, {"type": "Feature", "properties": {"cell_id": "892baa54293ffff"}, "geometry": {"type": "Point", "coordinates": [-73.517882, 45.669878]}}, {"type": "Feature", "properties": {"cell_id": "892baa54297ffff"}, "geometry": {"type": "Point", "coordinates": [-73.515416, 45.667139]}}, {"type": "Feature", "properties": {"cell_id": "892baa5429bffff"}, "geometry": {"type": "Point", "coordinates": [-73.522642, 45.669783]}}, {"type": "Feature", "properties": {"cell_id": "892baa542a3ffff"}, "geometry": {"type": "Point", "coordinates": [-73.517538, 45.658734]}}, {"type": "Feature", "properties": {"cell_id": "892baa542a7ffff"}, "geometry": {"type": "Point", "coordinates": [-73.515073, 45.655995]}}, {"type": "Feature", "properties": {"cell_id": "892baa542abffff"}, "geometry": {"type": "Point", "coordinates": [-73.522298, 45.65864]}}, {"type": "Feature", "properties": {"cell_id": "892baa542afffff"}, "geometry": {"type": "Point", "coordinates": [-73.519832, 45.655901]}}, {"type": "Feature", "properties": {"cell_id": "892baa542b3ffff"}, "geometry": {"type": "Point", "coordinates": [-73.515245, 45.661567]}}, {"type": "Feature", "properties": {"cell_id": "892baa542b7ffff"}, "geometry": {"type": "Point", "coordinates": [-73.512779, 45.658828]}}, {"type": "Feature", "properties": {"cell_id": "892baa542bbffff"}, "geometry": {"type": "Point", "coordinates": [-73.520004, 45.661473]}}, {"type": "Feature", "properties": {"cell_id": "892baa542c3ffff"}, "geometry": {"type": "Point", "coordinates": [-73.532163, 45.669595]}}, {"type": "Feature", "properties": {"cell_id": "892baa542c7ffff"}, "geometry": {"type": "Point", "coordinates": [-73.529696, 45.666856]}}, {"type": "Feature", "properties": {"cell_id": "892baa542cbffff"}, "geometry": {"type": "Point", "coordinates": [-73.536924, 45.6695]}}, {"type": "Feature", "properties": {"cell_id": "892baa542cfffff"}, "geometry": {"type": "Point", "coordinates": [-73.534457, 45.666761]}}, {"type": "Feature", "properties": {"cell_id": "892baa542d3ffff"}, "geometry": {"type": "Point", "coordinates": [-73.52987, 45.672428]}}, {"type": "Feature", "properties": {"cell_id": "892baa542d7ffff"}, "geometry": {"type": "Point", "coordinates": [-73.527403, 45.669689]}}, {"type": "Feature", "properties": {"cell_id": "892baa542dbffff"}, "geometry": {"type": "Point", "coordinates": [-73.53463, 45.672333]}}, {"type": "Feature", "properties": {"cell_id": "892baa54303ffff"}, "geometry": {"type": "Point", "coordinates": [-73.512266, 45.642115]}}, {"type": "Feature", "properties": {"cell_id": "892baa54307ffff"}, "geometry": {"type": "Point", "coordinates": [-73.509802, 45.639377]}}, {"type": "Feature", "properties": {"cell_id": "892baa5430bffff"}, "geometry": {"type": "Point", "coordinates": [-73.517023, 45.642021]}}, {"type": "Feature", "properties": {"cell_id": "892baa5430fffff"}, "geometry": {"type": "Point", "coordinates": [-73.514559, 45.639283]}}, {"type": "Feature", "properties": {"cell_id": "892baa54313ffff"}, "geometry": {"type": "Point", "coordinates": [-73.509973, 45.644947]}}, {"type": "Feature", "properties": {"cell_id": "892baa54317ffff"}, "geometry": {"type": "Point", "coordinates": [-73.507509, 45.642209]}}, {"type": "Feature", "properties": {"cell_id": "892baa5431bffff"}, "geometry": {"type": "Point", "coordinates": [-73.51473, 45.644853]}}, {"type": "Feature", "properties": {"cell_id": "892baa54323ffff"}, "geometry": {"type": "Point", "coordinates": [-73.509631, 45.633806]}}, {"type": "Feature", "properties": {"cell_id": "892baa54327ffff"}, "geometry": {"type": "Point", "coordinates": [-73.507168, 45.631068]}}, {"type": "Feature", "properties": {"cell_id": "892baa5432bffff"}, "geometry": {"type": "Point", "coordinates": [-73.514388, 45.633712]}}, {"type": "Feature", "properties": {"cell_id": "892baa5432fffff"}, "geometry": {"type": "Point", "coordinates": [-73.511924, 45.630974]}}, {"type": "Feature", "properties": {"cell_id": "892baa54333ffff"}, "geometry": {"type": "Point", "coordinates": [-73.507338, 45.636638]}}, {"type": "Feature", "properties": {"cell_id": "892baa54337ffff"}, "geometry": {"type": "Point", "coordinates": [-73.504875, 45.6339]}}, {"type": "Feature", "properties": {"cell_id": "892baa5433bffff"}, "geometry": {"type": "Point", "coordinates": [-73.512095, 45.636544]}}, {"type": "Feature", "properties": {"cell_id": "892baa54343ffff"}, "geometry": {"type": "Point", "coordinates": [-73.524246, 45.644665]}}, {"type": "Feature", "properties": {"cell_id": "892baa54347ffff"}, "geometry": {"type": "Point", "coordinates": [-73.521781, 45.641927]}}, {"type": "Feature", "properties": {"cell_id": "892baa5434bffff"}, "geometry": {"type": "Point", "coordinates": [-73.529004, 45.64457]}}, {"type": "Feature", "properties": {"cell_id": "892baa5434fffff"}, "geometry": {"type": "Point", "coordinates": [-73.526538, 45.641832]}}, {"type": "Feature", "properties": {"cell_id": "892baa54353ffff"}, "geometry": {"type": "Point", "coordinates": [-73.521953, 45.647498]}}, {"type": "Feature", "properties": {"cell_id": "892baa54357ffff"}, "geometry": {"type": "Point", "coordinates": [-73.519488, 45.644759]}}, {"type": "Feature", "properties": {"cell_id": "892baa5435bffff"}, "geometry": {"type": "Point", "coordinates": [-73.526711, 45.647403]}}, {"type": "Feature", "properties": {"cell_id": "892baa54363ffff"}, "geometry": {"type": "Point", "coordinates": [-73.521609, 45.636356]}}, {"type": "Feature", "properties": {"cell_id": "892baa54367ffff"}, "geometry": {"type": "Point", "coordinates": [-73.519144, 45.633618]}}, {"type": "Feature", "properties": {"cell_id": "892baa5436bffff"}, "geometry": {"type": "Point", "coordinates": [-73.526366, 45.636262]}}, {"type": "Feature", "properties": {"cell_id": "892baa5436fffff"}, "geometry": {"type": "Point", "coordinates": [-73.523901, 45.633524]}}, {"type": "Feature", "properties": {"cell_id": "892baa54373ffff"}, "geometry": {"type": "Point", "coordinates": [-73.519316, 45.639189]}}, {"type": "Feature", "properties": {"cell_id": "892baa54377ffff"}, "geometry": {"type": "Point", "coordinates": [-73.516852, 45.63645]}}, {"type": "Feature", "properties": {"cell_id": "892baa5437bffff"}, "geometry": {"type": "Point", "coordinates": [-73.524073, 45.639094]}}, {"type": "Feature", "properties": {"cell_id": "892baa54383ffff"}, "geometry": {"type": "Point", "coordinates": [-73.502921, 45.647873]}}, {"type": "Feature", "properties": {"cell_id": "892baa54387ffff"}, "geometry": {"type": "Point", "coordinates": [-73.500457, 45.645134]}}, {"type": "Feature", "properties": {"cell_id": "892baa5438bffff"}, "geometry": {"type": "Point", "coordinates": [-73.507679, 45.647779]}}, {"type": "Feature", "properties": {"cell_id": "892baa5438fffff"}, "geometry": {"type": "Point", "coordinates": [-73.505215, 45.645041]}}, {"type": "Feature", "properties": {"cell_id": "892baa54393ffff"}, "geometry": {"type": "Point", "coordinates": [-73.500627, 45.650705]}}, {"type": "Feature", "properties": {"cell_id": "892baa54397ffff"}, "geometry": {"type": "Point", "coordinates": [-73.498163, 45.647966]}}, {"type": "Feature", "properties": {"cell_id": "892baa5439bffff"}, "geometry": {"type": "Point", "coordinates": [-73.505385, 45.650612]}}, {"type": "Feature", "properties": {"cell_id": "892baa543a3ffff"}, "geometry": {"type": "Point", "coordinates": [-73.500288, 45.639564]}}, {"type": "Feature", "properties": {"cell_id": "892baa543a7ffff"}, "geometry": {"type": "Point", "coordinates": [-73.497824, 45.636825]}}, {"type": "Feature", "properties": {"cell_id": "892baa543abffff"}, "geometry": {"type": "Point", "coordinates": [-73.505045, 45.63947]}}, {"type": "Feature", "properties": {"cell_id": "892baa543afffff"}, "geometry": {"type": "Point", "coordinates": [-73.502581, 45.636732]}}, {"type": "Feature", "properties": {"cell_id": "892baa543b3ffff"}, "geometry": {"type": "Point", "coordinates": [-73.497994, 45.642396]}}, {"type": "Feature", "properties": {"cell_id": "892baa543b7ffff"}, "geometry": {"type": "Point", "coordinates": [-73.49553, 45.639657]}}, {"type": "Feature", "properties": {"cell_id": "892baa543bbffff"}, "geometry": {"type": "Point", "coordinates": [-73.502751, 45.642302]}}, {"type": "Feature", "properties": {"cell_id": "892baa543c3ffff"}, "geometry": {"type": "Point", "coordinates": [-73.514902, 45.650424]}}, {"type": "Feature", "properties": {"cell_id": "892baa543c7ffff"}, "geometry": {"type": "Point", "coordinates": [-73.512437, 45.647686]}}, {"type": "Feature", "properties": {"cell_id": "892baa543cbffff"}, "geometry": {"type": "Point", "coordinates": [-73.51966, 45.65033]}}, {"type": "Feature", "properties": {"cell_id": "892baa543cfffff"}, "geometry": {"type": "Point", "coordinates": [-73.517195, 45.647592]}}, {"type": "Feature", "properties": {"cell_id": "892baa543d3ffff"}, "geometry": {"type": "Point", "coordinates": [-73.512608, 45.653257]}}, {"type": "Feature", "properties": {"cell_id": "892baa543d7ffff"}, "geometry": {"type": "Point", "coordinates": [-73.510143, 45.650518]}}, {"type": "Feature", "properties": {"cell_id": "892baa543dbffff"}, "geometry": {"type": "Point", "coordinates": [-73.517367, 45.653163]}}, {"type": "Feature", "properties": {"cell_id": "892baa54403ffff"}, "geometry": {"type": "Point", "coordinates": [-73.480133, 45.681769]}}, {"type": "Feature", "properties": {"cell_id": "892baa5440bffff"}, "geometry": {"type": "Point", "coordinates": [-73.484894, 45.681676]}}, {"type": "Feature", "properties": {"cell_id": "892baa5440fffff"}, "geometry": {"type": "Point", "coordinates": [-73.48243, 45.678936]}}, {"type": "Feature", "properties": {"cell_id": "892baa5441bffff"}, "geometry": {"type": "Point", "coordinates": [-73.482597, 45.684509]}}, {"type": "Feature", "properties": {"cell_id": "892baa5442bffff"}, "geometry": {"type": "Point", "coordinates": [-73.482262, 45.673364]}}, {"type": "Feature", "properties": {"cell_id": "892baa54443ffff"}, "geometry": {"type": "Point", "coordinates": [-73.492121, 45.684323]}}, {"type": "Feature", "properties": {"cell_id": "892baa54447ffff"}, "geometry": {"type": "Point", "coordinates": [-73.489656, 45.681583]}}, {"type": "Feature", "properties": {"cell_id": "892baa5444bffff"}, "geometry": {"type": "Point", "coordinates": [-73.496883, 45.68423]}}, {"type": "Feature", "properties": {"cell_id": "892baa5444fffff"}, "geometry": {"type": "Point", "coordinates": [-73.494418, 45.68149]}}, {"type": "Feature", "properties": {"cell_id": "892baa54453ffff"}, "geometry": {"type": "Point", "coordinates": [-73.489824, 45.687156]}}, {"type": "Feature", "properties": {"cell_id": "892baa54457ffff"}, "geometry": {"type": "Point", "coordinates": [-73.487359, 45.684416]}}, {"type": "Feature", "properties": {"cell_id": "892baa5445bffff"}, "geometry": {"type": "Point", "coordinates": [-73.494587, 45.687063]}}, {"type": "Feature", "properties": {"cell_id": "892baa54463ffff"}, "geometry": {"type": "Point", "coordinates": [-73.489488, 45.676011]}}, {"type": "Feature", "properties": {"cell_id": "892baa54467ffff"}, "geometry": {"type": "Point", "coordinates": [-73.487023, 45.673271]}}, {"type": "Feature", "properties": {"cell_id": "892baa5446bffff"}, "geometry": {"type": "Point", "coordinates": [-73.494249, 45.675918]}}, {"type": "Feature", "properties": {"cell_id": "892baa5446fffff"}, "geometry": {"type": "Point", "coordinates": [-73.491784, 45.673178]}}, {"type": "Feature", "properties": {"cell_id": "892baa54473ffff"}, "geometry": {"type": "Point", "coordinates": [-73.487191, 45.678843]}}, {"type": "Feature", "properties": {"cell_id": "892baa54477ffff"}, "geometry": {"type": "Point", "coordinates": [-73.484727, 45.676103]}}, {"type": "Feature", "properties": {"cell_id": "892baa5447bffff"}, "geometry": {"type": "Point", "coordinates": [-73.491952, 45.67875]}}, {"type": "Feature", "properties": {"cell_id": "892baa544c3ffff"}, "geometry": {"type": "Point", "coordinates": [-73.482765, 45.690082]}}, {"type": "Feature", "properties": {"cell_id": "892baa544c7ffff"}, "geometry": {"type": "Point", "coordinates": [-73.4803, 45.687341]}}, {"type": "Feature", "properties": {"cell_id": "892baa544cbffff"}, "geometry": {"type": "Point", "coordinates": [-73.487527, 45.689989]}}, {"type": "Feature", "properties": {"cell_id": "892baa544cfffff"}, "geometry": {"type": "Point", "coordinates": [-73.485062, 45.687249]}}, {"type": "Feature", "properties": {"cell_id": "892baa544d3ffff"}, "geometry": {"type": "Point", "coordinates": [-73.480467, 45.692914]}}, {"type": "Feature", "properties": {"cell_id": "892baa544dbffff"}, "geometry": {"type": "Point", "coordinates": [-73.48523, 45.692822]}}, {"type": "Feature", "properties": {"cell_id": "892baa54603ffff"}, "geometry": {"type": "Point", "coordinates": [-73.513464, 45.681116]}}, {"type": "Feature", "properties": {"cell_id": "892baa54607ffff"}, "geometry": {"type": "Point", "coordinates": [-73.510998, 45.678377]}}, {"type": "Feature", "properties": {"cell_id": "892baa5460bffff"}, "geometry": {"type": "Point", "coordinates": [-73.518226, 45.681022]}}, {"type": "Feature", "properties": {"cell_id": "892baa5460fffff"}, "geometry": {"type": "Point", "coordinates": [-73.515759, 45.678283]}}, {"type": "Feature", "properties": {"cell_id": "892baa54613ffff"}, "geometry": {"type": "Point", "coordinates": [-73.511169, 45.68395]}}, {"type": "Feature", "properties": {"cell_id": "892baa54617ffff"}, "geometry": {"type": "Point", "coordinates": [-73.508702, 45.68121]}}, {"type": "Feature", "properties": {"cell_id": "892baa5461bffff"}, "geometry": {"type": "Point", "coordinates": [-73.515931, 45.683856]}}, {"type": "Feature", "properties": {"cell_id": "892baa54623ffff"}, "geometry": {"type": "Point", "coordinates": [-73.510827, 45.672805]}}, {"type": "Feature", "properties": {"cell_id": "892baa54627ffff"}, "geometry": {"type": "Point", "coordinates": [-73.508361, 45.670065]}}, {"type": "Feature", "properties": {"cell_id": "892baa5462bffff"}, "geometry": {"type": "Point", "coordinates": [-73.515588, 45.672711]}}, {"type": "Feature", "properties": {"cell_id": "892baa5462fffff"}, "geometry": {"type": "Point", "coordinates": [-73.513122, 45.669972]}}, {"type": "Feature", "properties": {"cell_id": "892baa54633ffff"}, "geometry": {"type": "Point", "coordinates": [-73.508532, 45.675638]}}, {"type": "Feature", "properties": {"cell_id": "892baa54637ffff"}, "geometry": {"type": "Point", "coordinates": [-73.506066, 45.672898]}}, {"type": "Feature", "properties": {"cell_id": "892baa5463bffff"}, "geometry": {"type": "Point", "coordinates": [-73.513293, 45.675544]}}, {"type": "Feature", "properties": {"cell_id": "892baa54643ffff"}, "geometry": {"type": "Point", "coordinates": [-73.525455, 45.683667]}}, {"type": "Feature", "properties": {"cell_id": "892baa54647ffff"}, "geometry": {"type": "Point", "coordinates": [-73.522987, 45.680928]}}, {"type": "Feature", "properties": {"cell_id": "892baa5464fffff"}, "geometry": {"type": "Point", "coordinates": [-73.527749, 45.680834]}}, {"type": "Feature", "properties": {"cell_id": "892baa54653ffff"}, "geometry": {"type": "Point", "coordinates": [-73.52316, 45.686501]}}, {"type": "Feature", "properties": {"cell_id": "892baa54657ffff"}, "geometry": {"type": "Point", "coordinates": [-73.520693, 45.683762]}}, {"type": "Feature", "properties": {"cell_id": "892baa54663ffff"}, "geometry": {"type": "Point", "coordinates": [-73.522815, 45.675356]}}, {"type": "Feature", "properties": {"cell_id": "892baa54667ffff"}, "geometry": {"type": "Point", "coordinates": [-73.520348, 45.672617]}}, {"type": "Feature", "properties": {"cell_id": "892baa5466bffff"}, "geometry": {"type": "Point", "coordinates": [-73.527576, 45.675261]}}, {"type": "Feature", "properties": {"cell_id": "892baa5466fffff"}, "geometry": {"type": "Point", "coordinates": [-73.525109, 45.672522]}}, {"type": "Feature", "properties": {"cell_id": "892baa54673ffff"}, "geometry": {"type": "Point", "coordinates": [-73.52052, 45.678189]}}, {"type": "Feature", "properties": {"cell_id": "892baa54677ffff"}, "geometry": {"type": "Point", "coordinates": [-73.518054, 45.67545]}}, {"type": "Feature", "properties": {"cell_id": "892baa5467bffff"}, "geometry": {"type": "Point", "coordinates": [-73.525282, 45.678095]}}, {"type": "Feature", "properties": {"cell_id": "892baa54683ffff"}, "geometry": {"type": "Point", "coordinates": [-73.504111, 45.686876]}}, {"type": "Feature", "properties": {"cell_id": "892baa54687ffff"}, "geometry": {"type": "Point", "coordinates": [-73.501645, 45.684137]}}, {"type": "Feature", "properties": {"cell_id": "892baa5468bffff"}, "geometry": {"type": "Point", "coordinates": [-73.508873, 45.686783]}}, {"type": "Feature", "properties": {"cell_id": "892baa5468fffff"}, "geometry": {"type": "Point", "coordinates": [-73.506407, 45.684043]}}, {"type": "Feature", "properties": {"cell_id": "892baa54693ffff"}, "geometry": {"type": "Point", "coordinates": [-73.501815, 45.68971]}}, {"type": "Feature", "properties": {"cell_id": "892baa54697ffff"}, "geometry": {"type": "Point", "coordinates": [-73.499349, 45.68697]}}, {"type": "Feature", "properties": {"cell_id": "892baa5469bffff"}, "geometry": {"type": "Point", "coordinates": [-73.506577, 45.689616]}}, {"type": "Feature", "properties": {"cell_id": "892baa546a3ffff"}, "geometry": {"type": "Point", "coordinates": [-73.501475, 45.678564]}}, {"type": "Feature", "properties": {"cell_id": "892baa546a7ffff"}, "geometry": {"type": "Point", "coordinates": [-73.49901, 45.675825]}}, {"type": "Feature", "properties": {"cell_id": "892baa546abffff"}, "geometry": {"type": "Point", "coordinates": [-73.506236, 45.678471]}}, {"type": "Feature", "properties": {"cell_id": "892baa546afffff"}, "geometry": {"type": "Point", "coordinates": [-73.503771, 45.675731]}}, {"type": "Feature", "properties": {"cell_id": "892baa546b3ffff"}, "geometry": {"type": "Point", "coordinates": [-73.499179, 45.681397]}}, {"type": "Feature", "properties": {"cell_id": "892baa546b7ffff"}, "geometry": {"type": "Point", "coordinates": [-73.496714, 45.678657]}}, {"type": "Feature", "properties": {"cell_id": "892baa546bbffff"}, "geometry": {"type": "Point", "coordinates": [-73.503941, 45.681304]}}, {"type": "Feature", "properties": {"cell_id": "892baa546c3ffff"}, "geometry": {"type": "Point", "coordinates": [-73.516102, 45.689429]}}, {"type": "Feature", "properties": {"cell_id": "892baa546c7ffff"}, "geometry": {"type": "Point", "coordinates": [-73.513635, 45.686689]}}, {"type": "Feature", "properties": {"cell_id": "892baa546cbffff"}, "geometry": {"type": "Point", "coordinates": [-73.520865, 45.689335]}}, {"type": "Feature", "properties": {"cell_id": "892baa546cfffff"}, "geometry": {"type": "Point", "coordinates": [-73.518398, 45.686595]}}, {"type": "Feature", "properties": {"cell_id": "892baa546d7ffff"}, "geometry": {"type": "Point", "coordinates": [-73.51134, 45.689523]}}, {"type": "Feature", "properties": {"cell_id": "892baa54a03ffff"}, "geometry": {"type": "Point", "coordinates": [-73.51107, 45.603128]}}, {"type": "Feature", "properties": {"cell_id": "892baa54a07ffff"}, "geometry": {"type": "Point", "coordinates": [-73.508608, 45.60039]}}, {"type": "Feature", "properties": {"cell_id": "892baa54a0bffff"}, "geometry": {"type": "Point", "coordinates": [-73.515823, 45.603034]}}, {"type": "Feature", "properties": {"cell_id": "892baa54a0fffff"}, "geometry": {"type": "Point", "coordinates": [-73.513361, 45.600296]}}, {"type": "Feature", "properties": {"cell_id": "892baa54a13ffff"}, "geometry": {"type": "Point", "coordinates": [-73.508778, 45.605959]}}, {"type": "Feature", "properties": {"cell_id": "892baa54a17ffff"}, "geometry": {"type": "Point", "coordinates": [-73.506317, 45.603221]}}, {"type": "Feature", "properties": {"cell_id": "892baa54a1bffff"}, "geometry": {"type": "Point", "coordinates": [-73.513532, 45.605865]}}, {"type": "Feature", "properties": {"cell_id": "892baa54a23ffff"}, "geometry": {"type": "Point", "coordinates": [-73.508438, 45.594822]}}, {"type": "Feature", "properties": {"cell_id": "892baa54a27ffff"}, "geometry": {"type": "Point", "coordinates": [-73.505976, 45.592085]}}, {"type": "Feature", "properties": {"cell_id": "892baa54a2bffff"}, "geometry": {"type": "Point", "coordinates": [-73.51319, 45.594728]}}, {"type": "Feature", "properties": {"cell_id": "892baa54a2fffff"}, "geometry": {"type": "Point", "coordinates": [-73.510729, 45.591991]}}, {"type": "Feature", "properties": {"cell_id": "892baa54a33ffff"}, "geometry": {"type": "Point", "coordinates": [-73.506147, 45.597653]}}, {"type": "Feature", "properties": {"cell_id": "892baa54a37ffff"}, "geometry": {"type": "Point", "coordinates": [-73.503685, 45.594915]}}, {"type": "Feature", "properties": {"cell_id": "892baa54a3bffff"}, "geometry": {"type": "Point", "coordinates": [-73.510899, 45.597559]}}, {"type": "Feature", "properties": {"cell_id": "892baa54a43ffff"}, "geometry": {"type": "Point", "coordinates": [-73.523039, 45.605677]}}, {"type": "Feature", "properties": {"cell_id": "892baa54a47ffff"}, "geometry": {"type": "Point", "coordinates": [-73.520576, 45.602939]}}, {"type": "Feature", "properties": {"cell_id": "892baa54a4bffff"}, "geometry": {"type": "Point", "coordinates": [-73.527793, 45.605582]}}, {"type": "Feature", "properties": {"cell_id": "892baa54a4fffff"}, "geometry": {"type": "Point", "coordinates": [-73.52533, 45.602845]}}, {"type": "Feature", "properties": {"cell_id": "892baa54a53ffff"}, "geometry": {"type": "Point", "coordinates": [-73.520748, 45.608508]}}, {"type": "Feature", "properties": {"cell_id": "892baa54a57ffff"}, "geometry": {"type": "Point", "coordinates": [-73.518286, 45.605771]}}, {"type": "Feature", "properties": {"cell_id": "892baa54a5bffff"}, "geometry": {"type": "Point", "coordinates": [-73.525502, 45.608414]}}, {"type": "Feature", "properties": {"cell_id": "892baa54a63ffff"}, "geometry": {"type": "Point", "coordinates": [-73.520405, 45.597371]}}, {"type": "Feature", "properties": {"cell_id": "892baa54a67ffff"}, "geometry": {"type": "Point", "coordinates": [-73.517942, 45.594634]}}, {"type": "Feature", "properties": {"cell_id": "892baa54a6bffff"}, "geometry": {"type": "Point", "coordinates": [-73.525157, 45.597277]}}, {"type": "Feature", "properties": {"cell_id": "892baa54a6fffff"}, "geometry": {"type": "Point", "coordinates": [-73.522695, 45.59454]}}, {"type": "Feature", "properties": {"cell_id": "892baa54a73ffff"}, "geometry": {"type": "Point", "coordinates": [-73.518114, 45.600202]}}, {"type": "Feature", "properties": {"cell_id": "892baa54a77ffff"}, "geometry": {"type": "Point", "coordinates": [-73.515652, 45.597465]}}, {"type": "Feature", "properties": {"cell_id": "892baa54a7bffff"}, "geometry": {"type": "Point", "coordinates": [-73.522867, 45.600108]}}, {"type": "Feature", "properties": {"cell_id": "892baa54a83ffff"}, "geometry": {"type": "Point", "coordinates": [-73.501733, 45.608884]}}, {"type": "Feature", "properties": {"cell_id": "892baa54a87ffff"}, "geometry": {"type": "Point", "coordinates": [-73.499271, 45.606146]}}, {"type": "Feature", "properties": {"cell_id": "892baa54a8bffff"}, "geometry": {"type": "Point", "coordinates": [-73.506487, 45.60879]}}, {"type": "Feature", "properties": {"cell_id": "892baa54a8fffff"}, "geometry": {"type": "Point", "coordinates": [-73.504025, 45.606052]}}, {"type": "Feature", "properties": {"cell_id": "892baa54a93ffff"}, "geometry": {"type": "Point", "coordinates": [-73.499441, 45.611715]}}, {"type": "Feature", "properties": {"cell_id": "892baa54a97ffff"}, "geometry": {"type": "Point", "coordinates": [-73.496979, 45.608977]}}, {"type": "Feature", "properties": {"cell_id": "892baa54a9bffff"}, "geometry": {"type": "Point", "coordinates": [-73.504195, 45.611621]}}, {"type": "Feature", "properties": {"cell_id": "892baa54aa3ffff"}, "geometry": {"type": "Point", "coordinates": [-73.499102, 45.600577]}}, {"type": "Feature", "properties": {"cell_id": "892baa54aabffff"}, "geometry": {"type": "Point", "coordinates": [-73.503855, 45.600484]}}, {"type": "Feature", "properties": {"cell_id": "892baa54aafffff"}, "geometry": {"type": "Point", "coordinates": [-73.501394, 45.597746]}}, {"type": "Feature", "properties": {"cell_id": "892baa54ab3ffff"}, "geometry": {"type": "Point", "coordinates": [-73.49681, 45.603408]}}, {"type": "Feature", "properties": {"cell_id": "892baa54abbffff"}, "geometry": {"type": "Point", "coordinates": [-73.501563, 45.603315]}}, {"type": "Feature", "properties": {"cell_id": "892baa54ac3ffff"}, "geometry": {"type": "Point", "coordinates": [-73.513703, 45.611434]}}, {"type": "Feature", "properties": {"cell_id": "892baa54ac7ffff"}, "geometry": {"type": "Point", "coordinates": [-73.511241, 45.608696]}}, {"type": "Feature", "properties": {"cell_id": "892baa54acbffff"}, "geometry": {"type": "Point", "coordinates": [-73.518457, 45.61134]}}, {"type": "Feature", "properties": {"cell_id": "892baa54acfffff"}, "geometry": {"type": "Point", "coordinates": [-73.515995, 45.608602]}}, {"type": "Feature", "properties": {"cell_id": "892baa54ad3ffff"}, "geometry": {"type": "Point", "coordinates": [-73.511411, 45.614265]}}, {"type": "Feature", "properties": {"cell_id": "892baa54ad7ffff"}, "geometry": {"type": "Point", "coordinates": [-73.508949, 45.611528]}}, {"type": "Feature", "properties": {"cell_id": "892baa54adbffff"}, "geometry": {"type": "Point", "coordinates": [-73.516166, 45.614171]}}, {"type": "Feature", "properties": {"cell_id": "892baa54b43ffff"}, "geometry": {"type": "Point", "coordinates": [-73.505806, 45.586517]}}, {"type": "Feature", "properties": {"cell_id": "892baa54b47ffff"}, "geometry": {"type": "Point", "coordinates": [-73.503346, 45.58378]}}, {"type": "Feature", "properties": {"cell_id": "892baa54b4bffff"}, "geometry": {"type": "Point", "coordinates": [-73.510558, 45.586423]}}, {"type": "Feature", "properties": {"cell_id": "892baa54b4fffff"}, "geometry": {"type": "Point", "coordinates": [-73.508097, 45.583686]}}, {"type": "Feature", "properties": {"cell_id": "892baa54b53ffff"}, "geometry": {"type": "Point", "coordinates": [-73.503516, 45.589347]}}, {"type": "Feature", "properties": {"cell_id": "892baa54b5bffff"}, "geometry": {"type": "Point", "coordinates": [-73.508267, 45.589254]}}, {"type": "Feature", "properties": {"cell_id": "892baa54b6bffff"}, "geometry": {"type": "Point", "coordinates": [-73.507927, 45.578119]}}, {"type": "Feature", "properties": {"cell_id": "892baa54b7bffff"}, "geometry": {"type": "Point", "coordinates": [-73.505637, 45.580949]}}, {"type": "Feature", "properties": {"cell_id": "892baa54bcbffff"}, "geometry": {"type": "Point", "coordinates": [-73.501224, 45.592178]}}, {"type": "Feature", "properties": {"cell_id": "892baa54bdbffff"}, "geometry": {"type": "Point", "coordinates": [-73.498933, 45.595009]}}, {"type": "Feature", "properties": {"cell_id": "892baa54e03ffff"}, "geometry": {"type": "Point", "coordinates": [-73.495024, 45.622947]}}, {"type": "Feature", "properties": {"cell_id": "892baa54e07ffff"}, "geometry": {"type": "Point", "coordinates": [-73.492562, 45.620209]}}, {"type": "Feature", "properties": {"cell_id": "892baa54e0bffff"}, "geometry": {"type": "Point", "coordinates": [-73.499779, 45.622853]}}, {"type": "Feature", "properties": {"cell_id": "892baa54e0fffff"}, "geometry": {"type": "Point", "coordinates": [-73.497317, 45.620115]}}, {"type": "Feature", "properties": {"cell_id": "892baa54e13ffff"}, "geometry": {"type": "Point", "coordinates": [-73.49273, 45.625778]}}, {"type": "Feature", "properties": {"cell_id": "892baa54e17ffff"}, "geometry": {"type": "Point", "coordinates": [-73.490269, 45.62304]}}, {"type": "Feature", "properties": {"cell_id": "892baa54e1bffff"}, "geometry": {"type": "Point", "coordinates": [-73.497486, 45.625685]}}, {"type": "Feature", "properties": {"cell_id": "892baa54e23ffff"}, "geometry": {"type": "Point", "coordinates": [-73.492394, 45.614639]}}, {"type": "Feature", "properties": {"cell_id": "892baa54e2bffff"}, "geometry": {"type": "Point", "coordinates": [-73.497148, 45.614546]}}, {"type": "Feature", "properties": {"cell_id": "892baa54e2fffff"}, "geometry": {"type": "Point", "coordinates": [-73.494686, 45.611808]}}, {"type": "Feature", "properties": {"cell_id": "892baa54e3bffff"}, "geometry": {"type": "Point", "coordinates": [-73.494855, 45.617377]}}, {"type": "Feature", "properties": {"cell_id": "892baa54e43ffff"}, "geometry": {"type": "Point", "coordinates": [-73.506997, 45.625498]}}, {"type": "Feature", "properties": {"cell_id": "892baa54e47ffff"}, "geometry": {"type": "Point", "coordinates": [-73.504535, 45.62276]}}, {"type": "Feature", "properties": {"cell_id": "892baa54e4bffff"}, "geometry": {"type": "Point", "coordinates": [-73.511753, 45.625404]}}, {"type": "Feature", "properties": {"cell_id": "892baa54e4fffff"}, "geometry": {"type": "Point", "coordinates": [-73.50929, 45.622666]}}, {"type": "Feature", "properties": {"cell_id": "892baa54e53ffff"}, "geometry": {"type": "Point", "coordinates": [-73.504705, 45.62833]}}, {"type": "Feature", "properties": {"cell_id": "892baa54e57ffff"}, "geometry": {"type": "Point", "coordinates": [-73.502242, 45.625592]}}, {"type": "Feature", "properties": {"cell_id": "892baa54e5bffff"}, "geometry": {"type": "Point", "coordinates": [-73.509461, 45.628236]}}, {"type": "Feature", "properties": {"cell_id": "892baa54e63ffff"}, "geometry": {"type": "Point", "coordinates": [-73.504365, 45.617191]}}, {"type": "Feature", "properties": {"cell_id": "892baa54e67ffff"}, "geometry": {"type": "Point", "coordinates": [-73.501902, 45.614453]}}, {"type": "Feature", "properties": {"cell_id": "892baa54e6bffff"}, "geometry": {"type": "Point", "coordinates": [-73.509119, 45.617097]}}, {"type": "Feature", "properties": {"cell_id": "892baa54e6fffff"}, "geometry": {"type": "Point", "coordinates": [-73.506657, 45.614359]}}, {"type": "Feature", "properties": {"cell_id": "892baa54e73ffff"}, "geometry": {"type": "Point", "coordinates": [-73.502072, 45.620022]}}, {"type": "Feature", "properties": {"cell_id": "892baa54e77ffff"}, "geometry": {"type": "Point", "coordinates": [-73.49961, 45.617284]}}, {"type": "Feature", "properties": {"cell_id": "892baa54e7bffff"}, "geometry": {"type": "Point", "coordinates": [-73.506827, 45.619928]}}, {"type": "Feature", "properties": {"cell_id": "892baa54e8bffff"}, "geometry": {"type": "Point", "coordinates": [-73.490437, 45.62861]}}, {"type": "Feature", "properties": {"cell_id": "892baa54e9bffff"}, "geometry": {"type": "Point", "coordinates": [-73.488143, 45.631441]}}, {"type": "Feature", "properties": {"cell_id": "892baa54ec3ffff"}, "geometry": {"type": "Point", "coordinates": [-73.497655, 45.631255]}}, {"type": "Feature", "properties": {"cell_id": "892baa54ec7ffff"}, "geometry": {"type": "Point", "coordinates": [-73.495193, 45.628517]}}, {"type": "Feature", "properties": {"cell_id": "892baa54ecbffff"}, "geometry": {"type": "Point", "coordinates": [-73.502412, 45.631162]}}, {"type": "Feature", "properties": {"cell_id": "892baa54ecfffff"}, "geometry": {"type": "Point", "coordinates": [-73.499949, 45.628423]}}, {"type": "Feature", "properties": {"cell_id": "892baa54ed3ffff"}, "geometry": {"type": "Point", "coordinates": [-73.495362, 45.634087]}}, {"type": "Feature", "properties": {"cell_id": "892baa54ed7ffff"}, "geometry": {"type": "Point", "coordinates": [-73.492899, 45.631348]}}, {"type": "Feature", "properties": {"cell_id": "892baa54edbffff"}, "geometry": {"type": "Point", "coordinates": [-73.500118, 45.633993]}}, {"type": "Feature", "properties": {"cell_id": "892baa55107ffff"}, "geometry": {"type": "Point", "coordinates": [-73.560371, 45.657879]}}, {"type": "Feature", "properties": {"cell_id": "892baa55123ffff"}, "geometry": {"type": "Point", "coordinates": [-73.560194, 45.652308]}}, {"type": "Feature", "properties": {"cell_id": "892baa55127ffff"}, "geometry": {"type": "Point", "coordinates": [-73.557727, 45.64957]}}, {"type": "Feature", "properties": {"cell_id": "892baa5512bffff"}, "geometry": {"type": "Point", "coordinates": [-73.564953, 45.652212]}}, {"type": "Feature", "properties": {"cell_id": "892baa5512fffff"}, "geometry": {"type": "Point", "coordinates": [-73.562485, 45.649475]}}, {"type": "Feature", "properties": {"cell_id": "892baa55133ffff"}, "geometry": {"type": "Point", "coordinates": [-73.557903, 45.655142]}}, {"type": "Feature", "properties": {"cell_id": "892baa55137ffff"}, "geometry": {"type": "Point", "coordinates": [-73.555436, 45.652404]}}, {"type": "Feature", "properties": {"cell_id": "892baa5513bffff"}, "geometry": {"type": "Point", "coordinates": [-73.562662, 45.655046]}}, {"type": "Feature", "properties": {"cell_id": "892baa55187ffff"}, "geometry": {"type": "Point", "coordinates": [-73.551029, 45.663642]}}, {"type": "Feature", "properties": {"cell_id": "892baa55197ffff"}, "geometry": {"type": "Point", "coordinates": [-73.548737, 45.666476]}}, {"type": "Feature", "properties": {"cell_id": "892baa551a3ffff"}, "geometry": {"type": "Point", "coordinates": [-73.550853, 45.658071]}}, {"type": "Feature", "properties": {"cell_id": "892baa551a7ffff"}, "geometry": {"type": "Point", "coordinates": [-73.548386, 45.655333]}}, {"type": "Feature", "properties": {"cell_id": "892baa551abffff"}, "geometry": {"type": "Point", "coordinates": [-73.555612, 45.657975]}}, {"type": "Feature", "properties": {"cell_id": "892baa551afffff"}, "geometry": {"type": "Point", "coordinates": [-73.553144, 45.655237]}}, {"type": "Feature", "properties": {"cell_id": "892baa551b3ffff"}, "geometry": {"type": "Point", "coordinates": [-73.548561, 45.660904]}}, {"type": "Feature", "properties": {"cell_id": "892baa551b7ffff"}, "geometry": {"type": "Point", "coordinates": [-73.546094, 45.658166]}}, {"type": "Feature", "properties": {"cell_id": "892baa551bbffff"}, "geometry": {"type": "Point", "coordinates": [-73.553321, 45.660809]}}, {"type": "Feature", "properties": {"cell_id": "892baa55527ffff"}, "geometry": {"type": "Point", "coordinates": [-73.541684, 45.669405]}}, {"type": "Feature", "properties": {"cell_id": "892baa5552fffff"}, "geometry": {"type": "Point", "coordinates": [-73.546444, 45.66931]}}, {"type": "Feature", "properties": {"cell_id": "892baa55537ffff"}, "geometry": {"type": "Point", "coordinates": [-73.539391, 45.672238]}}, {"type": "Feature", "properties": {"cell_id": "892baa555a3ffff"}, "geometry": {"type": "Point", "coordinates": [-73.534804, 45.677906]}}, {"type": "Feature", "properties": {"cell_id": "892baa555a7ffff"}, "geometry": {"type": "Point", "coordinates": [-73.532337, 45.675167]}}, {"type": "Feature", "properties": {"cell_id": "892baa555afffff"}, "geometry": {"type": "Point", "coordinates": [-73.537098, 45.675072]}}, {"type": "Feature", "properties": {"cell_id": "892baa555b7ffff"}, "geometry": {"type": "Point", "coordinates": [-73.530043, 45.678]}}, {"type": "Feature", "properties": {"cell_id": "892baa55803ffff"}, "geometry": {"type": "Point", "coordinates": [-73.561599, 45.621623]}}, {"type": "Feature", "properties": {"cell_id": "892baa55807ffff"}, "geometry": {"type": "Point", "coordinates": [-73.559133, 45.618886]}}, {"type": "Feature", "properties": {"cell_id": "892baa5580bffff"}, "geometry": {"type": "Point", "coordinates": [-73.566354, 45.621527]}}, {"type": "Feature", "properties": {"cell_id": "892baa5580fffff"}, "geometry": {"type": "Point", "coordinates": [-73.563888, 45.61879]}}, {"type": "Feature", "properties": {"cell_id": "892baa55813ffff"}, "geometry": {"type": "Point", "coordinates": [-73.55931, 45.624456]}}, {"type": "Feature", "properties": {"cell_id": "892baa55817ffff"}, "geometry": {"type": "Point", "coordinates": [-73.556843, 45.621719]}}, {"type": "Feature", "properties": {"cell_id": "892baa5581bffff"}, "geometry": {"type": "Point", "coordinates": [-73.564065, 45.62436]}}, {"type": "Feature", "properties": {"cell_id": "892baa55823ffff"}, "geometry": {"type": "Point", "coordinates": [-73.558956, 45.613317]}}, {"type": "Feature", "properties": {"cell_id": "892baa55827ffff"}, "geometry": {"type": "Point", "coordinates": [-73.556491, 45.61058]}}, {"type": "Feature", "properties": {"cell_id": "892baa5582bffff"}, "geometry": {"type": "Point", "coordinates": [-73.56371, 45.613221]}}, {"type": "Feature", "properties": {"cell_id": "892baa5582fffff"}, "geometry": {"type": "Point", "coordinates": [-73.561245, 45.610484]}}, {"type": "Feature", "properties": {"cell_id": "892baa55833ffff"}, "geometry": {"type": "Point", "coordinates": [-73.556667, 45.616149]}}, {"type": "Feature", "properties": {"cell_id": "892baa55837ffff"}, "geometry": {"type": "Point", "coordinates": [-73.554202, 45.613413]}}, {"type": "Feature", "properties": {"cell_id": "892baa5583bffff"}, "geometry": {"type": "Point", "coordinates": [-73.561422, 45.616054]}}, {"type": "Feature", "properties": {"cell_id": "892baa55843ffff"}, "geometry": {"type": "Point", "coordinates": [-73.573576, 45.624167]}}, {"type": "Feature", "properties": {"cell_id": "892baa55847ffff"}, "geometry": {"type": "Point", "coordinates": [-73.57111, 45.621431]}}, {"type": "Feature", "properties": {"cell_id": "892baa5584bffff"}, "geometry": {"type": "Point", "coordinates": [-73.578332, 45.624071]}}, {"type": "Feature", "properties": {"cell_id": "892baa5584fffff"}, "geometry": {"type": "Point", "coordinates": [-73.575865, 45.621334]}}, {"type": "Feature", "properties": {"cell_id": "892baa55853ffff"}, "geometry": {"type": "Point", "coordinates": [-73.571288, 45.627]}}, {"type": "Feature", "properties": {"cell_id": "892baa55857ffff"}, "geometry": {"type": "Point", "coordinates": [-73.568821, 45.624264]}}, {"type": "Feature", "properties": {"cell_id": "892baa5585bffff"}, "geometry": {"type": "Point", "coordinates": [-73.576044, 45.626904]}}, {"type": "Feature", "properties": {"cell_id": "892baa55863ffff"}, "geometry": {"type": "Point", "coordinates": [-73.570931, 45.615861]}}, {"type": "Feature", "properties": {"cell_id": "892baa55867ffff"}, "geometry": {"type": "Point", "coordinates": [-73.568465, 45.613125]}}, {"type": "Feature", "properties": {"cell_id": "892baa5586bffff"}, "geometry": {"type": "Point", "coordinates": [-73.575686, 45.615765]}}, {"type": "Feature", "properties": {"cell_id": "892baa5586fffff"}, "geometry": {"type": "Point", "coordinates": [-73.573219, 45.613028]}}, {"type": "Feature", "properties": {"cell_id": "892baa55873ffff"}, "geometry": {"type": "Point", "coordinates": [-73.568643, 45.618694]}}, {"type": "Feature", "properties": {"cell_id": "892baa55877ffff"}, "geometry": {"type": "Point", "coordinates": [-73.566176, 45.615958]}}, {"type": "Feature", "properties": {"cell_id": "892baa5587bffff"}, "geometry": {"type": "Point", "coordinates": [-73.573398, 45.618598]}}, {"type": "Feature", "properties": {"cell_id": "892baa55883ffff"}, "geometry": {"type": "Point", "coordinates": [-73.552264, 45.627384]}}, {"type": "Feature", "properties": {"cell_id": "892baa55887ffff"}, "geometry": {"type": "Point", "coordinates": [-73.549798, 45.624647]}}, {"type": "Feature", "properties": {"cell_id": "892baa5588bffff"}, "geometry": {"type": "Point", "coordinates": [-73.55702, 45.627289]}}, {"type": "Feature", "properties": {"cell_id": "892baa5588fffff"}, "geometry": {"type": "Point", "coordinates": [-73.554554, 45.624552]}}, {"type": "Feature", "properties": {"cell_id": "892baa55893ffff"}, "geometry": {"type": "Point", "coordinates": [-73.549974, 45.630217]}}, {"type": "Feature", "properties": {"cell_id": "892baa55897ffff"}, "geometry": {"type": "Point", "coordinates": [-73.547508, 45.62748]}}, {"type": "Feature", "properties": {"cell_id": "892baa5589bffff"}, "geometry": {"type": "Point", "coordinates": [-73.55473, 45.630121]}}, {"type": "Feature", "properties": {"cell_id": "892baa558a3ffff"}, "geometry": {"type": "Point", "coordinates": [-73.549623, 45.619077]}}, {"type": "Feature", "properties": {"cell_id": "892baa558a7ffff"}, "geometry": {"type": "Point", "coordinates": [-73.547158, 45.61634]}}, {"type": "Feature", "properties": {"cell_id": "892baa558abffff"}, "geometry": {"type": "Point", "coordinates": [-73.554378, 45.618982]}}, {"type": "Feature", "properties": {"cell_id": "892baa558afffff"}, "geometry": {"type": "Point", "coordinates": [-73.551912, 45.616245]}}, {"type": "Feature", "properties": {"cell_id": "892baa558b3ffff"}, "geometry": {"type": "Point", "coordinates": [-73.547333, 45.62191]}}, {"type": "Feature", "properties": {"cell_id": "892baa558b7ffff"}, "geometry": {"type": "Point", "coordinates": [-73.544868, 45.619173]}}, {"type": "Feature", "properties": {"cell_id": "892baa558bbffff"}, "geometry": {"type": "Point", "coordinates": [-73.552088, 45.621814]}}, {"type": "Feature", "properties": {"cell_id": "892baa558c3ffff"}, "geometry": {"type": "Point", "coordinates": [-73.564243, 45.62993]}}, {"type": "Feature", "properties": {"cell_id": "892baa558c7ffff"}, "geometry": {"type": "Point", "coordinates": [-73.561776, 45.627193]}}, {"type": "Feature", "properties": {"cell_id": "892baa558cbffff"}, "geometry": {"type": "Point", "coordinates": [-73.568999, 45.629834]}}, {"type": "Feature", "properties": {"cell_id": "892baa558cfffff"}, "geometry": {"type": "Point", "coordinates": [-73.566532, 45.627097]}}, {"type": "Feature", "properties": {"cell_id": "892baa558d3ffff"}, "geometry": {"type": "Point", "coordinates": [-73.561953, 45.632763]}}, {"type": "Feature", "properties": {"cell_id": "892baa558d7ffff"}, "geometry": {"type": "Point", "coordinates": [-73.559486, 45.630026]}}, {"type": "Feature", "properties": {"cell_id": "892baa558dbffff"}, "geometry": {"type": "Point", "coordinates": [-73.56671, 45.632667]}}, {"type": "Feature", "properties": {"cell_id": "892baa55903ffff"}, "geometry": {"type": "Point", "coordinates": [-73.544343, 45.602466]}}, {"type": "Feature", "properties": {"cell_id": "892baa55907ffff"}, "geometry": {"type": "Point", "coordinates": [-73.541879, 45.599729]}}, {"type": "Feature", "properties": {"cell_id": "892baa5590bffff"}, "geometry": {"type": "Point", "coordinates": [-73.549096, 45.60237]}}, {"type": "Feature", "properties": {"cell_id": "892baa5590fffff"}, "geometry": {"type": "Point", "coordinates": [-73.546632, 45.599634]}}, {"type": "Feature", "properties": {"cell_id": "892baa55913ffff"}, "geometry": {"type": "Point", "coordinates": [-73.542053, 45.605298]}}, {"type": "Feature", "properties": {"cell_id": "892baa55917ffff"}, "geometry": {"type": "Point", "coordinates": [-73.53959, 45.602561]}}, {"type": "Feature", "properties": {"cell_id": "892baa5591bffff"}, "geometry": {"type": "Point", "coordinates": [-73.546807, 45.605202]}}, {"type": "Feature", "properties": {"cell_id": "892baa55923ffff"}, "geometry": {"type": "Point", "coordinates": [-73.541704, 45.594161]}}, {"type": "Feature", "properties": {"cell_id": "892baa55927ffff"}, "geometry": {"type": "Point", "coordinates": [-73.539241, 45.591424]}}, {"type": "Feature", "properties": {"cell_id": "892baa5592bffff"}, "geometry": {"type": "Point", "coordinates": [-73.546457, 45.594065]}}, {"type": "Feature", "properties": {"cell_id": "892baa5592fffff"}, "geometry": {"type": "Point", "coordinates": [-73.543993, 45.591329]}}, {"type": "Feature", "properties": {"cell_id": "892baa55933ffff"}, "geometry": {"type": "Point", "coordinates": [-73.539415, 45.596992]}}, {"type": "Feature", "properties": {"cell_id": "892baa55937ffff"}, "geometry": {"type": "Point", "coordinates": [-73.536952, 45.594256]}}, {"type": "Feature", "properties": {"cell_id": "892baa5593bffff"}, "geometry": {"type": "Point", "coordinates": [-73.544168, 45.596897]}}, {"type": "Feature", "properties": {"cell_id": "892baa55943ffff"}, "geometry": {"type": "Point", "coordinates": [-73.556314, 45.605011]}}, {"type": "Feature", "properties": {"cell_id": "892baa55947ffff"}, "geometry": {"type": "Point", "coordinates": [-73.553849, 45.602275]}}, {"type": "Feature", "properties": {"cell_id": "892baa5594bffff"}, "geometry": {"type": "Point", "coordinates": [-73.561068, 45.604915]}}, {"type": "Feature", "properties": {"cell_id": "892baa5594fffff"}, "geometry": {"type": "Point", "coordinates": [-73.558603, 45.602179]}}, {"type": "Feature", "properties": {"cell_id": "892baa55953ffff"}, "geometry": {"type": "Point", "coordinates": [-73.554025, 45.607844]}}, {"type": "Feature", "properties": {"cell_id": "892baa55957ffff"}, "geometry": {"type": "Point", "coordinates": [-73.551561, 45.605107]}}, {"type": "Feature", "properties": {"cell_id": "892baa5595bffff"}, "geometry": {"type": "Point", "coordinates": [-73.558779, 45.607748]}}, {"type": "Feature", "properties": {"cell_id": "892baa55963ffff"}, "geometry": {"type": "Point", "coordinates": [-73.553673, 45.596706]}}, {"type": "Feature", "properties": {"cell_id": "892baa55967ffff"}, "geometry": {"type": "Point", "coordinates": [-73.551209, 45.59397]}}, {"type": "Feature", "properties": {"cell_id": "892baa5596bffff"}, "geometry": {"type": "Point", "coordinates": [-73.558426, 45.596611]}}, {"type": "Feature", "properties": {"cell_id": "892baa5596fffff"}, "geometry": {"type": "Point", "coordinates": [-73.555961, 45.593874]}}, {"type": "Feature", "properties": {"cell_id": "892baa55973ffff"}, "geometry": {"type": "Point", "coordinates": [-73.551385, 45.599538]}}, {"type": "Feature", "properties": {"cell_id": "892baa55977ffff"}, "geometry": {"type": "Point", "coordinates": [-73.548921, 45.596802]}}, {"type": "Feature", "properties": {"cell_id": "892baa5597bffff"}, "geometry": {"type": "Point", "coordinates": [-73.556138, 45.599443]}}, {"type": "Feature", "properties": {"cell_id": "892baa55983ffff"}, "geometry": {"type": "Point", "coordinates": [-73.53501, 45.608225]}}, {"type": "Feature", "properties": {"cell_id": "892baa55987ffff"}, "geometry": {"type": "Point", "coordinates": [-73.532546, 45.605488]}}, {"type": "Feature", "properties": {"cell_id": "892baa5598bffff"}, "geometry": {"type": "Point", "coordinates": [-73.539764, 45.60813]}}, {"type": "Feature", "properties": {"cell_id": "892baa5598fffff"}, "geometry": {"type": "Point", "coordinates": [-73.5373, 45.605393]}}, {"type": "Feature", "properties": {"cell_id": "892baa55993ffff"}, "geometry": {"type": "Point", "coordinates": [-73.53272, 45.611056]}}, {"type": "Feature", "properties": {"cell_id": "892baa55997ffff"}, "geometry": {"type": "Point", "coordinates": [-73.530256, 45.608319]}}, {"type": "Feature", "properties": {"cell_id": "892baa5599bffff"}, "geometry": {"type": "Point", "coordinates": [-73.537474, 45.610962]}}, {"type": "Feature", "properties": {"cell_id": "892baa559a3ffff"}, "geometry": {"type": "Point", "coordinates": [-73.532373, 45.599919]}}, {"type": "Feature", "properties": {"cell_id": "892baa559a7ffff"}, "geometry": {"type": "Point", "coordinates": [-73.52991, 45.597182]}}, {"type": "Feature", "properties": {"cell_id": "892baa559abffff"}, "geometry": {"type": "Point", "coordinates": [-73.537126, 45.599824]}}, {"type": "Feature", "properties": {"cell_id": "892baa559afffff"}, "geometry": {"type": "Point", "coordinates": [-73.534663, 45.597087]}}, {"type": "Feature", "properties": {"cell_id": "892baa559b3ffff"}, "geometry": {"type": "Point", "coordinates": [-73.530083, 45.602751]}}, {"type": "Feature", "properties": {"cell_id": "892baa559b7ffff"}, "geometry": {"type": "Point", "coordinates": [-73.52762, 45.600014]}}, {"type": "Feature", "properties": {"cell_id": "892baa559bbffff"}, "geometry": {"type": "Point", "coordinates": [-73.534836, 45.602656]}}, {"type": "Feature", "properties": {"cell_id": "892baa559c3ffff"}, "geometry": {"type": "Point", "coordinates": [-73.546982, 45.610771]}}, {"type": "Feature", "properties": {"cell_id": "892baa559c7ffff"}, "geometry": {"type": "Point", "coordinates": [-73.544518, 45.608034]}}, {"type": "Feature", "properties": {"cell_id": "892baa559cbffff"}, "geometry": {"type": "Point", "coordinates": [-73.551736, 45.610676]}}, {"type": "Feature", "properties": {"cell_id": "892baa559cfffff"}, "geometry": {"type": "Point", "coordinates": [-73.549272, 45.607939]}}, {"type": "Feature", "properties": {"cell_id": "892baa559d3ffff"}, "geometry": {"type": "Point", "coordinates": [-73.544693, 45.613603]}}, {"type": "Feature", "properties": {"cell_id": "892baa559d7ffff"}, "geometry": {"type": "Point", "coordinates": [-73.542228, 45.610867]}}, {"type": "Feature", "properties": {"cell_id": "892baa559dbffff"}, "geometry": {"type": "Point", "coordinates": [-73.549447, 45.613508]}}, {"type": "Feature", "properties": {"cell_id": "892baa55a03ffff"}, "geometry": {"type": "Point", "coordinates": [-73.594886, 45.620947]}}, {"type": "Feature", "properties": {"cell_id": "892baa55a07ffff"}, "geometry": {"type": "Point", "coordinates": [-73.592418, 45.618211]}}, {"type": "Feature", "properties": {"cell_id": "892baa55a0bffff"}, "geometry": {"type": "Point", "coordinates": [-73.599641, 45.620849]}}, {"type": "Feature", "properties": {"cell_id": "892baa55a0fffff"}, "geometry": {"type": "Point", "coordinates": [-73.597173, 45.618113]}}, {"type": "Feature", "properties": {"cell_id": "892baa55a13ffff"}, "geometry": {"type": "Point", "coordinates": [-73.592599, 45.62378]}}, {"type": "Feature", "properties": {"cell_id": "892baa55a17ffff"}, "geometry": {"type": "Point", "coordinates": [-73.590131, 45.621044]}}, {"type": "Feature", "properties": {"cell_id": "892baa55a1bffff"}, "geometry": {"type": "Point", "coordinates": [-73.597355, 45.623683]}}, {"type": "Feature", "properties": {"cell_id": "892baa55a23ffff"}, "geometry": {"type": "Point", "coordinates": [-73.592237, 45.612641]}}, {"type": "Feature", "properties": {"cell_id": "892baa55a27ffff"}, "geometry": {"type": "Point", "coordinates": [-73.58977, 45.609905]}}, {"type": "Feature", "properties": {"cell_id": "892baa55a2bffff"}, "geometry": {"type": "Point", "coordinates": [-73.596991, 45.612544]}}, {"type": "Feature", "properties": {"cell_id": "892baa55a2fffff"}, "geometry": {"type": "Point", "coordinates": [-73.594524, 45.609808]}}, {"type": "Feature", "properties": {"cell_id": "892baa55a33ffff"}, "geometry": {"type": "Point", "coordinates": [-73.58995, 45.615474]}}, {"type": "Feature", "properties": {"cell_id": "892baa55a37ffff"}, "geometry": {"type": "Point", "coordinates": [-73.587483, 45.612738]}}, {"type": "Feature", "properties": {"cell_id": "892baa55a3bffff"}, "geometry": {"type": "Point", "coordinates": [-73.594705, 45.615377]}}, {"type": "Feature", "properties": {"cell_id": "892baa55a43ffff"}, "geometry": {"type": "Point", "coordinates": [-73.606866, 45.623488]}}, {"type": "Feature", "properties": {"cell_id": "892baa55a47ffff"}, "geometry": {"type": "Point", "coordinates": [-73.604397, 45.620752]}}, {"type": "Feature", "properties": {"cell_id": "892baa55a4fffff"}, "geometry": {"type": "Point", "coordinates": [-73.609152, 45.620654]}}, {"type": "Feature", "properties": {"cell_id": "892baa55a53ffff"}, "geometry": {"type": "Point", "coordinates": [-73.604579, 45.626321]}}, {"type": "Feature", "properties": {"cell_id": "892baa55a57ffff"}, "geometry": {"type": "Point", "coordinates": [-73.60211, 45.623585]}}, {"type": "Feature", "properties": {"cell_id": "892baa55a63ffff"}, "geometry": {"type": "Point", "coordinates": [-73.604214, 45.615182]}}, {"type": "Feature", "properties": {"cell_id": "892baa55a67ffff"}, "geometry": {"type": "Point", "coordinates": [-73.601746, 45.612446]}}, {"type": "Feature", "properties": {"cell_id": "892baa55a6bffff"}, "geometry": {"type": "Point", "coordinates": [-73.608969, 45.615084]}}, {"type": "Feature", "properties": {"cell_id": "892baa55a6fffff"}, "geometry": {"type": "Point", "coordinates": [-73.6065, 45.612349]}}, {"type": "Feature", "properties": {"cell_id": "892baa55a73ffff"}, "geometry": {"type": "Point", "coordinates": [-73.601928, 45.618016]}}, {"type": "Feature", "properties": {"cell_id": "892baa55a77ffff"}, "geometry": {"type": "Point", "coordinates": [-73.59946, 45.61528]}}, {"type": "Feature", "properties": {"cell_id": "892baa55a7bffff"}, "geometry": {"type": "Point", "coordinates": [-73.606683, 45.617918]}}, {"type": "Feature", "properties": {"cell_id": "892baa55a83ffff"}, "geometry": {"type": "Point", "coordinates": [-73.585556, 45.626711]}}, {"type": "Feature", "properties": {"cell_id": "892baa55a87ffff"}, "geometry": {"type": "Point", "coordinates": [-73.583088, 45.623974]}}, {"type": "Feature", "properties": {"cell_id": "892baa55a8bffff"}, "geometry": {"type": "Point", "coordinates": [-73.590312, 45.626614]}}, {"type": "Feature", "properties": {"cell_id": "892baa55a8fffff"}, "geometry": {"type": "Point", "coordinates": [-73.587843, 45.623877]}}, {"type": "Feature", "properties": {"cell_id": "892baa55a93ffff"}, "geometry": {"type": "Point", "coordinates": [-73.583268, 45.629544]}}, {"type": "Feature", "properties": {"cell_id": "892baa55a97ffff"}, "geometry": {"type": "Point", "coordinates": [-73.5808, 45.626807]}}, {"type": "Feature", "properties": {"cell_id": "892baa55a9bffff"}, "geometry": {"type": "Point", "coordinates": [-73.588024, 45.629447]}}, {"type": "Feature", "properties": {"cell_id": "892baa55aa3ffff"}, "geometry": {"type": "Point", "coordinates": [-73.582908, 45.618405]}}, {"type": "Feature", "properties": {"cell_id": "892baa55aa7ffff"}, "geometry": {"type": "Point", "coordinates": [-73.580441, 45.615668]}}, {"type": "Feature", "properties": {"cell_id": "892baa55aabffff"}, "geometry": {"type": "Point", "coordinates": [-73.587663, 45.618308]}}, {"type": "Feature", "properties": {"cell_id": "892baa55aafffff"}, "geometry": {"type": "Point", "coordinates": [-73.585195, 45.615571]}}, {"type": "Feature", "properties": {"cell_id": "892baa55ab3ffff"}, "geometry": {"type": "Point", "coordinates": [-73.58062, 45.621238]}}, {"type": "Feature", "properties": {"cell_id": "892baa55ab7ffff"}, "geometry": {"type": "Point", "coordinates": [-73.578153, 45.618501]}}, {"type": "Feature", "properties": {"cell_id": "892baa55abbffff"}, "geometry": {"type": "Point", "coordinates": [-73.585375, 45.621141]}}, {"type": "Feature", "properties": {"cell_id": "892baa55ac3ffff"}, "geometry": {"type": "Point", "coordinates": [-73.597536, 45.629253]}}, {"type": "Feature", "properties": {"cell_id": "892baa55ac7ffff"}, "geometry": {"type": "Point", "coordinates": [-73.595067, 45.626516]}}, {"type": "Feature", "properties": {"cell_id": "892baa55acfffff"}, "geometry": {"type": "Point", "coordinates": [-73.599823, 45.626419]}}, {"type": "Feature", "properties": {"cell_id": "892baa55ad3ffff"}, "geometry": {"type": "Point", "coordinates": [-73.595249, 45.632086]}}, {"type": "Feature", "properties": {"cell_id": "892baa55ad7ffff"}, "geometry": {"type": "Point", "coordinates": [-73.59278, 45.62935]}}, {"type": "Feature", "properties": {"cell_id": "892baa55b03ffff"}, "geometry": {"type": "Point", "coordinates": [-73.577616, 45.601794]}}, {"type": "Feature", "properties": {"cell_id": "892baa55b07ffff"}, "geometry": {"type": "Point", "coordinates": [-73.57515, 45.599058]}}, {"type": "Feature", "properties": {"cell_id": "892baa55b0bffff"}, "geometry": {"type": "Point", "coordinates": [-73.582369, 45.601697]}}, {"type": "Feature", "properties": {"cell_id": "892baa55b0fffff"}, "geometry": {"type": "Point", "coordinates": [-73.579903, 45.598962]}}, {"type": "Feature", "properties": {"cell_id": "892baa55b13ffff"}, "geometry": {"type": "Point", "coordinates": [-73.575328, 45.604627]}}, {"type": "Feature", "properties": {"cell_id": "892baa55b17ffff"}, "geometry": {"type": "Point", "coordinates": [-73.572862, 45.601891]}}, {"type": "Feature", "properties": {"cell_id": "892baa55b1bffff"}, "geometry": {"type": "Point", "coordinates": [-73.580082, 45.60453]}}, {"type": "Feature", "properties": {"cell_id": "892baa55b23ffff"}, "geometry": {"type": "Point", "coordinates": [-73.574971, 45.59349]}}, {"type": "Feature", "properties": {"cell_id": "892baa55b27ffff"}, "geometry": {"type": "Point", "coordinates": [-73.572506, 45.590754]}}, {"type": "Feature", "properties": {"cell_id": "892baa55b2bffff"}, "geometry": {"type": "Point", "coordinates": [-73.579723, 45.593393]}}, {"type": "Feature", "properties": {"cell_id": "892baa55b2fffff"}, "geometry": {"type": "Point", "coordinates": [-73.577258, 45.590658]}}, {"type": "Feature", "properties": {"cell_id": "892baa55b33ffff"}, "geometry": {"type": "Point", "coordinates": [-73.572684, 45.596322]}}, {"type": "Feature", "properties": {"cell_id": "892baa55b37ffff"}, "geometry": {"type": "Point", "coordinates": [-73.570219, 45.593586]}}, {"type": "Feature", "properties": {"cell_id": "892baa55b3bffff"}, "geometry": {"type": "Point", "coordinates": [-73.577437, 45.596226]}}, {"type": "Feature", "properties": {"cell_id": "892baa55b43ffff"}, "geometry": {"type": "Point", "coordinates": [-73.589589, 45.604336]}}, {"type": "Feature", "properties": {"cell_id": "892baa55b47ffff"}, "geometry": {"type": "Point", "coordinates": [-73.587122, 45.601601]}}, {"type": "Feature", "properties": {"cell_id": "892baa55b4bffff"}, "geometry": {"type": "Point", "coordinates": [-73.594342, 45.604239]}}, {"type": "Feature", "properties": {"cell_id": "892baa55b4fffff"}, "geometry": {"type": "Point", "coordinates": [-73.591875, 45.601503]}}, {"type": "Feature", "properties": {"cell_id": "892baa55b53ffff"}, "geometry": {"type": "Point", "coordinates": [-73.587302, 45.607169]}}, {"type": "Feature", "properties": {"cell_id": "892baa55b57ffff"}, "geometry": {"type": "Point", "coordinates": [-73.584835, 45.604433]}}, {"type": "Feature", "properties": {"cell_id": "892baa55b5bffff"}, "geometry": {"type": "Point", "coordinates": [-73.592056, 45.607072]}}, {"type": "Feature", "properties": {"cell_id": "892baa55b63ffff"}, "geometry": {"type": "Point", "coordinates": [-73.586942, 45.596032]}}, {"type": "Feature", "properties": {"cell_id": "892baa55b67ffff"}, "geometry": {"type": "Point", "coordinates": [-73.584476, 45.593296]}}, {"type": "Feature", "properties": {"cell_id": "892baa55b6bffff"}, "geometry": {"type": "Point", "coordinates": [-73.591694, 45.595935]}}, {"type": "Feature", "properties": {"cell_id": "892baa55b6fffff"}, "geometry": {"type": "Point", "coordinates": [-73.589228, 45.593199]}}, {"type": "Feature", "properties": {"cell_id": "892baa55b73ffff"}, "geometry": {"type": "Point", "coordinates": [-73.584655, 45.598865]}}, {"type": "Feature", "properties": {"cell_id": "892baa55b77ffff"}, "geometry": {"type": "Point", "coordinates": [-73.582189, 45.596129]}}, {"type": "Feature", "properties": {"cell_id": "892baa55b7bffff"}, "geometry": {"type": "Point", "coordinates": [-73.589408, 45.598768]}}, {"type": "Feature", "properties": {"cell_id": "892baa55b83ffff"}, "geometry": {"type": "Point", "coordinates": [-73.568287, 45.607556]}}, {"type": "Feature", "properties": {"cell_id": "892baa55b87ffff"}, "geometry": {"type": "Point", "coordinates": [-73.565821, 45.604819]}}, {"type": "Feature", "properties": {"cell_id": "892baa55b8bffff"}, "geometry": {"type": "Point", "coordinates": [-73.573041, 45.607459]}}, {"type": "Feature", "properties": {"cell_id": "892baa55b8fffff"}, "geometry": {"type": "Point", "coordinates": [-73.570575, 45.604723]}}, {"type": "Feature", "properties": {"cell_id": "892baa55b93ffff"}, "geometry": {"type": "Point", "coordinates": [-73.565999, 45.610388]}}, {"type": "Feature", "properties": {"cell_id": "892baa55b97ffff"}, "geometry": {"type": "Point", "coordinates": [-73.563533, 45.607652]}}, {"type": "Feature", "properties": {"cell_id": "892baa55b9bffff"}, "geometry": {"type": "Point", "coordinates": [-73.570753, 45.610292]}}, {"type": "Feature", "properties": {"cell_id": "892baa55ba3ffff"}, "geometry": {"type": "Point", "coordinates": [-73.565644, 45.599251]}}, {"type": "Feature", "properties": {"cell_id": "892baa55ba7ffff"}, "geometry": {"type": "Point", "coordinates": [-73.563179, 45.596515]}}, {"type": "Feature", "properties": {"cell_id": "892baa55babffff"}, "geometry": {"type": "Point", "coordinates": [-73.570397, 45.599155]}}, {"type": "Feature", "properties": {"cell_id": "892baa55bafffff"}, "geometry": {"type": "Point", "coordinates": [-73.567931, 45.596419]}}, {"type": "Feature", "properties": {"cell_id": "892baa55bb3ffff"}, "geometry": {"type": "Point", "coordinates": [-73.563356, 45.602083]}}, {"type": "Feature", "properties": {"cell_id": "892baa55bb7ffff"}, "geometry": {"type": "Point", "coordinates": [-73.560891, 45.599347]}}, {"type": "Feature", "properties": {"cell_id": "892baa55bbbffff"}, "geometry": {"type": "Point", "coordinates": [-73.568109, 45.601987]}}, {"type": "Feature", "properties": {"cell_id": "892baa55bc3ffff"}, "geometry": {"type": "Point", "coordinates": [-73.580261, 45.610099]}}, {"type": "Feature", "properties": {"cell_id": "892baa55bc7ffff"}, "geometry": {"type": "Point", "coordinates": [-73.577795, 45.607363]}}, {"type": "Feature", "properties": {"cell_id": "892baa55bcbffff"}, "geometry": {"type": "Point", "coordinates": [-73.585015, 45.610002]}}, {"type": "Feature", "properties": {"cell_id": "892baa55bcfffff"}, "geometry": {"type": "Point", "coordinates": [-73.582548, 45.607266]}}, {"type": "Feature", "properties": {"cell_id": "892baa55bd3ffff"}, "geometry": {"type": "Point", "coordinates": [-73.577974, 45.612932]}}, {"type": "Feature", "properties": {"cell_id": "892baa55bd7ffff"}, "geometry": {"type": "Point", "coordinates": [-73.575507, 45.610196]}}, {"type": "Feature", "properties": {"cell_id": "892baa55bdbffff"}, "geometry": {"type": "Point", "coordinates": [-73.582728, 45.612835]}}, {"type": "Feature", "properties": {"cell_id": "892baa55c03ffff"}, "geometry": {"type": "Point", "coordinates": [-73.545568, 45.641453]}}, {"type": "Feature", "properties": {"cell_id": "892baa55c07ffff"}, "geometry": {"type": "Point", "coordinates": [-73.543102, 45.638715]}}, {"type": "Feature", "properties": {"cell_id": "892baa55c0bffff"}, "geometry": {"type": "Point", "coordinates": [-73.550325, 45.641358]}}, {"type": "Feature", "properties": {"cell_id": "892baa55c0fffff"}, "geometry": {"type": "Point", "coordinates": [-73.547859, 45.63862]}}, {"type": "Feature", "properties": {"cell_id": "892baa55c13ffff"}, "geometry": {"type": "Point", "coordinates": [-73.543277, 45.644286]}}, {"type": "Feature", "properties": {"cell_id": "892baa55c17ffff"}, "geometry": {"type": "Point", "coordinates": [-73.540811, 45.641548]}}, {"type": "Feature", "properties": {"cell_id": "892baa55c1bffff"}, "geometry": {"type": "Point", "coordinates": [-73.548034, 45.644191]}}, {"type": "Feature", "properties": {"cell_id": "892baa55c23ffff"}, "geometry": {"type": "Point", "coordinates": [-73.542927, 45.633145]}}, {"type": "Feature", "properties": {"cell_id": "892baa55c27ffff"}, "geometry": {"type": "Point", "coordinates": [-73.540461, 45.630407]}}, {"type": "Feature", "properties": {"cell_id": "892baa55c2bffff"}, "geometry": {"type": "Point", "coordinates": [-73.547684, 45.63305]}}, {"type": "Feature", "properties": {"cell_id": "892baa55c2fffff"}, "geometry": {"type": "Point", "coordinates": [-73.545218, 45.630312]}}, {"type": "Feature", "properties": {"cell_id": "892baa55c33ffff"}, "geometry": {"type": "Point", "coordinates": [-73.540636, 45.635978]}}, {"type": "Feature", "properties": {"cell_id": "892baa55c37ffff"}, "geometry": {"type": "Point", "coordinates": [-73.53817, 45.63324]}}, {"type": "Feature", "properties": {"cell_id": "892baa55c3bffff"}, "geometry": {"type": "Point", "coordinates": [-73.545393, 45.635883]}}, {"type": "Feature", "properties": {"cell_id": "892baa55c43ffff"}, "geometry": {"type": "Point", "coordinates": [-73.55755, 45.644]}}, {"type": "Feature", "properties": {"cell_id": "892baa55c47ffff"}, "geometry": {"type": "Point", "coordinates": [-73.555083, 45.641262]}}, {"type": "Feature", "properties": {"cell_id": "892baa55c4bffff"}, "geometry": {"type": "Point", "coordinates": [-73.562308, 45.643904]}}, {"type": "Feature", "properties": {"cell_id": "892baa55c4fffff"}, "geometry": {"type": "Point", "coordinates": [-73.55984, 45.641166]}}, {"type": "Feature", "properties": {"cell_id": "892baa55c53ffff"}, "geometry": {"type": "Point", "coordinates": [-73.555259, 45.646833]}}, {"type": "Feature", "properties": {"cell_id": "892baa55c57ffff"}, "geometry": {"type": "Point", "coordinates": [-73.552792, 45.644095]}}, {"type": "Feature", "properties": {"cell_id": "892baa55c5bffff"}, "geometry": {"type": "Point", "coordinates": [-73.560017, 45.646737]}}, {"type": "Feature", "properties": {"cell_id": "892baa55c63ffff"}, "geometry": {"type": "Point", "coordinates": [-73.554907, 45.635692]}}, {"type": "Feature", "properties": {"cell_id": "892baa55c67ffff"}, "geometry": {"type": "Point", "coordinates": [-73.55244, 45.632954]}}, {"type": "Feature", "properties": {"cell_id": "892baa55c6bffff"}, "geometry": {"type": "Point", "coordinates": [-73.559663, 45.635596]}}, {"type": "Feature", "properties": {"cell_id": "892baa55c6fffff"}, "geometry": {"type": "Point", "coordinates": [-73.557197, 45.632859]}}, {"type": "Feature", "properties": {"cell_id": "892baa55c73ffff"}, "geometry": {"type": "Point", "coordinates": [-73.552616, 45.638525]}}, {"type": "Feature", "properties": {"cell_id": "892baa55c77ffff"}, "geometry": {"type": "Point", "coordinates": [-73.55015, 45.635787]}}, {"type": "Feature", "properties": {"cell_id": "892baa55c7bffff"}, "geometry": {"type": "Point", "coordinates": [-73.557373, 45.638429]}}, {"type": "Feature", "properties": {"cell_id": "892baa55c83ffff"}, "geometry": {"type": "Point", "coordinates": [-73.536227, 45.647214]}}, {"type": "Feature", "properties": {"cell_id": "892baa55c87ffff"}, "geometry": {"type": "Point", "coordinates": [-73.533761, 45.644476]}}, {"type": "Feature", "properties": {"cell_id": "892baa55c8bffff"}, "geometry": {"type": "Point", "coordinates": [-73.540985, 45.647119]}}, {"type": "Feature", "properties": {"cell_id": "892baa55c8fffff"}, "geometry": {"type": "Point", "coordinates": [-73.538519, 45.644381]}}, {"type": "Feature", "properties": {"cell_id": "892baa55c93ffff"}, "geometry": {"type": "Point", "coordinates": [-73.533935, 45.650047]}}, {"type": "Feature", "properties": {"cell_id": "892baa55c97ffff"}, "geometry": {"type": "Point", "coordinates": [-73.531469, 45.647309]}}, {"type": "Feature", "properties": {"cell_id": "892baa55c9bffff"}, "geometry": {"type": "Point", "coordinates": [-73.538693, 45.649952]}}, {"type": "Feature", "properties": {"cell_id": "892baa55ca3ffff"}, "geometry": {"type": "Point", "coordinates": [-73.533588, 45.638905]}}, {"type": "Feature", "properties": {"cell_id": "892baa55ca7ffff"}, "geometry": {"type": "Point", "coordinates": [-73.531122, 45.636167]}}, {"type": "Feature", "properties": {"cell_id": "892baa55cabffff"}, "geometry": {"type": "Point", "coordinates": [-73.538345, 45.63881]}}, {"type": "Feature", "properties": {"cell_id": "892baa55cafffff"}, "geometry": {"type": "Point", "coordinates": [-73.535879, 45.636073]}}, {"type": "Feature", "properties": {"cell_id": "892baa55cb3ffff"}, "geometry": {"type": "Point", "coordinates": [-73.531296, 45.641738]}}, {"type": "Feature", "properties": {"cell_id": "892baa55cb7ffff"}, "geometry": {"type": "Point", "coordinates": [-73.52883, 45.639]}}, {"type": "Feature", "properties": {"cell_id": "892baa55cbbffff"}, "geometry": {"type": "Point", "coordinates": [-73.536053, 45.641643]}}, {"type": "Feature", "properties": {"cell_id": "892baa55cc3ffff"}, "geometry": {"type": "Point", "coordinates": [-73.54821, 45.649762]}}, {"type": "Feature", "properties": {"cell_id": "892baa55cc7ffff"}, "geometry": {"type": "Point", "coordinates": [-73.545743, 45.647024]}}, {"type": "Feature", "properties": {"cell_id": "892baa55ccbffff"}, "geometry": {"type": "Point", "coordinates": [-73.552968, 45.649666]}}, {"type": "Feature", "properties": {"cell_id": "892baa55ccfffff"}, "geometry": {"type": "Point", "coordinates": [-73.550501, 45.646928]}}, {"type": "Feature", "properties": {"cell_id": "892baa55cd3ffff"}, "geometry": {"type": "Point", "coordinates": [-73.545918, 45.652595]}}, {"type": "Feature", "properties": {"cell_id": "892baa55cd7ffff"}, "geometry": {"type": "Point", "coordinates": [-73.543452, 45.649857]}}, {"type": "Feature", "properties": {"cell_id": "892baa55cdbffff"}, "geometry": {"type": "Point", "coordinates": [-73.550677, 45.652499]}}, {"type": "Feature", "properties": {"cell_id": "892baa55d03ffff"}, "geometry": {"type": "Point", "coordinates": [-73.528311, 45.62229]}}, {"type": "Feature", "properties": {"cell_id": "892baa55d07ffff"}, "geometry": {"type": "Point", "coordinates": [-73.525847, 45.619552]}}, {"type": "Feature", "properties": {"cell_id": "892baa55d0bffff"}, "geometry": {"type": "Point", "coordinates": [-73.533067, 45.622195]}}, {"type": "Feature", "properties": {"cell_id": "892baa55d0fffff"}, "geometry": {"type": "Point", "coordinates": [-73.530602, 45.619458]}}, {"type": "Feature", "properties": {"cell_id": "892baa55d13ffff"}, "geometry": {"type": "Point", "coordinates": [-73.52602, 45.625122]}}, {"type": "Feature", "properties": {"cell_id": "892baa55d17ffff"}, "geometry": {"type": "Point", "coordinates": [-73.523556, 45.622384]}}, {"type": "Feature", "properties": {"cell_id": "892baa55d1bffff"}, "geometry": {"type": "Point", "coordinates": [-73.530776, 45.625027]}}, {"type": "Feature", "properties": {"cell_id": "892baa55d23ffff"}, "geometry": {"type": "Point", "coordinates": [-73.525675, 45.613983]}}, {"type": "Feature", "properties": {"cell_id": "892baa55d27ffff"}, "geometry": {"type": "Point", "coordinates": [-73.523211, 45.611246]}}, {"type": "Feature", "properties": {"cell_id": "892baa55d2bffff"}, "geometry": {"type": "Point", "coordinates": [-73.530429, 45.613888]}}, {"type": "Feature", "properties": {"cell_id": "892baa55d2fffff"}, "geometry": {"type": "Point", "coordinates": [-73.527966, 45.611151]}}, {"type": "Feature", "properties": {"cell_id": "892baa55d33ffff"}, "geometry": {"type": "Point", "coordinates": [-73.523384, 45.616815]}}, {"type": "Feature", "properties": {"cell_id": "892baa55d37ffff"}, "geometry": {"type": "Point", "coordinates": [-73.52092, 45.614077]}}, {"type": "Feature", "properties": {"cell_id": "892baa55d3bffff"}, "geometry": {"type": "Point", "coordinates": [-73.528138, 45.61672]}}, {"type": "Feature", "properties": {"cell_id": "892baa55d43ffff"}, "geometry": {"type": "Point", "coordinates": [-73.540287, 45.624838]}}, {"type": "Feature", "properties": {"cell_id": "892baa55d47ffff"}, "geometry": {"type": "Point", "coordinates": [-73.537822, 45.6221]}}, {"type": "Feature", "properties": {"cell_id": "892baa55d4bffff"}, "geometry": {"type": "Point", "coordinates": [-73.545043, 45.624742]}}, {"type": "Feature", "properties": {"cell_id": "892baa55d4fffff"}, "geometry": {"type": "Point", "coordinates": [-73.542577, 45.622005]}}, {"type": "Feature", "properties": {"cell_id": "892baa55d53ffff"}, "geometry": {"type": "Point", "coordinates": [-73.537996, 45.62767]}}, {"type": "Feature", "properties": {"cell_id": "892baa55d57ffff"}, "geometry": {"type": "Point", "coordinates": [-73.535531, 45.624933]}}, {"type": "Feature", "properties": {"cell_id": "892baa55d5bffff"}, "geometry": {"type": "Point", "coordinates": [-73.542752, 45.627575]}}, {"type": "Feature", "properties": {"cell_id": "892baa55d63ffff"}, "geometry": {"type": "Point", "coordinates": [-73.537648, 45.616531]}}, {"type": "Feature", "properties": {"cell_id": "892baa55d67ffff"}, "geometry": {"type": "Point", "coordinates": [-73.535184, 45.613794]}}, {"type": "Feature", "properties": {"cell_id": "892baa55d6bffff"}, "geometry": {"type": "Point", "coordinates": [-73.542403, 45.616436]}}, {"type": "Feature", "properties": {"cell_id": "892baa55d6fffff"}, "geometry": {"type": "Point", "coordinates": [-73.539938, 45.613699]}}, {"type": "Feature", "properties": {"cell_id": "892baa55d73ffff"}, "geometry": {"type": "Point", "coordinates": [-73.535358, 45.619363]}}, {"type": "Feature", "properties": {"cell_id": "892baa55d77ffff"}, "geometry": {"type": "Point", "coordinates": [-73.532893, 45.616626]}}, {"type": "Feature", "properties": {"cell_id": "892baa55d7bffff"}, "geometry": {"type": "Point", "coordinates": [-73.540113, 45.619268]}}, {"type": "Feature", "properties": {"cell_id": "892baa55d83ffff"}, "geometry": {"type": "Point", "coordinates": [-73.518972, 45.628048]}}, {"type": "Feature", "properties": {"cell_id": "892baa55d87ffff"}, "geometry": {"type": "Point", "coordinates": [-73.516509, 45.62531]}}, {"type": "Feature", "properties": {"cell_id": "892baa55d8bffff"}, "geometry": {"type": "Point", "coordinates": [-73.523728, 45.627954]}}, {"type": "Feature", "properties": {"cell_id": "892baa55d8fffff"}, "geometry": {"type": "Point", "coordinates": [-73.521264, 45.625216]}}, {"type": "Feature", "properties": {"cell_id": "892baa55d93ffff"}, "geometry": {"type": "Point", "coordinates": [-73.51668, 45.63088]}}, {"type": "Feature", "properties": {"cell_id": "892baa55d97ffff"}, "geometry": {"type": "Point", "coordinates": [-73.514217, 45.628142]}}, {"type": "Feature", "properties": {"cell_id": "892baa55d9bffff"}, "geometry": {"type": "Point", "coordinates": [-73.521437, 45.630786]}}, {"type": "Feature", "properties": {"cell_id": "892baa55da3ffff"}, "geometry": {"type": "Point", "coordinates": [-73.516337, 45.619741]}}, {"type": "Feature", "properties": {"cell_id": "892baa55da7ffff"}, "geometry": {"type": "Point", "coordinates": [-73.513874, 45.617003]}}, {"type": "Feature", "properties": {"cell_id": "892baa55dabffff"}, "geometry": {"type": "Point", "coordinates": [-73.521092, 45.619647]}}, {"type": "Feature", "properties": {"cell_id": "892baa55dafffff"}, "geometry": {"type": "Point", "coordinates": [-73.518629, 45.616909]}}, {"type": "Feature", "properties": {"cell_id": "892baa55db3ffff"}, "geometry": {"type": "Point", "coordinates": [-73.514045, 45.622572]}}, {"type": "Feature", "properties": {"cell_id": "892baa55db7ffff"}, "geometry": {"type": "Point", "coordinates": [-73.511582, 45.619835]}}, {"type": "Feature", "properties": {"cell_id": "892baa55dbbffff"}, "geometry": {"type": "Point", "coordinates": [-73.518801, 45.622478]}}, {"type": "Feature", "properties": {"cell_id": "892baa55dc3ffff"}, "geometry": {"type": "Point", "coordinates": [-73.530949, 45.630597]}}, {"type": "Feature", "properties": {"cell_id": "892baa55dc7ffff"}, "geometry": {"type": "Point", "coordinates": [-73.528484, 45.627859]}}, {"type": "Feature", "properties": {"cell_id": "892baa55dcbffff"}, "geometry": {"type": "Point", "coordinates": [-73.535705, 45.630502]}}, {"type": "Feature", "properties": {"cell_id": "892baa55dcfffff"}, "geometry": {"type": "Point", "coordinates": [-73.53324, 45.627765]}}, {"type": "Feature", "properties": {"cell_id": "892baa55dd3ffff"}, "geometry": {"type": "Point", "coordinates": [-73.528657, 45.63343]}}, {"type": "Feature", "properties": {"cell_id": "892baa55dd7ffff"}, "geometry": {"type": "Point", "coordinates": [-73.526193, 45.630692]}}, {"type": "Feature", "properties": {"cell_id": "892baa55ddbffff"}, "geometry": {"type": "Point", "coordinates": [-73.533414, 45.633335]}}, {"type": "Feature", "properties": {"cell_id": "892baa55e03ffff"}, "geometry": {"type": "Point", "coordinates": [-73.57887, 45.640781]}}, {"type": "Feature", "properties": {"cell_id": "892baa55e07ffff"}, "geometry": {"type": "Point", "coordinates": [-73.576402, 45.638044]}}, {"type": "Feature", "properties": {"cell_id": "892baa55e0bffff"}, "geometry": {"type": "Point", "coordinates": [-73.583627, 45.640685]}}, {"type": "Feature", "properties": {"cell_id": "892baa55e0fffff"}, "geometry": {"type": "Point", "coordinates": [-73.581159, 45.637948]}}, {"type": "Feature", "properties": {"cell_id": "892baa55e13ffff"}, "geometry": {"type": "Point", "coordinates": [-73.576581, 45.643615]}}, {"type": "Feature", "properties": {"cell_id": "892baa55e17ffff"}, "geometry": {"type": "Point", "coordinates": [-73.574113, 45.640878]}}, {"type": "Feature", "properties": {"cell_id": "892baa55e23ffff"}, "geometry": {"type": "Point", "coordinates": [-73.576223, 45.632474]}}, {"type": "Feature", "properties": {"cell_id": "892baa55e27ffff"}, "geometry": {"type": "Point", "coordinates": [-73.573755, 45.629737]}}, {"type": "Feature", "properties": {"cell_id": "892baa55e2bffff"}, "geometry": {"type": "Point", "coordinates": [-73.580979, 45.632377]}}, {"type": "Feature", "properties": {"cell_id": "892baa55e2fffff"}, "geometry": {"type": "Point", "coordinates": [-73.578511, 45.629641]}}, {"type": "Feature", "properties": {"cell_id": "892baa55e33ffff"}, "geometry": {"type": "Point", "coordinates": [-73.573934, 45.635307]}}, {"type": "Feature", "properties": {"cell_id": "892baa55e37ffff"}, "geometry": {"type": "Point", "coordinates": [-73.571466, 45.632571]}}, {"type": "Feature", "properties": {"cell_id": "892baa55e3bffff"}, "geometry": {"type": "Point", "coordinates": [-73.578691, 45.635211]}}, {"type": "Feature", "properties": {"cell_id": "892baa55e63ffff"}, "geometry": {"type": "Point", "coordinates": [-73.588204, 45.635017]}}, {"type": "Feature", "properties": {"cell_id": "892baa55e67ffff"}, "geometry": {"type": "Point", "coordinates": [-73.585736, 45.632281]}}, {"type": "Feature", "properties": {"cell_id": "892baa55e6fffff"}, "geometry": {"type": "Point", "coordinates": [-73.590492, 45.632184]}}, {"type": "Feature", "properties": {"cell_id": "892baa55e73ffff"}, "geometry": {"type": "Point", "coordinates": [-73.585916, 45.637851]}}, {"type": "Feature", "properties": {"cell_id": "892baa55e77ffff"}, "geometry": {"type": "Point", "coordinates": [-73.583447, 45.635114]}}, {"type": "Feature", "properties": {"cell_id": "892baa55e83ffff"}, "geometry": {"type": "Point", "coordinates": [-73.569533, 45.646545]}}, {"type": "Feature", "properties": {"cell_id": "892baa55e87ffff"}, "geometry": {"type": "Point", "coordinates": [-73.567065, 45.643808]}}, {"type": "Feature", "properties": {"cell_id": "892baa55e8bffff"}, "geometry": {"type": "Point", "coordinates": [-73.574291, 45.646449]}}, {"type": "Feature", "properties": {"cell_id": "892baa55e8fffff"}, "geometry": {"type": "Point", "coordinates": [-73.571823, 45.643711]}}, {"type": "Feature", "properties": {"cell_id": "892baa55e93ffff"}, "geometry": {"type": "Point", "coordinates": [-73.567243, 45.649379]}}, {"type": "Feature", "properties": {"cell_id": "892baa55e97ffff"}, "geometry": {"type": "Point", "coordinates": [-73.564775, 45.646641]}}, {"type": "Feature", "properties": {"cell_id": "892baa55e9bffff"}, "geometry": {"type": "Point", "coordinates": [-73.572002, 45.649282]}}, {"type": "Feature", "properties": {"cell_id": "892baa55ea3ffff"}, "geometry": {"type": "Point", "coordinates": [-73.566887, 45.638237]}}, {"type": "Feature", "properties": {"cell_id": "892baa55ea7ffff"}, "geometry": {"type": "Point", "coordinates": [-73.56442, 45.6355]}}, {"type": "Feature", "properties": {"cell_id": "892baa55eabffff"}, "geometry": {"type": "Point", "coordinates": [-73.571645, 45.638141]}}, {"type": "Feature", "properties": {"cell_id": "892baa55eafffff"}, "geometry": {"type": "Point", "coordinates": [-73.569177, 45.635404]}}, {"type": "Feature", "properties": {"cell_id": "892baa55eb3ffff"}, "geometry": {"type": "Point", "coordinates": [-73.564598, 45.64107]}}, {"type": "Feature", "properties": {"cell_id": "892baa55eb7ffff"}, "geometry": {"type": "Point", "coordinates": [-73.56213, 45.638333]}}, {"type": "Feature", "properties": {"cell_id": "892baa55ebbffff"}, "geometry": {"type": "Point", "coordinates": [-73.569355, 45.640974]}}, {"type": "Feature", "properties": {"cell_id": "892baa57123ffff"}, "geometry": {"type": "Point", "coordinates": [-73.494756, 45.692636]}}, {"type": "Feature", "properties": {"cell_id": "892baa57127ffff"}, "geometry": {"type": "Point", "coordinates": [-73.49229, 45.689896]}}, {"type": "Feature", "properties": {"cell_id": "892baa5712bffff"}, "geometry": {"type": "Point", "coordinates": [-73.499518, 45.692543]}}, {"type": "Feature", "properties": {"cell_id": "892baa5712fffff"}, "geometry": {"type": "Point", "coordinates": [-73.497052, 45.689803]}}, {"type": "Feature", "properties": {"cell_id": "892baa57133ffff"}, "geometry": {"type": "Point", "coordinates": [-73.492458, 45.695469]}}, {"type": "Feature", "properties": {"cell_id": "892baa57137ffff"}, "geometry": {"type": "Point", "coordinates": [-73.489993, 45.692729]}}, {"type": "Feature", "properties": {"cell_id": "892baa5713bffff"}, "geometry": {"type": "Point", "coordinates": [-73.497222, 45.695376]}}, {"type": "Feature", "properties": {"cell_id": "892baa57167ffff"}, "geometry": {"type": "Point", "coordinates": [-73.504281, 45.69245]}}, {"type": "Feature", "properties": {"cell_id": "892baa5716fffff"}, "geometry": {"type": "Point", "coordinates": [-73.509044, 45.692356]}}, {"type": "Feature", "properties": {"cell_id": "892baa571a7ffff"}, "geometry": {"type": "Point", "coordinates": [-73.482932, 45.695655]}}, {"type": "Feature", "properties": {"cell_id": "892baa571afffff"}, "geometry": {"type": "Point", "coordinates": [-73.487695, 45.695562]}}, {"type": "Feature", "properties": {"cell_id": "892baa571b7ffff"}, "geometry": {"type": "Point", "coordinates": [-73.480634, 45.698488]}}, {"type": "Feature", "properties": {"cell_id": "892baa794d3ffff"}, "geometry": {"type": "Point", "coordinates": [-73.787827, 45.43305]}}, {"type": "Feature", "properties": {"cell_id": "892baa794dbffff"}, "geometry": {"type": "Point", "coordinates": [-73.792562, 45.432944]}}, {"type": "Feature", "properties": {"cell_id": "892baa7969bffff"}, "geometry": {"type": "Point", "coordinates": [-73.813768, 45.429687]}}, {"type": "Feature", "properties": {"cell_id": "892baa796c3ffff"}, "geometry": {"type": "Point", "coordinates": [-73.823239, 45.429474]}}, {"type": "Feature", "properties": {"cell_id": "892baa796cbffff"}, "geometry": {"type": "Point", "coordinates": [-73.827974, 45.429367]}}, {"type": "Feature", "properties": {"cell_id": "892baa796d3ffff"}, "geometry": {"type": "Point", "coordinates": [-73.820975, 45.432307]}}, {"type": "Feature", "properties": {"cell_id": "892baa796d7ffff"}, "geometry": {"type": "Point", "coordinates": [-73.818504, 45.42958]}}, {"type": "Feature", "properties": {"cell_id": "892baa796dbffff"}, "geometry": {"type": "Point", "coordinates": [-73.825711, 45.4322]}}, {"type": "Feature", "properties": {"cell_id": "892baa7a003ffff"}, "geometry": {"type": "Point", "coordinates": [-73.654853, 45.424807]}}, {"type": "Feature", "properties": {"cell_id": "892baa7a007ffff"}, "geometry": {"type": "Point", "coordinates": [-73.652392, 45.422077]}}, {"type": "Feature", "properties": {"cell_id": "892baa7a00bffff"}, "geometry": {"type": "Point", "coordinates": [-73.659587, 45.424707]}}, {"type": "Feature", "properties": {"cell_id": "892baa7a00fffff"}, "geometry": {"type": "Point", "coordinates": [-73.657126, 45.421978]}}, {"type": "Feature", "properties": {"cell_id": "892baa7a013ffff"}, "geometry": {"type": "Point", "coordinates": [-73.652579, 45.427637]}}, {"type": "Feature", "properties": {"cell_id": "892baa7a017ffff"}, "geometry": {"type": "Point", "coordinates": [-73.650118, 45.424907]}}, {"type": "Feature", "properties": {"cell_id": "892baa7a01bffff"}, "geometry": {"type": "Point", "coordinates": [-73.657314, 45.427537]}}, {"type": "Feature", "properties": {"cell_id": "892baa7a023ffff"}, "geometry": {"type": "Point", "coordinates": [-73.652204, 45.416518]}}, {"type": "Feature", "properties": {"cell_id": "892baa7a027ffff"}, "geometry": {"type": "Point", "coordinates": [-73.649743, 45.413789]}}, {"type": "Feature", "properties": {"cell_id": "892baa7a02bffff"}, "geometry": {"type": "Point", "coordinates": [-73.656938, 45.416418]}}, {"type": "Feature", "properties": {"cell_id": "892baa7a02fffff"}, "geometry": {"type": "Point", "coordinates": [-73.654477, 45.413689]}}, {"type": "Feature", "properties": {"cell_id": "892baa7a033ffff"}, "geometry": {"type": "Point", "coordinates": [-73.649931, 45.419348]}}, {"type": "Feature", "properties": {"cell_id": "892baa7a037ffff"}, "geometry": {"type": "Point", "coordinates": [-73.64747, 45.416618]}}, {"type": "Feature", "properties": {"cell_id": "892baa7a03bffff"}, "geometry": {"type": "Point", "coordinates": [-73.654665, 45.419248]}}, {"type": "Feature", "properties": {"cell_id": "892baa7a043ffff"}, "geometry": {"type": "Point", "coordinates": [-73.666784, 45.427336]}}, {"type": "Feature", "properties": {"cell_id": "892baa7a047ffff"}, "geometry": {"type": "Point", "coordinates": [-73.664322, 45.424607]}}, {"type": "Feature", "properties": {"cell_id": "892baa7a04bffff"}, "geometry": {"type": "Point", "coordinates": [-73.671518, 45.427236]}}, {"type": "Feature", "properties": {"cell_id": "892baa7a04fffff"}, "geometry": {"type": "Point", "coordinates": [-73.669056, 45.424506]}}, {"type": "Feature", "properties": {"cell_id": "892baa7a053ffff"}, "geometry": {"type": "Point", "coordinates": [-73.664511, 45.430166]}}, {"type": "Feature", "properties": {"cell_id": "892baa7a057ffff"}, "geometry": {"type": "Point", "coordinates": [-73.662049, 45.427437]}}, {"type": "Feature", "properties": {"cell_id": "892baa7a05bffff"}, "geometry": {"type": "Point", "coordinates": [-73.669246, 45.430066]}}, {"type": "Feature", "properties": {"cell_id": "892baa7a063ffff"}, "geometry": {"type": "Point", "coordinates": [-73.664133, 45.419048]}}, {"type": "Feature", "properties": {"cell_id": "892baa7a067ffff"}, "geometry": {"type": "Point", "coordinates": [-73.661671, 45.416318]}}, {"type": "Feature", "properties": {"cell_id": "892baa7a06bffff"}, "geometry": {"type": "Point", "coordinates": [-73.668866, 45.418947]}}, {"type": "Feature", "properties": {"cell_id": "892baa7a06fffff"}, "geometry": {"type": "Point", "coordinates": [-73.666405, 45.416218]}}, {"type": "Feature", "properties": {"cell_id": "892baa7a073ffff"}, "geometry": {"type": "Point", "coordinates": [-73.66186, 45.421877]}}, {"type": "Feature", "properties": {"cell_id": "892baa7a077ffff"}, "geometry": {"type": "Point", "coordinates": [-73.659399, 45.419148]}}, {"type": "Feature", "properties": {"cell_id": "892baa7a07bffff"}, "geometry": {"type": "Point", "coordinates": [-73.666594, 45.421777]}}, {"type": "Feature", "properties": {"cell_id": "892baa7a083ffff"}, "geometry": {"type": "Point", "coordinates": [-73.64557, 45.430566]}}, {"type": "Feature", "properties": {"cell_id": "892baa7a087ffff"}, "geometry": {"type": "Point", "coordinates": [-73.64311, 45.427836]}}, {"type": "Feature", "properties": {"cell_id": "892baa7a08bffff"}, "geometry": {"type": "Point", "coordinates": [-73.650306, 45.430467]}}, {"type": "Feature", "properties": {"cell_id": "892baa7a08fffff"}, "geometry": {"type": "Point", "coordinates": [-73.647844, 45.427737]}}, {"type": "Feature", "properties": {"cell_id": "892baa7a093ffff"}, "geometry": {"type": "Point", "coordinates": [-73.643296, 45.433396]}}, {"type": "Feature", "properties": {"cell_id": "892baa7a097ffff"}, "geometry": {"type": "Point", "coordinates": [-73.640835, 45.430666]}}, {"type": "Feature", "properties": {"cell_id": "892baa7a09bffff"}, "geometry": {"type": "Point", "coordinates": [-73.648032, 45.433296]}}, {"type": "Feature", "properties": {"cell_id": "892baa7a0a3ffff"}, "geometry": {"type": "Point", "coordinates": [-73.642923, 45.422277]}}, {"type": "Feature", "properties": {"cell_id": "892baa7a0a7ffff"}, "geometry": {"type": "Point", "coordinates": [-73.640463, 45.419547]}}, {"type": "Feature", "properties": {"cell_id": "892baa7a0abffff"}, "geometry": {"type": "Point", "coordinates": [-73.647657, 45.422177]}}, {"type": "Feature", "properties": {"cell_id": "892baa7a0afffff"}, "geometry": {"type": "Point", "coordinates": [-73.645197, 45.419447]}}, {"type": "Feature", "properties": {"cell_id": "892baa7a0b3ffff"}, "geometry": {"type": "Point", "coordinates": [-73.640649, 45.425106]}}, {"type": "Feature", "properties": {"cell_id": "892baa7a0b7ffff"}, "geometry": {"type": "Point", "coordinates": [-73.638189, 45.422376]}}, {"type": "Feature", "properties": {"cell_id": "892baa7a0bbffff"}, "geometry": {"type": "Point", "coordinates": [-73.645384, 45.425007]}}, {"type": "Feature", "properties": {"cell_id": "892baa7a0c3ffff"}, "geometry": {"type": "Point", "coordinates": [-73.657502, 45.433097]}}, {"type": "Feature", "properties": {"cell_id": "892baa7a0c7ffff"}, "geometry": {"type": "Point", "coordinates": [-73.655041, 45.430367]}}, {"type": "Feature", "properties": {"cell_id": "892baa7a0cbffff"}, "geometry": {"type": "Point", "coordinates": [-73.662238, 45.432996]}}, {"type": "Feature", "properties": {"cell_id": "892baa7a0cfffff"}, "geometry": {"type": "Point", "coordinates": [-73.659776, 45.430267]}}, {"type": "Feature", "properties": {"cell_id": "892baa7a0d3ffff"}, "geometry": {"type": "Point", "coordinates": [-73.655229, 45.435927]}}, {"type": "Feature", "properties": {"cell_id": "892baa7a0d7ffff"}, "geometry": {"type": "Point", "coordinates": [-73.652767, 45.433197]}}, {"type": "Feature", "properties": {"cell_id": "892baa7a0dbffff"}, "geometry": {"type": "Point", "coordinates": [-73.659964, 45.435827]}}, {"type": "Feature", "properties": {"cell_id": "892baa7a153ffff"}, "geometry": {"type": "Point", "coordinates": [-73.647283, 45.411059]}}, {"type": "Feature", "properties": {"cell_id": "892baa7a15bffff"}, "geometry": {"type": "Point", "coordinates": [-73.652016, 45.410959]}}, {"type": "Feature", "properties": {"cell_id": "892baa7a1c3ffff"}, "geometry": {"type": "Point", "coordinates": [-73.640277, 45.413988]}}, {"type": "Feature", "properties": {"cell_id": "892baa7a1cbffff"}, "geometry": {"type": "Point", "coordinates": [-73.64501, 45.413888]}}, {"type": "Feature", "properties": {"cell_id": "892baa7a1d3ffff"}, "geometry": {"type": "Point", "coordinates": [-73.638003, 45.416817]}}, {"type": "Feature", "properties": {"cell_id": "892baa7a1dbffff"}, "geometry": {"type": "Point", "coordinates": [-73.642737, 45.416718]}}, {"type": "Feature", "properties": {"cell_id": "892baa7a203ffff"}, "geometry": {"type": "Point", "coordinates": [-73.687994, 45.424103]}}, {"type": "Feature", "properties": {"cell_id": "892baa7a207ffff"}, "geometry": {"type": "Point", "coordinates": [-73.685531, 45.421373]}}, {"type": "Feature", "properties": {"cell_id": "892baa7a20bffff"}, "geometry": {"type": "Point", "coordinates": [-73.692729, 45.424001]}}, {"type": "Feature", "properties": {"cell_id": "892baa7a20fffff"}, "geometry": {"type": "Point", "coordinates": [-73.690265, 45.421272]}}, {"type": "Feature", "properties": {"cell_id": "892baa7a213ffff"}, "geometry": {"type": "Point", "coordinates": [-73.685723, 45.426933]}}, {"type": "Feature", "properties": {"cell_id": "892baa7a217ffff"}, "geometry": {"type": "Point", "coordinates": [-73.68326, 45.424204]}}, {"type": "Feature", "properties": {"cell_id": "892baa7a21bffff"}, "geometry": {"type": "Point", "coordinates": [-73.690458, 45.426832]}}, {"type": "Feature", "properties": {"cell_id": "892baa7a233ffff"}, "geometry": {"type": "Point", "coordinates": [-73.683068, 45.418644]}}, {"type": "Feature", "properties": {"cell_id": "892baa7a243ffff"}, "geometry": {"type": "Point", "coordinates": [-73.699927, 45.426628]}}, {"type": "Feature", "properties": {"cell_id": "892baa7a247ffff"}, "geometry": {"type": "Point", "coordinates": [-73.697463, 45.423899]}}, {"type": "Feature", "properties": {"cell_id": "892baa7a24bffff"}, "geometry": {"type": "Point", "coordinates": [-73.704662, 45.426526]}}, {"type": "Feature", "properties": {"cell_id": "892baa7a24fffff"}, "geometry": {"type": "Point", "coordinates": [-73.702198, 45.423798]}}, {"type": "Feature", "properties": {"cell_id": "892baa7a253ffff"}, "geometry": {"type": "Point", "coordinates": [-73.697656, 45.429459]}}, {"type": "Feature", "properties": {"cell_id": "892baa7a257ffff"}, "geometry": {"type": "Point", "coordinates": [-73.695192, 45.42673]}}, {"type": "Feature", "properties": {"cell_id": "892baa7a25bffff"}, "geometry": {"type": "Point", "coordinates": [-73.702392, 45.429357]}}, {"type": "Feature", "properties": {"cell_id": "892baa7a273ffff"}, "geometry": {"type": "Point", "coordinates": [-73.694999, 45.421171]}}, {"type": "Feature", "properties": {"cell_id": "892baa7a283ffff"}, "geometry": {"type": "Point", "coordinates": [-73.678716, 45.429864]}}, {"type": "Feature", "properties": {"cell_id": "892baa7a287ffff"}, "geometry": {"type": "Point", "coordinates": [-73.676253, 45.427135]}}, {"type": "Feature", "properties": {"cell_id": "892baa7a28bffff"}, "geometry": {"type": "Point", "coordinates": [-73.683451, 45.429763]}}, {"type": "Feature", "properties": {"cell_id": "892baa7a28fffff"}, "geometry": {"type": "Point", "coordinates": [-73.680988, 45.427034]}}, {"type": "Feature", "properties": {"cell_id": "892baa7a293ffff"}, "geometry": {"type": "Point", "coordinates": [-73.676444, 45.432695]}}, {"type": "Feature", "properties": {"cell_id": "892baa7a297ffff"}, "geometry": {"type": "Point", "coordinates": [-73.673981, 45.429965]}}, {"type": "Feature", "properties": {"cell_id": "892baa7a29bffff"}, "geometry": {"type": "Point", "coordinates": [-73.681179, 45.432594]}}, {"type": "Feature", "properties": {"cell_id": "892baa7a2a3ffff"}, "geometry": {"type": "Point", "coordinates": [-73.676063, 45.421576]}}, {"type": "Feature", "properties": {"cell_id": "892baa7a2a7ffff"}, "geometry": {"type": "Point", "coordinates": [-73.6736, 45.418846]}}, {"type": "Feature", "properties": {"cell_id": "892baa7a2abffff"}, "geometry": {"type": "Point", "coordinates": [-73.680797, 45.421475]}}, {"type": "Feature", "properties": {"cell_id": "892baa7a2afffff"}, "geometry": {"type": "Point", "coordinates": [-73.678334, 45.418746]}}, {"type": "Feature", "properties": {"cell_id": "892baa7a2b3ffff"}, "geometry": {"type": "Point", "coordinates": [-73.673791, 45.424406]}}, {"type": "Feature", "properties": {"cell_id": "892baa7a2b7ffff"}, "geometry": {"type": "Point", "coordinates": [-73.671328, 45.421676]}}, {"type": "Feature", "properties": {"cell_id": "892baa7a2bbffff"}, "geometry": {"type": "Point", "coordinates": [-73.678525, 45.424305]}}, {"type": "Feature", "properties": {"cell_id": "892baa7a2c3ffff"}, "geometry": {"type": "Point", "coordinates": [-73.69065, 45.432391]}}, {"type": "Feature", "properties": {"cell_id": "892baa7a2c7ffff"}, "geometry": {"type": "Point", "coordinates": [-73.688186, 45.429662]}}, {"type": "Feature", "properties": {"cell_id": "892baa7a2cbffff"}, "geometry": {"type": "Point", "coordinates": [-73.695385, 45.43229]}}, {"type": "Feature", "properties": {"cell_id": "892baa7a2cfffff"}, "geometry": {"type": "Point", "coordinates": [-73.692921, 45.429561]}}, {"type": "Feature", "properties": {"cell_id": "892baa7a2d3ffff"}, "geometry": {"type": "Point", "coordinates": [-73.688378, 45.435222]}}, {"type": "Feature", "properties": {"cell_id": "892baa7a2d7ffff"}, "geometry": {"type": "Point", "coordinates": [-73.685915, 45.432493]}}, {"type": "Feature", "properties": {"cell_id": "892baa7a2dbffff"}, "geometry": {"type": "Point", "coordinates": [-73.693114, 45.43512]}}, {"type": "Feature", "properties": {"cell_id": "892baa7a393ffff"}, "geometry": {"type": "Point", "coordinates": [-73.65921, 45.413589]}}, {"type": "Feature", "properties": {"cell_id": "892baa7a397ffff"}, "geometry": {"type": "Point", "coordinates": [-73.656749, 45.41086]}}, {"type": "Feature", "properties": {"cell_id": "892baa7a39bffff"}, "geometry": {"type": "Point", "coordinates": [-73.663943, 45.413489]}}, {"type": "Feature", "properties": {"cell_id": "892baa7a3d3ffff"}, "geometry": {"type": "Point", "coordinates": [-73.671138, 45.416117]}}, {"type": "Feature", "properties": {"cell_id": "892baa7a3dbffff"}, "geometry": {"type": "Point", "coordinates": [-73.675872, 45.416016]}}, {"type": "Feature", "properties": {"cell_id": "892baa7a403ffff"}, "geometry": {"type": "Point", "coordinates": [-73.638933, 45.444616]}}, {"type": "Feature", "properties": {"cell_id": "892baa7a407ffff"}, "geometry": {"type": "Point", "coordinates": [-73.636472, 45.441885]}}, {"type": "Feature", "properties": {"cell_id": "892baa7a40bffff"}, "geometry": {"type": "Point", "coordinates": [-73.643669, 45.444516]}}, {"type": "Feature", "properties": {"cell_id": "892baa7a40fffff"}, "geometry": {"type": "Point", "coordinates": [-73.641208, 45.441786]}}, {"type": "Feature", "properties": {"cell_id": "892baa7a413ffff"}, "geometry": {"type": "Point", "coordinates": [-73.636657, 45.447446]}}, {"type": "Feature", "properties": {"cell_id": "892baa7a417ffff"}, "geometry": {"type": "Point", "coordinates": [-73.634196, 45.444715]}}, {"type": "Feature", "properties": {"cell_id": "892baa7a41bffff"}, "geometry": {"type": "Point", "coordinates": [-73.641394, 45.447346]}}, {"type": "Feature", "properties": {"cell_id": "892baa7a423ffff"}, "geometry": {"type": "Point", "coordinates": [-73.636286, 45.436325]}}, {"type": "Feature", "properties": {"cell_id": "892baa7a427ffff"}, "geometry": {"type": "Point", "coordinates": [-73.633825, 45.433595]}}, {"type": "Feature", "properties": {"cell_id": "892baa7a42bffff"}, "geometry": {"type": "Point", "coordinates": [-73.641022, 45.436226]}}, {"type": "Feature", "properties": {"cell_id": "892baa7a42fffff"}, "geometry": {"type": "Point", "coordinates": [-73.638561, 45.433495]}}, {"type": "Feature", "properties": {"cell_id": "892baa7a433ffff"}, "geometry": {"type": "Point", "coordinates": [-73.634011, 45.439155]}}, {"type": "Feature", "properties": {"cell_id": "892baa7a437ffff"}, "geometry": {"type": "Point", "coordinates": [-73.63155, 45.436424]}}, {"type": "Feature", "properties": {"cell_id": "892baa7a43bffff"}, "geometry": {"type": "Point", "coordinates": [-73.638747, 45.439055]}}, {"type": "Feature", "properties": {"cell_id": "892baa7a443ffff"}, "geometry": {"type": "Point", "coordinates": [-73.650868, 45.447147]}}, {"type": "Feature", "properties": {"cell_id": "892baa7a447ffff"}, "geometry": {"type": "Point", "coordinates": [-73.648406, 45.444417]}}, {"type": "Feature", "properties": {"cell_id": "892baa7a44bffff"}, "geometry": {"type": "Point", "coordinates": [-73.655605, 45.447047]}}, {"type": "Feature", "properties": {"cell_id": "892baa7a44fffff"}, "geometry": {"type": "Point", "coordinates": [-73.653142, 45.444317]}}, {"type": "Feature", "properties": {"cell_id": "892baa7a453ffff"}, "geometry": {"type": "Point", "coordinates": [-73.648593, 45.449977]}}, {"type": "Feature", "properties": {"cell_id": "892baa7a457ffff"}, "geometry": {"type": "Point", "coordinates": [-73.646131, 45.447247]}}, {"type": "Feature", "properties": {"cell_id": "892baa7a45bffff"}, "geometry": {"type": "Point", "coordinates": [-73.65333, 45.449878]}}, {"type": "Feature", "properties": {"cell_id": "892baa7a463ffff"}, "geometry": {"type": "Point", "coordinates": [-73.648219, 45.438856]}}, {"type": "Feature", "properties": {"cell_id": "892baa7a467ffff"}, "geometry": {"type": "Point", "coordinates": [-73.645757, 45.436126]}}, {"type": "Feature", "properties": {"cell_id": "892baa7a46bffff"}, "geometry": {"type": "Point", "coordinates": [-73.652955, 45.438757]}}, {"type": "Feature", "properties": {"cell_id": "892baa7a46fffff"}, "geometry": {"type": "Point", "coordinates": [-73.650493, 45.436027]}}, {"type": "Feature", "properties": {"cell_id": "892baa7a473ffff"}, "geometry": {"type": "Point", "coordinates": [-73.645944, 45.441686]}}, {"type": "Feature", "properties": {"cell_id": "892baa7a477ffff"}, "geometry": {"type": "Point", "coordinates": [-73.643483, 45.438956]}}, {"type": "Feature", "properties": {"cell_id": "892baa7a47bffff"}, "geometry": {"type": "Point", "coordinates": [-73.65068, 45.441587]}}, {"type": "Feature", "properties": {"cell_id": "892baa7a483ffff"}, "geometry": {"type": "Point", "coordinates": [-73.629644, 45.450375]}}, {"type": "Feature", "properties": {"cell_id": "892baa7a487ffff"}, "geometry": {"type": "Point", "coordinates": [-73.627183, 45.447644]}}, {"type": "Feature", "properties": {"cell_id": "892baa7a48bffff"}, "geometry": {"type": "Point", "coordinates": [-73.634382, 45.450276]}}, {"type": "Feature", "properties": {"cell_id": "892baa7a48fffff"}, "geometry": {"type": "Point", "coordinates": [-73.63192, 45.447545]}}, {"type": "Feature", "properties": {"cell_id": "892baa7a493ffff"}, "geometry": {"type": "Point", "coordinates": [-73.627368, 45.453204]}}, {"type": "Feature", "properties": {"cell_id": "892baa7a497ffff"}, "geometry": {"type": "Point", "coordinates": [-73.624907, 45.450473]}}, {"type": "Feature", "properties": {"cell_id": "892baa7a49bffff"}, "geometry": {"type": "Point", "coordinates": [-73.632106, 45.453106]}}, {"type": "Feature", "properties": {"cell_id": "892baa7a4a3ffff"}, "geometry": {"type": "Point", "coordinates": [-73.626999, 45.442083]}}, {"type": "Feature", "properties": {"cell_id": "892baa7a4a7ffff"}, "geometry": {"type": "Point", "coordinates": [-73.624539, 45.439353]}}, {"type": "Feature", "properties": {"cell_id": "892baa7a4abffff"}, "geometry": {"type": "Point", "coordinates": [-73.631735, 45.441984]}}, {"type": "Feature", "properties": {"cell_id": "892baa7a4afffff"}, "geometry": {"type": "Point", "coordinates": [-73.629275, 45.439254]}}, {"type": "Feature", "properties": {"cell_id": "892baa7a4b3ffff"}, "geometry": {"type": "Point", "coordinates": [-73.624723, 45.444913]}}, {"type": "Feature", "properties": {"cell_id": "892baa7a4b7ffff"}, "geometry": {"type": "Point", "coordinates": [-73.622263, 45.442182]}}, {"type": "Feature", "properties": {"cell_id": "892baa7a4bbffff"}, "geometry": {"type": "Point", "coordinates": [-73.629459, 45.444814]}}, {"type": "Feature", "properties": {"cell_id": "892baa7a4c3ffff"}, "geometry": {"type": "Point", "coordinates": [-73.641581, 45.452907]}}, {"type": "Feature", "properties": {"cell_id": "892baa7a4c7ffff"}, "geometry": {"type": "Point", "coordinates": [-73.639119, 45.450176]}}, {"type": "Feature", "properties": {"cell_id": "892baa7a4cbffff"}, "geometry": {"type": "Point", "coordinates": [-73.646318, 45.452808]}}, {"type": "Feature", "properties": {"cell_id": "892baa7a4cfffff"}, "geometry": {"type": "Point", "coordinates": [-73.643856, 45.450077]}}, {"type": "Feature", "properties": {"cell_id": "892baa7a4d3ffff"}, "geometry": {"type": "Point", "coordinates": [-73.639305, 45.455737]}}, {"type": "Feature", "properties": {"cell_id": "892baa7a4d7ffff"}, "geometry": {"type": "Point", "coordinates": [-73.636843, 45.453006]}}, {"type": "Feature", "properties": {"cell_id": "892baa7a4dbffff"}, "geometry": {"type": "Point", "coordinates": [-73.644043, 45.455638]}}, {"type": "Feature", "properties": {"cell_id": "892baa7a503ffff"}, "geometry": {"type": "Point", "coordinates": [-73.621711, 45.425502]}}, {"type": "Feature", "properties": {"cell_id": "892baa7a50bffff"}, "geometry": {"type": "Point", "coordinates": [-73.626445, 45.425404]}}, {"type": "Feature", "properties": {"cell_id": "892baa7a513ffff"}, "geometry": {"type": "Point", "coordinates": [-73.619435, 45.428331]}}, {"type": "Feature", "properties": {"cell_id": "892baa7a51bffff"}, "geometry": {"type": "Point", "coordinates": [-73.62417, 45.428233]}}, {"type": "Feature", "properties": {"cell_id": "892baa7a543ffff"}, "geometry": {"type": "Point", "coordinates": [-73.63364, 45.428035]}}, {"type": "Feature", "properties": {"cell_id": "892baa7a547ffff"}, "geometry": {"type": "Point", "coordinates": [-73.63118, 45.425305]}}, {"type": "Feature", "properties": {"cell_id": "892baa7a54bffff"}, "geometry": {"type": "Point", "coordinates": [-73.638375, 45.427936]}}, {"type": "Feature", "properties": {"cell_id": "892baa7a54fffff"}, "geometry": {"type": "Point", "coordinates": [-73.635915, 45.425206]}}, {"type": "Feature", "properties": {"cell_id": "892baa7a553ffff"}, "geometry": {"type": "Point", "coordinates": [-73.631365, 45.430864]}}, {"type": "Feature", "properties": {"cell_id": "892baa7a557ffff"}, "geometry": {"type": "Point", "coordinates": [-73.628905, 45.428134]}}, {"type": "Feature", "properties": {"cell_id": "892baa7a55bffff"}, "geometry": {"type": "Point", "coordinates": [-73.6361, 45.430765]}}, {"type": "Feature", "properties": {"cell_id": "892baa7a563ffff"}, "geometry": {"type": "Point", "coordinates": [-73.630995, 45.419745]}}, {"type": "Feature", "properties": {"cell_id": "892baa7a56bffff"}, "geometry": {"type": "Point", "coordinates": [-73.635729, 45.419646]}}, {"type": "Feature", "properties": {"cell_id": "892baa7a573ffff"}, "geometry": {"type": "Point", "coordinates": [-73.62872, 45.422574]}}, {"type": "Feature", "properties": {"cell_id": "892baa7a57bffff"}, "geometry": {"type": "Point", "coordinates": [-73.633455, 45.422475]}}, {"type": "Feature", "properties": {"cell_id": "892baa7a583ffff"}, "geometry": {"type": "Point", "coordinates": [-73.612424, 45.431259]}}, {"type": "Feature", "properties": {"cell_id": "892baa7a58bffff"}, "geometry": {"type": "Point", "coordinates": [-73.61716, 45.43116]}}, {"type": "Feature", "properties": {"cell_id": "892baa7a593ffff"}, "geometry": {"type": "Point", "coordinates": [-73.610148, 45.434088]}}, {"type": "Feature", "properties": {"cell_id": "892baa7a59bffff"}, "geometry": {"type": "Point", "coordinates": [-73.614884, 45.43399]}}, {"type": "Feature", "properties": {"cell_id": "892baa7a5c3ffff"}, "geometry": {"type": "Point", "coordinates": [-73.624354, 45.433792]}}, {"type": "Feature", "properties": {"cell_id": "892baa7a5c7ffff"}, "geometry": {"type": "Point", "coordinates": [-73.621895, 45.431062]}}, {"type": "Feature", "properties": {"cell_id": "892baa7a5cbffff"}, "geometry": {"type": "Point", "coordinates": [-73.62909, 45.433694]}}, {"type": "Feature", "properties": {"cell_id": "892baa7a5cfffff"}, "geometry": {"type": "Point", "coordinates": [-73.62663, 45.430963]}}, {"type": "Feature", "properties": {"cell_id": "892baa7a5d3ffff"}, "geometry": {"type": "Point", "coordinates": [-73.622079, 45.436622]}}, {"type": "Feature", "properties": {"cell_id": "892baa7a5d7ffff"}, "geometry": {"type": "Point", "coordinates": [-73.619619, 45.433891]}}, {"type": "Feature", "properties": {"cell_id": "892baa7a5dbffff"}, "geometry": {"type": "Point", "coordinates": [-73.626814, 45.436523]}}, {"type": "Feature", "properties": {"cell_id": "892baa7a603ffff"}, "geometry": {"type": "Point", "coordinates": [-73.672089, 45.443916]}}, {"type": "Feature", "properties": {"cell_id": "892baa7a607ffff"}, "geometry": {"type": "Point", "coordinates": [-73.669626, 45.441186]}}, {"type": "Feature", "properties": {"cell_id": "892baa7a60bffff"}, "geometry": {"type": "Point", "coordinates": [-73.676825, 45.443815]}}, {"type": "Feature", "properties": {"cell_id": "892baa7a60fffff"}, "geometry": {"type": "Point", "coordinates": [-73.674362, 45.441085]}}, {"type": "Feature", "properties": {"cell_id": "892baa7a613ffff"}, "geometry": {"type": "Point", "coordinates": [-73.669816, 45.446746]}}, {"type": "Feature", "properties": {"cell_id": "892baa7a617ffff"}, "geometry": {"type": "Point", "coordinates": [-73.667352, 45.444016]}}, {"type": "Feature", "properties": {"cell_id": "892baa7a61bffff"}, "geometry": {"type": "Point", "coordinates": [-73.674552, 45.446646]}}, {"type": "Feature", "properties": {"cell_id": "892baa7a623ffff"}, "geometry": {"type": "Point", "coordinates": [-73.669436, 45.435626]}}, {"type": "Feature", "properties": {"cell_id": "892baa7a627ffff"}, "geometry": {"type": "Point", "coordinates": [-73.666973, 45.432896]}}, {"type": "Feature", "properties": {"cell_id": "892baa7a62bffff"}, "geometry": {"type": "Point", "coordinates": [-73.674171, 45.435525]}}, {"type": "Feature", "properties": {"cell_id": "892baa7a62fffff"}, "geometry": {"type": "Point", "coordinates": [-73.671709, 45.432796]}}, {"type": "Feature", "properties": {"cell_id": "892baa7a633ffff"}, "geometry": {"type": "Point", "coordinates": [-73.667163, 45.438456]}}, {"type": "Feature", "properties": {"cell_id": "892baa7a637ffff"}, "geometry": {"type": "Point", "coordinates": [-73.6647, 45.435726]}}, {"type": "Feature", "properties": {"cell_id": "892baa7a63bffff"}, "geometry": {"type": "Point", "coordinates": [-73.671899, 45.438356]}}, {"type": "Feature", "properties": {"cell_id": "892baa7a643ffff"}, "geometry": {"type": "Point", "coordinates": [-73.684026, 45.446444]}}, {"type": "Feature", "properties": {"cell_id": "892baa7a647ffff"}, "geometry": {"type": "Point", "coordinates": [-73.681562, 45.443714]}}, {"type": "Feature", "properties": {"cell_id": "892baa7a64bffff"}, "geometry": {"type": "Point", "coordinates": [-73.688763, 45.446342]}}, {"type": "Feature", "properties": {"cell_id": "892baa7a64fffff"}, "geometry": {"type": "Point", "coordinates": [-73.686299, 45.443613]}}, {"type": "Feature", "properties": {"cell_id": "892baa7a653ffff"}, "geometry": {"type": "Point", "coordinates": [-73.681753, 45.449275]}}, {"type": "Feature", "properties": {"cell_id": "892baa7a657ffff"}, "geometry": {"type": "Point", "coordinates": [-73.679289, 45.446545]}}, {"type": "Feature", "properties": {"cell_id": "892baa7a65bffff"}, "geometry": {"type": "Point", "coordinates": [-73.686491, 45.449173]}}, {"type": "Feature", "properties": {"cell_id": "892baa7a663ffff"}, "geometry": {"type": "Point", "coordinates": [-73.681371, 45.438154]}}, {"type": "Feature", "properties": {"cell_id": "892baa7a667ffff"}, "geometry": {"type": "Point", "coordinates": [-73.678907, 45.435424]}}, {"type": "Feature", "properties": {"cell_id": "892baa7a66bffff"}, "geometry": {"type": "Point", "coordinates": [-73.686107, 45.438053]}}, {"type": "Feature", "properties": {"cell_id": "892baa7a66fffff"}, "geometry": {"type": "Point", "coordinates": [-73.683643, 45.435323]}}, {"type": "Feature", "properties": {"cell_id": "892baa7a673ffff"}, "geometry": {"type": "Point", "coordinates": [-73.679098, 45.440984]}}, {"type": "Feature", "properties": {"cell_id": "892baa7a677ffff"}, "geometry": {"type": "Point", "coordinates": [-73.676635, 45.438255]}}, {"type": "Feature", "properties": {"cell_id": "892baa7a67bffff"}, "geometry": {"type": "Point", "coordinates": [-73.683834, 45.440883]}}, {"type": "Feature", "properties": {"cell_id": "892baa7a683ffff"}, "geometry": {"type": "Point", "coordinates": [-73.662805, 45.449677]}}, {"type": "Feature", "properties": {"cell_id": "892baa7a687ffff"}, "geometry": {"type": "Point", "coordinates": [-73.660342, 45.446947]}}, {"type": "Feature", "properties": {"cell_id": "892baa7a68bffff"}, "geometry": {"type": "Point", "coordinates": [-73.667542, 45.449577]}}, {"type": "Feature", "properties": {"cell_id": "892baa7a68fffff"}, "geometry": {"type": "Point", "coordinates": [-73.665079, 45.446847]}}, {"type": "Feature", "properties": {"cell_id": "892baa7a693ffff"}, "geometry": {"type": "Point", "coordinates": [-73.660531, 45.452508]}}, {"type": "Feature", "properties": {"cell_id": "892baa7a697ffff"}, "geometry": {"type": "Point", "coordinates": [-73.658068, 45.449778]}}, {"type": "Feature", "properties": {"cell_id": "892baa7a69bffff"}, "geometry": {"type": "Point", "coordinates": [-73.665268, 45.452408]}}, {"type": "Feature", "properties": {"cell_id": "892baa7a6a3ffff"}, "geometry": {"type": "Point", "coordinates": [-73.660153, 45.441387]}}, {"type": "Feature", "properties": {"cell_id": "892baa7a6a7ffff"}, "geometry": {"type": "Point", "coordinates": [-73.657691, 45.438657]}}, {"type": "Feature", "properties": {"cell_id": "892baa7a6abffff"}, "geometry": {"type": "Point", "coordinates": [-73.664889, 45.441286]}}, {"type": "Feature", "properties": {"cell_id": "892baa7a6afffff"}, "geometry": {"type": "Point", "coordinates": [-73.662427, 45.438556]}}, {"type": "Feature", "properties": {"cell_id": "892baa7a6b3ffff"}, "geometry": {"type": "Point", "coordinates": [-73.657879, 45.444217]}}, {"type": "Feature", "properties": {"cell_id": "892baa7a6b7ffff"}, "geometry": {"type": "Point", "coordinates": [-73.655417, 45.441487]}}, {"type": "Feature", "properties": {"cell_id": "892baa7a6bbffff"}, "geometry": {"type": "Point", "coordinates": [-73.662616, 45.444117]}}, {"type": "Feature", "properties": {"cell_id": "892baa7a6c3ffff"}, "geometry": {"type": "Point", "coordinates": [-73.674743, 45.452206]}}, {"type": "Feature", "properties": {"cell_id": "892baa7a6c7ffff"}, "geometry": {"type": "Point", "coordinates": [-73.672279, 45.449476]}}, {"type": "Feature", "properties": {"cell_id": "892baa7a6cbffff"}, "geometry": {"type": "Point", "coordinates": [-73.67948, 45.452106]}}, {"type": "Feature", "properties": {"cell_id": "892baa7a6cfffff"}, "geometry": {"type": "Point", "coordinates": [-73.677016, 45.449376]}}, {"type": "Feature", "properties": {"cell_id": "892baa7a6d3ffff"}, "geometry": {"type": "Point", "coordinates": [-73.672469, 45.455037]}}, {"type": "Feature", "properties": {"cell_id": "892baa7a6d7ffff"}, "geometry": {"type": "Point", "coordinates": [-73.670005, 45.452307]}}, {"type": "Feature", "properties": {"cell_id": "892baa7a6dbffff"}, "geometry": {"type": "Point", "coordinates": [-73.677207, 45.454936]}}, {"type": "Feature", "properties": {"cell_id": "892baa7b003ffff"}, "geometry": {"type": "Point", "coordinates": [-73.7384, 45.442487]}}, {"type": "Feature", "properties": {"cell_id": "892baa7b007ffff"}, "geometry": {"type": "Point", "coordinates": [-73.735933, 45.439759]}}, {"type": "Feature", "properties": {"cell_id": "892baa7b00bffff"}, "geometry": {"type": "Point", "coordinates": [-73.743137, 45.442384]}}, {"type": "Feature", "properties": {"cell_id": "892baa7b00fffff"}, "geometry": {"type": "Point", "coordinates": [-73.740669, 45.439655]}}, {"type": "Feature", "properties": {"cell_id": "892baa7b013ffff"}, "geometry": {"type": "Point", "coordinates": [-73.736131, 45.445319]}}, {"type": "Feature", "properties": {"cell_id": "892baa7b017ffff"}, "geometry": {"type": "Point", "coordinates": [-73.733664, 45.44259]}}, {"type": "Feature", "properties": {"cell_id": "892baa7b01bffff"}, "geometry": {"type": "Point", "coordinates": [-73.740868, 45.445216]}}, {"type": "Feature", "properties": {"cell_id": "892baa7b023ffff"}, "geometry": {"type": "Point", "coordinates": [-73.735735, 45.434198]}}, {"type": "Feature", "properties": {"cell_id": "892baa7b027ffff"}, "geometry": {"type": "Point", "coordinates": [-73.733268, 45.43147]}}, {"type": "Feature", "properties": {"cell_id": "892baa7b02bffff"}, "geometry": {"type": "Point", "coordinates": [-73.740471, 45.434095]}}, {"type": "Feature", "properties": {"cell_id": "892baa7b02fffff"}, "geometry": {"type": "Point", "coordinates": [-73.738004, 45.431367]}}, {"type": "Feature", "properties": {"cell_id": "892baa7b033ffff"}, "geometry": {"type": "Point", "coordinates": [-73.733466, 45.43703]}}, {"type": "Feature", "properties": {"cell_id": "892baa7b037ffff"}, "geometry": {"type": "Point", "coordinates": [-73.730999, 45.434302]}}, {"type": "Feature", "properties": {"cell_id": "892baa7b03bffff"}, "geometry": {"type": "Point", "coordinates": [-73.738202, 45.436927]}}, {"type": "Feature", "properties": {"cell_id": "892baa7b043ffff"}, "geometry": {"type": "Point", "coordinates": [-73.750342, 45.445008]}}, {"type": "Feature", "properties": {"cell_id": "892baa7b047ffff"}, "geometry": {"type": "Point", "coordinates": [-73.747873, 45.44228]}}, {"type": "Feature", "properties": {"cell_id": "892baa7b04bffff"}, "geometry": {"type": "Point", "coordinates": [-73.755079, 45.444904]}}, {"type": "Feature", "properties": {"cell_id": "892baa7b04fffff"}, "geometry": {"type": "Point", "coordinates": [-73.75261, 45.442176]}}, {"type": "Feature", "properties": {"cell_id": "892baa7b053ffff"}, "geometry": {"type": "Point", "coordinates": [-73.748073, 45.44784]}}, {"type": "Feature", "properties": {"cell_id": "892baa7b057ffff"}, "geometry": {"type": "Point", "coordinates": [-73.745605, 45.445112]}}, {"type": "Feature", "properties": {"cell_id": "892baa7b05bffff"}, "geometry": {"type": "Point", "coordinates": [-73.75281, 45.447736]}}, {"type": "Feature", "properties": {"cell_id": "892baa7b063ffff"}, "geometry": {"type": "Point", "coordinates": [-73.747674, 45.43672]}}, {"type": "Feature", "properties": {"cell_id": "892baa7b067ffff"}, "geometry": {"type": "Point", "coordinates": [-73.745206, 45.433991]}}, {"type": "Feature", "properties": {"cell_id": "892baa7b06bffff"}, "geometry": {"type": "Point", "coordinates": [-73.75241, 45.436616]}}, {"type": "Feature", "properties": {"cell_id": "892baa7b06fffff"}, "geometry": {"type": "Point", "coordinates": [-73.749942, 45.433888]}}, {"type": "Feature", "properties": {"cell_id": "892baa7b073ffff"}, "geometry": {"type": "Point", "coordinates": [-73.745406, 45.439552]}}, {"type": "Feature", "properties": {"cell_id": "892baa7b077ffff"}, "geometry": {"type": "Point", "coordinates": [-73.742938, 45.436823]}}, {"type": "Feature", "properties": {"cell_id": "892baa7b07bffff"}, "geometry": {"type": "Point", "coordinates": [-73.750142, 45.439448]}}, {"type": "Feature", "properties": {"cell_id": "892baa7b083ffff"}, "geometry": {"type": "Point", "coordinates": [-73.729125, 45.448254]}}, {"type": "Feature", "properties": {"cell_id": "892baa7b087ffff"}, "geometry": {"type": "Point", "coordinates": [-73.726658, 45.445525]}}, {"type": "Feature", "properties": {"cell_id": "892baa7b08bffff"}, "geometry": {"type": "Point", "coordinates": [-73.733862, 45.448151]}}, {"type": "Feature", "properties": {"cell_id": "892baa7b08fffff"}, "geometry": {"type": "Point", "coordinates": [-73.731394, 45.445422]}}, {"type": "Feature", "properties": {"cell_id": "892baa7b093ffff"}, "geometry": {"type": "Point", "coordinates": [-73.726855, 45.451086]}}, {"type": "Feature", "properties": {"cell_id": "892baa7b097ffff"}, "geometry": {"type": "Point", "coordinates": [-73.724388, 45.448357]}}, {"type": "Feature", "properties": {"cell_id": "892baa7b09bffff"}, "geometry": {"type": "Point", "coordinates": [-73.731592, 45.450983]}}, {"type": "Feature", "properties": {"cell_id": "892baa7b0a3ffff"}, "geometry": {"type": "Point", "coordinates": [-73.726461, 45.439965]}}, {"type": "Feature", "properties": {"cell_id": "892baa7b0a7ffff"}, "geometry": {"type": "Point", "coordinates": [-73.723994, 45.437236]}}, {"type": "Feature", "properties": {"cell_id": "892baa7b0abffff"}, "geometry": {"type": "Point", "coordinates": [-73.731197, 45.439862]}}, {"type": "Feature", "properties": {"cell_id": "892baa7b0afffff"}, "geometry": {"type": "Point", "coordinates": [-73.72873, 45.437133]}}, {"type": "Feature", "properties": {"cell_id": "892baa7b0b3ffff"}, "geometry": {"type": "Point", "coordinates": [-73.724191, 45.442796]}}, {"type": "Feature", "properties": {"cell_id": "892baa7b0b7ffff"}, "geometry": {"type": "Point", "coordinates": [-73.721724, 45.440068]}}, {"type": "Feature", "properties": {"cell_id": "892baa7b0bbffff"}, "geometry": {"type": "Point", "coordinates": [-73.728927, 45.442694]}}, {"type": "Feature", "properties": {"cell_id": "892baa7b0c3ffff"}, "geometry": {"type": "Point", "coordinates": [-73.741067, 45.450776]}}, {"type": "Feature", "properties": {"cell_id": "892baa7b0c7ffff"}, "geometry": {"type": "Point", "coordinates": [-73.738599, 45.448048]}}, {"type": "Feature", "properties": {"cell_id": "892baa7b0cbffff"}, "geometry": {"type": "Point", "coordinates": [-73.745804, 45.450673]}}, {"type": "Feature", "properties": {"cell_id": "892baa7b0cfffff"}, "geometry": {"type": "Point", "coordinates": [-73.743336, 45.447944]}}, {"type": "Feature", "properties": {"cell_id": "892baa7b0d3ffff"}, "geometry": {"type": "Point", "coordinates": [-73.738798, 45.453608]}}, {"type": "Feature", "properties": {"cell_id": "892baa7b0d7ffff"}, "geometry": {"type": "Point", "coordinates": [-73.73633, 45.45088]}}, {"type": "Feature", "properties": {"cell_id": "892baa7b0dbffff"}, "geometry": {"type": "Point", "coordinates": [-73.743535, 45.453505]}}, {"type": "Feature", "properties": {"cell_id": "892baa7b113ffff"}, "geometry": {"type": "Point", "coordinates": [-73.718866, 45.426219]}}, {"type": "Feature", "properties": {"cell_id": "892baa7b11bffff"}, "geometry": {"type": "Point", "coordinates": [-73.723601, 45.426117]}}, {"type": "Feature", "properties": {"cell_id": "892baa7b153ffff"}, "geometry": {"type": "Point", "coordinates": [-73.730802, 45.428742]}}, {"type": "Feature", "properties": {"cell_id": "892baa7b15bffff"}, "geometry": {"type": "Point", "coordinates": [-73.735537, 45.428639]}}, {"type": "Feature", "properties": {"cell_id": "892baa7b183ffff"}, "geometry": {"type": "Point", "coordinates": [-73.711862, 45.429153]}}, {"type": "Feature", "properties": {"cell_id": "892baa7b187ffff"}, "geometry": {"type": "Point", "coordinates": [-73.709397, 45.426424]}}, {"type": "Feature", "properties": {"cell_id": "892baa7b18bffff"}, "geometry": {"type": "Point", "coordinates": [-73.716597, 45.42905]}}, {"type": "Feature", "properties": {"cell_id": "892baa7b18fffff"}, "geometry": {"type": "Point", "coordinates": [-73.714132, 45.426322]}}, {"type": "Feature", "properties": {"cell_id": "892baa7b193ffff"}, "geometry": {"type": "Point", "coordinates": [-73.709592, 45.431984]}}, {"type": "Feature", "properties": {"cell_id": "892baa7b197ffff"}, "geometry": {"type": "Point", "coordinates": [-73.707127, 45.429255]}}, {"type": "Feature", "properties": {"cell_id": "892baa7b19bffff"}, "geometry": {"type": "Point", "coordinates": [-73.714327, 45.431881]}}, {"type": "Feature", "properties": {"cell_id": "892baa7b1b3ffff"}, "geometry": {"type": "Point", "coordinates": [-73.706932, 45.423696]}}, {"type": "Feature", "properties": {"cell_id": "892baa7b1c3ffff"}, "geometry": {"type": "Point", "coordinates": [-73.723798, 45.431676]}}, {"type": "Feature", "properties": {"cell_id": "892baa7b1c7ffff"}, "geometry": {"type": "Point", "coordinates": [-73.721332, 45.428948]}}, {"type": "Feature", "properties": {"cell_id": "892baa7b1cbffff"}, "geometry": {"type": "Point", "coordinates": [-73.728533, 45.431573]}}, {"type": "Feature", "properties": {"cell_id": "892baa7b1cfffff"}, "geometry": {"type": "Point", "coordinates": [-73.726067, 45.428845]}}, {"type": "Feature", "properties": {"cell_id": "892baa7b1d3ffff"}, "geometry": {"type": "Point", "coordinates": [-73.721528, 45.434508]}}, {"type": "Feature", "properties": {"cell_id": "892baa7b1d7ffff"}, "geometry": {"type": "Point", "coordinates": [-73.719062, 45.431779]}}, {"type": "Feature", "properties": {"cell_id": "892baa7b1dbffff"}, "geometry": {"type": "Point", "coordinates": [-73.726264, 45.434405]}}, {"type": "Feature", "properties": {"cell_id": "892baa7b203ffff"}, "geometry": {"type": "Point", "coordinates": [-73.771556, 45.441758]}}, {"type": "Feature", "properties": {"cell_id": "892baa7b207ffff"}, "geometry": {"type": "Point", "coordinates": [-73.769087, 45.43903]}}, {"type": "Feature", "properties": {"cell_id": "892baa7b20bffff"}, "geometry": {"type": "Point", "coordinates": [-73.776292, 45.441653]}}, {"type": "Feature", "properties": {"cell_id": "892baa7b20fffff"}, "geometry": {"type": "Point", "coordinates": [-73.773823, 45.438926]}}, {"type": "Feature", "properties": {"cell_id": "892baa7b213ffff"}, "geometry": {"type": "Point", "coordinates": [-73.769289, 45.444591]}}, {"type": "Feature", "properties": {"cell_id": "892baa7b217ffff"}, "geometry": {"type": "Point", "coordinates": [-73.766819, 45.441863]}}, {"type": "Feature", "properties": {"cell_id": "892baa7b21bffff"}, "geometry": {"type": "Point", "coordinates": [-73.774026, 45.444486]}}, {"type": "Feature", "properties": {"cell_id": "892baa7b223ffff"}, "geometry": {"type": "Point", "coordinates": [-73.768884, 45.43347]}}, {"type": "Feature", "properties": {"cell_id": "892baa7b22bffff"}, "geometry": {"type": "Point", "coordinates": [-73.77362, 45.433366]}}, {"type": "Feature", "properties": {"cell_id": "892baa7b233ffff"}, "geometry": {"type": "Point", "coordinates": [-73.766617, 45.436303]}}, {"type": "Feature", "properties": {"cell_id": "892baa7b237ffff"}, "geometry": {"type": "Point", "coordinates": [-73.764149, 45.433575]}}, {"type": "Feature", "properties": {"cell_id": "892baa7b23bffff"}, "geometry": {"type": "Point", "coordinates": [-73.771353, 45.436198]}}, {"type": "Feature", "properties": {"cell_id": "892baa7b243ffff"}, "geometry": {"type": "Point", "coordinates": [-73.783499, 45.444276]}}, {"type": "Feature", "properties": {"cell_id": "892baa7b247ffff"}, "geometry": {"type": "Point", "coordinates": [-73.781029, 45.441548]}}, {"type": "Feature", "properties": {"cell_id": "892baa7b24bffff"}, "geometry": {"type": "Point", "coordinates": [-73.788236, 45.44417]}}, {"type": "Feature", "properties": {"cell_id": "892baa7b24fffff"}, "geometry": {"type": "Point", "coordinates": [-73.785765, 45.441443]}}, {"type": "Feature", "properties": {"cell_id": "892baa7b253ffff"}, "geometry": {"type": "Point", "coordinates": [-73.781233, 45.447109]}}, {"type": "Feature", "properties": {"cell_id": "892baa7b257ffff"}, "geometry": {"type": "Point", "coordinates": [-73.778762, 45.444381]}}, {"type": "Feature", "properties": {"cell_id": "892baa7b25bffff"}, "geometry": {"type": "Point", "coordinates": [-73.78597, 45.447003]}}, {"type": "Feature", "properties": {"cell_id": "892baa7b263ffff"}, "geometry": {"type": "Point", "coordinates": [-73.780825, 45.435988]}}, {"type": "Feature", "properties": {"cell_id": "892baa7b267ffff"}, "geometry": {"type": "Point", "coordinates": [-73.778355, 45.433261]}}, {"type": "Feature", "properties": {"cell_id": "892baa7b26bffff"}, "geometry": {"type": "Point", "coordinates": [-73.785561, 45.435883]}}, {"type": "Feature", "properties": {"cell_id": "892baa7b26fffff"}, "geometry": {"type": "Point", "coordinates": [-73.783091, 45.433155]}}, {"type": "Feature", "properties": {"cell_id": "892baa7b273ffff"}, "geometry": {"type": "Point", "coordinates": [-73.778559, 45.438821]}}, {"type": "Feature", "properties": {"cell_id": "892baa7b277ffff"}, "geometry": {"type": "Point", "coordinates": [-73.776089, 45.436093]}}, {"type": "Feature", "properties": {"cell_id": "892baa7b27bffff"}, "geometry": {"type": "Point", "coordinates": [-73.783295, 45.438716]}}, {"type": "Feature", "properties": {"cell_id": "892baa7b283ffff"}, "geometry": {"type": "Point", "coordinates": [-73.762284, 45.447528]}}, {"type": "Feature", "properties": {"cell_id": "892baa7b287ffff"}, "geometry": {"type": "Point", "coordinates": [-73.759815, 45.4448]}}, {"type": "Feature", "properties": {"cell_id": "892baa7b28bffff"}, "geometry": {"type": "Point", "coordinates": [-73.767021, 45.447423]}}, {"type": "Feature", "properties": {"cell_id": "892baa7b28fffff"}, "geometry": {"type": "Point", "coordinates": [-73.764552, 45.444695]}}, {"type": "Feature", "properties": {"cell_id": "892baa7b293ffff"}, "geometry": {"type": "Point", "coordinates": [-73.760016, 45.450361]}}, {"type": "Feature", "properties": {"cell_id": "892baa7b297ffff"}, "geometry": {"type": "Point", "coordinates": [-73.757547, 45.447632]}}, {"type": "Feature", "properties": {"cell_id": "892baa7b29bffff"}, "geometry": {"type": "Point", "coordinates": [-73.764754, 45.450256]}}, {"type": "Feature", "properties": {"cell_id": "892baa7b2a3ffff"}, "geometry": {"type": "Point", "coordinates": [-73.759614, 45.43924]}}, {"type": "Feature", "properties": {"cell_id": "892baa7b2a7ffff"}, "geometry": {"type": "Point", "coordinates": [-73.757146, 45.436512]}}, {"type": "Feature", "properties": {"cell_id": "892baa7b2abffff"}, "geometry": {"type": "Point", "coordinates": [-73.76435, 45.439135]}}, {"type": "Feature", "properties": {"cell_id": "892baa7b2afffff"}, "geometry": {"type": "Point", "coordinates": [-73.761882, 45.436407]}}, {"type": "Feature", "properties": {"cell_id": "892baa7b2b3ffff"}, "geometry": {"type": "Point", "coordinates": [-73.757346, 45.442072]}}, {"type": "Feature", "properties": {"cell_id": "892baa7b2b7ffff"}, "geometry": {"type": "Point", "coordinates": [-73.754878, 45.439344]}}, {"type": "Feature", "properties": {"cell_id": "892baa7b2bbffff"}, "geometry": {"type": "Point", "coordinates": [-73.762083, 45.441967]}}, {"type": "Feature", "properties": {"cell_id": "892baa7b2c3ffff"}, "geometry": {"type": "Point", "coordinates": [-73.774229, 45.450047]}}, {"type": "Feature", "properties": {"cell_id": "892baa7b2c7ffff"}, "geometry": {"type": "Point", "coordinates": [-73.771759, 45.447319]}}, {"type": "Feature", "properties": {"cell_id": "892baa7b2cbffff"}, "geometry": {"type": "Point", "coordinates": [-73.778966, 45.449942]}}, {"type": "Feature", "properties": {"cell_id": "892baa7b2cfffff"}, "geometry": {"type": "Point", "coordinates": [-73.776496, 45.447214]}}, {"type": "Feature", "properties": {"cell_id": "892baa7b2d3ffff"}, "geometry": {"type": "Point", "coordinates": [-73.771961, 45.45288]}}, {"type": "Feature", "properties": {"cell_id": "892baa7b2d7ffff"}, "geometry": {"type": "Point", "coordinates": [-73.769491, 45.450152]}}, {"type": "Feature", "properties": {"cell_id": "892baa7b2dbffff"}, "geometry": {"type": "Point", "coordinates": [-73.776699, 45.452775]}}, {"type": "Feature", "properties": {"cell_id": "892baa7b393ffff"}, "geometry": {"type": "Point", "coordinates": [-73.742739, 45.431263]}}, {"type": "Feature", "properties": {"cell_id": "892baa7b39bffff"}, "geometry": {"type": "Point", "coordinates": [-73.747474, 45.43116]}}, {"type": "Feature", "properties": {"cell_id": "892baa7b3d3ffff"}, "geometry": {"type": "Point", "coordinates": [-73.754677, 45.433784]}}, {"type": "Feature", "properties": {"cell_id": "892baa7b3d7ffff"}, "geometry": {"type": "Point", "coordinates": [-73.75221, 45.431056]}}, {"type": "Feature", "properties": {"cell_id": "892baa7b3dbffff"}, "geometry": {"type": "Point", "coordinates": [-73.759413, 45.433679]}}, {"type": "Feature", "properties": {"cell_id": "892baa7b403ffff"}, "geometry": {"type": "Point", "coordinates": [-73.72251, 45.462311]}}, {"type": "Feature", "properties": {"cell_id": "892baa7b407ffff"}, "geometry": {"type": "Point", "coordinates": [-73.720043, 45.459582]}}, {"type": "Feature", "properties": {"cell_id": "892baa7b40bffff"}, "geometry": {"type": "Point", "coordinates": [-73.727249, 45.462208]}}, {"type": "Feature", "properties": {"cell_id": "892baa7b40fffff"}, "geometry": {"type": "Point", "coordinates": [-73.724781, 45.459479]}}, {"type": "Feature", "properties": {"cell_id": "892baa7b413ffff"}, "geometry": {"type": "Point", "coordinates": [-73.720239, 45.465143]}}, {"type": "Feature", "properties": {"cell_id": "892baa7b417ffff"}, "geometry": {"type": "Point", "coordinates": [-73.717772, 45.462414]}}, {"type": "Feature", "properties": {"cell_id": "892baa7b41bffff"}, "geometry": {"type": "Point", "coordinates": [-73.724978, 45.46504]}}, {"type": "Feature", "properties": {"cell_id": "892baa7b423ffff"}, "geometry": {"type": "Point", "coordinates": [-73.719847, 45.454021]}}, {"type": "Feature", "properties": {"cell_id": "892baa7b427ffff"}, "geometry": {"type": "Point", "coordinates": [-73.71738, 45.451291]}}, {"type": "Feature", "properties": {"cell_id": "892baa7b42bffff"}, "geometry": {"type": "Point", "coordinates": [-73.724584, 45.453918]}}, {"type": "Feature", "properties": {"cell_id": "892baa7b42fffff"}, "geometry": {"type": "Point", "coordinates": [-73.722117, 45.451189]}}, {"type": "Feature", "properties": {"cell_id": "892baa7b433ffff"}, "geometry": {"type": "Point", "coordinates": [-73.717576, 45.456852]}}, {"type": "Feature", "properties": {"cell_id": "892baa7b437ffff"}, "geometry": {"type": "Point", "coordinates": [-73.715109, 45.454123]}}, {"type": "Feature", "properties": {"cell_id": "892baa7b43bffff"}, "geometry": {"type": "Point", "coordinates": [-73.722314, 45.45675]}}, {"type": "Feature", "properties": {"cell_id": "892baa7b443ffff"}, "geometry": {"type": "Point", "coordinates": [-73.734456, 45.464834]}}, {"type": "Feature", "properties": {"cell_id": "892baa7b447ffff"}, "geometry": {"type": "Point", "coordinates": [-73.731988, 45.462105]}}, {"type": "Feature", "properties": {"cell_id": "892baa7b44bffff"}, "geometry": {"type": "Point", "coordinates": [-73.739195, 45.464731]}}, {"type": "Feature", "properties": {"cell_id": "892baa7b44fffff"}, "geometry": {"type": "Point", "coordinates": [-73.736726, 45.462002]}}, {"type": "Feature", "properties": {"cell_id": "892baa7b453ffff"}, "geometry": {"type": "Point", "coordinates": [-73.732185, 45.467667]}}, {"type": "Feature", "properties": {"cell_id": "892baa7b457ffff"}, "geometry": {"type": "Point", "coordinates": [-73.729717, 45.464937]}}, {"type": "Feature", "properties": {"cell_id": "892baa7b45bffff"}, "geometry": {"type": "Point", "coordinates": [-73.736924, 45.467563]}}, {"type": "Feature", "properties": {"cell_id": "892baa7b463ffff"}, "geometry": {"type": "Point", "coordinates": [-73.73179, 45.456544]}}, {"type": "Feature", "properties": {"cell_id": "892baa7b467ffff"}, "geometry": {"type": "Point", "coordinates": [-73.729322, 45.453815]}}, {"type": "Feature", "properties": {"cell_id": "892baa7b46bffff"}, "geometry": {"type": "Point", "coordinates": [-73.736528, 45.456441]}}, {"type": "Feature", "properties": {"cell_id": "892baa7b46fffff"}, "geometry": {"type": "Point", "coordinates": [-73.73406, 45.453712]}}, {"type": "Feature", "properties": {"cell_id": "892baa7b473ffff"}, "geometry": {"type": "Point", "coordinates": [-73.72952, 45.459376]}}, {"type": "Feature", "properties": {"cell_id": "892baa7b477ffff"}, "geometry": {"type": "Point", "coordinates": [-73.727052, 45.456647]}}, {"type": "Feature", "properties": {"cell_id": "892baa7b47bffff"}, "geometry": {"type": "Point", "coordinates": [-73.734258, 45.459273]}}, {"type": "Feature", "properties": {"cell_id": "892baa7b483ffff"}, "geometry": {"type": "Point", "coordinates": [-73.713229, 45.468078]}}, {"type": "Feature", "properties": {"cell_id": "892baa7b487ffff"}, "geometry": {"type": "Point", "coordinates": [-73.710761, 45.465348]}}, {"type": "Feature", "properties": {"cell_id": "892baa7b48bffff"}, "geometry": {"type": "Point", "coordinates": [-73.717968, 45.467975]}}, {"type": "Feature", "properties": {"cell_id": "892baa7b48fffff"}, "geometry": {"type": "Point", "coordinates": [-73.7155, 45.465246]}}, {"type": "Feature", "properties": {"cell_id": "892baa7b493ffff"}, "geometry": {"type": "Point", "coordinates": [-73.710957, 45.47091]}}, {"type": "Feature", "properties": {"cell_id": "892baa7b497ffff"}, "geometry": {"type": "Point", "coordinates": [-73.708489, 45.46818]}}, {"type": "Feature", "properties": {"cell_id": "892baa7b49bffff"}, "geometry": {"type": "Point", "coordinates": [-73.715696, 45.470807]}}, {"type": "Feature", "properties": {"cell_id": "892baa7b4a3ffff"}, "geometry": {"type": "Point", "coordinates": [-73.710566, 45.459787]}}, {"type": "Feature", "properties": {"cell_id": "892baa7b4a7ffff"}, "geometry": {"type": "Point", "coordinates": [-73.7081, 45.457057]}}, {"type": "Feature", "properties": {"cell_id": "892baa7b4abffff"}, "geometry": {"type": "Point", "coordinates": [-73.715305, 45.459684]}}, {"type": "Feature", "properties": {"cell_id": "892baa7b4afffff"}, "geometry": {"type": "Point", "coordinates": [-73.712838, 45.456955]}}, {"type": "Feature", "properties": {"cell_id": "892baa7b4b3ffff"}, "geometry": {"type": "Point", "coordinates": [-73.708295, 45.462618]}}, {"type": "Feature", "properties": {"cell_id": "892baa7b4b7ffff"}, "geometry": {"type": "Point", "coordinates": [-73.705828, 45.459889]}}, {"type": "Feature", "properties": {"cell_id": "892baa7b4bbffff"}, "geometry": {"type": "Point", "coordinates": [-73.713033, 45.462516]}}, {"type": "Feature", "properties": {"cell_id": "892baa7b4c3ffff"}, "geometry": {"type": "Point", "coordinates": [-73.725175, 45.470602]}}, {"type": "Feature", "properties": {"cell_id": "892baa7b4c7ffff"}, "geometry": {"type": "Point", "coordinates": [-73.722707, 45.467873]}}, {"type": "Feature", "properties": {"cell_id": "892baa7b4cbffff"}, "geometry": {"type": "Point", "coordinates": [-73.729914, 45.470499]}}, {"type": "Feature", "properties": {"cell_id": "892baa7b4cfffff"}, "geometry": {"type": "Point", "coordinates": [-73.727446, 45.46777]}}, {"type": "Feature", "properties": {"cell_id": "892baa7b4d3ffff"}, "geometry": {"type": "Point", "coordinates": [-73.722904, 45.473434]}}, {"type": "Feature", "properties": {"cell_id": "892baa7b4d7ffff"}, "geometry": {"type": "Point", "coordinates": [-73.720436, 45.470705]}}, {"type": "Feature", "properties": {"cell_id": "892baa7b4dbffff"}, "geometry": {"type": "Point", "coordinates": [-73.727643, 45.473332]}}, {"type": "Feature", "properties": {"cell_id": "892baa7b503ffff"}, "geometry": {"type": "Point", "coordinates": [-73.705245, 45.443206]}}, {"type": "Feature", "properties": {"cell_id": "892baa7b507ffff"}, "geometry": {"type": "Point", "coordinates": [-73.702779, 45.440477]}}, {"type": "Feature", "properties": {"cell_id": "892baa7b50bffff"}, "geometry": {"type": "Point", "coordinates": [-73.709981, 45.443104]}}, {"type": "Feature", "properties": {"cell_id": "892baa7b50fffff"}, "geometry": {"type": "Point", "coordinates": [-73.707516, 45.440375]}}, {"type": "Feature", "properties": {"cell_id": "892baa7b513ffff"}, "geometry": {"type": "Point", "coordinates": [-73.702974, 45.446037]}}, {"type": "Feature", "properties": {"cell_id": "892baa7b517ffff"}, "geometry": {"type": "Point", "coordinates": [-73.700508, 45.443308]}}, {"type": "Feature", "properties": {"cell_id": "892baa7b51bffff"}, "geometry": {"type": "Point", "coordinates": [-73.70771, 45.445935]}}, {"type": "Feature", "properties": {"cell_id": "892baa7b523ffff"}, "geometry": {"type": "Point", "coordinates": [-73.702585, 45.434917]}}, {"type": "Feature", "properties": {"cell_id": "892baa7b527ffff"}, "geometry": {"type": "Point", "coordinates": [-73.700121, 45.432188]}}, {"type": "Feature", "properties": {"cell_id": "892baa7b52bffff"}, "geometry": {"type": "Point", "coordinates": [-73.707321, 45.434815]}}, {"type": "Feature", "properties": {"cell_id": "892baa7b52fffff"}, "geometry": {"type": "Point", "coordinates": [-73.704856, 45.432086]}}, {"type": "Feature", "properties": {"cell_id": "892baa7b533ffff"}, "geometry": {"type": "Point", "coordinates": [-73.700315, 45.437748]}}, {"type": "Feature", "properties": {"cell_id": "892baa7b537ffff"}, "geometry": {"type": "Point", "coordinates": [-73.69785, 45.435019]}}, {"type": "Feature", "properties": {"cell_id": "892baa7b53bffff"}, "geometry": {"type": "Point", "coordinates": [-73.70505, 45.437646]}}, {"type": "Feature", "properties": {"cell_id": "892baa7b543ffff"}, "geometry": {"type": "Point", "coordinates": [-73.717184, 45.445731]}}, {"type": "Feature", "properties": {"cell_id": "892baa7b547ffff"}, "geometry": {"type": "Point", "coordinates": [-73.714718, 45.443002]}}, {"type": "Feature", "properties": {"cell_id": "892baa7b54bffff"}, "geometry": {"type": "Point", "coordinates": [-73.721921, 45.445628]}}, {"type": "Feature", "properties": {"cell_id": "892baa7b54fffff"}, "geometry": {"type": "Point", "coordinates": [-73.719454, 45.442899]}}, {"type": "Feature", "properties": {"cell_id": "892baa7b553ffff"}, "geometry": {"type": "Point", "coordinates": [-73.714913, 45.448562]}}, {"type": "Feature", "properties": {"cell_id": "892baa7b557ffff"}, "geometry": {"type": "Point", "coordinates": [-73.712447, 45.445833]}}, {"type": "Feature", "properties": {"cell_id": "892baa7b55bffff"}, "geometry": {"type": "Point", "coordinates": [-73.719651, 45.44846]}}, {"type": "Feature", "properties": {"cell_id": "892baa7b563ffff"}, "geometry": {"type": "Point", "coordinates": [-73.714522, 45.437441]}}, {"type": "Feature", "properties": {"cell_id": "892baa7b567ffff"}, "geometry": {"type": "Point", "coordinates": [-73.712057, 45.434713]}}, {"type": "Feature", "properties": {"cell_id": "892baa7b56bffff"}, "geometry": {"type": "Point", "coordinates": [-73.719258, 45.437339]}}, {"type": "Feature", "properties": {"cell_id": "892baa7b56fffff"}, "geometry": {"type": "Point", "coordinates": [-73.716792, 45.43461]}}, {"type": "Feature", "properties": {"cell_id": "892baa7b573ffff"}, "geometry": {"type": "Point", "coordinates": [-73.712252, 45.440273]}}, {"type": "Feature", "properties": {"cell_id": "892baa7b577ffff"}, "geometry": {"type": "Point", "coordinates": [-73.709786, 45.437544]}}, {"type": "Feature", "properties": {"cell_id": "892baa7b57bffff"}, "geometry": {"type": "Point", "coordinates": [-73.716988, 45.44017]}}, {"type": "Feature", "properties": {"cell_id": "892baa7b583ffff"}, "geometry": {"type": "Point", "coordinates": [-73.695965, 45.448971]}}, {"type": "Feature", "properties": {"cell_id": "892baa7b587ffff"}, "geometry": {"type": "Point", "coordinates": [-73.6935, 45.446241]}}, {"type": "Feature", "properties": {"cell_id": "892baa7b58bffff"}, "geometry": {"type": "Point", "coordinates": [-73.700702, 45.448869]}}, {"type": "Feature", "properties": {"cell_id": "892baa7b58fffff"}, "geometry": {"type": "Point", "coordinates": [-73.698237, 45.446139]}}, {"type": "Feature", "properties": {"cell_id": "892baa7b593ffff"}, "geometry": {"type": "Point", "coordinates": [-73.693693, 45.451802]}}, {"type": "Feature", "properties": {"cell_id": "892baa7b597ffff"}, "geometry": {"type": "Point", "coordinates": [-73.691228, 45.449072]}}, {"type": "Feature", "properties": {"cell_id": "892baa7b59bffff"}, "geometry": {"type": "Point", "coordinates": [-73.69843, 45.4517]}}, {"type": "Feature", "properties": {"cell_id": "892baa7b5a3ffff"}, "geometry": {"type": "Point", "coordinates": [-73.693307, 45.440681]}}, {"type": "Feature", "properties": {"cell_id": "892baa7b5a7ffff"}, "geometry": {"type": "Point", "coordinates": [-73.690843, 45.437951]}}, {"type": "Feature", "properties": {"cell_id": "892baa7b5abffff"}, "geometry": {"type": "Point", "coordinates": [-73.698043, 45.440579]}}, {"type": "Feature", "properties": {"cell_id": "892baa7b5afffff"}, "geometry": {"type": "Point", "coordinates": [-73.695579, 45.43785]}}, {"type": "Feature", "properties": {"cell_id": "892baa7b5b3ffff"}, "geometry": {"type": "Point", "coordinates": [-73.691035, 45.443512]}}, {"type": "Feature", "properties": {"cell_id": "892baa7b5b7ffff"}, "geometry": {"type": "Point", "coordinates": [-73.688571, 45.440782]}}, {"type": "Feature", "properties": {"cell_id": "892baa7b5bbffff"}, "geometry": {"type": "Point", "coordinates": [-73.695772, 45.44341]}}, {"type": "Feature", "properties": {"cell_id": "892baa7b5c3ffff"}, "geometry": {"type": "Point", "coordinates": [-73.707905, 45.451496]}}, {"type": "Feature", "properties": {"cell_id": "892baa7b5c7ffff"}, "geometry": {"type": "Point", "coordinates": [-73.705439, 45.448767]}}, {"type": "Feature", "properties": {"cell_id": "892baa7b5cbffff"}, "geometry": {"type": "Point", "coordinates": [-73.712642, 45.451394]}}, {"type": "Feature", "properties": {"cell_id": "892baa7b5cfffff"}, "geometry": {"type": "Point", "coordinates": [-73.710176, 45.448665]}}, {"type": "Feature", "properties": {"cell_id": "892baa7b5d3ffff"}, "geometry": {"type": "Point", "coordinates": [-73.705634, 45.454328]}}, {"type": "Feature", "properties": {"cell_id": "892baa7b5d7ffff"}, "geometry": {"type": "Point", "coordinates": [-73.703168, 45.451598]}}, {"type": "Feature", "properties": {"cell_id": "892baa7b5dbffff"}, "geometry": {"type": "Point", "coordinates": [-73.710371, 45.454225]}}, {"type": "Feature", "properties": {"cell_id": "892baa7b603ffff"}, "geometry": {"type": "Point", "coordinates": [-73.75568, 45.461587]}}, {"type": "Feature", "properties": {"cell_id": "892baa7b607ffff"}, "geometry": {"type": "Point", "coordinates": [-73.753211, 45.458858]}}, {"type": "Feature", "properties": {"cell_id": "892baa7b60bffff"}, "geometry": {"type": "Point", "coordinates": [-73.760419, 45.461483]}}, {"type": "Feature", "properties": {"cell_id": "892baa7b60fffff"}, "geometry": {"type": "Point", "coordinates": [-73.757949, 45.458754]}}, {"type": "Feature", "properties": {"cell_id": "892baa7b613ffff"}, "geometry": {"type": "Point", "coordinates": [-73.753411, 45.46442]}}, {"type": "Feature", "properties": {"cell_id": "892baa7b617ffff"}, "geometry": {"type": "Point", "coordinates": [-73.750942, 45.461691]}}, {"type": "Feature", "properties": {"cell_id": "892baa7b61bffff"}, "geometry": {"type": "Point", "coordinates": [-73.75815, 45.464316]}}, {"type": "Feature", "properties": {"cell_id": "892baa7b623ffff"}, "geometry": {"type": "Point", "coordinates": [-73.753011, 45.453297]}}, {"type": "Feature", "properties": {"cell_id": "892baa7b627ffff"}, "geometry": {"type": "Point", "coordinates": [-73.750542, 45.450569]}}, {"type": "Feature", "properties": {"cell_id": "892baa7b62bffff"}, "geometry": {"type": "Point", "coordinates": [-73.757748, 45.453193]}}, {"type": "Feature", "properties": {"cell_id": "892baa7b62fffff"}, "geometry": {"type": "Point", "coordinates": [-73.755279, 45.450465]}}, {"type": "Feature", "properties": {"cell_id": "892baa7b633ffff"}, "geometry": {"type": "Point", "coordinates": [-73.750742, 45.45613]}}, {"type": "Feature", "properties": {"cell_id": "892baa7b637ffff"}, "geometry": {"type": "Point", "coordinates": [-73.748273, 45.453401]}}, {"type": "Feature", "properties": {"cell_id": "892baa7b63bffff"}, "geometry": {"type": "Point", "coordinates": [-73.75548, 45.456026]}}, {"type": "Feature", "properties": {"cell_id": "892baa7b643ffff"}, "geometry": {"type": "Point", "coordinates": [-73.767628, 45.464107]}}, {"type": "Feature", "properties": {"cell_id": "892baa7b647ffff"}, "geometry": {"type": "Point", "coordinates": [-73.765158, 45.461378]}}, {"type": "Feature", "properties": {"cell_id": "892baa7b64bffff"}, "geometry": {"type": "Point", "coordinates": [-73.772367, 45.464002]}}, {"type": "Feature", "properties": {"cell_id": "892baa7b64fffff"}, "geometry": {"type": "Point", "coordinates": [-73.769896, 45.461274]}}, {"type": "Feature", "properties": {"cell_id": "892baa7b653ffff"}, "geometry": {"type": "Point", "coordinates": [-73.765359, 45.46694]}}, {"type": "Feature", "properties": {"cell_id": "892baa7b657ffff"}, "geometry": {"type": "Point", "coordinates": [-73.762889, 45.464211]}}, {"type": "Feature", "properties": {"cell_id": "892baa7b65bffff"}, "geometry": {"type": "Point", "coordinates": [-73.770099, 45.466835]}}, {"type": "Feature", "properties": {"cell_id": "892baa7b663ffff"}, "geometry": {"type": "Point", "coordinates": [-73.764956, 45.455817]}}, {"type": "Feature", "properties": {"cell_id": "892baa7b667ffff"}, "geometry": {"type": "Point", "coordinates": [-73.762486, 45.453089]}}, {"type": "Feature", "properties": {"cell_id": "892baa7b66bffff"}, "geometry": {"type": "Point", "coordinates": [-73.769694, 45.455712]}}, {"type": "Feature", "properties": {"cell_id": "892baa7b66fffff"}, "geometry": {"type": "Point", "coordinates": [-73.767224, 45.452984]}}, {"type": "Feature", "properties": {"cell_id": "892baa7b673ffff"}, "geometry": {"type": "Point", "coordinates": [-73.762687, 45.45865]}}, {"type": "Feature", "properties": {"cell_id": "892baa7b677ffff"}, "geometry": {"type": "Point", "coordinates": [-73.760218, 45.455922]}}, {"type": "Feature", "properties": {"cell_id": "892baa7b67bffff"}, "geometry": {"type": "Point", "coordinates": [-73.767426, 45.458545]}}, {"type": "Feature", "properties": {"cell_id": "892baa7b683ffff"}, "geometry": {"type": "Point", "coordinates": [-73.746403, 45.467356]}}, {"type": "Feature", "properties": {"cell_id": "892baa7b687ffff"}, "geometry": {"type": "Point", "coordinates": [-73.743934, 45.464627]}}, {"type": "Feature", "properties": {"cell_id": "892baa7b68bffff"}, "geometry": {"type": "Point", "coordinates": [-73.751142, 45.467253]}}, {"type": "Feature", "properties": {"cell_id": "892baa7b68fffff"}, "geometry": {"type": "Point", "coordinates": [-73.748672, 45.464524]}}, {"type": "Feature", "properties": {"cell_id": "892baa7b693ffff"}, "geometry": {"type": "Point", "coordinates": [-73.744133, 45.470189]}}, {"type": "Feature", "properties": {"cell_id": "892baa7b697ffff"}, "geometry": {"type": "Point", "coordinates": [-73.741664, 45.46746]}}, {"type": "Feature", "properties": {"cell_id": "892baa7b69bffff"}, "geometry": {"type": "Point", "coordinates": [-73.748872, 45.470085]}}, {"type": "Feature", "properties": {"cell_id": "892baa7b6a3ffff"}, "geometry": {"type": "Point", "coordinates": [-73.743734, 45.459066]}}, {"type": "Feature", "properties": {"cell_id": "892baa7b6a7ffff"}, "geometry": {"type": "Point", "coordinates": [-73.741266, 45.456337]}}, {"type": "Feature", "properties": {"cell_id": "892baa7b6abffff"}, "geometry": {"type": "Point", "coordinates": [-73.748473, 45.458962]}}, {"type": "Feature", "properties": {"cell_id": "892baa7b6afffff"}, "geometry": {"type": "Point", "coordinates": [-73.746004, 45.456234]}}, {"type": "Feature", "properties": {"cell_id": "892baa7b6b3ffff"}, "geometry": {"type": "Point", "coordinates": [-73.741465, 45.461898]}}, {"type": "Feature", "properties": {"cell_id": "892baa7b6b7ffff"}, "geometry": {"type": "Point", "coordinates": [-73.738996, 45.45917]}}, {"type": "Feature", "properties": {"cell_id": "892baa7b6bbffff"}, "geometry": {"type": "Point", "coordinates": [-73.746203, 45.461795]}}, {"type": "Feature", "properties": {"cell_id": "892baa7b6c3ffff"}, "geometry": {"type": "Point", "coordinates": [-73.758351, 45.469877]}}, {"type": "Feature", "properties": {"cell_id": "892baa7b6c7ffff"}, "geometry": {"type": "Point", "coordinates": [-73.755881, 45.467149]}}, {"type": "Feature", "properties": {"cell_id": "892baa7b6cbffff"}, "geometry": {"type": "Point", "coordinates": [-73.763091, 45.469773]}}, {"type": "Feature", "properties": {"cell_id": "892baa7b6cfffff"}, "geometry": {"type": "Point", "coordinates": [-73.76062, 45.467044]}}, {"type": "Feature", "properties": {"cell_id": "892baa7b6d3ffff"}, "geometry": {"type": "Point", "coordinates": [-73.756082, 45.47271]}}, {"type": "Feature", "properties": {"cell_id": "892baa7b6d7ffff"}, "geometry": {"type": "Point", "coordinates": [-73.753612, 45.469981]}}, {"type": "Feature", "properties": {"cell_id": "892baa7b6dbffff"}, "geometry": {"type": "Point", "coordinates": [-73.760822, 45.472606]}}], "_version": 8}