{"type": "FeatureCollection", "features": [{"type": "Feature", "properties": {"cell_id": "891fb429203ffff"}, "geometry": {"type": "Point", "coordinates": [2.412487, 48.899512]}}, {"type": "Feature", "properties": {"cell_id": "891fb429207ffff"}, "geometry": {"type": "Point", "coordinates": [2.416808, 48.899684]}}, {"type": "Feature", "properties": {"cell_id": "891fb42920bffff"}, "geometry": {"type": "Point", "coordinates": [2.410824, 48.896777]}}, {"type": "Feature", "properties": {"cell_id": "891fb42920fffff"}, "geometry": {"type": "Point", "coordinates": [2.415145, 48.896949]}}, {"type": "Feature", "properties": {"cell_id": "891fb429213ffff"}, "geometry": {"type": "Point", "coordinates": [2.409828, 48.902076]}}, {"type": "Feature", "properties": {"cell_id": "891fb429217ffff"}, "geometry": {"type": "Point", "coordinates": [2.41415, 48.902247]}}, {"type": "Feature", "properties": {"cell_id": "891fb42921bffff"}, "geometry": {"type": "Point", "coordinates": [2.408165, 48.899341]}}, {"type": "Feature", "properties": {"cell_id": "891fb429223ffff"}, "geometry": {"type": "Point", "coordinates": [2.423787, 48.897292]}}, {"type": "Feature", "properties": {"cell_id": "891fb429227ffff"}, "geometry": {"type": "Point", "coordinates": [2.428108, 48.897463]}}, {"type": "Feature", "properties": {"cell_id": "891fb42922bffff"}, "geometry": {"type": "Point", "coordinates": [2.422124, 48.894557]}}, {"type": "Feature", "properties": {"cell_id": "891fb42922fffff"}, "geometry": {"type": "Point", "coordinates": [2.426445, 48.894728]}}, {"type": "Feature", "properties": {"cell_id": "891fb429233ffff"}, "geometry": {"type": "Point", "coordinates": [2.42113, 48.899855]}}, {"type": "Feature", "properties": {"cell_id": "891fb429237ffff"}, "geometry": {"type": "Point", "coordinates": [2.425451, 48.900026]}}, {"type": "Feature", "properties": {"cell_id": "891fb42923bffff"}, "geometry": {"type": "Point", "coordinates": [2.419466, 48.89712]}}, {"type": "Feature", "properties": {"cell_id": "891fb429243ffff"}, "geometry": {"type": "Point", "coordinates": [2.404839, 48.89387]}}, {"type": "Feature", "properties": {"cell_id": "891fb429247ffff"}, "geometry": {"type": "Point", "coordinates": [2.409161, 48.894042]}}, {"type": "Feature", "properties": {"cell_id": "891fb42924bffff"}, "geometry": {"type": "Point", "coordinates": [2.403176, 48.891134]}}, {"type": "Feature", "properties": {"cell_id": "891fb42924fffff"}, "geometry": {"type": "Point", "coordinates": [2.407498, 48.891306]}}, {"type": "Feature", "properties": {"cell_id": "891fb429253ffff"}, "geometry": {"type": "Point", "coordinates": [2.40218, 48.896433]}}, {"type": "Feature", "properties": {"cell_id": "891fb429257ffff"}, "geometry": {"type": "Point", "coordinates": [2.406502, 48.896605]}}, {"type": "Feature", "properties": {"cell_id": "891fb42925bffff"}, "geometry": {"type": "Point", "coordinates": [2.400518, 48.893698]}}, {"type": "Feature", "properties": {"cell_id": "891fb429263ffff"}, "geometry": {"type": "Point", "coordinates": [2.41614, 48.89165]}}, {"type": "Feature", "properties": {"cell_id": "891fb429267ffff"}, "geometry": {"type": "Point", "coordinates": [2.420461, 48.891822]}}, {"type": "Feature", "properties": {"cell_id": "891fb42926bffff"}, "geometry": {"type": "Point", "coordinates": [2.414477, 48.888915]}}, {"type": "Feature", "properties": {"cell_id": "891fb42926fffff"}, "geometry": {"type": "Point", "coordinates": [2.418798, 48.889086]}}, {"type": "Feature", "properties": {"cell_id": "891fb429273ffff"}, "geometry": {"type": "Point", "coordinates": [2.413482, 48.894214]}}, {"type": "Feature", "properties": {"cell_id": "891fb429277ffff"}, "geometry": {"type": "Point", "coordinates": [2.417803, 48.894385]}}, {"type": "Feature", "properties": {"cell_id": "891fb42927bffff"}, "geometry": {"type": "Point", "coordinates": [2.411819, 48.891478]}}, {"type": "Feature", "properties": {"cell_id": "891fb42928bffff"}, "geometry": {"type": "Point", "coordinates": [2.407169, 48.904639]}}, {"type": "Feature", "properties": {"cell_id": "891fb42928fffff"}, "geometry": {"type": "Point", "coordinates": [2.411491, 48.904811]}}, {"type": "Feature", "properties": {"cell_id": "891fb4292abffff"}, "geometry": {"type": "Point", "coordinates": [2.418472, 48.902419]}}, {"type": "Feature", "properties": {"cell_id": "891fb4292afffff"}, "geometry": {"type": "Point", "coordinates": [2.422793, 48.90259]}}, {"type": "Feature", "properties": {"cell_id": "891fb4292bbffff"}, "geometry": {"type": "Point", "coordinates": [2.415813, 48.904982]}}, {"type": "Feature", "properties": {"cell_id": "891fb4292c3ffff"}, "geometry": {"type": "Point", "coordinates": [2.401184, 48.901732]}}, {"type": "Feature", "properties": {"cell_id": "891fb4292c7ffff"}, "geometry": {"type": "Point", "coordinates": [2.405506, 48.901904]}}, {"type": "Feature", "properties": {"cell_id": "891fb4292cbffff"}, "geometry": {"type": "Point", "coordinates": [2.399521, 48.898997]}}, {"type": "Feature", "properties": {"cell_id": "891fb4292cfffff"}, "geometry": {"type": "Point", "coordinates": [2.403843, 48.899169]}}, {"type": "Feature", "properties": {"cell_id": "891fb4292d3ffff"}, "geometry": {"type": "Point", "coordinates": [2.398524, 48.904296]}}, {"type": "Feature", "properties": {"cell_id": "891fb4292d7ffff"}, "geometry": {"type": "Point", "coordinates": [2.402847, 48.904467]}}, {"type": "Feature", "properties": {"cell_id": "891fb4292dbffff"}, "geometry": {"type": "Point", "coordinates": [2.396862, 48.90156]}}, {"type": "Feature", "properties": {"cell_id": "891fb429303ffff"}, "geometry": {"type": "Point", "coordinates": [2.442734, 48.90071]}}, {"type": "Feature", "properties": {"cell_id": "891fb429307ffff"}, "geometry": {"type": "Point", "coordinates": [2.447055, 48.90088]}}, {"type": "Feature", "properties": {"cell_id": "891fb42930bffff"}, "geometry": {"type": "Point", "coordinates": [2.44107, 48.897975]}}, {"type": "Feature", "properties": {"cell_id": "891fb42930fffff"}, "geometry": {"type": "Point", "coordinates": [2.445391, 48.898146]}}, {"type": "Feature", "properties": {"cell_id": "891fb429313ffff"}, "geometry": {"type": "Point", "coordinates": [2.440078, 48.903273]}}, {"type": "Feature", "properties": {"cell_id": "891fb429317ffff"}, "geometry": {"type": "Point", "coordinates": [2.444399, 48.903444]}}, {"type": "Feature", "properties": {"cell_id": "891fb42931bffff"}, "geometry": {"type": "Point", "coordinates": [2.438414, 48.900539]}}, {"type": "Feature", "properties": {"cell_id": "891fb429323ffff"}, "geometry": {"type": "Point", "coordinates": [2.454031, 48.898486]}}, {"type": "Feature", "properties": {"cell_id": "891fb429327ffff"}, "geometry": {"type": "Point", "coordinates": [2.458351, 48.898656]}}, {"type": "Feature", "properties": {"cell_id": "891fb42932bffff"}, "geometry": {"type": "Point", "coordinates": [2.452366, 48.895752]}}, {"type": "Feature", "properties": {"cell_id": "891fb42932fffff"}, "geometry": {"type": "Point", "coordinates": [2.456686, 48.895922]}}, {"type": "Feature", "properties": {"cell_id": "891fb429333ffff"}, "geometry": {"type": "Point", "coordinates": [2.451375, 48.90105]}}, {"type": "Feature", "properties": {"cell_id": "891fb429337ffff"}, "geometry": {"type": "Point", "coordinates": [2.455695, 48.90122]}}, {"type": "Feature", "properties": {"cell_id": "891fb42933bffff"}, "geometry": {"type": "Point", "coordinates": [2.449711, 48.898316]}}, {"type": "Feature", "properties": {"cell_id": "891fb429343ffff"}, "geometry": {"type": "Point", "coordinates": [2.435086, 48.89507]}}, {"type": "Feature", "properties": {"cell_id": "891fb429347ffff"}, "geometry": {"type": "Point", "coordinates": [2.439406, 48.895241]}}, {"type": "Feature", "properties": {"cell_id": "891fb42934bffff"}, "geometry": {"type": "Point", "coordinates": [2.433422, 48.892335]}}, {"type": "Feature", "properties": {"cell_id": "891fb42934fffff"}, "geometry": {"type": "Point", "coordinates": [2.437743, 48.892506]}}, {"type": "Feature", "properties": {"cell_id": "891fb429353ffff"}, "geometry": {"type": "Point", "coordinates": [2.432429, 48.897634]}}, {"type": "Feature", "properties": {"cell_id": "891fb429357ffff"}, "geometry": {"type": "Point", "coordinates": [2.43675, 48.897805]}}, {"type": "Feature", "properties": {"cell_id": "891fb42935bffff"}, "geometry": {"type": "Point", "coordinates": [2.430766, 48.894899]}}, {"type": "Feature", "properties": {"cell_id": "891fb429363ffff"}, "geometry": {"type": "Point", "coordinates": [2.446383, 48.892848]}}, {"type": "Feature", "properties": {"cell_id": "891fb429367ffff"}, "geometry": {"type": "Point", "coordinates": [2.450702, 48.893018]}}, {"type": "Feature", "properties": {"cell_id": "891fb42936bffff"}, "geometry": {"type": "Point", "coordinates": [2.444719, 48.890113]}}, {"type": "Feature", "properties": {"cell_id": "891fb42936fffff"}, "geometry": {"type": "Point", "coordinates": [2.449038, 48.890284]}}, {"type": "Feature", "properties": {"cell_id": "891fb429373ffff"}, "geometry": {"type": "Point", "coordinates": [2.443727, 48.895411]}}, {"type": "Feature", "properties": {"cell_id": "891fb429377ffff"}, "geometry": {"type": "Point", "coordinates": [2.448047, 48.895582]}}, {"type": "Feature", "properties": {"cell_id": "891fb42937bffff"}, "geometry": {"type": "Point", "coordinates": [2.442063, 48.892677]}}, {"type": "Feature", "properties": {"cell_id": "891fb4293abffff"}, "geometry": {"type": "Point", "coordinates": [2.448719, 48.903614]}}, {"type": "Feature", "properties": {"cell_id": "891fb4293afffff"}, "geometry": {"type": "Point", "coordinates": [2.45304, 48.903784]}}, {"type": "Feature", "properties": {"cell_id": "891fb4293c3ffff"}, "geometry": {"type": "Point", "coordinates": [2.431436, 48.902932]}}, {"type": "Feature", "properties": {"cell_id": "891fb4293c7ffff"}, "geometry": {"type": "Point", "coordinates": [2.435757, 48.903103]}}, {"type": "Feature", "properties": {"cell_id": "891fb4293cbffff"}, "geometry": {"type": "Point", "coordinates": [2.429772, 48.900197]}}, {"type": "Feature", "properties": {"cell_id": "891fb4293cfffff"}, "geometry": {"type": "Point", "coordinates": [2.434093, 48.900368]}}, {"type": "Feature", "properties": {"cell_id": "891fb4293dbffff"}, "geometry": {"type": "Point", "coordinates": [2.427115, 48.902761]}}, {"type": "Feature", "properties": {"cell_id": "891fb429edbffff"}, "geometry": {"type": "Point", "coordinates": [2.45736, 48.903954]}}, {"type": "Feature", "properties": {"cell_id": "891fb460133ffff"}, "geometry": {"type": "Point", "coordinates": [2.223385, 48.817009]}}, {"type": "Feature", "properties": {"cell_id": "891fb460137ffff"}, "geometry": {"type": "Point", "coordinates": [2.227708, 48.81719]}}, {"type": "Feature", "properties": {"cell_id": "891fb4601a3ffff"}, "geometry": {"type": "Point", "coordinates": [2.222372, 48.822314]}}, {"type": "Feature", "properties": {"cell_id": "891fb4601a7ffff"}, "geometry": {"type": "Point", "coordinates": [2.226696, 48.822494]}}, {"type": "Feature", "properties": {"cell_id": "891fb4601abffff"}, "geometry": {"type": "Point", "coordinates": [2.220717, 48.819571]}}, {"type": "Feature", "properties": {"cell_id": "891fb4601afffff"}, "geometry": {"type": "Point", "coordinates": [2.22504, 48.819752]}}, {"type": "Feature", "properties": {"cell_id": "891fb4601b7ffff"}, "geometry": {"type": "Point", "coordinates": [2.224028, 48.825056]}}, {"type": "Feature", "properties": {"cell_id": "891fb460c03ffff"}, "geometry": {"type": "Point", "coordinates": [2.244999, 48.817911]}}, {"type": "Feature", "properties": {"cell_id": "891fb460c07ffff"}, "geometry": {"type": "Point", "coordinates": [2.249321, 48.818091]}}, {"type": "Feature", "properties": {"cell_id": "891fb460c0bffff"}, "geometry": {"type": "Point", "coordinates": [2.243343, 48.815169]}}, {"type": "Feature", "properties": {"cell_id": "891fb460c0fffff"}, "geometry": {"type": "Point", "coordinates": [2.247665, 48.815349]}}, {"type": "Feature", "properties": {"cell_id": "891fb460c13ffff"}, "geometry": {"type": "Point", "coordinates": [2.242332, 48.820473]}}, {"type": "Feature", "properties": {"cell_id": "891fb460c17ffff"}, "geometry": {"type": "Point", "coordinates": [2.246655, 48.820653]}}, {"type": "Feature", "properties": {"cell_id": "891fb460c1bffff"}, "geometry": {"type": "Point", "coordinates": [2.240676, 48.817731]}}, {"type": "Feature", "properties": {"cell_id": "891fb460c23ffff"}, "geometry": {"type": "Point", "coordinates": [2.256309, 48.815708]}}, {"type": "Feature", "properties": {"cell_id": "891fb460c27ffff"}, "geometry": {"type": "Point", "coordinates": [2.260631, 48.815887]}}, {"type": "Feature", "properties": {"cell_id": "891fb460c33ffff"}, "geometry": {"type": "Point", "coordinates": [2.253644, 48.81827]}}, {"type": "Feature", "properties": {"cell_id": "891fb460c37ffff"}, "geometry": {"type": "Point", "coordinates": [2.257966, 48.81845]}}, {"type": "Feature", "properties": {"cell_id": "891fb460c3bffff"}, "geometry": {"type": "Point", "coordinates": [2.251987, 48.815528]}}, {"type": "Feature", "properties": {"cell_id": "891fb460c83ffff"}, "geometry": {"type": "Point", "coordinates": [2.241322, 48.825777]}}, {"type": "Feature", "properties": {"cell_id": "891fb460c87ffff"}, "geometry": {"type": "Point", "coordinates": [2.245645, 48.825957]}}, {"type": "Feature", "properties": {"cell_id": "891fb460c8bffff"}, "geometry": {"type": "Point", "coordinates": [2.239666, 48.823035]}}, {"type": "Feature", "properties": {"cell_id": "891fb460c8fffff"}, "geometry": {"type": "Point", "coordinates": [2.243989, 48.823215]}}, {"type": "Feature", "properties": {"cell_id": "891fb460c93ffff"}, "geometry": {"type": "Point", "coordinates": [2.238655, 48.828339]}}, {"type": "Feature", "properties": {"cell_id": "891fb460c97ffff"}, "geometry": {"type": "Point", "coordinates": [2.242978, 48.828519]}}, {"type": "Feature", "properties": {"cell_id": "891fb460c9bffff"}, "geometry": {"type": "Point", "coordinates": [2.236998, 48.825597]}}, {"type": "Feature", "properties": {"cell_id": "891fb460ca3ffff"}, "geometry": {"type": "Point", "coordinates": [2.252634, 48.823574]}}, {"type": "Feature", "properties": {"cell_id": "891fb460ca7ffff"}, "geometry": {"type": "Point", "coordinates": [2.256957, 48.823754]}}, {"type": "Feature", "properties": {"cell_id": "891fb460cabffff"}, "geometry": {"type": "Point", "coordinates": [2.250978, 48.820832]}}, {"type": "Feature", "properties": {"cell_id": "891fb460cafffff"}, "geometry": {"type": "Point", "coordinates": [2.2553, 48.821012]}}, {"type": "Feature", "properties": {"cell_id": "891fb460cb3ffff"}, "geometry": {"type": "Point", "coordinates": [2.249968, 48.826136]}}, {"type": "Feature", "properties": {"cell_id": "891fb460cb7ffff"}, "geometry": {"type": "Point", "coordinates": [2.254291, 48.826316]}}, {"type": "Feature", "properties": {"cell_id": "891fb460cbbffff"}, "geometry": {"type": "Point", "coordinates": [2.248311, 48.823395]}}, {"type": "Feature", "properties": {"cell_id": "891fb460cc3ffff"}, "geometry": {"type": "Point", "coordinates": [2.233687, 48.820113]}}, {"type": "Feature", "properties": {"cell_id": "891fb460cc7ffff"}, "geometry": {"type": "Point", "coordinates": [2.23801, 48.820293]}}, {"type": "Feature", "properties": {"cell_id": "891fb460ccbffff"}, "geometry": {"type": "Point", "coordinates": [2.232031, 48.81737]}}, {"type": "Feature", "properties": {"cell_id": "891fb460ccfffff"}, "geometry": {"type": "Point", "coordinates": [2.236354, 48.817551]}}, {"type": "Feature", "properties": {"cell_id": "891fb460cd3ffff"}, "geometry": {"type": "Point", "coordinates": [2.231019, 48.822675]}}, {"type": "Feature", "properties": {"cell_id": "891fb460cd7ffff"}, "geometry": {"type": "Point", "coordinates": [2.235342, 48.822855]}}, {"type": "Feature", "properties": {"cell_id": "891fb460cdbffff"}, "geometry": {"type": "Point", "coordinates": [2.229363, 48.819932]}}, {"type": "Feature", "properties": {"cell_id": "891fb460d03ffff"}, "geometry": {"type": "Point", "coordinates": [2.275252, 48.819166]}}, {"type": "Feature", "properties": {"cell_id": "891fb460d07ffff"}, "geometry": {"type": "Point", "coordinates": [2.279574, 48.819344]}}, {"type": "Feature", "properties": {"cell_id": "891fb460d0bffff"}, "geometry": {"type": "Point", "coordinates": [2.273595, 48.816425]}}, {"type": "Feature", "properties": {"cell_id": "891fb460d0fffff"}, "geometry": {"type": "Point", "coordinates": [2.277917, 48.816603]}}, {"type": "Feature", "properties": {"cell_id": "891fb460d13ffff"}, "geometry": {"type": "Point", "coordinates": [2.272588, 48.821728]}}, {"type": "Feature", "properties": {"cell_id": "891fb460d17ffff"}, "geometry": {"type": "Point", "coordinates": [2.276909, 48.821907]}}, {"type": "Feature", "properties": {"cell_id": "891fb460d1bffff"}, "geometry": {"type": "Point", "coordinates": [2.270931, 48.818987]}}, {"type": "Feature", "properties": {"cell_id": "891fb460d23ffff"}, "geometry": {"type": "Point", "coordinates": [2.286558, 48.81696]}}, {"type": "Feature", "properties": {"cell_id": "891fb460d27ffff"}, "geometry": {"type": "Point", "coordinates": [2.290879, 48.817139]}}, {"type": "Feature", "properties": {"cell_id": "891fb460d33ffff"}, "geometry": {"type": "Point", "coordinates": [2.283895, 48.819523]}}, {"type": "Feature", "properties": {"cell_id": "891fb460d37ffff"}, "geometry": {"type": "Point", "coordinates": [2.288216, 48.819701]}}, {"type": "Feature", "properties": {"cell_id": "891fb460d3bffff"}, "geometry": {"type": "Point", "coordinates": [2.282238, 48.816782]}}, {"type": "Feature", "properties": {"cell_id": "891fb460d53ffff"}, "geometry": {"type": "Point", "coordinates": [2.264953, 48.816067]}}, {"type": "Feature", "properties": {"cell_id": "891fb460d57ffff"}, "geometry": {"type": "Point", "coordinates": [2.269274, 48.816246]}}, {"type": "Feature", "properties": {"cell_id": "891fb460d83ffff"}, "geometry": {"type": "Point", "coordinates": [2.27158, 48.827032]}}, {"type": "Feature", "properties": {"cell_id": "891fb460d87ffff"}, "geometry": {"type": "Point", "coordinates": [2.275902, 48.82721]}}, {"type": "Feature", "properties": {"cell_id": "891fb460d8bffff"}, "geometry": {"type": "Point", "coordinates": [2.269923, 48.824291]}}, {"type": "Feature", "properties": {"cell_id": "891fb460d8fffff"}, "geometry": {"type": "Point", "coordinates": [2.274245, 48.824469]}}, {"type": "Feature", "properties": {"cell_id": "891fb460d93ffff"}, "geometry": {"type": "Point", "coordinates": [2.268915, 48.829594]}}, {"type": "Feature", "properties": {"cell_id": "891fb460d97ffff"}, "geometry": {"type": "Point", "coordinates": [2.273237, 48.829773]}}, {"type": "Feature", "properties": {"cell_id": "891fb460d9bffff"}, "geometry": {"type": "Point", "coordinates": [2.267258, 48.826853]}}, {"type": "Feature", "properties": {"cell_id": "891fb460da3ffff"}, "geometry": {"type": "Point", "coordinates": [2.282888, 48.824826]}}, {"type": "Feature", "properties": {"cell_id": "891fb460da7ffff"}, "geometry": {"type": "Point", "coordinates": [2.28721, 48.825004]}}, {"type": "Feature", "properties": {"cell_id": "891fb460dabffff"}, "geometry": {"type": "Point", "coordinates": [2.281231, 48.822085]}}, {"type": "Feature", "properties": {"cell_id": "891fb460dafffff"}, "geometry": {"type": "Point", "coordinates": [2.285552, 48.822264]}}, {"type": "Feature", "properties": {"cell_id": "891fb460db3ffff"}, "geometry": {"type": "Point", "coordinates": [2.280224, 48.827389]}}, {"type": "Feature", "properties": {"cell_id": "891fb460db7ffff"}, "geometry": {"type": "Point", "coordinates": [2.284546, 48.827567]}}, {"type": "Feature", "properties": {"cell_id": "891fb460dbbffff"}, "geometry": {"type": "Point", "coordinates": [2.278567, 48.824648]}}, {"type": "Feature", "properties": {"cell_id": "891fb460dc3ffff"}, "geometry": {"type": "Point", "coordinates": [2.263944, 48.82137]}}, {"type": "Feature", "properties": {"cell_id": "891fb460dc7ffff"}, "geometry": {"type": "Point", "coordinates": [2.268266, 48.821549]}}, {"type": "Feature", "properties": {"cell_id": "891fb460dcbffff"}, "geometry": {"type": "Point", "coordinates": [2.262288, 48.818629]}}, {"type": "Feature", "properties": {"cell_id": "891fb460dcfffff"}, "geometry": {"type": "Point", "coordinates": [2.266609, 48.818808]}}, {"type": "Feature", "properties": {"cell_id": "891fb460dd3ffff"}, "geometry": {"type": "Point", "coordinates": [2.261279, 48.823933]}}, {"type": "Feature", "properties": {"cell_id": "891fb460dd7ffff"}, "geometry": {"type": "Point", "coordinates": [2.265601, 48.824112]}}, {"type": "Feature", "properties": {"cell_id": "891fb460ddbffff"}, "geometry": {"type": "Point", "coordinates": [2.259622, 48.821191]}}, {"type": "Feature", "properties": {"cell_id": "891fb462803ffff"}, "geometry": {"type": "Point", "coordinates": [2.237922, 48.855036]}}, {"type": "Feature", "properties": {"cell_id": "891fb462807ffff"}, "geometry": {"type": "Point", "coordinates": [2.242248, 48.855216]}}, {"type": "Feature", "properties": {"cell_id": "891fb46280bffff"}, "geometry": {"type": "Point", "coordinates": [2.236265, 48.852295]}}, {"type": "Feature", "properties": {"cell_id": "891fb46280fffff"}, "geometry": {"type": "Point", "coordinates": [2.240591, 48.852474]}}, {"type": "Feature", "properties": {"cell_id": "891fb462813ffff"}, "geometry": {"type": "Point", "coordinates": [2.235254, 48.857598]}}, {"type": "Feature", "properties": {"cell_id": "891fb462817ffff"}, "geometry": {"type": "Point", "coordinates": [2.239579, 48.857777]}}, {"type": "Feature", "properties": {"cell_id": "891fb46281bffff"}, "geometry": {"type": "Point", "coordinates": [2.233597, 48.854857]}}, {"type": "Feature", "properties": {"cell_id": "891fb462823ffff"}, "geometry": {"type": "Point", "coordinates": [2.249241, 48.852833]}}, {"type": "Feature", "properties": {"cell_id": "891fb462827ffff"}, "geometry": {"type": "Point", "coordinates": [2.253565, 48.853011]}}, {"type": "Feature", "properties": {"cell_id": "891fb46282bffff"}, "geometry": {"type": "Point", "coordinates": [2.247583, 48.850092]}}, {"type": "Feature", "properties": {"cell_id": "891fb46282fffff"}, "geometry": {"type": "Point", "coordinates": [2.251908, 48.850271]}}, {"type": "Feature", "properties": {"cell_id": "891fb462833ffff"}, "geometry": {"type": "Point", "coordinates": [2.246573, 48.855395]}}, {"type": "Feature", "properties": {"cell_id": "891fb462837ffff"}, "geometry": {"type": "Point", "coordinates": [2.250898, 48.855574]}}, {"type": "Feature", "properties": {"cell_id": "891fb46283bffff"}, "geometry": {"type": "Point", "coordinates": [2.244916, 48.852654]}}, {"type": "Feature", "properties": {"cell_id": "891fb462843ffff"}, "geometry": {"type": "Point", "coordinates": [2.230283, 48.849374]}}, {"type": "Feature", "properties": {"cell_id": "891fb462847ffff"}, "geometry": {"type": "Point", "coordinates": [2.234609, 48.849554]}}, {"type": "Feature", "properties": {"cell_id": "891fb46284bffff"}, "geometry": {"type": "Point", "coordinates": [2.228627, 48.846632]}}, {"type": "Feature", "properties": {"cell_id": "891fb46284fffff"}, "geometry": {"type": "Point", "coordinates": [2.232952, 48.846812]}}, {"type": "Feature", "properties": {"cell_id": "891fb462853ffff"}, "geometry": {"type": "Point", "coordinates": [2.227615, 48.851936]}}, {"type": "Feature", "properties": {"cell_id": "891fb462857ffff"}, "geometry": {"type": "Point", "coordinates": [2.23194, 48.852116]}}, {"type": "Feature", "properties": {"cell_id": "891fb46285bffff"}, "geometry": {"type": "Point", "coordinates": [2.225958, 48.849194]}}, {"type": "Feature", "properties": {"cell_id": "891fb462863ffff"}, "geometry": {"type": "Point", "coordinates": [2.241602, 48.847171]}}, {"type": "Feature", "properties": {"cell_id": "891fb462867ffff"}, "geometry": {"type": "Point", "coordinates": [2.245926, 48.84735]}}, {"type": "Feature", "properties": {"cell_id": "891fb46286bffff"}, "geometry": {"type": "Point", "coordinates": [2.239945, 48.84443]}}, {"type": "Feature", "properties": {"cell_id": "891fb46286fffff"}, "geometry": {"type": "Point", "coordinates": [2.24427, 48.844609]}}, {"type": "Feature", "properties": {"cell_id": "891fb462873ffff"}, "geometry": {"type": "Point", "coordinates": [2.238934, 48.849733]}}, {"type": "Feature", "properties": {"cell_id": "891fb462877ffff"}, "geometry": {"type": "Point", "coordinates": [2.243259, 48.849912]}}, {"type": "Feature", "properties": {"cell_id": "891fb46287bffff"}, "geometry": {"type": "Point", "coordinates": [2.237277, 48.846992]}}, {"type": "Feature", "properties": {"cell_id": "891fb462883ffff"}, "geometry": {"type": "Point", "coordinates": [2.234242, 48.862901]}}, {"type": "Feature", "properties": {"cell_id": "891fb462887ffff"}, "geometry": {"type": "Point", "coordinates": [2.238568, 48.86308]}}, {"type": "Feature", "properties": {"cell_id": "891fb46288bffff"}, "geometry": {"type": "Point", "coordinates": [2.232585, 48.86016]}}, {"type": "Feature", "properties": {"cell_id": "891fb46288fffff"}, "geometry": {"type": "Point", "coordinates": [2.236911, 48.860339]}}, {"type": "Feature", "properties": {"cell_id": "891fb462893ffff"}, "geometry": {"type": "Point", "coordinates": [2.231572, 48.865463]}}, {"type": "Feature", "properties": {"cell_id": "891fb462897ffff"}, "geometry": {"type": "Point", "coordinates": [2.235899, 48.865642]}}, {"type": "Feature", "properties": {"cell_id": "891fb46289bffff"}, "geometry": {"type": "Point", "coordinates": [2.229915, 48.862722]}}, {"type": "Feature", "properties": {"cell_id": "891fb4628a3ffff"}, "geometry": {"type": "Point", "coordinates": [2.245562, 48.860698]}}, {"type": "Feature", "properties": {"cell_id": "891fb4628a7ffff"}, "geometry": {"type": "Point", "coordinates": [2.249887, 48.860876]}}, {"type": "Feature", "properties": {"cell_id": "891fb4628abffff"}, "geometry": {"type": "Point", "coordinates": [2.243905, 48.857957]}}, {"type": "Feature", "properties": {"cell_id": "891fb4628afffff"}, "geometry": {"type": "Point", "coordinates": [2.24823, 48.858136]}}, {"type": "Feature", "properties": {"cell_id": "891fb4628b3ffff"}, "geometry": {"type": "Point", "coordinates": [2.242894, 48.863259]}}, {"type": "Feature", "properties": {"cell_id": "891fb4628b7ffff"}, "geometry": {"type": "Point", "coordinates": [2.247219, 48.863438]}}, {"type": "Feature", "properties": {"cell_id": "891fb4628bbffff"}, "geometry": {"type": "Point", "coordinates": [2.241236, 48.860519]}}, {"type": "Feature", "properties": {"cell_id": "891fb4628c3ffff"}, "geometry": {"type": "Point", "coordinates": [2.226602, 48.857239]}}, {"type": "Feature", "properties": {"cell_id": "891fb4628c7ffff"}, "geometry": {"type": "Point", "coordinates": [2.230928, 48.857419]}}, {"type": "Feature", "properties": {"cell_id": "891fb4628cbffff"}, "geometry": {"type": "Point", "coordinates": [2.224945, 48.854498]}}, {"type": "Feature", "properties": {"cell_id": "891fb4628cfffff"}, "geometry": {"type": "Point", "coordinates": [2.229271, 48.854677]}}, {"type": "Feature", "properties": {"cell_id": "891fb4628d3ffff"}, "geometry": {"type": "Point", "coordinates": [2.223932, 48.859801]}}, {"type": "Feature", "properties": {"cell_id": "891fb4628d7ffff"}, "geometry": {"type": "Point", "coordinates": [2.228259, 48.859981]}}, {"type": "Feature", "properties": {"cell_id": "891fb4628dbffff"}, "geometry": {"type": "Point", "coordinates": [2.222276, 48.857059]}}, {"type": "Feature", "properties": {"cell_id": "891fb462903ffff"}, "geometry": {"type": "Point", "coordinates": [2.268196, 48.856287]}}, {"type": "Feature", "properties": {"cell_id": "891fb462907ffff"}, "geometry": {"type": "Point", "coordinates": [2.27252, 48.856465]}}, {"type": "Feature", "properties": {"cell_id": "891fb46290bffff"}, "geometry": {"type": "Point", "coordinates": [2.266539, 48.853547]}}, {"type": "Feature", "properties": {"cell_id": "891fb46290fffff"}, "geometry": {"type": "Point", "coordinates": [2.270863, 48.853725]}}, {"type": "Feature", "properties": {"cell_id": "891fb462913ffff"}, "geometry": {"type": "Point", "coordinates": [2.26553, 48.85885]}}, {"type": "Feature", "properties": {"cell_id": "891fb462917ffff"}, "geometry": {"type": "Point", "coordinates": [2.269854, 48.859028]}}, {"type": "Feature", "properties": {"cell_id": "891fb46291bffff"}, "geometry": {"type": "Point", "coordinates": [2.263872, 48.856109]}}, {"type": "Feature", "properties": {"cell_id": "891fb462923ffff"}, "geometry": {"type": "Point", "coordinates": [2.27951, 48.854081]}}, {"type": "Feature", "properties": {"cell_id": "891fb462927ffff"}, "geometry": {"type": "Point", "coordinates": [2.283834, 48.854259]}}, {"type": "Feature", "properties": {"cell_id": "891fb46292bffff"}, "geometry": {"type": "Point", "coordinates": [2.277852, 48.851341]}}, {"type": "Feature", "properties": {"cell_id": "891fb46292fffff"}, "geometry": {"type": "Point", "coordinates": [2.282176, 48.851519]}}, {"type": "Feature", "properties": {"cell_id": "891fb462933ffff"}, "geometry": {"type": "Point", "coordinates": [2.276845, 48.856643]}}, {"type": "Feature", "properties": {"cell_id": "891fb462937ffff"}, "geometry": {"type": "Point", "coordinates": [2.281168, 48.856821]}}, {"type": "Feature", "properties": {"cell_id": "891fb46293bffff"}, "geometry": {"type": "Point", "coordinates": [2.275187, 48.853903]}}, {"type": "Feature", "properties": {"cell_id": "891fb462943ffff"}, "geometry": {"type": "Point", "coordinates": [2.260557, 48.850628]}}, {"type": "Feature", "properties": {"cell_id": "891fb462947ffff"}, "geometry": {"type": "Point", "coordinates": [2.264881, 48.850806]}}, {"type": "Feature", "properties": {"cell_id": "891fb46294bffff"}, "geometry": {"type": "Point", "coordinates": [2.258899, 48.847887]}}, {"type": "Feature", "properties": {"cell_id": "891fb46294fffff"}, "geometry": {"type": "Point", "coordinates": [2.263223, 48.848066]}}, {"type": "Feature", "properties": {"cell_id": "891fb462953ffff"}, "geometry": {"type": "Point", "coordinates": [2.25789, 48.85319]}}, {"type": "Feature", "properties": {"cell_id": "891fb462957ffff"}, "geometry": {"type": "Point", "coordinates": [2.262214, 48.853369]}}, {"type": "Feature", "properties": {"cell_id": "891fb46295bffff"}, "geometry": {"type": "Point", "coordinates": [2.256232, 48.850449]}}, {"type": "Feature", "properties": {"cell_id": "891fb462963ffff"}, "geometry": {"type": "Point", "coordinates": [2.271871, 48.848422]}}, {"type": "Feature", "properties": {"cell_id": "891fb462967ffff"}, "geometry": {"type": "Point", "coordinates": [2.276194, 48.848601]}}, {"type": "Feature", "properties": {"cell_id": "891fb46296bffff"}, "geometry": {"type": "Point", "coordinates": [2.270213, 48.845682]}}, {"type": "Feature", "properties": {"cell_id": "891fb46296fffff"}, "geometry": {"type": "Point", "coordinates": [2.274537, 48.84586]}}, {"type": "Feature", "properties": {"cell_id": "891fb462973ffff"}, "geometry": {"type": "Point", "coordinates": [2.269205, 48.850985]}}, {"type": "Feature", "properties": {"cell_id": "891fb462977ffff"}, "geometry": {"type": "Point", "coordinates": [2.273529, 48.851163]}}, {"type": "Feature", "properties": {"cell_id": "891fb46297bffff"}, "geometry": {"type": "Point", "coordinates": [2.267547, 48.848244]}}, {"type": "Feature", "properties": {"cell_id": "891fb462983ffff"}, "geometry": {"type": "Point", "coordinates": [2.264521, 48.864152]}}, {"type": "Feature", "properties": {"cell_id": "891fb462987ffff"}, "geometry": {"type": "Point", "coordinates": [2.268846, 48.86433]}}, {"type": "Feature", "properties": {"cell_id": "891fb46298bffff"}, "geometry": {"type": "Point", "coordinates": [2.262863, 48.861412]}}, {"type": "Feature", "properties": {"cell_id": "891fb46298fffff"}, "geometry": {"type": "Point", "coordinates": [2.267188, 48.86159]}}, {"type": "Feature", "properties": {"cell_id": "891fb462993ffff"}, "geometry": {"type": "Point", "coordinates": [2.261853, 48.866714]}}, {"type": "Feature", "properties": {"cell_id": "891fb462997ffff"}, "geometry": {"type": "Point", "coordinates": [2.266179, 48.866892]}}, {"type": "Feature", "properties": {"cell_id": "891fb46299bffff"}, "geometry": {"type": "Point", "coordinates": [2.260195, 48.863974]}}, {"type": "Feature", "properties": {"cell_id": "891fb4629a3ffff"}, "geometry": {"type": "Point", "coordinates": [2.275837, 48.861946]}}, {"type": "Feature", "properties": {"cell_id": "891fb4629a7ffff"}, "geometry": {"type": "Point", "coordinates": [2.280161, 48.862123]}}, {"type": "Feature", "properties": {"cell_id": "891fb4629abffff"}, "geometry": {"type": "Point", "coordinates": [2.274179, 48.859206]}}, {"type": "Feature", "properties": {"cell_id": "891fb4629afffff"}, "geometry": {"type": "Point", "coordinates": [2.278503, 48.859383]}}, {"type": "Feature", "properties": {"cell_id": "891fb4629b3ffff"}, "geometry": {"type": "Point", "coordinates": [2.27317, 48.864508]}}, {"type": "Feature", "properties": {"cell_id": "891fb4629b7ffff"}, "geometry": {"type": "Point", "coordinates": [2.277495, 48.864686]}}, {"type": "Feature", "properties": {"cell_id": "891fb4629bbffff"}, "geometry": {"type": "Point", "coordinates": [2.271512, 48.861768]}}, {"type": "Feature", "properties": {"cell_id": "891fb4629c3ffff"}, "geometry": {"type": "Point", "coordinates": [2.25688, 48.858493]}}, {"type": "Feature", "properties": {"cell_id": "891fb4629c7ffff"}, "geometry": {"type": "Point", "coordinates": [2.261205, 48.858671]}}, {"type": "Feature", "properties": {"cell_id": "891fb4629cbffff"}, "geometry": {"type": "Point", "coordinates": [2.255223, 48.855752]}}, {"type": "Feature", "properties": {"cell_id": "891fb4629cfffff"}, "geometry": {"type": "Point", "coordinates": [2.259547, 48.855931]}}, {"type": "Feature", "properties": {"cell_id": "891fb4629d3ffff"}, "geometry": {"type": "Point", "coordinates": [2.254213, 48.861055]}}, {"type": "Feature", "properties": {"cell_id": "891fb4629d7ffff"}, "geometry": {"type": "Point", "coordinates": [2.258538, 48.861233]}}, {"type": "Feature", "properties": {"cell_id": "891fb4629dbffff"}, "geometry": {"type": "Point", "coordinates": [2.252555, 48.858314]}}, {"type": "Feature", "properties": {"cell_id": "891fb462a03ffff"}, "geometry": {"type": "Point", "coordinates": [2.226327, 48.835845]}}, {"type": "Feature", "properties": {"cell_id": "891fb462a07ffff"}, "geometry": {"type": "Point", "coordinates": [2.230651, 48.836025]}}, {"type": "Feature", "properties": {"cell_id": "891fb462a0bffff"}, "geometry": {"type": "Point", "coordinates": [2.224671, 48.833103]}}, {"type": "Feature", "properties": {"cell_id": "891fb462a0fffff"}, "geometry": {"type": "Point", "coordinates": [2.228995, 48.833283]}}, {"type": "Feature", "properties": {"cell_id": "891fb462a13ffff"}, "geometry": {"type": "Point", "coordinates": [2.223658, 48.838407]}}, {"type": "Feature", "properties": {"cell_id": "891fb462a17ffff"}, "geometry": {"type": "Point", "coordinates": [2.227983, 48.838587]}}, {"type": "Feature", "properties": {"cell_id": "891fb462a1bffff"}, "geometry": {"type": "Point", "coordinates": [2.222002, 48.835665]}}, {"type": "Feature", "properties": {"cell_id": "891fb462a23ffff"}, "geometry": {"type": "Point", "coordinates": [2.237643, 48.833643]}}, {"type": "Feature", "properties": {"cell_id": "891fb462a27ffff"}, "geometry": {"type": "Point", "coordinates": [2.241967, 48.833823]}}, {"type": "Feature", "properties": {"cell_id": "891fb462a2bffff"}, "geometry": {"type": "Point", "coordinates": [2.235987, 48.830901]}}, {"type": "Feature", "properties": {"cell_id": "891fb462a2fffff"}, "geometry": {"type": "Point", "coordinates": [2.240311, 48.831081]}}, {"type": "Feature", "properties": {"cell_id": "891fb462a33ffff"}, "geometry": {"type": "Point", "coordinates": [2.234976, 48.836205]}}, {"type": "Feature", "properties": {"cell_id": "891fb462a37ffff"}, "geometry": {"type": "Point", "coordinates": [2.2393, 48.836385]}}, {"type": "Feature", "properties": {"cell_id": "891fb462a3bffff"}, "geometry": {"type": "Point", "coordinates": [2.233319, 48.833463]}}, {"type": "Feature", "properties": {"cell_id": "891fb462a47ffff"}, "geometry": {"type": "Point", "coordinates": [2.223015, 48.830361]}}, {"type": "Feature", "properties": {"cell_id": "891fb462a4fffff"}, "geometry": {"type": "Point", "coordinates": [2.221359, 48.827618]}}, {"type": "Feature", "properties": {"cell_id": "891fb462a57ffff"}, "geometry": {"type": "Point", "coordinates": [2.220347, 48.832922]}}, {"type": "Feature", "properties": {"cell_id": "891fb462a63ffff"}, "geometry": {"type": "Point", "coordinates": [2.230007, 48.827979]}}, {"type": "Feature", "properties": {"cell_id": "891fb462a67ffff"}, "geometry": {"type": "Point", "coordinates": [2.234331, 48.828159]}}, {"type": "Feature", "properties": {"cell_id": "891fb462a6bffff"}, "geometry": {"type": "Point", "coordinates": [2.228351, 48.825237]}}, {"type": "Feature", "properties": {"cell_id": "891fb462a6fffff"}, "geometry": {"type": "Point", "coordinates": [2.232675, 48.825417]}}, {"type": "Feature", "properties": {"cell_id": "891fb462a73ffff"}, "geometry": {"type": "Point", "coordinates": [2.227339, 48.830541]}}, {"type": "Feature", "properties": {"cell_id": "891fb462a77ffff"}, "geometry": {"type": "Point", "coordinates": [2.231663, 48.830721]}}, {"type": "Feature", "properties": {"cell_id": "891fb462a7bffff"}, "geometry": {"type": "Point", "coordinates": [2.225683, 48.827799]}}, {"type": "Feature", "properties": {"cell_id": "891fb462a83ffff"}, "geometry": {"type": "Point", "coordinates": [2.222646, 48.843711]}}, {"type": "Feature", "properties": {"cell_id": "891fb462a87ffff"}, "geometry": {"type": "Point", "coordinates": [2.226971, 48.843891]}}, {"type": "Feature", "properties": {"cell_id": "891fb462a8bffff"}, "geometry": {"type": "Point", "coordinates": [2.220989, 48.840969]}}, {"type": "Feature", "properties": {"cell_id": "891fb462a8fffff"}, "geometry": {"type": "Point", "coordinates": [2.225314, 48.841149]}}, {"type": "Feature", "properties": {"cell_id": "891fb462a97ffff"}, "geometry": {"type": "Point", "coordinates": [2.224302, 48.846452]}}, {"type": "Feature", "properties": {"cell_id": "891fb462aa3ffff"}, "geometry": {"type": "Point", "coordinates": [2.233964, 48.841509]}}, {"type": "Feature", "properties": {"cell_id": "891fb462aa7ffff"}, "geometry": {"type": "Point", "coordinates": [2.238289, 48.841688]}}, {"type": "Feature", "properties": {"cell_id": "891fb462aabffff"}, "geometry": {"type": "Point", "coordinates": [2.232308, 48.838767]}}, {"type": "Feature", "properties": {"cell_id": "891fb462aafffff"}, "geometry": {"type": "Point", "coordinates": [2.236632, 48.838947]}}, {"type": "Feature", "properties": {"cell_id": "891fb462ab3ffff"}, "geometry": {"type": "Point", "coordinates": [2.231296, 48.844071]}}, {"type": "Feature", "properties": {"cell_id": "891fb462ab7ffff"}, "geometry": {"type": "Point", "coordinates": [2.23562, 48.84425]}}, {"type": "Feature", "properties": {"cell_id": "891fb462abbffff"}, "geometry": {"type": "Point", "coordinates": [2.229639, 48.841329]}}, {"type": "Feature", "properties": {"cell_id": "891fb462b03ffff"}, "geometry": {"type": "Point", "coordinates": [2.256595, 48.837102]}}, {"type": "Feature", "properties": {"cell_id": "891fb462b07ffff"}, "geometry": {"type": "Point", "coordinates": [2.260918, 48.837281]}}, {"type": "Feature", "properties": {"cell_id": "891fb462b0bffff"}, "geometry": {"type": "Point", "coordinates": [2.254938, 48.834361]}}, {"type": "Feature", "properties": {"cell_id": "891fb462b0fffff"}, "geometry": {"type": "Point", "coordinates": [2.259261, 48.83454]}}, {"type": "Feature", "properties": {"cell_id": "891fb462b13ffff"}, "geometry": {"type": "Point", "coordinates": [2.253928, 48.839664]}}, {"type": "Feature", "properties": {"cell_id": "891fb462b17ffff"}, "geometry": {"type": "Point", "coordinates": [2.258252, 48.839843]}}, {"type": "Feature", "properties": {"cell_id": "891fb462b1bffff"}, "geometry": {"type": "Point", "coordinates": [2.252271, 48.836923]}}, {"type": "Feature", "properties": {"cell_id": "891fb462b23ffff"}, "geometry": {"type": "Point", "coordinates": [2.267907, 48.834897]}}, {"type": "Feature", "properties": {"cell_id": "891fb462b27ffff"}, "geometry": {"type": "Point", "coordinates": [2.272229, 48.835076]}}, {"type": "Feature", "properties": {"cell_id": "891fb462b2bffff"}, "geometry": {"type": "Point", "coordinates": [2.26625, 48.832156]}}, {"type": "Feature", "properties": {"cell_id": "891fb462b2fffff"}, "geometry": {"type": "Point", "coordinates": [2.270572, 48.832335]}}, {"type": "Feature", "properties": {"cell_id": "891fb462b33ffff"}, "geometry": {"type": "Point", "coordinates": [2.265241, 48.83746]}}, {"type": "Feature", "properties": {"cell_id": "891fb462b37ffff"}, "geometry": {"type": "Point", "coordinates": [2.269564, 48.837638]}}, {"type": "Feature", "properties": {"cell_id": "891fb462b3bffff"}, "geometry": {"type": "Point", "coordinates": [2.263584, 48.834719]}}, {"type": "Feature", "properties": {"cell_id": "891fb462b43ffff"}, "geometry": {"type": "Point", "coordinates": [2.248958, 48.83144]}}, {"type": "Feature", "properties": {"cell_id": "891fb462b47ffff"}, "geometry": {"type": "Point", "coordinates": [2.253281, 48.831619]}}, {"type": "Feature", "properties": {"cell_id": "891fb462b4bffff"}, "geometry": {"type": "Point", "coordinates": [2.247301, 48.828699]}}, {"type": "Feature", "properties": {"cell_id": "891fb462b4fffff"}, "geometry": {"type": "Point", "coordinates": [2.251624, 48.828878]}}, {"type": "Feature", "properties": {"cell_id": "891fb462b53ffff"}, "geometry": {"type": "Point", "coordinates": [2.246291, 48.834002]}}, {"type": "Feature", "properties": {"cell_id": "891fb462b57ffff"}, "geometry": {"type": "Point", "coordinates": [2.250614, 48.834182]}}, {"type": "Feature", "properties": {"cell_id": "891fb462b5bffff"}, "geometry": {"type": "Point", "coordinates": [2.244634, 48.831261]}}, {"type": "Feature", "properties": {"cell_id": "891fb462b63ffff"}, "geometry": {"type": "Point", "coordinates": [2.26027, 48.829236]}}, {"type": "Feature", "properties": {"cell_id": "891fb462b67ffff"}, "geometry": {"type": "Point", "coordinates": [2.264593, 48.829415]}}, {"type": "Feature", "properties": {"cell_id": "891fb462b6bffff"}, "geometry": {"type": "Point", "coordinates": [2.258613, 48.826495]}}, {"type": "Feature", "properties": {"cell_id": "891fb462b6fffff"}, "geometry": {"type": "Point", "coordinates": [2.262936, 48.826674]}}, {"type": "Feature", "properties": {"cell_id": "891fb462b73ffff"}, "geometry": {"type": "Point", "coordinates": [2.257604, 48.831799]}}, {"type": "Feature", "properties": {"cell_id": "891fb462b77ffff"}, "geometry": {"type": "Point", "coordinates": [2.261927, 48.831978]}}, {"type": "Feature", "properties": {"cell_id": "891fb462b7bffff"}, "geometry": {"type": "Point", "coordinates": [2.255947, 48.829057]}}, {"type": "Feature", "properties": {"cell_id": "891fb462b83ffff"}, "geometry": {"type": "Point", "coordinates": [2.252918, 48.844967]}}, {"type": "Feature", "properties": {"cell_id": "891fb462b87ffff"}, "geometry": {"type": "Point", "coordinates": [2.257242, 48.845146]}}, {"type": "Feature", "properties": {"cell_id": "891fb462b8bffff"}, "geometry": {"type": "Point", "coordinates": [2.251261, 48.842226]}}, {"type": "Feature", "properties": {"cell_id": "891fb462b8fffff"}, "geometry": {"type": "Point", "coordinates": [2.255585, 48.842405]}}, {"type": "Feature", "properties": {"cell_id": "891fb462b93ffff"}, "geometry": {"type": "Point", "coordinates": [2.250251, 48.84753]}}, {"type": "Feature", "properties": {"cell_id": "891fb462b97ffff"}, "geometry": {"type": "Point", "coordinates": [2.254575, 48.847708]}}, {"type": "Feature", "properties": {"cell_id": "891fb462b9bffff"}, "geometry": {"type": "Point", "coordinates": [2.248594, 48.844788]}}, {"type": "Feature", "properties": {"cell_id": "891fb462ba3ffff"}, "geometry": {"type": "Point", "coordinates": [2.264232, 48.842763]}}, {"type": "Feature", "properties": {"cell_id": "891fb462ba7ffff"}, "geometry": {"type": "Point", "coordinates": [2.268556, 48.842941]}}, {"type": "Feature", "properties": {"cell_id": "891fb462babffff"}, "geometry": {"type": "Point", "coordinates": [2.262575, 48.840022]}}, {"type": "Feature", "properties": {"cell_id": "891fb462bafffff"}, "geometry": {"type": "Point", "coordinates": [2.266898, 48.840201]}}, {"type": "Feature", "properties": {"cell_id": "891fb462bb3ffff"}, "geometry": {"type": "Point", "coordinates": [2.261566, 48.845325]}}, {"type": "Feature", "properties": {"cell_id": "891fb462bb7ffff"}, "geometry": {"type": "Point", "coordinates": [2.26589, 48.845504]}}, {"type": "Feature", "properties": {"cell_id": "891fb462bbbffff"}, "geometry": {"type": "Point", "coordinates": [2.259909, 48.842584]}}, {"type": "Feature", "properties": {"cell_id": "891fb462bc3ffff"}, "geometry": {"type": "Point", "coordinates": [2.24528, 48.839306]}}, {"type": "Feature", "properties": {"cell_id": "891fb462bc7ffff"}, "geometry": {"type": "Point", "coordinates": [2.249604, 48.839485]}}, {"type": "Feature", "properties": {"cell_id": "891fb462bcbffff"}, "geometry": {"type": "Point", "coordinates": [2.243624, 48.836564]}}, {"type": "Feature", "properties": {"cell_id": "891fb462bcfffff"}, "geometry": {"type": "Point", "coordinates": [2.247947, 48.836744]}}, {"type": "Feature", "properties": {"cell_id": "891fb462bd3ffff"}, "geometry": {"type": "Point", "coordinates": [2.242613, 48.841868]}}, {"type": "Feature", "properties": {"cell_id": "891fb462bd7ffff"}, "geometry": {"type": "Point", "coordinates": [2.246937, 48.842047]}}, {"type": "Feature", "properties": {"cell_id": "891fb462bdbffff"}, "geometry": {"type": "Point", "coordinates": [2.240956, 48.839126]}}, {"type": "Feature", "properties": {"cell_id": "891fb462c07ffff"}, "geometry": {"type": "Point", "coordinates": [2.223563, 48.873148]}}, {"type": "Feature", "properties": {"cell_id": "891fb462c0fffff"}, "geometry": {"type": "Point", "coordinates": [2.221906, 48.870407]}}, {"type": "Feature", "properties": {"cell_id": "891fb462c17ffff"}, "geometry": {"type": "Point", "coordinates": [2.220892, 48.87571]}}, {"type": "Feature", "properties": {"cell_id": "891fb462c23ffff"}, "geometry": {"type": "Point", "coordinates": [2.23056, 48.870766]}}, {"type": "Feature", "properties": {"cell_id": "891fb462c27ffff"}, "geometry": {"type": "Point", "coordinates": [2.234887, 48.870945]}}, {"type": "Feature", "properties": {"cell_id": "891fb462c2bffff"}, "geometry": {"type": "Point", "coordinates": [2.228903, 48.868025]}}, {"type": "Feature", "properties": {"cell_id": "891fb462c2fffff"}, "geometry": {"type": "Point", "coordinates": [2.233229, 48.868204]}}, {"type": "Feature", "properties": {"cell_id": "891fb462c33ffff"}, "geometry": {"type": "Point", "coordinates": [2.22789, 48.873328]}}, {"type": "Feature", "properties": {"cell_id": "891fb462c37ffff"}, "geometry": {"type": "Point", "coordinates": [2.232217, 48.873507]}}, {"type": "Feature", "properties": {"cell_id": "891fb462c3bffff"}, "geometry": {"type": "Point", "coordinates": [2.226233, 48.870587]}}, {"type": "Feature", "properties": {"cell_id": "891fb462c63ffff"}, "geometry": {"type": "Point", "coordinates": [2.222919, 48.865104]}}, {"type": "Feature", "properties": {"cell_id": "891fb462c67ffff"}, "geometry": {"type": "Point", "coordinates": [2.227246, 48.865284]}}, {"type": "Feature", "properties": {"cell_id": "891fb462c6bffff"}, "geometry": {"type": "Point", "coordinates": [2.221263, 48.862363]}}, {"type": "Feature", "properties": {"cell_id": "891fb462c6fffff"}, "geometry": {"type": "Point", "coordinates": [2.225589, 48.862542]}}, {"type": "Feature", "properties": {"cell_id": "891fb462c73ffff"}, "geometry": {"type": "Point", "coordinates": [2.220249, 48.867666]}}, {"type": "Feature", "properties": {"cell_id": "891fb462c77ffff"}, "geometry": {"type": "Point", "coordinates": [2.224576, 48.867845]}}, {"type": "Feature", "properties": {"cell_id": "891fb462ca3ffff"}, "geometry": {"type": "Point", "coordinates": [2.226877, 48.87863]}}, {"type": "Feature", "properties": {"cell_id": "891fb462ca7ffff"}, "geometry": {"type": "Point", "coordinates": [2.231204, 48.878809]}}, {"type": "Feature", "properties": {"cell_id": "891fb462cabffff"}, "geometry": {"type": "Point", "coordinates": [2.22522, 48.875889]}}, {"type": "Feature", "properties": {"cell_id": "891fb462cafffff"}, "geometry": {"type": "Point", "coordinates": [2.229547, 48.876069]}}, {"type": "Feature", "properties": {"cell_id": "891fb462cb3ffff"}, "geometry": {"type": "Point", "coordinates": [2.224207, 48.881192]}}, {"type": "Feature", "properties": {"cell_id": "891fb462cb7ffff"}, "geometry": {"type": "Point", "coordinates": [2.228534, 48.881371]}}, {"type": "Feature", "properties": {"cell_id": "891fb462cbbffff"}, "geometry": {"type": "Point", "coordinates": [2.222549, 48.878451]}}, {"type": "Feature", "properties": {"cell_id": "891fb462d03ffff"}, "geometry": {"type": "Point", "coordinates": [2.249524, 48.874222]}}, {"type": "Feature", "properties": {"cell_id": "891fb462d07ffff"}, "geometry": {"type": "Point", "coordinates": [2.25385, 48.8744]}}, {"type": "Feature", "properties": {"cell_id": "891fb462d0bffff"}, "geometry": {"type": "Point", "coordinates": [2.247866, 48.871481]}}, {"type": "Feature", "properties": {"cell_id": "891fb462d0fffff"}, "geometry": {"type": "Point", "coordinates": [2.252192, 48.87166]}}, {"type": "Feature", "properties": {"cell_id": "891fb462d13ffff"}, "geometry": {"type": "Point", "coordinates": [2.246855, 48.876784]}}, {"type": "Feature", "properties": {"cell_id": "891fb462d17ffff"}, "geometry": {"type": "Point", "coordinates": [2.251181, 48.876962]}}, {"type": "Feature", "properties": {"cell_id": "891fb462d1bffff"}, "geometry": {"type": "Point", "coordinates": [2.245197, 48.874043]}}, {"type": "Feature", "properties": {"cell_id": "891fb462d23ffff"}, "geometry": {"type": "Point", "coordinates": [2.260844, 48.872016]}}, {"type": "Feature", "properties": {"cell_id": "891fb462d27ffff"}, "geometry": {"type": "Point", "coordinates": [2.265169, 48.872194]}}, {"type": "Feature", "properties": {"cell_id": "891fb462d2bffff"}, "geometry": {"type": "Point", "coordinates": [2.259186, 48.869276]}}, {"type": "Feature", "properties": {"cell_id": "891fb462d2fffff"}, "geometry": {"type": "Point", "coordinates": [2.263511, 48.869454]}}, {"type": "Feature", "properties": {"cell_id": "891fb462d33ffff"}, "geometry": {"type": "Point", "coordinates": [2.258176, 48.874578]}}, {"type": "Feature", "properties": {"cell_id": "891fb462d37ffff"}, "geometry": {"type": "Point", "coordinates": [2.262502, 48.874756]}}, {"type": "Feature", "properties": {"cell_id": "891fb462d3bffff"}, "geometry": {"type": "Point", "coordinates": [2.256518, 48.871838]}}, {"type": "Feature", "properties": {"cell_id": "891fb462d43ffff"}, "geometry": {"type": "Point", "coordinates": [2.241882, 48.868562]}}, {"type": "Feature", "properties": {"cell_id": "891fb462d47ffff"}, "geometry": {"type": "Point", "coordinates": [2.246208, 48.868741]}}, {"type": "Feature", "properties": {"cell_id": "891fb462d4bffff"}, "geometry": {"type": "Point", "coordinates": [2.240225, 48.865821]}}, {"type": "Feature", "properties": {"cell_id": "891fb462d4fffff"}, "geometry": {"type": "Point", "coordinates": [2.244551, 48.866]}}, {"type": "Feature", "properties": {"cell_id": "891fb462d53ffff"}, "geometry": {"type": "Point", "coordinates": [2.239213, 48.871124]}}, {"type": "Feature", "properties": {"cell_id": "891fb462d57ffff"}, "geometry": {"type": "Point", "coordinates": [2.24354, 48.871303]}}, {"type": "Feature", "properties": {"cell_id": "891fb462d5bffff"}, "geometry": {"type": "Point", "coordinates": [2.237556, 48.868383]}}, {"type": "Feature", "properties": {"cell_id": "891fb462d63ffff"}, "geometry": {"type": "Point", "coordinates": [2.253202, 48.866358]}}, {"type": "Feature", "properties": {"cell_id": "891fb462d67ffff"}, "geometry": {"type": "Point", "coordinates": [2.257528, 48.866536]}}, {"type": "Feature", "properties": {"cell_id": "891fb462d6bffff"}, "geometry": {"type": "Point", "coordinates": [2.251545, 48.863617]}}, {"type": "Feature", "properties": {"cell_id": "891fb462d6fffff"}, "geometry": {"type": "Point", "coordinates": [2.25587, 48.863795]}}, {"type": "Feature", "properties": {"cell_id": "891fb462d73ffff"}, "geometry": {"type": "Point", "coordinates": [2.250534, 48.86892]}}, {"type": "Feature", "properties": {"cell_id": "891fb462d77ffff"}, "geometry": {"type": "Point", "coordinates": [2.25486, 48.869098]}}, {"type": "Feature", "properties": {"cell_id": "891fb462d7bffff"}, "geometry": {"type": "Point", "coordinates": [2.248877, 48.866179]}}, {"type": "Feature", "properties": {"cell_id": "891fb462d83ffff"}, "geometry": {"type": "Point", "coordinates": [2.245844, 48.882086]}}, {"type": "Feature", "properties": {"cell_id": "891fb462d87ffff"}, "geometry": {"type": "Point", "coordinates": [2.250171, 48.882264]}}, {"type": "Feature", "properties": {"cell_id": "891fb462d8bffff"}, "geometry": {"type": "Point", "coordinates": [2.244186, 48.879346]}}, {"type": "Feature", "properties": {"cell_id": "891fb462d8fffff"}, "geometry": {"type": "Point", "coordinates": [2.248513, 48.879524]}}, {"type": "Feature", "properties": {"cell_id": "891fb462d93ffff"}, "geometry": {"type": "Point", "coordinates": [2.243174, 48.884648]}}, {"type": "Feature", "properties": {"cell_id": "891fb462d97ffff"}, "geometry": {"type": "Point", "coordinates": [2.247502, 48.884826]}}, {"type": "Feature", "properties": {"cell_id": "891fb462d9bffff"}, "geometry": {"type": "Point", "coordinates": [2.241517, 48.881908]}}, {"type": "Feature", "properties": {"cell_id": "891fb462da3ffff"}, "geometry": {"type": "Point", "coordinates": [2.257166, 48.879881]}}, {"type": "Feature", "properties": {"cell_id": "891fb462da7ffff"}, "geometry": {"type": "Point", "coordinates": [2.261492, 48.880058]}}, {"type": "Feature", "properties": {"cell_id": "891fb462dabffff"}, "geometry": {"type": "Point", "coordinates": [2.255508, 48.87714]}}, {"type": "Feature", "properties": {"cell_id": "891fb462dafffff"}, "geometry": {"type": "Point", "coordinates": [2.259834, 48.877319]}}, {"type": "Feature", "properties": {"cell_id": "891fb462db3ffff"}, "geometry": {"type": "Point", "coordinates": [2.254497, 48.882443]}}, {"type": "Feature", "properties": {"cell_id": "891fb462db7ffff"}, "geometry": {"type": "Point", "coordinates": [2.258824, 48.88262]}}, {"type": "Feature", "properties": {"cell_id": "891fb462dbbffff"}, "geometry": {"type": "Point", "coordinates": [2.252839, 48.879702]}}, {"type": "Feature", "properties": {"cell_id": "891fb462dc3ffff"}, "geometry": {"type": "Point", "coordinates": [2.238201, 48.876427]}}, {"type": "Feature", "properties": {"cell_id": "891fb462dc7ffff"}, "geometry": {"type": "Point", "coordinates": [2.242528, 48.876605]}}, {"type": "Feature", "properties": {"cell_id": "891fb462dcbffff"}, "geometry": {"type": "Point", "coordinates": [2.236544, 48.873686]}}, {"type": "Feature", "properties": {"cell_id": "891fb462dcfffff"}, "geometry": {"type": "Point", "coordinates": [2.240871, 48.873865]}}, {"type": "Feature", "properties": {"cell_id": "891fb462dd3ffff"}, "geometry": {"type": "Point", "coordinates": [2.235532, 48.878988]}}, {"type": "Feature", "properties": {"cell_id": "891fb462dd7ffff"}, "geometry": {"type": "Point", "coordinates": [2.239859, 48.879167]}}, {"type": "Feature", "properties": {"cell_id": "891fb462ddbffff"}, "geometry": {"type": "Point", "coordinates": [2.233874, 48.876248]}}, {"type": "Feature", "properties": {"cell_id": "891fb462e27ffff"}, "geometry": {"type": "Point", "coordinates": [2.223289, 48.851756]}}, {"type": "Feature", "properties": {"cell_id": "891fb462e2fffff"}, "geometry": {"type": "Point", "coordinates": [2.221633, 48.849014]}}, {"type": "Feature", "properties": {"cell_id": "891fb462e37ffff"}, "geometry": {"type": "Point", "coordinates": [2.220619, 48.854318]}}, {"type": "Feature", "properties": {"cell_id": "891fb464003ffff"}, "geometry": {"type": "Point", "coordinates": [2.396188, 48.824103]}}, {"type": "Feature", "properties": {"cell_id": "891fb464007ffff"}, "geometry": {"type": "Point", "coordinates": [2.400505, 48.824277]}}, {"type": "Feature", "properties": {"cell_id": "891fb46400bffff"}, "geometry": {"type": "Point", "coordinates": [2.394528, 48.821365]}}, {"type": "Feature", "properties": {"cell_id": "891fb46400fffff"}, "geometry": {"type": "Point", "coordinates": [2.398844, 48.821539]}}, {"type": "Feature", "properties": {"cell_id": "891fb464013ffff"}, "geometry": {"type": "Point", "coordinates": [2.393532, 48.826667]}}, {"type": "Feature", "properties": {"cell_id": "891fb464017ffff"}, "geometry": {"type": "Point", "coordinates": [2.397849, 48.82684]}}, {"type": "Feature", "properties": {"cell_id": "891fb46401bffff"}, "geometry": {"type": "Point", "coordinates": [2.391871, 48.823929]}}, {"type": "Feature", "properties": {"cell_id": "891fb464023ffff"}, "geometry": {"type": "Point", "coordinates": [2.407477, 48.821887]}}, {"type": "Feature", "properties": {"cell_id": "891fb464027ffff"}, "geometry": {"type": "Point", "coordinates": [2.411793, 48.82206]}}, {"type": "Feature", "properties": {"cell_id": "891fb46402bffff"}, "geometry": {"type": "Point", "coordinates": [2.405816, 48.819149]}}, {"type": "Feature", "properties": {"cell_id": "891fb46402fffff"}, "geometry": {"type": "Point", "coordinates": [2.410132, 48.819323]}}, {"type": "Feature", "properties": {"cell_id": "891fb464033ffff"}, "geometry": {"type": "Point", "coordinates": [2.404822, 48.82445]}}, {"type": "Feature", "properties": {"cell_id": "891fb464037ffff"}, "geometry": {"type": "Point", "coordinates": [2.409138, 48.824624]}}, {"type": "Feature", "properties": {"cell_id": "891fb46403bffff"}, "geometry": {"type": "Point", "coordinates": [2.403161, 48.821713]}}, {"type": "Feature", "properties": {"cell_id": "891fb464043ffff"}, "geometry": {"type": "Point", "coordinates": [2.38855, 48.818453]}}, {"type": "Feature", "properties": {"cell_id": "891fb464047ffff"}, "geometry": {"type": "Point", "coordinates": [2.392867, 48.818627]}}, {"type": "Feature", "properties": {"cell_id": "891fb46404bffff"}, "geometry": {"type": "Point", "coordinates": [2.38689, 48.815715]}}, {"type": "Feature", "properties": {"cell_id": "891fb46404fffff"}, "geometry": {"type": "Point", "coordinates": [2.391207, 48.815889]}}, {"type": "Feature", "properties": {"cell_id": "891fb464053ffff"}, "geometry": {"type": "Point", "coordinates": [2.385894, 48.821017]}}, {"type": "Feature", "properties": {"cell_id": "891fb464057ffff"}, "geometry": {"type": "Point", "coordinates": [2.390211, 48.821191]}}, {"type": "Feature", "properties": {"cell_id": "891fb46405bffff"}, "geometry": {"type": "Point", "coordinates": [2.384233, 48.818279]}}, {"type": "Feature", "properties": {"cell_id": "891fb464063ffff"}, "geometry": {"type": "Point", "coordinates": [2.399839, 48.816238]}}, {"type": "Feature", "properties": {"cell_id": "891fb464067ffff"}, "geometry": {"type": "Point", "coordinates": [2.404156, 48.816412]}}, {"type": "Feature", "properties": {"cell_id": "891fb464073ffff"}, "geometry": {"type": "Point", "coordinates": [2.397184, 48.818801]}}, {"type": "Feature", "properties": {"cell_id": "891fb464077ffff"}, "geometry": {"type": "Point", "coordinates": [2.4015, 48.818975]}}, {"type": "Feature", "properties": {"cell_id": "891fb46407bffff"}, "geometry": {"type": "Point", "coordinates": [2.395523, 48.816064]}}, {"type": "Feature", "properties": {"cell_id": "891fb464083ffff"}, "geometry": {"type": "Point", "coordinates": [2.392536, 48.831968]}}, {"type": "Feature", "properties": {"cell_id": "891fb464087ffff"}, "geometry": {"type": "Point", "coordinates": [2.396853, 48.832142]}}, {"type": "Feature", "properties": {"cell_id": "891fb46408bffff"}, "geometry": {"type": "Point", "coordinates": [2.390875, 48.82923]}}, {"type": "Feature", "properties": {"cell_id": "891fb46408fffff"}, "geometry": {"type": "Point", "coordinates": [2.395192, 48.829404]}}, {"type": "Feature", "properties": {"cell_id": "891fb464093ffff"}, "geometry": {"type": "Point", "coordinates": [2.389879, 48.834531]}}, {"type": "Feature", "properties": {"cell_id": "891fb464097ffff"}, "geometry": {"type": "Point", "coordinates": [2.394197, 48.834705]}}, {"type": "Feature", "properties": {"cell_id": "891fb46409bffff"}, "geometry": {"type": "Point", "coordinates": [2.388218, 48.831794]}}, {"type": "Feature", "properties": {"cell_id": "891fb4640a3ffff"}, "geometry": {"type": "Point", "coordinates": [2.403827, 48.829752]}}, {"type": "Feature", "properties": {"cell_id": "891fb4640a7ffff"}, "geometry": {"type": "Point", "coordinates": [2.408144, 48.829925]}}, {"type": "Feature", "properties": {"cell_id": "891fb4640abffff"}, "geometry": {"type": "Point", "coordinates": [2.402166, 48.827014]}}, {"type": "Feature", "properties": {"cell_id": "891fb4640afffff"}, "geometry": {"type": "Point", "coordinates": [2.406483, 48.827188]}}, {"type": "Feature", "properties": {"cell_id": "891fb4640b3ffff"}, "geometry": {"type": "Point", "coordinates": [2.401171, 48.832315]}}, {"type": "Feature", "properties": {"cell_id": "891fb4640b7ffff"}, "geometry": {"type": "Point", "coordinates": [2.405488, 48.832489]}}, {"type": "Feature", "properties": {"cell_id": "891fb4640bbffff"}, "geometry": {"type": "Point", "coordinates": [2.39951, 48.829578]}}, {"type": "Feature", "properties": {"cell_id": "891fb4640c3ffff"}, "geometry": {"type": "Point", "coordinates": [2.384897, 48.826318]}}, {"type": "Feature", "properties": {"cell_id": "891fb4640c7ffff"}, "geometry": {"type": "Point", "coordinates": [2.389214, 48.826492]}}, {"type": "Feature", "properties": {"cell_id": "891fb4640cbffff"}, "geometry": {"type": "Point", "coordinates": [2.383237, 48.82358]}}, {"type": "Feature", "properties": {"cell_id": "891fb4640cfffff"}, "geometry": {"type": "Point", "coordinates": [2.387554, 48.823755]}}, {"type": "Feature", "properties": {"cell_id": "891fb4640d3ffff"}, "geometry": {"type": "Point", "coordinates": [2.38224, 48.828882]}}, {"type": "Feature", "properties": {"cell_id": "891fb4640d7ffff"}, "geometry": {"type": "Point", "coordinates": [2.386557, 48.829056]}}, {"type": "Feature", "properties": {"cell_id": "891fb4640dbffff"}, "geometry": {"type": "Point", "coordinates": [2.380579, 48.826144]}}, {"type": "Feature", "properties": {"cell_id": "891fb464103ffff"}, "geometry": {"type": "Point", "coordinates": [2.426403, 48.825316]}}, {"type": "Feature", "properties": {"cell_id": "891fb464107ffff"}, "geometry": {"type": "Point", "coordinates": [2.430718, 48.825489]}}, {"type": "Feature", "properties": {"cell_id": "891fb46410bffff"}, "geometry": {"type": "Point", "coordinates": [2.424741, 48.82258]}}, {"type": "Feature", "properties": {"cell_id": "891fb46410fffff"}, "geometry": {"type": "Point", "coordinates": [2.429057, 48.822752]}}, {"type": "Feature", "properties": {"cell_id": "891fb464113ffff"}, "geometry": {"type": "Point", "coordinates": [2.423748, 48.82788]}}, {"type": "Feature", "properties": {"cell_id": "891fb464117ffff"}, "geometry": {"type": "Point", "coordinates": [2.428064, 48.828053]}}, {"type": "Feature", "properties": {"cell_id": "891fb46411bffff"}, "geometry": {"type": "Point", "coordinates": [2.422087, 48.825144]}}, {"type": "Feature", "properties": {"cell_id": "891fb464123ffff"}, "geometry": {"type": "Point", "coordinates": [2.437687, 48.823098]}}, {"type": "Feature", "properties": {"cell_id": "891fb464127ffff"}, "geometry": {"type": "Point", "coordinates": [2.442002, 48.82327]}}, {"type": "Feature", "properties": {"cell_id": "891fb46412bffff"}, "geometry": {"type": "Point", "coordinates": [2.436026, 48.820361]}}, {"type": "Feature", "properties": {"cell_id": "891fb46412fffff"}, "geometry": {"type": "Point", "coordinates": [2.44034, 48.820533]}}, {"type": "Feature", "properties": {"cell_id": "891fb464133ffff"}, "geometry": {"type": "Point", "coordinates": [2.435034, 48.825662]}}, {"type": "Feature", "properties": {"cell_id": "891fb464137ffff"}, "geometry": {"type": "Point", "coordinates": [2.439349, 48.825834]}}, {"type": "Feature", "properties": {"cell_id": "891fb46413bffff"}, "geometry": {"type": "Point", "coordinates": [2.433372, 48.822925]}}, {"type": "Feature", "properties": {"cell_id": "891fb464143ffff"}, "geometry": {"type": "Point", "coordinates": [2.418764, 48.81967]}}, {"type": "Feature", "properties": {"cell_id": "891fb464147ffff"}, "geometry": {"type": "Point", "coordinates": [2.42308, 48.819843]}}, {"type": "Feature", "properties": {"cell_id": "891fb46414bffff"}, "geometry": {"type": "Point", "coordinates": [2.417103, 48.816932]}}, {"type": "Feature", "properties": {"cell_id": "891fb46414fffff"}, "geometry": {"type": "Point", "coordinates": [2.421418, 48.817106]}}, {"type": "Feature", "properties": {"cell_id": "891fb464153ffff"}, "geometry": {"type": "Point", "coordinates": [2.416109, 48.822233]}}, {"type": "Feature", "properties": {"cell_id": "891fb464157ffff"}, "geometry": {"type": "Point", "coordinates": [2.420425, 48.822407]}}, {"type": "Feature", "properties": {"cell_id": "891fb46415bffff"}, "geometry": {"type": "Point", "coordinates": [2.414448, 48.819496]}}, {"type": "Feature", "properties": {"cell_id": "891fb464163ffff"}, "geometry": {"type": "Point", "coordinates": [2.430049, 48.817452]}}, {"type": "Feature", "properties": {"cell_id": "891fb464167ffff"}, "geometry": {"type": "Point", "coordinates": [2.434364, 48.817624]}}, {"type": "Feature", "properties": {"cell_id": "891fb464173ffff"}, "geometry": {"type": "Point", "coordinates": [2.427395, 48.820016]}}, {"type": "Feature", "properties": {"cell_id": "891fb464177ffff"}, "geometry": {"type": "Point", "coordinates": [2.43171, 48.820188]}}, {"type": "Feature", "properties": {"cell_id": "891fb46417bffff"}, "geometry": {"type": "Point", "coordinates": [2.425734, 48.817279]}}, {"type": "Feature", "properties": {"cell_id": "891fb464183ffff"}, "geometry": {"type": "Point", "coordinates": [2.422755, 48.833181]}}, {"type": "Feature", "properties": {"cell_id": "891fb464187ffff"}, "geometry": {"type": "Point", "coordinates": [2.427071, 48.833354]}}, {"type": "Feature", "properties": {"cell_id": "891fb46418bffff"}, "geometry": {"type": "Point", "coordinates": [2.421093, 48.830444]}}, {"type": "Feature", "properties": {"cell_id": "891fb46418fffff"}, "geometry": {"type": "Point", "coordinates": [2.42541, 48.830617]}}, {"type": "Feature", "properties": {"cell_id": "891fb464193ffff"}, "geometry": {"type": "Point", "coordinates": [2.4201, 48.835745]}}, {"type": "Feature", "properties": {"cell_id": "891fb464197ffff"}, "geometry": {"type": "Point", "coordinates": [2.424417, 48.835918]}}, {"type": "Feature", "properties": {"cell_id": "891fb46419bffff"}, "geometry": {"type": "Point", "coordinates": [2.418438, 48.833008]}}, {"type": "Feature", "properties": {"cell_id": "891fb4641a3ffff"}, "geometry": {"type": "Point", "coordinates": [2.434042, 48.830962]}}, {"type": "Feature", "properties": {"cell_id": "891fb4641a7ffff"}, "geometry": {"type": "Point", "coordinates": [2.438358, 48.831134]}}, {"type": "Feature", "properties": {"cell_id": "891fb4641abffff"}, "geometry": {"type": "Point", "coordinates": [2.43238, 48.828226]}}, {"type": "Feature", "properties": {"cell_id": "891fb4641afffff"}, "geometry": {"type": "Point", "coordinates": [2.436696, 48.828398]}}, {"type": "Feature", "properties": {"cell_id": "891fb4641b3ffff"}, "geometry": {"type": "Point", "coordinates": [2.431388, 48.833526]}}, {"type": "Feature", "properties": {"cell_id": "891fb4641b7ffff"}, "geometry": {"type": "Point", "coordinates": [2.435704, 48.833698]}}, {"type": "Feature", "properties": {"cell_id": "891fb4641bbffff"}, "geometry": {"type": "Point", "coordinates": [2.429726, 48.83079]}}, {"type": "Feature", "properties": {"cell_id": "891fb4641c3ffff"}, "geometry": {"type": "Point", "coordinates": [2.415116, 48.827534]}}, {"type": "Feature", "properties": {"cell_id": "891fb4641c7ffff"}, "geometry": {"type": "Point", "coordinates": [2.419432, 48.827707]}}, {"type": "Feature", "properties": {"cell_id": "891fb4641cbffff"}, "geometry": {"type": "Point", "coordinates": [2.413454, 48.824797]}}, {"type": "Feature", "properties": {"cell_id": "891fb4641cfffff"}, "geometry": {"type": "Point", "coordinates": [2.417771, 48.824971]}}, {"type": "Feature", "properties": {"cell_id": "891fb4641d3ffff"}, "geometry": {"type": "Point", "coordinates": [2.41246, 48.830098]}}, {"type": "Feature", "properties": {"cell_id": "891fb4641d7ffff"}, "geometry": {"type": "Point", "coordinates": [2.416777, 48.830271]}}, {"type": "Feature", "properties": {"cell_id": "891fb4641dbffff"}, "geometry": {"type": "Point", "coordinates": [2.410799, 48.827361]}}, {"type": "Feature", "properties": {"cell_id": "891fb464293ffff"}, "geometry": {"type": "Point", "coordinates": [2.378257, 48.815366]}}, {"type": "Feature", "properties": {"cell_id": "891fb464297ffff"}, "geometry": {"type": "Point", "coordinates": [2.382573, 48.81554]}}, {"type": "Feature", "properties": {"cell_id": "891fb464393ffff"}, "geometry": {"type": "Point", "coordinates": [2.408472, 48.816585]}}, {"type": "Feature", "properties": {"cell_id": "891fb464397ffff"}, "geometry": {"type": "Point", "coordinates": [2.412787, 48.816759]}}, {"type": "Feature", "properties": {"cell_id": "891fb464403ffff"}, "geometry": {"type": "Point", "coordinates": [2.377587, 48.842048]}}, {"type": "Feature", "properties": {"cell_id": "891fb464407ffff"}, "geometry": {"type": "Point", "coordinates": [2.381906, 48.842222]}}, {"type": "Feature", "properties": {"cell_id": "891fb46440bffff"}, "geometry": {"type": "Point", "coordinates": [2.375927, 48.83931]}}, {"type": "Feature", "properties": {"cell_id": "891fb46440fffff"}, "geometry": {"type": "Point", "coordinates": [2.380245, 48.839484]}}, {"type": "Feature", "properties": {"cell_id": "891fb464413ffff"}, "geometry": {"type": "Point", "coordinates": [2.374929, 48.844611]}}, {"type": "Feature", "properties": {"cell_id": "891fb464417ffff"}, "geometry": {"type": "Point", "coordinates": [2.379248, 48.844785]}}, {"type": "Feature", "properties": {"cell_id": "891fb46441bffff"}, "geometry": {"type": "Point", "coordinates": [2.373268, 48.841873]}}, {"type": "Feature", "properties": {"cell_id": "891fb464423ffff"}, "geometry": {"type": "Point", "coordinates": [2.388882, 48.839832]}}, {"type": "Feature", "properties": {"cell_id": "891fb464427ffff"}, "geometry": {"type": "Point", "coordinates": [2.3932, 48.840006]}}, {"type": "Feature", "properties": {"cell_id": "891fb46442bffff"}, "geometry": {"type": "Point", "coordinates": [2.387221, 48.837095]}}, {"type": "Feature", "properties": {"cell_id": "891fb46442fffff"}, "geometry": {"type": "Point", "coordinates": [2.391539, 48.837269]}}, {"type": "Feature", "properties": {"cell_id": "891fb464433ffff"}, "geometry": {"type": "Point", "coordinates": [2.386225, 48.842396]}}, {"type": "Feature", "properties": {"cell_id": "891fb464437ffff"}, "geometry": {"type": "Point", "coordinates": [2.390543, 48.84257]}}, {"type": "Feature", "properties": {"cell_id": "891fb46443bffff"}, "geometry": {"type": "Point", "coordinates": [2.384564, 48.839658]}}, {"type": "Feature", "properties": {"cell_id": "891fb464443ffff"}, "geometry": {"type": "Point", "coordinates": [2.369947, 48.836397]}}, {"type": "Feature", "properties": {"cell_id": "891fb464447ffff"}, "geometry": {"type": "Point", "coordinates": [2.374266, 48.836572]}}, {"type": "Feature", "properties": {"cell_id": "891fb46444bffff"}, "geometry": {"type": "Point", "coordinates": [2.368287, 48.833659]}}, {"type": "Feature", "properties": {"cell_id": "891fb46444fffff"}, "geometry": {"type": "Point", "coordinates": [2.372606, 48.833834]}}, {"type": "Feature", "properties": {"cell_id": "891fb464453ffff"}, "geometry": {"type": "Point", "coordinates": [2.367289, 48.838961]}}, {"type": "Feature", "properties": {"cell_id": "891fb464457ffff"}, "geometry": {"type": "Point", "coordinates": [2.371608, 48.839135]}}, {"type": "Feature", "properties": {"cell_id": "891fb46445bffff"}, "geometry": {"type": "Point", "coordinates": [2.365628, 48.836223]}}, {"type": "Feature", "properties": {"cell_id": "891fb464463ffff"}, "geometry": {"type": "Point", "coordinates": [2.381243, 48.834183]}}, {"type": "Feature", "properties": {"cell_id": "891fb464467ffff"}, "geometry": {"type": "Point", "coordinates": [2.385561, 48.834357]}}, {"type": "Feature", "properties": {"cell_id": "891fb46446bffff"}, "geometry": {"type": "Point", "coordinates": [2.379582, 48.831445]}}, {"type": "Feature", "properties": {"cell_id": "891fb46446fffff"}, "geometry": {"type": "Point", "coordinates": [2.3839, 48.83162]}}, {"type": "Feature", "properties": {"cell_id": "891fb464473ffff"}, "geometry": {"type": "Point", "coordinates": [2.378585, 48.836747]}}, {"type": "Feature", "properties": {"cell_id": "891fb464477ffff"}, "geometry": {"type": "Point", "coordinates": [2.382903, 48.836921]}}, {"type": "Feature", "properties": {"cell_id": "891fb46447bffff"}, "geometry": {"type": "Point", "coordinates": [2.376924, 48.834009]}}, {"type": "Feature", "properties": {"cell_id": "891fb464483ffff"}, "geometry": {"type": "Point", "coordinates": [2.37393, 48.849912]}}, {"type": "Feature", "properties": {"cell_id": "891fb464487ffff"}, "geometry": {"type": "Point", "coordinates": [2.37825, 48.850086]}}, {"type": "Feature", "properties": {"cell_id": "891fb46448bffff"}, "geometry": {"type": "Point", "coordinates": [2.37227, 48.847174]}}, {"type": "Feature", "properties": {"cell_id": "891fb46448fffff"}, "geometry": {"type": "Point", "coordinates": [2.376589, 48.847349]}}, {"type": "Feature", "properties": {"cell_id": "891fb464493ffff"}, "geometry": {"type": "Point", "coordinates": [2.371271, 48.852475]}}, {"type": "Feature", "properties": {"cell_id": "891fb464497ffff"}, "geometry": {"type": "Point", "coordinates": [2.375591, 48.85265]}}, {"type": "Feature", "properties": {"cell_id": "891fb46449bffff"}, "geometry": {"type": "Point", "coordinates": [2.369611, 48.849738]}}, {"type": "Feature", "properties": {"cell_id": "891fb4644a3ffff"}, "geometry": {"type": "Point", "coordinates": [2.385228, 48.847697]}}, {"type": "Feature", "properties": {"cell_id": "891fb4644a7ffff"}, "geometry": {"type": "Point", "coordinates": [2.389547, 48.84787]}}, {"type": "Feature", "properties": {"cell_id": "891fb4644abffff"}, "geometry": {"type": "Point", "coordinates": [2.383567, 48.844959]}}, {"type": "Feature", "properties": {"cell_id": "891fb4644afffff"}, "geometry": {"type": "Point", "coordinates": [2.387886, 48.845133]}}, {"type": "Feature", "properties": {"cell_id": "891fb4644b3ffff"}, "geometry": {"type": "Point", "coordinates": [2.382569, 48.85026]}}, {"type": "Feature", "properties": {"cell_id": "891fb4644b7ffff"}, "geometry": {"type": "Point", "coordinates": [2.386889, 48.850434]}}, {"type": "Feature", "properties": {"cell_id": "891fb4644bbffff"}, "geometry": {"type": "Point", "coordinates": [2.380908, 48.847523]}}, {"type": "Feature", "properties": {"cell_id": "891fb4644c3ffff"}, "geometry": {"type": "Point", "coordinates": [2.36629, 48.844262]}}, {"type": "Feature", "properties": {"cell_id": "891fb4644c7ffff"}, "geometry": {"type": "Point", "coordinates": [2.370609, 48.844437]}}, {"type": "Feature", "properties": {"cell_id": "891fb4644cbffff"}, "geometry": {"type": "Point", "coordinates": [2.36463, 48.841524]}}, {"type": "Feature", "properties": {"cell_id": "891fb4644cfffff"}, "geometry": {"type": "Point", "coordinates": [2.368949, 48.841699]}}, {"type": "Feature", "properties": {"cell_id": "891fb4644d3ffff"}, "geometry": {"type": "Point", "coordinates": [2.36363, 48.846825]}}, {"type": "Feature", "properties": {"cell_id": "891fb4644d7ffff"}, "geometry": {"type": "Point", "coordinates": [2.36795, 48.847]}}, {"type": "Feature", "properties": {"cell_id": "891fb4644dbffff"}, "geometry": {"type": "Point", "coordinates": [2.36197, 48.844087]}}, {"type": "Feature", "properties": {"cell_id": "891fb464503ffff"}, "geometry": {"type": "Point", "coordinates": [2.407816, 48.843263]}}, {"type": "Feature", "properties": {"cell_id": "891fb464507ffff"}, "geometry": {"type": "Point", "coordinates": [2.412133, 48.843436]}}, {"type": "Feature", "properties": {"cell_id": "891fb46450bffff"}, "geometry": {"type": "Point", "coordinates": [2.406154, 48.840527]}}, {"type": "Feature", "properties": {"cell_id": "891fb46450fffff"}, "geometry": {"type": "Point", "coordinates": [2.410472, 48.8407]}}, {"type": "Feature", "properties": {"cell_id": "891fb464513ffff"}, "geometry": {"type": "Point", "coordinates": [2.405159, 48.845827]}}, {"type": "Feature", "properties": {"cell_id": "891fb464517ffff"}, "geometry": {"type": "Point", "coordinates": [2.409477, 48.846]}}, {"type": "Feature", "properties": {"cell_id": "891fb46451bffff"}, "geometry": {"type": "Point", "coordinates": [2.403498, 48.84309]}}, {"type": "Feature", "properties": {"cell_id": "891fb464523ffff"}, "geometry": {"type": "Point", "coordinates": [2.419106, 48.841045]}}, {"type": "Feature", "properties": {"cell_id": "891fb464527ffff"}, "geometry": {"type": "Point", "coordinates": [2.423424, 48.841218]}}, {"type": "Feature", "properties": {"cell_id": "891fb46452bffff"}, "geometry": {"type": "Point", "coordinates": [2.417445, 48.838309]}}, {"type": "Feature", "properties": {"cell_id": "891fb46452fffff"}, "geometry": {"type": "Point", "coordinates": [2.421762, 48.838482]}}, {"type": "Feature", "properties": {"cell_id": "891fb464533ffff"}, "geometry": {"type": "Point", "coordinates": [2.416451, 48.843609]}}, {"type": "Feature", "properties": {"cell_id": "891fb464537ffff"}, "geometry": {"type": "Point", "coordinates": [2.420768, 48.843782]}}, {"type": "Feature", "properties": {"cell_id": "891fb46453bffff"}, "geometry": {"type": "Point", "coordinates": [2.414789, 48.840873]}}, {"type": "Feature", "properties": {"cell_id": "891fb464543ffff"}, "geometry": {"type": "Point", "coordinates": [2.400175, 48.837616]}}, {"type": "Feature", "properties": {"cell_id": "891fb464547ffff"}, "geometry": {"type": "Point", "coordinates": [2.404493, 48.83779]}}, {"type": "Feature", "properties": {"cell_id": "891fb46454bffff"}, "geometry": {"type": "Point", "coordinates": [2.398514, 48.834879]}}, {"type": "Feature", "properties": {"cell_id": "891fb46454fffff"}, "geometry": {"type": "Point", "coordinates": [2.402832, 48.835052]}}, {"type": "Feature", "properties": {"cell_id": "891fb464553ffff"}, "geometry": {"type": "Point", "coordinates": [2.397519, 48.84018]}}, {"type": "Feature", "properties": {"cell_id": "891fb464557ffff"}, "geometry": {"type": "Point", "coordinates": [2.401836, 48.840353]}}, {"type": "Feature", "properties": {"cell_id": "891fb46455bffff"}, "geometry": {"type": "Point", "coordinates": [2.395857, 48.837443]}}, {"type": "Feature", "properties": {"cell_id": "891fb464563ffff"}, "geometry": {"type": "Point", "coordinates": [2.411466, 48.835399]}}, {"type": "Feature", "properties": {"cell_id": "891fb464567ffff"}, "geometry": {"type": "Point", "coordinates": [2.415783, 48.835572]}}, {"type": "Feature", "properties": {"cell_id": "891fb46456bffff"}, "geometry": {"type": "Point", "coordinates": [2.409805, 48.832662]}}, {"type": "Feature", "properties": {"cell_id": "891fb46456fffff"}, "geometry": {"type": "Point", "coordinates": [2.414122, 48.832835]}}, {"type": "Feature", "properties": {"cell_id": "891fb464573ffff"}, "geometry": {"type": "Point", "coordinates": [2.40881, 48.837963]}}, {"type": "Feature", "properties": {"cell_id": "891fb464577ffff"}, "geometry": {"type": "Point", "coordinates": [2.413128, 48.838136]}}, {"type": "Feature", "properties": {"cell_id": "891fb46457bffff"}, "geometry": {"type": "Point", "coordinates": [2.407149, 48.835226]}}, {"type": "Feature", "properties": {"cell_id": "891fb464583ffff"}, "geometry": {"type": "Point", "coordinates": [2.404164, 48.851127]}}, {"type": "Feature", "properties": {"cell_id": "891fb464587ffff"}, "geometry": {"type": "Point", "coordinates": [2.408482, 48.8513]}}, {"type": "Feature", "properties": {"cell_id": "891fb46458bffff"}, "geometry": {"type": "Point", "coordinates": [2.402502, 48.848391]}}, {"type": "Feature", "properties": {"cell_id": "891fb46458fffff"}, "geometry": {"type": "Point", "coordinates": [2.406821, 48.848564]}}, {"type": "Feature", "properties": {"cell_id": "891fb464593ffff"}, "geometry": {"type": "Point", "coordinates": [2.401507, 48.853691]}}, {"type": "Feature", "properties": {"cell_id": "891fb464597ffff"}, "geometry": {"type": "Point", "coordinates": [2.405826, 48.853864]}}, {"type": "Feature", "properties": {"cell_id": "891fb46459bffff"}, "geometry": {"type": "Point", "coordinates": [2.399845, 48.850954]}}, {"type": "Feature", "properties": {"cell_id": "891fb4645a3ffff"}, "geometry": {"type": "Point", "coordinates": [2.415457, 48.848909]}}, {"type": "Feature", "properties": {"cell_id": "891fb4645a7ffff"}, "geometry": {"type": "Point", "coordinates": [2.419775, 48.849082]}}, {"type": "Feature", "properties": {"cell_id": "891fb4645abffff"}, "geometry": {"type": "Point", "coordinates": [2.413795, 48.846173]}}, {"type": "Feature", "properties": {"cell_id": "891fb4645afffff"}, "geometry": {"type": "Point", "coordinates": [2.418113, 48.846346]}}, {"type": "Feature", "properties": {"cell_id": "891fb4645b3ffff"}, "geometry": {"type": "Point", "coordinates": [2.412801, 48.851473]}}, {"type": "Feature", "properties": {"cell_id": "891fb4645b7ffff"}, "geometry": {"type": "Point", "coordinates": [2.417119, 48.851646]}}, {"type": "Feature", "properties": {"cell_id": "891fb4645bbffff"}, "geometry": {"type": "Point", "coordinates": [2.411139, 48.848737]}}, {"type": "Feature", "properties": {"cell_id": "891fb4645c3ffff"}, "geometry": {"type": "Point", "coordinates": [2.396523, 48.84548]}}, {"type": "Feature", "properties": {"cell_id": "891fb4645c7ffff"}, "geometry": {"type": "Point", "coordinates": [2.400841, 48.845654]}}, {"type": "Feature", "properties": {"cell_id": "891fb4645cbffff"}, "geometry": {"type": "Point", "coordinates": [2.394861, 48.842743]}}, {"type": "Feature", "properties": {"cell_id": "891fb4645cfffff"}, "geometry": {"type": "Point", "coordinates": [2.39918, 48.842917]}}, {"type": "Feature", "properties": {"cell_id": "891fb4645d3ffff"}, "geometry": {"type": "Point", "coordinates": [2.393865, 48.848044]}}, {"type": "Feature", "properties": {"cell_id": "891fb4645d7ffff"}, "geometry": {"type": "Point", "coordinates": [2.398184, 48.848217]}}, {"type": "Feature", "properties": {"cell_id": "891fb4645dbffff"}, "geometry": {"type": "Point", "coordinates": [2.392204, 48.845307]}}, {"type": "Feature", "properties": {"cell_id": "891fb464603ffff"}, "geometry": {"type": "Point", "coordinates": [2.365966, 48.822881]}}, {"type": "Feature", "properties": {"cell_id": "891fb464607ffff"}, "geometry": {"type": "Point", "coordinates": [2.370284, 48.823056]}}, {"type": "Feature", "properties": {"cell_id": "891fb46460bffff"}, "geometry": {"type": "Point", "coordinates": [2.364306, 48.820142]}}, {"type": "Feature", "properties": {"cell_id": "891fb46460fffff"}, "geometry": {"type": "Point", "coordinates": [2.368624, 48.820318]}}, {"type": "Feature", "properties": {"cell_id": "891fb464613ffff"}, "geometry": {"type": "Point", "coordinates": [2.363307, 48.825444]}}, {"type": "Feature", "properties": {"cell_id": "891fb464617ffff"}, "geometry": {"type": "Point", "coordinates": [2.367626, 48.825619]}}, {"type": "Feature", "properties": {"cell_id": "891fb46461bffff"}, "geometry": {"type": "Point", "coordinates": [2.361648, 48.822706]}}, {"type": "Feature", "properties": {"cell_id": "891fb464623ffff"}, "geometry": {"type": "Point", "coordinates": [2.377259, 48.820668]}}, {"type": "Feature", "properties": {"cell_id": "891fb464627ffff"}, "geometry": {"type": "Point", "coordinates": [2.381577, 48.820842]}}, {"type": "Feature", "properties": {"cell_id": "891fb46462bffff"}, "geometry": {"type": "Point", "coordinates": [2.375599, 48.817929]}}, {"type": "Feature", "properties": {"cell_id": "891fb46462fffff"}, "geometry": {"type": "Point", "coordinates": [2.379916, 48.818104]}}, {"type": "Feature", "properties": {"cell_id": "891fb464633ffff"}, "geometry": {"type": "Point", "coordinates": [2.374602, 48.823231]}}, {"type": "Feature", "properties": {"cell_id": "891fb464637ffff"}, "geometry": {"type": "Point", "coordinates": [2.378919, 48.823406]}}, {"type": "Feature", "properties": {"cell_id": "891fb46463bffff"}, "geometry": {"type": "Point", "coordinates": [2.372942, 48.820493]}}, {"type": "Feature", "properties": {"cell_id": "891fb464643ffff"}, "geometry": {"type": "Point", "coordinates": [2.358329, 48.817228]}}, {"type": "Feature", "properties": {"cell_id": "891fb464647ffff"}, "geometry": {"type": "Point", "coordinates": [2.362647, 48.817404]}}, {"type": "Feature", "properties": {"cell_id": "891fb464653ffff"}, "geometry": {"type": "Point", "coordinates": [2.35567, 48.819792]}}, {"type": "Feature", "properties": {"cell_id": "891fb464657ffff"}, "geometry": {"type": "Point", "coordinates": [2.359988, 48.819967]}}, {"type": "Feature", "properties": {"cell_id": "891fb46465bffff"}, "geometry": {"type": "Point", "coordinates": [2.354011, 48.817053]}}, {"type": "Feature", "properties": {"cell_id": "891fb464663ffff"}, "geometry": {"type": "Point", "coordinates": [2.369622, 48.815016]}}, {"type": "Feature", "properties": {"cell_id": "891fb464667ffff"}, "geometry": {"type": "Point", "coordinates": [2.373939, 48.815191]}}, {"type": "Feature", "properties": {"cell_id": "891fb464673ffff"}, "geometry": {"type": "Point", "coordinates": [2.366964, 48.817579]}}, {"type": "Feature", "properties": {"cell_id": "891fb464677ffff"}, "geometry": {"type": "Point", "coordinates": [2.371282, 48.817754]}}, {"type": "Feature", "properties": {"cell_id": "891fb464683ffff"}, "geometry": {"type": "Point", "coordinates": [2.362309, 48.830746]}}, {"type": "Feature", "properties": {"cell_id": "891fb464687ffff"}, "geometry": {"type": "Point", "coordinates": [2.366627, 48.830921]}}, {"type": "Feature", "properties": {"cell_id": "891fb46468bffff"}, "geometry": {"type": "Point", "coordinates": [2.360649, 48.828008]}}, {"type": "Feature", "properties": {"cell_id": "891fb46468fffff"}, "geometry": {"type": "Point", "coordinates": [2.364967, 48.828183]}}, {"type": "Feature", "properties": {"cell_id": "891fb464693ffff"}, "geometry": {"type": "Point", "coordinates": [2.359649, 48.833309]}}, {"type": "Feature", "properties": {"cell_id": "891fb464697ffff"}, "geometry": {"type": "Point", "coordinates": [2.363968, 48.833485]}}, {"type": "Feature", "properties": {"cell_id": "891fb46469bffff"}, "geometry": {"type": "Point", "coordinates": [2.35799, 48.830571]}}, {"type": "Feature", "properties": {"cell_id": "891fb4646a3ffff"}, "geometry": {"type": "Point", "coordinates": [2.373604, 48.828533]}}, {"type": "Feature", "properties": {"cell_id": "891fb4646a7ffff"}, "geometry": {"type": "Point", "coordinates": [2.377922, 48.828707]}}, {"type": "Feature", "properties": {"cell_id": "891fb4646abffff"}, "geometry": {"type": "Point", "coordinates": [2.371944, 48.825794]}}, {"type": "Feature", "properties": {"cell_id": "891fb4646afffff"}, "geometry": {"type": "Point", "coordinates": [2.376262, 48.825969]}}, {"type": "Feature", "properties": {"cell_id": "891fb4646b3ffff"}, "geometry": {"type": "Point", "coordinates": [2.370946, 48.831096]}}, {"type": "Feature", "properties": {"cell_id": "891fb4646b7ffff"}, "geometry": {"type": "Point", "coordinates": [2.375264, 48.831271]}}, {"type": "Feature", "properties": {"cell_id": "891fb4646bbffff"}, "geometry": {"type": "Point", "coordinates": [2.369286, 48.828358]}}, {"type": "Feature", "properties": {"cell_id": "891fb4646c3ffff"}, "geometry": {"type": "Point", "coordinates": [2.354671, 48.825094]}}, {"type": "Feature", "properties": {"cell_id": "891fb4646c7ffff"}, "geometry": {"type": "Point", "coordinates": [2.358989, 48.825269]}}, {"type": "Feature", "properties": {"cell_id": "891fb4646cbffff"}, "geometry": {"type": "Point", "coordinates": [2.353011, 48.822355]}}, {"type": "Feature", "properties": {"cell_id": "891fb4646cfffff"}, "geometry": {"type": "Point", "coordinates": [2.35733, 48.82253]}}, {"type": "Feature", "properties": {"cell_id": "891fb4646d3ffff"}, "geometry": {"type": "Point", "coordinates": [2.352011, 48.827657]}}, {"type": "Feature", "properties": {"cell_id": "891fb4646d7ffff"}, "geometry": {"type": "Point", "coordinates": [2.35633, 48.827832]}}, {"type": "Feature", "properties": {"cell_id": "891fb4646dbffff"}, "geometry": {"type": "Point", "coordinates": [2.350352, 48.824918]}}, {"type": "Feature", "properties": {"cell_id": "891fb464c03ffff"}, "geometry": {"type": "Point", "coordinates": [2.456609, 48.826522]}}, {"type": "Feature", "properties": {"cell_id": "891fb464c0bffff"}, "geometry": {"type": "Point", "coordinates": [2.454947, 48.823786]}}, {"type": "Feature", "properties": {"cell_id": "891fb464c0fffff"}, "geometry": {"type": "Point", "coordinates": [2.459261, 48.823957]}}, {"type": "Feature", "properties": {"cell_id": "891fb464c13ffff"}, "geometry": {"type": "Point", "coordinates": [2.453957, 48.829086]}}, {"type": "Feature", "properties": {"cell_id": "891fb464c17ffff"}, "geometry": {"type": "Point", "coordinates": [2.458272, 48.829258]}}, {"type": "Feature", "properties": {"cell_id": "891fb464c1bffff"}, "geometry": {"type": "Point", "coordinates": [2.452294, 48.82635]}}, {"type": "Feature", "properties": {"cell_id": "891fb464c43ffff"}, "geometry": {"type": "Point", "coordinates": [2.44897, 48.820878]}}, {"type": "Feature", "properties": {"cell_id": "891fb464c47ffff"}, "geometry": {"type": "Point", "coordinates": [2.453284, 48.82105]}}, {"type": "Feature", "properties": {"cell_id": "891fb464c4bffff"}, "geometry": {"type": "Point", "coordinates": [2.447308, 48.818141]}}, {"type": "Feature", "properties": {"cell_id": "891fb464c4fffff"}, "geometry": {"type": "Point", "coordinates": [2.451622, 48.818314]}}, {"type": "Feature", "properties": {"cell_id": "891fb464c53ffff"}, "geometry": {"type": "Point", "coordinates": [2.446317, 48.823442]}}, {"type": "Feature", "properties": {"cell_id": "891fb464c57ffff"}, "geometry": {"type": "Point", "coordinates": [2.450632, 48.823614]}}, {"type": "Feature", "properties": {"cell_id": "891fb464c5bffff"}, "geometry": {"type": "Point", "coordinates": [2.444655, 48.820706]}}, {"type": "Feature", "properties": {"cell_id": "891fb464c6bffff"}, "geometry": {"type": "Point", "coordinates": [2.458588, 48.815921]}}, {"type": "Feature", "properties": {"cell_id": "891fb464c73ffff"}, "geometry": {"type": "Point", "coordinates": [2.457599, 48.821221]}}, {"type": "Feature", "properties": {"cell_id": "891fb464c7bffff"}, "geometry": {"type": "Point", "coordinates": [2.455936, 48.818485]}}, {"type": "Feature", "properties": {"cell_id": "891fb464c83ffff"}, "geometry": {"type": "Point", "coordinates": [2.452967, 48.834386]}}, {"type": "Feature", "properties": {"cell_id": "891fb464c87ffff"}, "geometry": {"type": "Point", "coordinates": [2.457282, 48.834558]}}, {"type": "Feature", "properties": {"cell_id": "891fb464c8bffff"}, "geometry": {"type": "Point", "coordinates": [2.451304, 48.83165]}}, {"type": "Feature", "properties": {"cell_id": "891fb464c8fffff"}, "geometry": {"type": "Point", "coordinates": [2.455619, 48.831822]}}, {"type": "Feature", "properties": {"cell_id": "891fb464c93ffff"}, "geometry": {"type": "Point", "coordinates": [2.450314, 48.83695]}}, {"type": "Feature", "properties": {"cell_id": "891fb464c97ffff"}, "geometry": {"type": "Point", "coordinates": [2.454629, 48.837122]}}, {"type": "Feature", "properties": {"cell_id": "891fb464c9bffff"}, "geometry": {"type": "Point", "coordinates": [2.448651, 48.834214]}}, {"type": "Feature", "properties": {"cell_id": "891fb464cbbffff"}, "geometry": {"type": "Point", "coordinates": [2.459934, 48.831993]}}, {"type": "Feature", "properties": {"cell_id": "891fb464cc3ffff"}, "geometry": {"type": "Point", "coordinates": [2.445326, 48.828742]}}, {"type": "Feature", "properties": {"cell_id": "891fb464cc7ffff"}, "geometry": {"type": "Point", "coordinates": [2.449642, 48.828914]}}, {"type": "Feature", "properties": {"cell_id": "891fb464ccbffff"}, "geometry": {"type": "Point", "coordinates": [2.443664, 48.826006]}}, {"type": "Feature", "properties": {"cell_id": "891fb464ccfffff"}, "geometry": {"type": "Point", "coordinates": [2.447979, 48.826178]}}, {"type": "Feature", "properties": {"cell_id": "891fb464cd3ffff"}, "geometry": {"type": "Point", "coordinates": [2.442673, 48.831307]}}, {"type": "Feature", "properties": {"cell_id": "891fb464cd7ffff"}, "geometry": {"type": "Point", "coordinates": [2.446989, 48.831478]}}, {"type": "Feature", "properties": {"cell_id": "891fb464cdbffff"}, "geometry": {"type": "Point", "coordinates": [2.441011, 48.82857]}}, {"type": "Feature", "properties": {"cell_id": "891fb464e83ffff"}, "geometry": {"type": "Point", "coordinates": [2.441332, 48.815233]}}, {"type": "Feature", "properties": {"cell_id": "891fb464e87ffff"}, "geometry": {"type": "Point", "coordinates": [2.445646, 48.815405]}}, {"type": "Feature", "properties": {"cell_id": "891fb464e93ffff"}, "geometry": {"type": "Point", "coordinates": [2.438679, 48.817797]}}, {"type": "Feature", "properties": {"cell_id": "891fb464e97ffff"}, "geometry": {"type": "Point", "coordinates": [2.442993, 48.817969]}}, {"type": "Feature", "properties": {"cell_id": "891fb464e9bffff"}, "geometry": {"type": "Point", "coordinates": [2.437017, 48.81506]}}, {"type": "Feature", "properties": {"cell_id": "891fb464eb3ffff"}, "geometry": {"type": "Point", "coordinates": [2.44996, 48.815577]}}, {"type": "Feature", "properties": {"cell_id": "891fb464eb7ffff"}, "geometry": {"type": "Point", "coordinates": [2.454274, 48.815749]}}, {"type": "Feature", "properties": {"cell_id": "891fb466003ffff"}, "geometry": {"type": "Point", "coordinates": [2.370598, 48.879152]}}, {"type": "Feature", "properties": {"cell_id": "891fb466007ffff"}, "geometry": {"type": "Point", "coordinates": [2.37492, 48.879325]}}, {"type": "Feature", "properties": {"cell_id": "891fb46600bffff"}, "geometry": {"type": "Point", "coordinates": [2.368937, 48.876415]}}, {"type": "Feature", "properties": {"cell_id": "891fb46600fffff"}, "geometry": {"type": "Point", "coordinates": [2.373259, 48.876588]}}, {"type": "Feature", "properties": {"cell_id": "891fb466013ffff"}, "geometry": {"type": "Point", "coordinates": [2.367938, 48.881715]}}, {"type": "Feature", "properties": {"cell_id": "891fb466017ffff"}, "geometry": {"type": "Point", "coordinates": [2.37226, 48.881888]}}, {"type": "Feature", "properties": {"cell_id": "891fb46601bffff"}, "geometry": {"type": "Point", "coordinates": [2.366276, 48.878978]}}, {"type": "Feature", "properties": {"cell_id": "891fb466023ffff"}, "geometry": {"type": "Point", "coordinates": [2.381901, 48.876935]}}, {"type": "Feature", "properties": {"cell_id": "891fb466027ffff"}, "geometry": {"type": "Point", "coordinates": [2.386223, 48.877109]}}, {"type": "Feature", "properties": {"cell_id": "891fb46602bffff"}, "geometry": {"type": "Point", "coordinates": [2.38024, 48.874199]}}, {"type": "Feature", "properties": {"cell_id": "891fb46602fffff"}, "geometry": {"type": "Point", "coordinates": [2.384561, 48.874372]}}, {"type": "Feature", "properties": {"cell_id": "891fb466033ffff"}, "geometry": {"type": "Point", "coordinates": [2.379242, 48.879499]}}, {"type": "Feature", "properties": {"cell_id": "891fb466037ffff"}, "geometry": {"type": "Point", "coordinates": [2.383563, 48.879672]}}, {"type": "Feature", "properties": {"cell_id": "891fb46603bffff"}, "geometry": {"type": "Point", "coordinates": [2.37758, 48.876762]}}, {"type": "Feature", "properties": {"cell_id": "891fb466043ffff"}, "geometry": {"type": "Point", "coordinates": [2.362954, 48.873504]}}, {"type": "Feature", "properties": {"cell_id": "891fb466047ffff"}, "geometry": {"type": "Point", "coordinates": [2.367276, 48.873678]}}, {"type": "Feature", "properties": {"cell_id": "891fb46604bffff"}, "geometry": {"type": "Point", "coordinates": [2.361293, 48.870766]}}, {"type": "Feature", "properties": {"cell_id": "891fb46604fffff"}, "geometry": {"type": "Point", "coordinates": [2.365615, 48.87094]}}, {"type": "Feature", "properties": {"cell_id": "891fb466053ffff"}, "geometry": {"type": "Point", "coordinates": [2.360293, 48.876067]}}, {"type": "Feature", "properties": {"cell_id": "891fb466057ffff"}, "geometry": {"type": "Point", "coordinates": [2.364615, 48.876241]}}, {"type": "Feature", "properties": {"cell_id": "891fb46605bffff"}, "geometry": {"type": "Point", "coordinates": [2.358632, 48.873329]}}, {"type": "Feature", "properties": {"cell_id": "891fb466063ffff"}, "geometry": {"type": "Point", "coordinates": [2.374257, 48.871288]}}, {"type": "Feature", "properties": {"cell_id": "891fb466067ffff"}, "geometry": {"type": "Point", "coordinates": [2.378578, 48.871462]}}, {"type": "Feature", "properties": {"cell_id": "891fb46606bffff"}, "geometry": {"type": "Point", "coordinates": [2.372596, 48.868551]}}, {"type": "Feature", "properties": {"cell_id": "891fb46606fffff"}, "geometry": {"type": "Point", "coordinates": [2.376917, 48.868725]}}, {"type": "Feature", "properties": {"cell_id": "891fb466073ffff"}, "geometry": {"type": "Point", "coordinates": [2.371597, 48.873852]}}, {"type": "Feature", "properties": {"cell_id": "891fb466077ffff"}, "geometry": {"type": "Point", "coordinates": [2.375919, 48.874025]}}, {"type": "Feature", "properties": {"cell_id": "891fb46607bffff"}, "geometry": {"type": "Point", "coordinates": [2.369936, 48.871114]}}, {"type": "Feature", "properties": {"cell_id": "891fb466083ffff"}, "geometry": {"type": "Point", "coordinates": [2.366938, 48.887015]}}, {"type": "Feature", "properties": {"cell_id": "891fb466087ffff"}, "geometry": {"type": "Point", "coordinates": [2.371261, 48.887188]}}, {"type": "Feature", "properties": {"cell_id": "891fb46608bffff"}, "geometry": {"type": "Point", "coordinates": [2.365277, 48.884278]}}, {"type": "Feature", "properties": {"cell_id": "891fb46608fffff"}, "geometry": {"type": "Point", "coordinates": [2.369599, 48.884452]}}, {"type": "Feature", "properties": {"cell_id": "891fb466093ffff"}, "geometry": {"type": "Point", "coordinates": [2.364277, 48.889578]}}, {"type": "Feature", "properties": {"cell_id": "891fb466097ffff"}, "geometry": {"type": "Point", "coordinates": [2.3686, 48.889751]}}, {"type": "Feature", "properties": {"cell_id": "891fb46609bffff"}, "geometry": {"type": "Point", "coordinates": [2.362616, 48.886841]}}, {"type": "Feature", "properties": {"cell_id": "891fb4660a3ffff"}, "geometry": {"type": "Point", "coordinates": [2.378243, 48.884798]}}, {"type": "Feature", "properties": {"cell_id": "891fb4660a7ffff"}, "geometry": {"type": "Point", "coordinates": [2.382565, 48.884972]}}, {"type": "Feature", "properties": {"cell_id": "891fb4660abffff"}, "geometry": {"type": "Point", "coordinates": [2.376582, 48.882062]}}, {"type": "Feature", "properties": {"cell_id": "891fb4660afffff"}, "geometry": {"type": "Point", "coordinates": [2.380904, 48.882235]}}, {"type": "Feature", "properties": {"cell_id": "891fb4660b3ffff"}, "geometry": {"type": "Point", "coordinates": [2.375583, 48.887362]}}, {"type": "Feature", "properties": {"cell_id": "891fb4660b7ffff"}, "geometry": {"type": "Point", "coordinates": [2.379905, 48.887535]}}, {"type": "Feature", "properties": {"cell_id": "891fb4660bbffff"}, "geometry": {"type": "Point", "coordinates": [2.373921, 48.884625]}}, {"type": "Feature", "properties": {"cell_id": "891fb4660c3ffff"}, "geometry": {"type": "Point", "coordinates": [2.359293, 48.881367]}}, {"type": "Feature", "properties": {"cell_id": "891fb4660c7ffff"}, "geometry": {"type": "Point", "coordinates": [2.363616, 48.881541]}}, {"type": "Feature", "properties": {"cell_id": "891fb4660cbffff"}, "geometry": {"type": "Point", "coordinates": [2.357632, 48.87863]}}, {"type": "Feature", "properties": {"cell_id": "891fb4660cfffff"}, "geometry": {"type": "Point", "coordinates": [2.361954, 48.878804]}}, {"type": "Feature", "properties": {"cell_id": "891fb4660d3ffff"}, "geometry": {"type": "Point", "coordinates": [2.356632, 48.88393]}}, {"type": "Feature", "properties": {"cell_id": "891fb4660d7ffff"}, "geometry": {"type": "Point", "coordinates": [2.360954, 48.884104]}}, {"type": "Feature", "properties": {"cell_id": "891fb4660dbffff"}, "geometry": {"type": "Point", "coordinates": [2.354971, 48.881193]}}, {"type": "Feature", "properties": {"cell_id": "891fb466103ffff"}, "geometry": {"type": "Point", "coordinates": [2.400847, 48.880363]}}, {"type": "Feature", "properties": {"cell_id": "891fb466107ffff"}, "geometry": {"type": "Point", "coordinates": [2.405168, 48.880536]}}, {"type": "Feature", "properties": {"cell_id": "891fb46610bffff"}, "geometry": {"type": "Point", "coordinates": [2.399185, 48.877627]}}, {"type": "Feature", "properties": {"cell_id": "891fb46610fffff"}, "geometry": {"type": "Point", "coordinates": [2.403506, 48.8778]}}, {"type": "Feature", "properties": {"cell_id": "891fb466113ffff"}, "geometry": {"type": "Point", "coordinates": [2.398189, 48.882927]}}, {"type": "Feature", "properties": {"cell_id": "891fb466117ffff"}, "geometry": {"type": "Point", "coordinates": [2.40251, 48.883099]}}, {"type": "Feature", "properties": {"cell_id": "891fb46611bffff"}, "geometry": {"type": "Point", "coordinates": [2.396527, 48.880191]}}, {"type": "Feature", "properties": {"cell_id": "891fb466123ffff"}, "geometry": {"type": "Point", "coordinates": [2.412146, 48.878144]}}, {"type": "Feature", "properties": {"cell_id": "891fb466127ffff"}, "geometry": {"type": "Point", "coordinates": [2.416466, 48.878316]}}, {"type": "Feature", "properties": {"cell_id": "891fb46612bffff"}, "geometry": {"type": "Point", "coordinates": [2.410484, 48.875409]}}, {"type": "Feature", "properties": {"cell_id": "891fb46612fffff"}, "geometry": {"type": "Point", "coordinates": [2.414804, 48.875581]}}, {"type": "Feature", "properties": {"cell_id": "891fb466133ffff"}, "geometry": {"type": "Point", "coordinates": [2.409489, 48.880708]}}, {"type": "Feature", "properties": {"cell_id": "891fb466137ffff"}, "geometry": {"type": "Point", "coordinates": [2.413809, 48.88088]}}, {"type": "Feature", "properties": {"cell_id": "891fb46613bffff"}, "geometry": {"type": "Point", "coordinates": [2.407826, 48.877972]}}, {"type": "Feature", "properties": {"cell_id": "891fb466143ffff"}, "geometry": {"type": "Point", "coordinates": [2.393203, 48.874718]}}, {"type": "Feature", "properties": {"cell_id": "891fb466147ffff"}, "geometry": {"type": "Point", "coordinates": [2.397523, 48.874891]}}, {"type": "Feature", "properties": {"cell_id": "891fb46614bffff"}, "geometry": {"type": "Point", "coordinates": [2.391541, 48.871982]}}, {"type": "Feature", "properties": {"cell_id": "891fb46614fffff"}, "geometry": {"type": "Point", "coordinates": [2.395861, 48.872155]}}, {"type": "Feature", "properties": {"cell_id": "891fb466153ffff"}, "geometry": {"type": "Point", "coordinates": [2.390544, 48.877282]}}, {"type": "Feature", "properties": {"cell_id": "891fb466157ffff"}, "geometry": {"type": "Point", "coordinates": [2.394865, 48.877455]}}, {"type": "Feature", "properties": {"cell_id": "891fb46615bffff"}, "geometry": {"type": "Point", "coordinates": [2.388882, 48.874545]}}, {"type": "Feature", "properties": {"cell_id": "891fb466163ffff"}, "geometry": {"type": "Point", "coordinates": [2.404501, 48.8725]}}, {"type": "Feature", "properties": {"cell_id": "891fb466167ffff"}, "geometry": {"type": "Point", "coordinates": [2.408821, 48.872673]}}, {"type": "Feature", "properties": {"cell_id": "891fb46616bffff"}, "geometry": {"type": "Point", "coordinates": [2.402839, 48.869764]}}, {"type": "Feature", "properties": {"cell_id": "891fb46616fffff"}, "geometry": {"type": "Point", "coordinates": [2.407159, 48.869937]}}, {"type": "Feature", "properties": {"cell_id": "891fb466173ffff"}, "geometry": {"type": "Point", "coordinates": [2.401843, 48.875064]}}, {"type": "Feature", "properties": {"cell_id": "891fb466177ffff"}, "geometry": {"type": "Point", "coordinates": [2.406164, 48.875236]}}, {"type": "Feature", "properties": {"cell_id": "891fb46617bffff"}, "geometry": {"type": "Point", "coordinates": [2.400181, 48.872328]}}, {"type": "Feature", "properties": {"cell_id": "891fb466183ffff"}, "geometry": {"type": "Point", "coordinates": [2.397192, 48.888226]}}, {"type": "Feature", "properties": {"cell_id": "891fb466187ffff"}, "geometry": {"type": "Point", "coordinates": [2.401514, 48.888399]}}, {"type": "Feature", "properties": {"cell_id": "891fb46618bffff"}, "geometry": {"type": "Point", "coordinates": [2.39553, 48.88549]}}, {"type": "Feature", "properties": {"cell_id": "891fb46618fffff"}, "geometry": {"type": "Point", "coordinates": [2.399851, 48.885663]}}, {"type": "Feature", "properties": {"cell_id": "891fb466193ffff"}, "geometry": {"type": "Point", "coordinates": [2.394533, 48.89079]}}, {"type": "Feature", "properties": {"cell_id": "891fb466197ffff"}, "geometry": {"type": "Point", "coordinates": [2.398855, 48.890962]}}, {"type": "Feature", "properties": {"cell_id": "891fb46619bffff"}, "geometry": {"type": "Point", "coordinates": [2.392871, 48.888054]}}, {"type": "Feature", "properties": {"cell_id": "891fb4661a3ffff"}, "geometry": {"type": "Point", "coordinates": [2.408493, 48.886007]}}, {"type": "Feature", "properties": {"cell_id": "891fb4661a7ffff"}, "geometry": {"type": "Point", "coordinates": [2.412814, 48.886179]}}, {"type": "Feature", "properties": {"cell_id": "891fb4661abffff"}, "geometry": {"type": "Point", "coordinates": [2.406831, 48.883272]}}, {"type": "Feature", "properties": {"cell_id": "891fb4661afffff"}, "geometry": {"type": "Point", "coordinates": [2.411151, 48.883444]}}, {"type": "Feature", "properties": {"cell_id": "891fb4661b3ffff"}, "geometry": {"type": "Point", "coordinates": [2.405835, 48.888571]}}, {"type": "Feature", "properties": {"cell_id": "891fb4661b7ffff"}, "geometry": {"type": "Point", "coordinates": [2.410156, 48.888743]}}, {"type": "Feature", "properties": {"cell_id": "891fb4661bbffff"}, "geometry": {"type": "Point", "coordinates": [2.404172, 48.885835]}}, {"type": "Feature", "properties": {"cell_id": "891fb4661c3ffff"}, "geometry": {"type": "Point", "coordinates": [2.389547, 48.882581]}}, {"type": "Feature", "properties": {"cell_id": "891fb4661c7ffff"}, "geometry": {"type": "Point", "coordinates": [2.393868, 48.882754]}}, {"type": "Feature", "properties": {"cell_id": "891fb4661cbffff"}, "geometry": {"type": "Point", "coordinates": [2.387885, 48.879845]}}, {"type": "Feature", "properties": {"cell_id": "891fb4661cfffff"}, "geometry": {"type": "Point", "coordinates": [2.392206, 48.880018]}}, {"type": "Feature", "properties": {"cell_id": "891fb4661d3ffff"}, "geometry": {"type": "Point", "coordinates": [2.386887, 48.885145]}}, {"type": "Feature", "properties": {"cell_id": "891fb4661d7ffff"}, "geometry": {"type": "Point", "coordinates": [2.391209, 48.885318]}}, {"type": "Feature", "properties": {"cell_id": "891fb4661dbffff"}, "geometry": {"type": "Point", "coordinates": [2.385225, 48.882408]}}, {"type": "Feature", "properties": {"cell_id": "891fb466203ffff"}, "geometry": {"type": "Point", "coordinates": [2.358971, 48.859991]}}, {"type": "Feature", "properties": {"cell_id": "891fb466207ffff"}, "geometry": {"type": "Point", "coordinates": [2.363292, 48.860165]}}, {"type": "Feature", "properties": {"cell_id": "891fb46620bffff"}, "geometry": {"type": "Point", "coordinates": [2.357311, 48.857253]}}, {"type": "Feature", "properties": {"cell_id": "891fb46620fffff"}, "geometry": {"type": "Point", "coordinates": [2.361632, 48.857427]}}, {"type": "Feature", "properties": {"cell_id": "891fb466213ffff"}, "geometry": {"type": "Point", "coordinates": [2.356311, 48.862554]}}, {"type": "Feature", "properties": {"cell_id": "891fb466217ffff"}, "geometry": {"type": "Point", "coordinates": [2.360632, 48.862728]}}, {"type": "Feature", "properties": {"cell_id": "891fb46621bffff"}, "geometry": {"type": "Point", "coordinates": [2.35465, 48.859816]}}, {"type": "Feature", "properties": {"cell_id": "891fb466223ffff"}, "geometry": {"type": "Point", "coordinates": [2.370273, 48.857776]}}, {"type": "Feature", "properties": {"cell_id": "891fb466227ffff"}, "geometry": {"type": "Point", "coordinates": [2.374593, 48.85795]}}, {"type": "Feature", "properties": {"cell_id": "891fb46622bffff"}, "geometry": {"type": "Point", "coordinates": [2.368612, 48.855039]}}, {"type": "Feature", "properties": {"cell_id": "891fb46622fffff"}, "geometry": {"type": "Point", "coordinates": [2.372932, 48.855213]}}, {"type": "Feature", "properties": {"cell_id": "891fb466233ffff"}, "geometry": {"type": "Point", "coordinates": [2.367613, 48.860339]}}, {"type": "Feature", "properties": {"cell_id": "891fb466237ffff"}, "geometry": {"type": "Point", "coordinates": [2.371934, 48.860514]}}, {"type": "Feature", "properties": {"cell_id": "891fb46623bffff"}, "geometry": {"type": "Point", "coordinates": [2.365952, 48.857602]}}, {"type": "Feature", "properties": {"cell_id": "891fb466243ffff"}, "geometry": {"type": "Point", "coordinates": [2.35133, 48.85434]}}, {"type": "Feature", "properties": {"cell_id": "891fb466247ffff"}, "geometry": {"type": "Point", "coordinates": [2.355651, 48.854515]}}, {"type": "Feature", "properties": {"cell_id": "891fb46624bffff"}, "geometry": {"type": "Point", "coordinates": [2.34967, 48.851602]}}, {"type": "Feature", "properties": {"cell_id": "891fb46624fffff"}, "geometry": {"type": "Point", "coordinates": [2.35399, 48.851777]}}, {"type": "Feature", "properties": {"cell_id": "891fb466253ffff"}, "geometry": {"type": "Point", "coordinates": [2.348669, 48.856903]}}, {"type": "Feature", "properties": {"cell_id": "891fb466257ffff"}, "geometry": {"type": "Point", "coordinates": [2.35299, 48.857078]}}, {"type": "Feature", "properties": {"cell_id": "891fb46625bffff"}, "geometry": {"type": "Point", "coordinates": [2.347009, 48.854165]}}, {"type": "Feature", "properties": {"cell_id": "891fb466263ffff"}, "geometry": {"type": "Point", "coordinates": [2.362631, 48.852126]}}, {"type": "Feature", "properties": {"cell_id": "891fb466267ffff"}, "geometry": {"type": "Point", "coordinates": [2.366951, 48.852301]}}, {"type": "Feature", "properties": {"cell_id": "891fb46626bffff"}, "geometry": {"type": "Point", "coordinates": [2.360971, 48.849389]}}, {"type": "Feature", "properties": {"cell_id": "891fb46626fffff"}, "geometry": {"type": "Point", "coordinates": [2.365291, 48.849563]}}, {"type": "Feature", "properties": {"cell_id": "891fb466273ffff"}, "geometry": {"type": "Point", "coordinates": [2.359971, 48.85469]}}, {"type": "Feature", "properties": {"cell_id": "891fb466277ffff"}, "geometry": {"type": "Point", "coordinates": [2.364292, 48.854864]}}, {"type": "Feature", "properties": {"cell_id": "891fb46627bffff"}, "geometry": {"type": "Point", "coordinates": [2.358311, 48.851952]}}, {"type": "Feature", "properties": {"cell_id": "891fb466283ffff"}, "geometry": {"type": "Point", "coordinates": [2.355311, 48.867854]}}, {"type": "Feature", "properties": {"cell_id": "891fb466287ffff"}, "geometry": {"type": "Point", "coordinates": [2.359632, 48.868029]}}, {"type": "Feature", "properties": {"cell_id": "891fb46628bffff"}, "geometry": {"type": "Point", "coordinates": [2.35365, 48.865117]}}, {"type": "Feature", "properties": {"cell_id": "891fb46628fffff"}, "geometry": {"type": "Point", "coordinates": [2.357972, 48.865291]}}, {"type": "Feature", "properties": {"cell_id": "891fb466293ffff"}, "geometry": {"type": "Point", "coordinates": [2.35265, 48.870418]}}, {"type": "Feature", "properties": {"cell_id": "891fb466297ffff"}, "geometry": {"type": "Point", "coordinates": [2.356971, 48.870592]}}, {"type": "Feature", "properties": {"cell_id": "891fb46629bffff"}, "geometry": {"type": "Point", "coordinates": [2.350989, 48.86768]}}, {"type": "Feature", "properties": {"cell_id": "891fb4662a3ffff"}, "geometry": {"type": "Point", "coordinates": [2.366614, 48.86564]}}, {"type": "Feature", "properties": {"cell_id": "891fb4662a7ffff"}, "geometry": {"type": "Point", "coordinates": [2.370935, 48.865814]}}, {"type": "Feature", "properties": {"cell_id": "891fb4662abffff"}, "geometry": {"type": "Point", "coordinates": [2.364953, 48.862903]}}, {"type": "Feature", "properties": {"cell_id": "891fb4662afffff"}, "geometry": {"type": "Point", "coordinates": [2.369274, 48.863077]}}, {"type": "Feature", "properties": {"cell_id": "891fb4662b3ffff"}, "geometry": {"type": "Point", "coordinates": [2.363954, 48.868203]}}, {"type": "Feature", "properties": {"cell_id": "891fb4662b7ffff"}, "geometry": {"type": "Point", "coordinates": [2.368275, 48.868377]}}, {"type": "Feature", "properties": {"cell_id": "891fb4662bbffff"}, "geometry": {"type": "Point", "coordinates": [2.362293, 48.865466]}}, {"type": "Feature", "properties": {"cell_id": "891fb4662c3ffff"}, "geometry": {"type": "Point", "coordinates": [2.347668, 48.862204]}}, {"type": "Feature", "properties": {"cell_id": "891fb4662c7ffff"}, "geometry": {"type": "Point", "coordinates": [2.35199, 48.862379]}}, {"type": "Feature", "properties": {"cell_id": "891fb4662cbffff"}, "geometry": {"type": "Point", "coordinates": [2.346008, 48.859466]}}, {"type": "Feature", "properties": {"cell_id": "891fb4662cfffff"}, "geometry": {"type": "Point", "coordinates": [2.350329, 48.859641]}}, {"type": "Feature", "properties": {"cell_id": "891fb4662d3ffff"}, "geometry": {"type": "Point", "coordinates": [2.345007, 48.864767]}}, {"type": "Feature", "properties": {"cell_id": "891fb4662d7ffff"}, "geometry": {"type": "Point", "coordinates": [2.349328, 48.864942]}}, {"type": "Feature", "properties": {"cell_id": "891fb4662dbffff"}, "geometry": {"type": "Point", "coordinates": [2.343346, 48.862029]}}, {"type": "Feature", "properties": {"cell_id": "891fb466303ffff"}, "geometry": {"type": "Point", "coordinates": [2.389214, 48.861208]}}, {"type": "Feature", "properties": {"cell_id": "891fb466307ffff"}, "geometry": {"type": "Point", "coordinates": [2.393534, 48.861382]}}, {"type": "Feature", "properties": {"cell_id": "891fb46630bffff"}, "geometry": {"type": "Point", "coordinates": [2.387553, 48.858472]}}, {"type": "Feature", "properties": {"cell_id": "891fb46630fffff"}, "geometry": {"type": "Point", "coordinates": [2.391872, 48.858645]}}, {"type": "Feature", "properties": {"cell_id": "891fb466313ffff"}, "geometry": {"type": "Point", "coordinates": [2.386556, 48.863772]}}, {"type": "Feature", "properties": {"cell_id": "891fb466317ffff"}, "geometry": {"type": "Point", "coordinates": [2.390876, 48.863945]}}, {"type": "Feature", "properties": {"cell_id": "891fb46631bffff"}, "geometry": {"type": "Point", "coordinates": [2.384894, 48.861035]}}, {"type": "Feature", "properties": {"cell_id": "891fb466323ffff"}, "geometry": {"type": "Point", "coordinates": [2.400511, 48.858991]}}, {"type": "Feature", "properties": {"cell_id": "891fb466327ffff"}, "geometry": {"type": "Point", "coordinates": [2.40483, 48.859164]}}, {"type": "Feature", "properties": {"cell_id": "891fb46632bffff"}, "geometry": {"type": "Point", "coordinates": [2.39885, 48.856255]}}, {"type": "Feature", "properties": {"cell_id": "891fb46632fffff"}, "geometry": {"type": "Point", "coordinates": [2.403169, 48.856428]}}, {"type": "Feature", "properties": {"cell_id": "891fb466333ffff"}, "geometry": {"type": "Point", "coordinates": [2.397854, 48.861555]}}, {"type": "Feature", "properties": {"cell_id": "891fb466337ffff"}, "geometry": {"type": "Point", "coordinates": [2.402173, 48.861728]}}, {"type": "Feature", "properties": {"cell_id": "891fb46633bffff"}, "geometry": {"type": "Point", "coordinates": [2.396192, 48.858818]}}, {"type": "Feature", "properties": {"cell_id": "891fb466343ffff"}, "geometry": {"type": "Point", "coordinates": [2.381572, 48.855561]}}, {"type": "Feature", "properties": {"cell_id": "891fb466347ffff"}, "geometry": {"type": "Point", "coordinates": [2.385892, 48.855735]}}, {"type": "Feature", "properties": {"cell_id": "891fb46634bffff"}, "geometry": {"type": "Point", "coordinates": [2.379911, 48.852824]}}, {"type": "Feature", "properties": {"cell_id": "891fb46634fffff"}, "geometry": {"type": "Point", "coordinates": [2.38423, 48.852997]}}, {"type": "Feature", "properties": {"cell_id": "891fb466353ffff"}, "geometry": {"type": "Point", "coordinates": [2.378913, 48.858124]}}, {"type": "Feature", "properties": {"cell_id": "891fb466357ffff"}, "geometry": {"type": "Point", "coordinates": [2.383233, 48.858298]}}, {"type": "Feature", "properties": {"cell_id": "891fb46635bffff"}, "geometry": {"type": "Point", "coordinates": [2.377252, 48.855387]}}, {"type": "Feature", "properties": {"cell_id": "891fb466363ffff"}, "geometry": {"type": "Point", "coordinates": [2.392869, 48.853345]}}, {"type": "Feature", "properties": {"cell_id": "891fb466367ffff"}, "geometry": {"type": "Point", "coordinates": [2.397188, 48.853518]}}, {"type": "Feature", "properties": {"cell_id": "891fb46636bffff"}, "geometry": {"type": "Point", "coordinates": [2.391208, 48.850608]}}, {"type": "Feature", "properties": {"cell_id": "891fb46636fffff"}, "geometry": {"type": "Point", "coordinates": [2.395527, 48.850781]}}, {"type": "Feature", "properties": {"cell_id": "891fb466373ffff"}, "geometry": {"type": "Point", "coordinates": [2.390211, 48.855908]}}, {"type": "Feature", "properties": {"cell_id": "891fb466377ffff"}, "geometry": {"type": "Point", "coordinates": [2.39453, 48.856081]}}, {"type": "Feature", "properties": {"cell_id": "891fb46637bffff"}, "geometry": {"type": "Point", "coordinates": [2.38855, 48.853171]}}, {"type": "Feature", "properties": {"cell_id": "891fb466383ffff"}, "geometry": {"type": "Point", "coordinates": [2.385558, 48.869072]}}, {"type": "Feature", "properties": {"cell_id": "891fb466387ffff"}, "geometry": {"type": "Point", "coordinates": [2.389879, 48.869245]}}, {"type": "Feature", "properties": {"cell_id": "891fb46638bffff"}, "geometry": {"type": "Point", "coordinates": [2.383897, 48.866335]}}, {"type": "Feature", "properties": {"cell_id": "891fb46638fffff"}, "geometry": {"type": "Point", "coordinates": [2.388217, 48.866509]}}, {"type": "Feature", "properties": {"cell_id": "891fb466393ffff"}, "geometry": {"type": "Point", "coordinates": [2.382899, 48.871635]}}, {"type": "Feature", "properties": {"cell_id": "891fb466397ffff"}, "geometry": {"type": "Point", "coordinates": [2.38722, 48.871809]}}, {"type": "Feature", "properties": {"cell_id": "891fb46639bffff"}, "geometry": {"type": "Point", "coordinates": [2.381238, 48.868899]}}, {"type": "Feature", "properties": {"cell_id": "891fb4663a3ffff"}, "geometry": {"type": "Point", "coordinates": [2.396857, 48.866855]}}, {"type": "Feature", "properties": {"cell_id": "891fb4663a7ffff"}, "geometry": {"type": "Point", "coordinates": [2.401177, 48.867028]}}, {"type": "Feature", "properties": {"cell_id": "891fb4663abffff"}, "geometry": {"type": "Point", "coordinates": [2.395196, 48.864118]}}, {"type": "Feature", "properties": {"cell_id": "891fb4663afffff"}, "geometry": {"type": "Point", "coordinates": [2.399515, 48.864291]}}, {"type": "Feature", "properties": {"cell_id": "891fb4663b3ffff"}, "geometry": {"type": "Point", "coordinates": [2.394199, 48.869418]}}, {"type": "Feature", "properties": {"cell_id": "891fb4663b7ffff"}, "geometry": {"type": "Point", "coordinates": [2.398519, 48.869591]}}, {"type": "Feature", "properties": {"cell_id": "891fb4663bbffff"}, "geometry": {"type": "Point", "coordinates": [2.392537, 48.866682]}}, {"type": "Feature", "properties": {"cell_id": "891fb4663c3ffff"}, "geometry": {"type": "Point", "coordinates": [2.377915, 48.863425]}}, {"type": "Feature", "properties": {"cell_id": "891fb4663c7ffff"}, "geometry": {"type": "Point", "coordinates": [2.382236, 48.863598]}}, {"type": "Feature", "properties": {"cell_id": "891fb4663cbffff"}, "geometry": {"type": "Point", "coordinates": [2.376254, 48.860688]}}, {"type": "Feature", "properties": {"cell_id": "891fb4663cfffff"}, "geometry": {"type": "Point", "coordinates": [2.380574, 48.860861]}}, {"type": "Feature", "properties": {"cell_id": "891fb4663d3ffff"}, "geometry": {"type": "Point", "coordinates": [2.375256, 48.865988]}}, {"type": "Feature", "properties": {"cell_id": "891fb4663d7ffff"}, "geometry": {"type": "Point", "coordinates": [2.379576, 48.866162]}}, {"type": "Feature", "properties": {"cell_id": "891fb4663dbffff"}, "geometry": {"type": "Point", "coordinates": [2.373595, 48.863251]}}, {"type": "Feature", "properties": {"cell_id": "891fb466403ffff"}, "geometry": {"type": "Point", "coordinates": [2.351968, 48.897093]}}, {"type": "Feature", "properties": {"cell_id": "891fb466407ffff"}, "geometry": {"type": "Point", "coordinates": [2.356292, 48.897267]}}, {"type": "Feature", "properties": {"cell_id": "891fb46640bffff"}, "geometry": {"type": "Point", "coordinates": [2.350307, 48.894356]}}, {"type": "Feature", "properties": {"cell_id": "891fb46640fffff"}, "geometry": {"type": "Point", "coordinates": [2.35463, 48.89453]}}, {"type": "Feature", "properties": {"cell_id": "891fb466413ffff"}, "geometry": {"type": "Point", "coordinates": [2.349305, 48.899656]}}, {"type": "Feature", "properties": {"cell_id": "891fb466417ffff"}, "geometry": {"type": "Point", "coordinates": [2.353629, 48.89983]}}, {"type": "Feature", "properties": {"cell_id": "891fb46641bffff"}, "geometry": {"type": "Point", "coordinates": [2.347644, 48.896919]}}, {"type": "Feature", "properties": {"cell_id": "891fb466423ffff"}, "geometry": {"type": "Point", "coordinates": [2.363277, 48.894878]}}, {"type": "Feature", "properties": {"cell_id": "891fb466427ffff"}, "geometry": {"type": "Point", "coordinates": [2.3676, 48.895051]}}, {"type": "Feature", "properties": {"cell_id": "891fb46642bffff"}, "geometry": {"type": "Point", "coordinates": [2.361616, 48.892141]}}, {"type": "Feature", "properties": {"cell_id": "891fb46642fffff"}, "geometry": {"type": "Point", "coordinates": [2.365939, 48.892315]}}, {"type": "Feature", "properties": {"cell_id": "891fb466433ffff"}, "geometry": {"type": "Point", "coordinates": [2.360615, 48.897441]}}, {"type": "Feature", "properties": {"cell_id": "891fb466437ffff"}, "geometry": {"type": "Point", "coordinates": [2.364939, 48.897614]}}, {"type": "Feature", "properties": {"cell_id": "891fb46643bffff"}, "geometry": {"type": "Point", "coordinates": [2.358954, 48.894704]}}, {"type": "Feature", "properties": {"cell_id": "891fb466443ffff"}, "geometry": {"type": "Point", "coordinates": [2.344322, 48.891445]}}, {"type": "Feature", "properties": {"cell_id": "891fb466447ffff"}, "geometry": {"type": "Point", "coordinates": [2.348645, 48.891619]}}, {"type": "Feature", "properties": {"cell_id": "891fb46644bffff"}, "geometry": {"type": "Point", "coordinates": [2.342661, 48.888707]}}, {"type": "Feature", "properties": {"cell_id": "891fb46644fffff"}, "geometry": {"type": "Point", "coordinates": [2.346984, 48.888882]}}, {"type": "Feature", "properties": {"cell_id": "891fb466453ffff"}, "geometry": {"type": "Point", "coordinates": [2.341659, 48.894007]}}, {"type": "Feature", "properties": {"cell_id": "891fb466457ffff"}, "geometry": {"type": "Point", "coordinates": [2.345983, 48.894182]}}, {"type": "Feature", "properties": {"cell_id": "891fb46645bffff"}, "geometry": {"type": "Point", "coordinates": [2.339998, 48.89127]}}, {"type": "Feature", "properties": {"cell_id": "891fb466463ffff"}, "geometry": {"type": "Point", "coordinates": [2.355631, 48.88923]}}, {"type": "Feature", "properties": {"cell_id": "891fb466467ffff"}, "geometry": {"type": "Point", "coordinates": [2.359954, 48.889404]}}, {"type": "Feature", "properties": {"cell_id": "891fb46646bffff"}, "geometry": {"type": "Point", "coordinates": [2.35397, 48.886493]}}, {"type": "Feature", "properties": {"cell_id": "891fb46646fffff"}, "geometry": {"type": "Point", "coordinates": [2.358293, 48.886667]}}, {"type": "Feature", "properties": {"cell_id": "891fb466473ffff"}, "geometry": {"type": "Point", "coordinates": [2.352969, 48.891793]}}, {"type": "Feature", "properties": {"cell_id": "891fb466477ffff"}, "geometry": {"type": "Point", "coordinates": [2.357292, 48.891967]}}, {"type": "Feature", "properties": {"cell_id": "891fb46647bffff"}, "geometry": {"type": "Point", "coordinates": [2.351308, 48.889056]}}, {"type": "Feature", "properties": {"cell_id": "891fb466483ffff"}, "geometry": {"type": "Point", "coordinates": [2.348304, 48.904956]}}, {"type": "Feature", "properties": {"cell_id": "891fb46648bffff"}, "geometry": {"type": "Point", "coordinates": [2.346642, 48.902219]}}, {"type": "Feature", "properties": {"cell_id": "891fb46648fffff"}, "geometry": {"type": "Point", "coordinates": [2.350967, 48.902393]}}, {"type": "Feature", "properties": {"cell_id": "891fb46649bffff"}, "geometry": {"type": "Point", "coordinates": [2.343979, 48.904781]}}, {"type": "Feature", "properties": {"cell_id": "891fb4664a3ffff"}, "geometry": {"type": "Point", "coordinates": [2.359615, 48.90274]}}, {"type": "Feature", "properties": {"cell_id": "891fb4664a7ffff"}, "geometry": {"type": "Point", "coordinates": [2.363939, 48.902914]}}, {"type": "Feature", "properties": {"cell_id": "891fb4664abffff"}, "geometry": {"type": "Point", "coordinates": [2.357953, 48.900004]}}, {"type": "Feature", "properties": {"cell_id": "891fb4664afffff"}, "geometry": {"type": "Point", "coordinates": [2.362277, 48.900177]}}, {"type": "Feature", "properties": {"cell_id": "891fb4664bbffff"}, "geometry": {"type": "Point", "coordinates": [2.355291, 48.902567]}}, {"type": "Feature", "properties": {"cell_id": "891fb4664c3ffff"}, "geometry": {"type": "Point", "coordinates": [2.340657, 48.899307]}}, {"type": "Feature", "properties": {"cell_id": "891fb4664c7ffff"}, "geometry": {"type": "Point", "coordinates": [2.344981, 48.899482]}}, {"type": "Feature", "properties": {"cell_id": "891fb4664cbffff"}, "geometry": {"type": "Point", "coordinates": [2.338996, 48.89657]}}, {"type": "Feature", "properties": {"cell_id": "891fb4664cfffff"}, "geometry": {"type": "Point", "coordinates": [2.34332, 48.896745]}}, {"type": "Feature", "properties": {"cell_id": "891fb4664d3ffff"}, "geometry": {"type": "Point", "coordinates": [2.337993, 48.90187]}}, {"type": "Feature", "properties": {"cell_id": "891fb4664d7ffff"}, "geometry": {"type": "Point", "coordinates": [2.342318, 48.902045]}}, {"type": "Feature", "properties": {"cell_id": "891fb4664dbffff"}, "geometry": {"type": "Point", "coordinates": [2.336332, 48.899133]}}, {"type": "Feature", "properties": {"cell_id": "891fb466503ffff"}, "geometry": {"type": "Point", "coordinates": [2.382231, 48.898307]}}, {"type": "Feature", "properties": {"cell_id": "891fb466507ffff"}, "geometry": {"type": "Point", "coordinates": [2.386554, 48.89848]}}, {"type": "Feature", "properties": {"cell_id": "891fb46650bffff"}, "geometry": {"type": "Point", "coordinates": [2.380569, 48.895571]}}, {"type": "Feature", "properties": {"cell_id": "891fb46650fffff"}, "geometry": {"type": "Point", "coordinates": [2.384892, 48.895744]}}, {"type": "Feature", "properties": {"cell_id": "891fb466513ffff"}, "geometry": {"type": "Point", "coordinates": [2.379571, 48.90087]}}, {"type": "Feature", "properties": {"cell_id": "891fb466517ffff"}, "geometry": {"type": "Point", "coordinates": [2.383894, 48.901043]}}, {"type": "Feature", "properties": {"cell_id": "891fb46651bffff"}, "geometry": {"type": "Point", "coordinates": [2.377908, 48.898134]}}, {"type": "Feature", "properties": {"cell_id": "891fb466523ffff"}, "geometry": {"type": "Point", "coordinates": [2.393536, 48.896089]}}, {"type": "Feature", "properties": {"cell_id": "891fb466527ffff"}, "geometry": {"type": "Point", "coordinates": [2.397858, 48.896261]}}, {"type": "Feature", "properties": {"cell_id": "891fb46652bffff"}, "geometry": {"type": "Point", "coordinates": [2.391874, 48.893353]}}, {"type": "Feature", "properties": {"cell_id": "891fb46652fffff"}, "geometry": {"type": "Point", "coordinates": [2.396196, 48.893525]}}, {"type": "Feature", "properties": {"cell_id": "891fb466533ffff"}, "geometry": {"type": "Point", "coordinates": [2.390877, 48.898652]}}, {"type": "Feature", "properties": {"cell_id": "891fb466537ffff"}, "geometry": {"type": "Point", "coordinates": [2.395199, 48.898824]}}, {"type": "Feature", "properties": {"cell_id": "891fb46653bffff"}, "geometry": {"type": "Point", "coordinates": [2.389214, 48.895916]}}, {"type": "Feature", "properties": {"cell_id": "891fb466543ffff"}, "geometry": {"type": "Point", "coordinates": [2.374584, 48.892661]}}, {"type": "Feature", "properties": {"cell_id": "891fb466547ffff"}, "geometry": {"type": "Point", "coordinates": [2.378907, 48.892834]}}, {"type": "Feature", "properties": {"cell_id": "891fb46654bffff"}, "geometry": {"type": "Point", "coordinates": [2.372923, 48.889925]}}, {"type": "Feature", "properties": {"cell_id": "891fb46654fffff"}, "geometry": {"type": "Point", "coordinates": [2.377245, 48.890098]}}, {"type": "Feature", "properties": {"cell_id": "891fb466553ffff"}, "geometry": {"type": "Point", "coordinates": [2.371923, 48.895224]}}, {"type": "Feature", "properties": {"cell_id": "891fb466557ffff"}, "geometry": {"type": "Point", "coordinates": [2.376246, 48.895398]}}, {"type": "Feature", "properties": {"cell_id": "891fb46655bffff"}, "geometry": {"type": "Point", "coordinates": [2.370262, 48.892488]}}, {"type": "Feature", "properties": {"cell_id": "891fb466563ffff"}, "geometry": {"type": "Point", "coordinates": [2.385889, 48.890444]}}, {"type": "Feature", "properties": {"cell_id": "891fb466567ffff"}, "geometry": {"type": "Point", "coordinates": [2.390211, 48.890617]}}, {"type": "Feature", "properties": {"cell_id": "891fb46656bffff"}, "geometry": {"type": "Point", "coordinates": [2.384227, 48.887708]}}, {"type": "Feature", "properties": {"cell_id": "891fb46656fffff"}, "geometry": {"type": "Point", "coordinates": [2.388549, 48.887881]}}, {"type": "Feature", "properties": {"cell_id": "891fb466573ffff"}, "geometry": {"type": "Point", "coordinates": [2.383229, 48.893007]}}, {"type": "Feature", "properties": {"cell_id": "891fb466577ffff"}, "geometry": {"type": "Point", "coordinates": [2.387552, 48.89318]}}, {"type": "Feature", "properties": {"cell_id": "891fb46657bffff"}, "geometry": {"type": "Point", "coordinates": [2.381567, 48.890271]}}, {"type": "Feature", "properties": {"cell_id": "891fb46658bffff"}, "geometry": {"type": "Point", "coordinates": [2.37691, 48.903433]}}, {"type": "Feature", "properties": {"cell_id": "891fb46658fffff"}, "geometry": {"type": "Point", "coordinates": [2.381233, 48.903606]}}, {"type": "Feature", "properties": {"cell_id": "891fb4665a3ffff"}, "geometry": {"type": "Point", "coordinates": [2.389879, 48.903951]}}, {"type": "Feature", "properties": {"cell_id": "891fb4665a7ffff"}, "geometry": {"type": "Point", "coordinates": [2.394202, 48.904123]}}, {"type": "Feature", "properties": {"cell_id": "891fb4665abffff"}, "geometry": {"type": "Point", "coordinates": [2.388216, 48.901215]}}, {"type": "Feature", "properties": {"cell_id": "891fb4665afffff"}, "geometry": {"type": "Point", "coordinates": [2.392539, 48.901388]}}, {"type": "Feature", "properties": {"cell_id": "891fb4665bbffff"}, "geometry": {"type": "Point", "coordinates": [2.385556, 48.903779]}}, {"type": "Feature", "properties": {"cell_id": "891fb4665c3ffff"}, "geometry": {"type": "Point", "coordinates": [2.370924, 48.900524]}}, {"type": "Feature", "properties": {"cell_id": "891fb4665c7ffff"}, "geometry": {"type": "Point", "coordinates": [2.375248, 48.900697]}}, {"type": "Feature", "properties": {"cell_id": "891fb4665cbffff"}, "geometry": {"type": "Point", "coordinates": [2.369262, 48.897788]}}, {"type": "Feature", "properties": {"cell_id": "891fb4665cfffff"}, "geometry": {"type": "Point", "coordinates": [2.373585, 48.897961]}}, {"type": "Feature", "properties": {"cell_id": "891fb4665d3ffff"}, "geometry": {"type": "Point", "coordinates": [2.368263, 48.903087]}}, {"type": "Feature", "properties": {"cell_id": "891fb4665d7ffff"}, "geometry": {"type": "Point", "coordinates": [2.372586, 48.90326]}}, {"type": "Feature", "properties": {"cell_id": "891fb4665dbffff"}, "geometry": {"type": "Point", "coordinates": [2.366601, 48.900351]}}, {"type": "Feature", "properties": {"cell_id": "891fb466603ffff"}, "geometry": {"type": "Point", "coordinates": [2.340341, 48.877932]}}, {"type": "Feature", "properties": {"cell_id": "891fb466607ffff"}, "geometry": {"type": "Point", "coordinates": [2.344664, 48.878106]}}, {"type": "Feature", "properties": {"cell_id": "891fb46660bffff"}, "geometry": {"type": "Point", "coordinates": [2.338681, 48.875194]}}, {"type": "Feature", "properties": {"cell_id": "891fb46660fffff"}, "geometry": {"type": "Point", "coordinates": [2.343004, 48.875369]}}, {"type": "Feature", "properties": {"cell_id": "891fb466613ffff"}, "geometry": {"type": "Point", "coordinates": [2.337679, 48.880495]}}, {"type": "Feature", "properties": {"cell_id": "891fb466617ffff"}, "geometry": {"type": "Point", "coordinates": [2.342002, 48.880669]}}, {"type": "Feature", "properties": {"cell_id": "891fb46661bffff"}, "geometry": {"type": "Point", "coordinates": [2.336018, 48.877757]}}, {"type": "Feature", "properties": {"cell_id": "891fb466623ffff"}, "geometry": {"type": "Point", "coordinates": [2.351649, 48.875718]}}, {"type": "Feature", "properties": {"cell_id": "891fb466627ffff"}, "geometry": {"type": "Point", "coordinates": [2.355971, 48.875892]}}, {"type": "Feature", "properties": {"cell_id": "891fb46662bffff"}, "geometry": {"type": "Point", "coordinates": [2.349988, 48.872981]}}, {"type": "Feature", "properties": {"cell_id": "891fb46662fffff"}, "geometry": {"type": "Point", "coordinates": [2.35431, 48.873155]}}, {"type": "Feature", "properties": {"cell_id": "891fb466633ffff"}, "geometry": {"type": "Point", "coordinates": [2.348987, 48.878281]}}, {"type": "Feature", "properties": {"cell_id": "891fb466637ffff"}, "geometry": {"type": "Point", "coordinates": [2.35331, 48.878456]}}, {"type": "Feature", "properties": {"cell_id": "891fb46663bffff"}, "geometry": {"type": "Point", "coordinates": [2.347326, 48.875544]}}, {"type": "Feature", "properties": {"cell_id": "891fb466643ffff"}, "geometry": {"type": "Point", "coordinates": [2.332698, 48.872281]}}, {"type": "Feature", "properties": {"cell_id": "891fb466647ffff"}, "geometry": {"type": "Point", "coordinates": [2.337021, 48.872456]}}, {"type": "Feature", "properties": {"cell_id": "891fb46664bffff"}, "geometry": {"type": "Point", "coordinates": [2.331038, 48.869543]}}, {"type": "Feature", "properties": {"cell_id": "891fb46664fffff"}, "geometry": {"type": "Point", "coordinates": [2.33536, 48.869718]}}, {"type": "Feature", "properties": {"cell_id": "891fb466653ffff"}, "geometry": {"type": "Point", "coordinates": [2.330035, 48.874844]}}, {"type": "Feature", "properties": {"cell_id": "891fb466657ffff"}, "geometry": {"type": "Point", "coordinates": [2.334358, 48.875019]}}, {"type": "Feature", "properties": {"cell_id": "891fb46665bffff"}, "geometry": {"type": "Point", "coordinates": [2.328375, 48.872105]}}, {"type": "Feature", "properties": {"cell_id": "891fb466663ffff"}, "geometry": {"type": "Point", "coordinates": [2.344005, 48.870068]}}, {"type": "Feature", "properties": {"cell_id": "891fb466667ffff"}, "geometry": {"type": "Point", "coordinates": [2.348328, 48.870243]}}, {"type": "Feature", "properties": {"cell_id": "891fb46666bffff"}, "geometry": {"type": "Point", "coordinates": [2.342345, 48.86733]}}, {"type": "Feature", "properties": {"cell_id": "891fb46666fffff"}, "geometry": {"type": "Point", "coordinates": [2.346667, 48.867505]}}, {"type": "Feature", "properties": {"cell_id": "891fb466673ffff"}, "geometry": {"type": "Point", "coordinates": [2.341343, 48.872631]}}, {"type": "Feature", "properties": {"cell_id": "891fb466677ffff"}, "geometry": {"type": "Point", "coordinates": [2.345666, 48.872806]}}, {"type": "Feature", "properties": {"cell_id": "891fb46667bffff"}, "geometry": {"type": "Point", "coordinates": [2.339683, 48.869893]}}, {"type": "Feature", "properties": {"cell_id": "891fb466683ffff"}, "geometry": {"type": "Point", "coordinates": [2.336676, 48.885795]}}, {"type": "Feature", "properties": {"cell_id": "891fb466687ffff"}, "geometry": {"type": "Point", "coordinates": [2.341, 48.88597]}}, {"type": "Feature", "properties": {"cell_id": "891fb46668bffff"}, "geometry": {"type": "Point", "coordinates": [2.335016, 48.883057]}}, {"type": "Feature", "properties": {"cell_id": "891fb46668fffff"}, "geometry": {"type": "Point", "coordinates": [2.339339, 48.883232]}}, {"type": "Feature", "properties": {"cell_id": "891fb466693ffff"}, "geometry": {"type": "Point", "coordinates": [2.334013, 48.888358]}}, {"type": "Feature", "properties": {"cell_id": "891fb466697ffff"}, "geometry": {"type": "Point", "coordinates": [2.338337, 48.888533]}}, {"type": "Feature", "properties": {"cell_id": "891fb46669bffff"}, "geometry": {"type": "Point", "coordinates": [2.332353, 48.88562]}}, {"type": "Feature", "properties": {"cell_id": "891fb4666a3ffff"}, "geometry": {"type": "Point", "coordinates": [2.347986, 48.883581]}}, {"type": "Feature", "properties": {"cell_id": "891fb4666a7ffff"}, "geometry": {"type": "Point", "coordinates": [2.352309, 48.883756]}}, {"type": "Feature", "properties": {"cell_id": "891fb4666abffff"}, "geometry": {"type": "Point", "coordinates": [2.346325, 48.880844]}}, {"type": "Feature", "properties": {"cell_id": "891fb4666afffff"}, "geometry": {"type": "Point", "coordinates": [2.350648, 48.881018]}}, {"type": "Feature", "properties": {"cell_id": "891fb4666b3ffff"}, "geometry": {"type": "Point", "coordinates": [2.345323, 48.886144]}}, {"type": "Feature", "properties": {"cell_id": "891fb4666b7ffff"}, "geometry": {"type": "Point", "coordinates": [2.349647, 48.886319]}}, {"type": "Feature", "properties": {"cell_id": "891fb4666bbffff"}, "geometry": {"type": "Point", "coordinates": [2.343663, 48.883407]}}, {"type": "Feature", "properties": {"cell_id": "891fb4666c3ffff"}, "geometry": {"type": "Point", "coordinates": [2.329032, 48.880144]}}, {"type": "Feature", "properties": {"cell_id": "891fb4666c7ffff"}, "geometry": {"type": "Point", "coordinates": [2.333355, 48.880319]}}, {"type": "Feature", "properties": {"cell_id": "891fb4666cbffff"}, "geometry": {"type": "Point", "coordinates": [2.327372, 48.877406]}}, {"type": "Feature", "properties": {"cell_id": "891fb4666cfffff"}, "geometry": {"type": "Point", "coordinates": [2.331695, 48.877582]}}, {"type": "Feature", "properties": {"cell_id": "891fb4666d3ffff"}, "geometry": {"type": "Point", "coordinates": [2.326368, 48.882707]}}, {"type": "Feature", "properties": {"cell_id": "891fb4666d7ffff"}, "geometry": {"type": "Point", "coordinates": [2.330692, 48.882882]}}, {"type": "Feature", "properties": {"cell_id": "891fb4666dbffff"}, "geometry": {"type": "Point", "coordinates": [2.324708, 48.879969]}}, {"type": "Feature", "properties": {"cell_id": "891fb466803ffff"}, "geometry": {"type": "Point", "coordinates": [2.449676, 48.863619]}}, {"type": "Feature", "properties": {"cell_id": "891fb466807ffff"}, "geometry": {"type": "Point", "coordinates": [2.453994, 48.86379]}}, {"type": "Feature", "properties": {"cell_id": "891fb46680bffff"}, "geometry": {"type": "Point", "coordinates": [2.448013, 48.860884]}}, {"type": "Feature", "properties": {"cell_id": "891fb46680fffff"}, "geometry": {"type": "Point", "coordinates": [2.45233, 48.861055]}}, {"type": "Feature", "properties": {"cell_id": "891fb466813ffff"}, "geometry": {"type": "Point", "coordinates": [2.447022, 48.866183]}}, {"type": "Feature", "properties": {"cell_id": "891fb466817ffff"}, "geometry": {"type": "Point", "coordinates": [2.45134, 48.866354]}}, {"type": "Feature", "properties": {"cell_id": "891fb46681bffff"}, "geometry": {"type": "Point", "coordinates": [2.445359, 48.863448]}}, {"type": "Feature", "properties": {"cell_id": "891fb46682bffff"}, "geometry": {"type": "Point", "coordinates": [2.459301, 48.858662]}}, {"type": "Feature", "properties": {"cell_id": "891fb466833ffff"}, "geometry": {"type": "Point", "coordinates": [2.458311, 48.863961]}}, {"type": "Feature", "properties": {"cell_id": "891fb46683bffff"}, "geometry": {"type": "Point", "coordinates": [2.456648, 48.861226]}}, {"type": "Feature", "properties": {"cell_id": "891fb466843ffff"}, "geometry": {"type": "Point", "coordinates": [2.442033, 48.857978]}}, {"type": "Feature", "properties": {"cell_id": "891fb466847ffff"}, "geometry": {"type": "Point", "coordinates": [2.44635, 48.858149]}}, {"type": "Feature", "properties": {"cell_id": "891fb46684bffff"}, "geometry": {"type": "Point", "coordinates": [2.44037, 48.855242]}}, {"type": "Feature", "properties": {"cell_id": "891fb46684fffff"}, "geometry": {"type": "Point", "coordinates": [2.444687, 48.855413]}}, {"type": "Feature", "properties": {"cell_id": "891fb466853ffff"}, "geometry": {"type": "Point", "coordinates": [2.439378, 48.860541]}}, {"type": "Feature", "properties": {"cell_id": "891fb466857ffff"}, "geometry": {"type": "Point", "coordinates": [2.443695, 48.860713]}}, {"type": "Feature", "properties": {"cell_id": "891fb46685bffff"}, "geometry": {"type": "Point", "coordinates": [2.437715, 48.857806]}}, {"type": "Feature", "properties": {"cell_id": "891fb466863ffff"}, "geometry": {"type": "Point", "coordinates": [2.453321, 48.855756]}}, {"type": "Feature", "properties": {"cell_id": "891fb466867ffff"}, "geometry": {"type": "Point", "coordinates": [2.457638, 48.855927]}}, {"type": "Feature", "properties": {"cell_id": "891fb46686bffff"}, "geometry": {"type": "Point", "coordinates": [2.451658, 48.853021]}}, {"type": "Feature", "properties": {"cell_id": "891fb46686fffff"}, "geometry": {"type": "Point", "coordinates": [2.455975, 48.853192]}}, {"type": "Feature", "properties": {"cell_id": "891fb466873ffff"}, "geometry": {"type": "Point", "coordinates": [2.450667, 48.85832]}}, {"type": "Feature", "properties": {"cell_id": "891fb466877ffff"}, "geometry": {"type": "Point", "coordinates": [2.454984, 48.858491]}}, {"type": "Feature", "properties": {"cell_id": "891fb46687bffff"}, "geometry": {"type": "Point", "coordinates": [2.449004, 48.855585]}}, {"type": "Feature", "properties": {"cell_id": "891fb466883ffff"}, "geometry": {"type": "Point", "coordinates": [2.44603, 48.871482]}}, {"type": "Feature", "properties": {"cell_id": "891fb466887ffff"}, "geometry": {"type": "Point", "coordinates": [2.450349, 48.871653]}}, {"type": "Feature", "properties": {"cell_id": "891fb46688bffff"}, "geometry": {"type": "Point", "coordinates": [2.444367, 48.868747]}}, {"type": "Feature", "properties": {"cell_id": "891fb46688fffff"}, "geometry": {"type": "Point", "coordinates": [2.448685, 48.868918]}}, {"type": "Feature", "properties": {"cell_id": "891fb466893ffff"}, "geometry": {"type": "Point", "coordinates": [2.443375, 48.874046]}}, {"type": "Feature", "properties": {"cell_id": "891fb466897ffff"}, "geometry": {"type": "Point", "coordinates": [2.447694, 48.874217]}}, {"type": "Feature", "properties": {"cell_id": "891fb46689bffff"}, "geometry": {"type": "Point", "coordinates": [2.441712, 48.871311]}}, {"type": "Feature", "properties": {"cell_id": "891fb4668a3ffff"}, "geometry": {"type": "Point", "coordinates": [2.457321, 48.86926]}}, {"type": "Feature", "properties": {"cell_id": "891fb4668abffff"}, "geometry": {"type": "Point", "coordinates": [2.455657, 48.866525]}}, {"type": "Feature", "properties": {"cell_id": "891fb4668afffff"}, "geometry": {"type": "Point", "coordinates": [2.459975, 48.866696]}}, {"type": "Feature", "properties": {"cell_id": "891fb4668b3ffff"}, "geometry": {"type": "Point", "coordinates": [2.454667, 48.871824]}}, {"type": "Feature", "properties": {"cell_id": "891fb4668b7ffff"}, "geometry": {"type": "Point", "coordinates": [2.458984, 48.871995]}}, {"type": "Feature", "properties": {"cell_id": "891fb4668bbffff"}, "geometry": {"type": "Point", "coordinates": [2.453003, 48.869089]}}, {"type": "Feature", "properties": {"cell_id": "891fb4668c3ffff"}, "geometry": {"type": "Point", "coordinates": [2.438386, 48.865841]}}, {"type": "Feature", "properties": {"cell_id": "891fb4668c7ffff"}, "geometry": {"type": "Point", "coordinates": [2.442704, 48.866012]}}, {"type": "Feature", "properties": {"cell_id": "891fb4668cbffff"}, "geometry": {"type": "Point", "coordinates": [2.436723, 48.863105]}}, {"type": "Feature", "properties": {"cell_id": "891fb4668cfffff"}, "geometry": {"type": "Point", "coordinates": [2.441041, 48.863277]}}, {"type": "Feature", "properties": {"cell_id": "891fb4668d3ffff"}, "geometry": {"type": "Point", "coordinates": [2.43573, 48.868405]}}, {"type": "Feature", "properties": {"cell_id": "891fb4668d7ffff"}, "geometry": {"type": "Point", "coordinates": [2.440049, 48.868576]}}, {"type": "Feature", "properties": {"cell_id": "891fb4668dbffff"}, "geometry": {"type": "Point", "coordinates": [2.434067, 48.865669]}}, {"type": "Feature", "properties": {"cell_id": "891fb466a03ffff"}, "geometry": {"type": "Point", "coordinates": [2.438036, 48.844471]}}, {"type": "Feature", "properties": {"cell_id": "891fb466a07ffff"}, "geometry": {"type": "Point", "coordinates": [2.442353, 48.844643]}}, {"type": "Feature", "properties": {"cell_id": "891fb466a0bffff"}, "geometry": {"type": "Point", "coordinates": [2.436374, 48.841735]}}, {"type": "Feature", "properties": {"cell_id": "891fb466a0fffff"}, "geometry": {"type": "Point", "coordinates": [2.44069, 48.841907]}}, {"type": "Feature", "properties": {"cell_id": "891fb466a13ffff"}, "geometry": {"type": "Point", "coordinates": [2.435382, 48.847035]}}, {"type": "Feature", "properties": {"cell_id": "891fb466a17ffff"}, "geometry": {"type": "Point", "coordinates": [2.439699, 48.847207]}}, {"type": "Feature", "properties": {"cell_id": "891fb466a1bffff"}, "geometry": {"type": "Point", "coordinates": [2.43372, 48.844299]}}, {"type": "Feature", "properties": {"cell_id": "891fb466a23ffff"}, "geometry": {"type": "Point", "coordinates": [2.449323, 48.84225]}}, {"type": "Feature", "properties": {"cell_id": "891fb466a27ffff"}, "geometry": {"type": "Point", "coordinates": [2.453639, 48.842422]}}, {"type": "Feature", "properties": {"cell_id": "891fb466a2bffff"}, "geometry": {"type": "Point", "coordinates": [2.44766, 48.839514]}}, {"type": "Feature", "properties": {"cell_id": "891fb466a2fffff"}, "geometry": {"type": "Point", "coordinates": [2.451976, 48.839686]}}, {"type": "Feature", "properties": {"cell_id": "891fb466a33ffff"}, "geometry": {"type": "Point", "coordinates": [2.446669, 48.844814]}}, {"type": "Feature", "properties": {"cell_id": "891fb466a37ffff"}, "geometry": {"type": "Point", "coordinates": [2.450986, 48.844986]}}, {"type": "Feature", "properties": {"cell_id": "891fb466a3bffff"}, "geometry": {"type": "Point", "coordinates": [2.445007, 48.842079]}}, {"type": "Feature", "properties": {"cell_id": "891fb466a43ffff"}, "geometry": {"type": "Point", "coordinates": [2.430395, 48.838826]}}, {"type": "Feature", "properties": {"cell_id": "891fb466a47ffff"}, "geometry": {"type": "Point", "coordinates": [2.434712, 48.838999]}}, {"type": "Feature", "properties": {"cell_id": "891fb466a4bffff"}, "geometry": {"type": "Point", "coordinates": [2.428733, 48.83609]}}, {"type": "Feature", "properties": {"cell_id": "891fb466a4fffff"}, "geometry": {"type": "Point", "coordinates": [2.43305, 48.836262]}}, {"type": "Feature", "properties": {"cell_id": "891fb466a53ffff"}, "geometry": {"type": "Point", "coordinates": [2.427741, 48.84139]}}, {"type": "Feature", "properties": {"cell_id": "891fb466a57ffff"}, "geometry": {"type": "Point", "coordinates": [2.432057, 48.841563]}}, {"type": "Feature", "properties": {"cell_id": "891fb466a5bffff"}, "geometry": {"type": "Point", "coordinates": [2.426079, 48.838654]}}, {"type": "Feature", "properties": {"cell_id": "891fb466a63ffff"}, "geometry": {"type": "Point", "coordinates": [2.441682, 48.836607]}}, {"type": "Feature", "properties": {"cell_id": "891fb466a67ffff"}, "geometry": {"type": "Point", "coordinates": [2.445998, 48.836779]}}, {"type": "Feature", "properties": {"cell_id": "891fb466a6bffff"}, "geometry": {"type": "Point", "coordinates": [2.44002, 48.833871]}}, {"type": "Feature", "properties": {"cell_id": "891fb466a6fffff"}, "geometry": {"type": "Point", "coordinates": [2.444335, 48.834043]}}, {"type": "Feature", "properties": {"cell_id": "891fb466a73ffff"}, "geometry": {"type": "Point", "coordinates": [2.439028, 48.839171]}}, {"type": "Feature", "properties": {"cell_id": "891fb466a77ffff"}, "geometry": {"type": "Point", "coordinates": [2.443344, 48.839343]}}, {"type": "Feature", "properties": {"cell_id": "891fb466a7bffff"}, "geometry": {"type": "Point", "coordinates": [2.437366, 48.836435]}}, {"type": "Feature", "properties": {"cell_id": "891fb466a83ffff"}, "geometry": {"type": "Point", "coordinates": [2.43439, 48.852335]}}, {"type": "Feature", "properties": {"cell_id": "891fb466a87ffff"}, "geometry": {"type": "Point", "coordinates": [2.438707, 48.852506]}}, {"type": "Feature", "properties": {"cell_id": "891fb466a8bffff"}, "geometry": {"type": "Point", "coordinates": [2.432727, 48.849599]}}, {"type": "Feature", "properties": {"cell_id": "891fb466a8fffff"}, "geometry": {"type": "Point", "coordinates": [2.437044, 48.849771]}}, {"type": "Feature", "properties": {"cell_id": "891fb466a93ffff"}, "geometry": {"type": "Point", "coordinates": [2.431735, 48.854899]}}, {"type": "Feature", "properties": {"cell_id": "891fb466a97ffff"}, "geometry": {"type": "Point", "coordinates": [2.436052, 48.85507]}}, {"type": "Feature", "properties": {"cell_id": "891fb466a9bffff"}, "geometry": {"type": "Point", "coordinates": [2.430072, 48.852163]}}, {"type": "Feature", "properties": {"cell_id": "891fb466aa3ffff"}, "geometry": {"type": "Point", "coordinates": [2.445678, 48.850114]}}, {"type": "Feature", "properties": {"cell_id": "891fb466aa7ffff"}, "geometry": {"type": "Point", "coordinates": [2.449995, 48.850285]}}, {"type": "Feature", "properties": {"cell_id": "891fb466aabffff"}, "geometry": {"type": "Point", "coordinates": [2.444016, 48.847378]}}, {"type": "Feature", "properties": {"cell_id": "891fb466aafffff"}, "geometry": {"type": "Point", "coordinates": [2.448332, 48.84755]}}, {"type": "Feature", "properties": {"cell_id": "891fb466ab3ffff"}, "geometry": {"type": "Point", "coordinates": [2.443024, 48.852678]}}, {"type": "Feature", "properties": {"cell_id": "891fb466ab7ffff"}, "geometry": {"type": "Point", "coordinates": [2.447341, 48.852849]}}, {"type": "Feature", "properties": {"cell_id": "891fb466abbffff"}, "geometry": {"type": "Point", "coordinates": [2.441361, 48.849942]}}, {"type": "Feature", "properties": {"cell_id": "891fb466ac3ffff"}, "geometry": {"type": "Point", "coordinates": [2.426748, 48.846691]}}, {"type": "Feature", "properties": {"cell_id": "891fb466ac7ffff"}, "geometry": {"type": "Point", "coordinates": [2.431065, 48.846863]}}, {"type": "Feature", "properties": {"cell_id": "891fb466acbffff"}, "geometry": {"type": "Point", "coordinates": [2.425086, 48.843954]}}, {"type": "Feature", "properties": {"cell_id": "891fb466acfffff"}, "geometry": {"type": "Point", "coordinates": [2.429403, 48.844127]}}, {"type": "Feature", "properties": {"cell_id": "891fb466ad3ffff"}, "geometry": {"type": "Point", "coordinates": [2.424092, 48.849254]}}, {"type": "Feature", "properties": {"cell_id": "891fb466ad7ffff"}, "geometry": {"type": "Point", "coordinates": [2.42841, 48.849427]}}, {"type": "Feature", "properties": {"cell_id": "891fb466adbffff"}, "geometry": {"type": "Point", "coordinates": [2.42243, 48.846518]}}, {"type": "Feature", "properties": {"cell_id": "891fb466b4bffff"}, "geometry": {"type": "Point", "coordinates": [2.458945, 48.837293]}}, {"type": "Feature", "properties": {"cell_id": "891fb466b53ffff"}, "geometry": {"type": "Point", "coordinates": [2.457955, 48.842593]}}, {"type": "Feature", "properties": {"cell_id": "891fb466b5bffff"}, "geometry": {"type": "Point", "coordinates": [2.456292, 48.839857]}}, {"type": "Feature", "properties": {"cell_id": "891fb466bc3ffff"}, "geometry": {"type": "Point", "coordinates": [2.456965, 48.847892]}}, {"type": "Feature", "properties": {"cell_id": "891fb466bcbffff"}, "geometry": {"type": "Point", "coordinates": [2.455302, 48.845157]}}, {"type": "Feature", "properties": {"cell_id": "891fb466bcfffff"}, "geometry": {"type": "Point", "coordinates": [2.459618, 48.845328]}}, {"type": "Feature", "properties": {"cell_id": "891fb466bd3ffff"}, "geometry": {"type": "Point", "coordinates": [2.454311, 48.850457]}}, {"type": "Feature", "properties": {"cell_id": "891fb466bd7ffff"}, "geometry": {"type": "Point", "coordinates": [2.458628, 48.850628]}}, {"type": "Feature", "properties": {"cell_id": "891fb466bdbffff"}, "geometry": {"type": "Point", "coordinates": [2.452649, 48.847721]}}, {"type": "Feature", "properties": {"cell_id": "891fb466c03ffff"}, "geometry": {"type": "Point", "coordinates": [2.431089, 48.881567]}}, {"type": "Feature", "properties": {"cell_id": "891fb466c07ffff"}, "geometry": {"type": "Point", "coordinates": [2.435408, 48.881738]}}, {"type": "Feature", "properties": {"cell_id": "891fb466c0bffff"}, "geometry": {"type": "Point", "coordinates": [2.429426, 48.878832]}}, {"type": "Feature", "properties": {"cell_id": "891fb466c0fffff"}, "geometry": {"type": "Point", "coordinates": [2.433745, 48.879003]}}, {"type": "Feature", "properties": {"cell_id": "891fb466c13ffff"}, "geometry": {"type": "Point", "coordinates": [2.428432, 48.884131]}}, {"type": "Feature", "properties": {"cell_id": "891fb466c17ffff"}, "geometry": {"type": "Point", "coordinates": [2.432752, 48.884302]}}, {"type": "Feature", "properties": {"cell_id": "891fb466c1bffff"}, "geometry": {"type": "Point", "coordinates": [2.426769, 48.881395]}}, {"type": "Feature", "properties": {"cell_id": "891fb466c23ffff"}, "geometry": {"type": "Point", "coordinates": [2.442383, 48.879345]}}, {"type": "Feature", "properties": {"cell_id": "891fb466c27ffff"}, "geometry": {"type": "Point", "coordinates": [2.446702, 48.879516]}}, {"type": "Feature", "properties": {"cell_id": "891fb466c2bffff"}, "geometry": {"type": "Point", "coordinates": [2.44072, 48.87661]}}, {"type": "Feature", "properties": {"cell_id": "891fb466c2fffff"}, "geometry": {"type": "Point", "coordinates": [2.445039, 48.876781]}}, {"type": "Feature", "properties": {"cell_id": "891fb466c33ffff"}, "geometry": {"type": "Point", "coordinates": [2.439728, 48.881909]}}, {"type": "Feature", "properties": {"cell_id": "891fb466c37ffff"}, "geometry": {"type": "Point", "coordinates": [2.444047, 48.88208]}}, {"type": "Feature", "properties": {"cell_id": "891fb466c3bffff"}, "geometry": {"type": "Point", "coordinates": [2.438064, 48.879174]}}, {"type": "Feature", "properties": {"cell_id": "891fb466c43ffff"}, "geometry": {"type": "Point", "coordinates": [2.423443, 48.875925]}}, {"type": "Feature", "properties": {"cell_id": "891fb466c47ffff"}, "geometry": {"type": "Point", "coordinates": [2.427763, 48.876096]}}, {"type": "Feature", "properties": {"cell_id": "891fb466c4bffff"}, "geometry": {"type": "Point", "coordinates": [2.42178, 48.873189]}}, {"type": "Feature", "properties": {"cell_id": "891fb466c4fffff"}, "geometry": {"type": "Point", "coordinates": [2.4261, 48.873361]}}, {"type": "Feature", "properties": {"cell_id": "891fb466c53ffff"}, "geometry": {"type": "Point", "coordinates": [2.420786, 48.878488]}}, {"type": "Feature", "properties": {"cell_id": "891fb466c57ffff"}, "geometry": {"type": "Point", "coordinates": [2.425106, 48.87866]}}, {"type": "Feature", "properties": {"cell_id": "891fb466c5bffff"}, "geometry": {"type": "Point", "coordinates": [2.419123, 48.875753]}}, {"type": "Feature", "properties": {"cell_id": "891fb466c63ffff"}, "geometry": {"type": "Point", "coordinates": [2.434738, 48.873704]}}, {"type": "Feature", "properties": {"cell_id": "891fb466c67ffff"}, "geometry": {"type": "Point", "coordinates": [2.439057, 48.873875]}}, {"type": "Feature", "properties": {"cell_id": "891fb466c6bffff"}, "geometry": {"type": "Point", "coordinates": [2.433075, 48.870969]}}, {"type": "Feature", "properties": {"cell_id": "891fb466c6fffff"}, "geometry": {"type": "Point", "coordinates": [2.437393, 48.87114]}}, {"type": "Feature", "properties": {"cell_id": "891fb466c73ffff"}, "geometry": {"type": "Point", "coordinates": [2.432082, 48.876268]}}, {"type": "Feature", "properties": {"cell_id": "891fb466c77ffff"}, "geometry": {"type": "Point", "coordinates": [2.436401, 48.876439]}}, {"type": "Feature", "properties": {"cell_id": "891fb466c7bffff"}, "geometry": {"type": "Point", "coordinates": [2.430419, 48.873532]}}, {"type": "Feature", "properties": {"cell_id": "891fb466c83ffff"}, "geometry": {"type": "Point", "coordinates": [2.427439, 48.889429]}}, {"type": "Feature", "properties": {"cell_id": "891fb466c87ffff"}, "geometry": {"type": "Point", "coordinates": [2.431759, 48.889601]}}, {"type": "Feature", "properties": {"cell_id": "891fb466c8bffff"}, "geometry": {"type": "Point", "coordinates": [2.425775, 48.886694]}}, {"type": "Feature", "properties": {"cell_id": "891fb466c8fffff"}, "geometry": {"type": "Point", "coordinates": [2.430095, 48.886866]}}, {"type": "Feature", "properties": {"cell_id": "891fb466c93ffff"}, "geometry": {"type": "Point", "coordinates": [2.424782, 48.891993]}}, {"type": "Feature", "properties": {"cell_id": "891fb466c97ffff"}, "geometry": {"type": "Point", "coordinates": [2.429102, 48.892164]}}, {"type": "Feature", "properties": {"cell_id": "891fb466c9bffff"}, "geometry": {"type": "Point", "coordinates": [2.423118, 48.889258]}}, {"type": "Feature", "properties": {"cell_id": "891fb466ca3ffff"}, "geometry": {"type": "Point", "coordinates": [2.438735, 48.887208]}}, {"type": "Feature", "properties": {"cell_id": "891fb466ca7ffff"}, "geometry": {"type": "Point", "coordinates": [2.443055, 48.887379]}}, {"type": "Feature", "properties": {"cell_id": "891fb466cabffff"}, "geometry": {"type": "Point", "coordinates": [2.437072, 48.884473]}}, {"type": "Feature", "properties": {"cell_id": "891fb466cafffff"}, "geometry": {"type": "Point", "coordinates": [2.441391, 48.884644]}}, {"type": "Feature", "properties": {"cell_id": "891fb466cb3ffff"}, "geometry": {"type": "Point", "coordinates": [2.436079, 48.889772]}}, {"type": "Feature", "properties": {"cell_id": "891fb466cb7ffff"}, "geometry": {"type": "Point", "coordinates": [2.440399, 48.889942]}}, {"type": "Feature", "properties": {"cell_id": "891fb466cbbffff"}, "geometry": {"type": "Point", "coordinates": [2.434415, 48.887037]}}, {"type": "Feature", "properties": {"cell_id": "891fb466cc3ffff"}, "geometry": {"type": "Point", "coordinates": [2.419792, 48.883787]}}, {"type": "Feature", "properties": {"cell_id": "891fb466cc7ffff"}, "geometry": {"type": "Point", "coordinates": [2.424112, 48.883959]}}, {"type": "Feature", "properties": {"cell_id": "891fb466ccbffff"}, "geometry": {"type": "Point", "coordinates": [2.418129, 48.881052]}}, {"type": "Feature", "properties": {"cell_id": "891fb466ccfffff"}, "geometry": {"type": "Point", "coordinates": [2.422449, 48.881224]}}, {"type": "Feature", "properties": {"cell_id": "891fb466cd3ffff"}, "geometry": {"type": "Point", "coordinates": [2.417135, 48.886351]}}, {"type": "Feature", "properties": {"cell_id": "891fb466cd7ffff"}, "geometry": {"type": "Point", "coordinates": [2.421455, 48.886523]}}, {"type": "Feature", "properties": {"cell_id": "891fb466cdbffff"}, "geometry": {"type": "Point", "coordinates": [2.415472, 48.883616]}}, {"type": "Feature", "properties": {"cell_id": "891fb466d0bffff"}, "geometry": {"type": "Point", "coordinates": [2.459658, 48.880028]}}, {"type": "Feature", "properties": {"cell_id": "891fb466d13ffff"}, "geometry": {"type": "Point", "coordinates": [2.458668, 48.885326]}}, {"type": "Feature", "properties": {"cell_id": "891fb466d1bffff"}, "geometry": {"type": "Point", "coordinates": [2.457004, 48.882592]}}, {"type": "Feature", "properties": {"cell_id": "891fb466d43ffff"}, "geometry": {"type": "Point", "coordinates": [2.453676, 48.877123]}}, {"type": "Feature", "properties": {"cell_id": "891fb466d47ffff"}, "geometry": {"type": "Point", "coordinates": [2.457994, 48.877293]}}, {"type": "Feature", "properties": {"cell_id": "891fb466d4bffff"}, "geometry": {"type": "Point", "coordinates": [2.452012, 48.874388]}}, {"type": "Feature", "properties": {"cell_id": "891fb466d4fffff"}, "geometry": {"type": "Point", "coordinates": [2.45633, 48.874559]}}, {"type": "Feature", "properties": {"cell_id": "891fb466d53ffff"}, "geometry": {"type": "Point", "coordinates": [2.451021, 48.879687]}}, {"type": "Feature", "properties": {"cell_id": "891fb466d57ffff"}, "geometry": {"type": "Point", "coordinates": [2.45534, 48.879857]}}, {"type": "Feature", "properties": {"cell_id": "891fb466d5bffff"}, "geometry": {"type": "Point", "coordinates": [2.449357, 48.876952]}}, {"type": "Feature", "properties": {"cell_id": "891fb466d83ffff"}, "geometry": {"type": "Point", "coordinates": [2.457677, 48.890624]}}, {"type": "Feature", "properties": {"cell_id": "891fb466d8bffff"}, "geometry": {"type": "Point", "coordinates": [2.456013, 48.88789]}}, {"type": "Feature", "properties": {"cell_id": "891fb466d93ffff"}, "geometry": {"type": "Point", "coordinates": [2.455022, 48.893188]}}, {"type": "Feature", "properties": {"cell_id": "891fb466d97ffff"}, "geometry": {"type": "Point", "coordinates": [2.459341, 48.893358]}}, {"type": "Feature", "properties": {"cell_id": "891fb466d9bffff"}, "geometry": {"type": "Point", "coordinates": [2.453358, 48.890454]}}, {"type": "Feature", "properties": {"cell_id": "891fb466dc3ffff"}, "geometry": {"type": "Point", "coordinates": [2.45003, 48.884985]}}, {"type": "Feature", "properties": {"cell_id": "891fb466dc7ffff"}, "geometry": {"type": "Point", "coordinates": [2.454349, 48.885156]}}, {"type": "Feature", "properties": {"cell_id": "891fb466dcbffff"}, "geometry": {"type": "Point", "coordinates": [2.448366, 48.882251]}}, {"type": "Feature", "properties": {"cell_id": "891fb466dcfffff"}, "geometry": {"type": "Point", "coordinates": [2.452685, 48.882421]}}, {"type": "Feature", "properties": {"cell_id": "891fb466dd3ffff"}, "geometry": {"type": "Point", "coordinates": [2.447374, 48.887549]}}, {"type": "Feature", "properties": {"cell_id": "891fb466dd7ffff"}, "geometry": {"type": "Point", "coordinates": [2.451694, 48.88772]}}, {"type": "Feature", "properties": {"cell_id": "891fb466ddbffff"}, "geometry": {"type": "Point", "coordinates": [2.445711, 48.884815]}}, {"type": "Feature", "properties": {"cell_id": "891fb466e03ffff"}, "geometry": {"type": "Point", "coordinates": [2.419449, 48.862418]}}, {"type": "Feature", "properties": {"cell_id": "891fb466e07ffff"}, "geometry": {"type": "Point", "coordinates": [2.423768, 48.86259]}}, {"type": "Feature", "properties": {"cell_id": "891fb466e0bffff"}, "geometry": {"type": "Point", "coordinates": [2.417787, 48.859682]}}, {"type": "Feature", "properties": {"cell_id": "891fb466e0fffff"}, "geometry": {"type": "Point", "coordinates": [2.422105, 48.859854]}}, {"type": "Feature", "properties": {"cell_id": "891fb466e13ffff"}, "geometry": {"type": "Point", "coordinates": [2.416793, 48.864982]}}, {"type": "Feature", "properties": {"cell_id": "891fb466e17ffff"}, "geometry": {"type": "Point", "coordinates": [2.421112, 48.865154]}}, {"type": "Feature", "properties": {"cell_id": "891fb466e1bffff"}, "geometry": {"type": "Point", "coordinates": [2.41513, 48.862246]}}, {"type": "Feature", "properties": {"cell_id": "891fb466e23ffff"}, "geometry": {"type": "Point", "coordinates": [2.430742, 48.860198]}}, {"type": "Feature", "properties": {"cell_id": "891fb466e27ffff"}, "geometry": {"type": "Point", "coordinates": [2.43506, 48.86037]}}, {"type": "Feature", "properties": {"cell_id": "891fb466e2bffff"}, "geometry": {"type": "Point", "coordinates": [2.429079, 48.857462]}}, {"type": "Feature", "properties": {"cell_id": "891fb466e2fffff"}, "geometry": {"type": "Point", "coordinates": [2.433397, 48.857634]}}, {"type": "Feature", "properties": {"cell_id": "891fb466e33ffff"}, "geometry": {"type": "Point", "coordinates": [2.428086, 48.862762]}}, {"type": "Feature", "properties": {"cell_id": "891fb466e37ffff"}, "geometry": {"type": "Point", "coordinates": [2.432405, 48.862934]}}, {"type": "Feature", "properties": {"cell_id": "891fb466e3bffff"}, "geometry": {"type": "Point", "coordinates": [2.426424, 48.860026]}}, {"type": "Feature", "properties": {"cell_id": "891fb466e43ffff"}, "geometry": {"type": "Point", "coordinates": [2.411806, 48.856773]}}, {"type": "Feature", "properties": {"cell_id": "891fb466e47ffff"}, "geometry": {"type": "Point", "coordinates": [2.416125, 48.856946]}}, {"type": "Feature", "properties": {"cell_id": "891fb466e4bffff"}, "geometry": {"type": "Point", "coordinates": [2.410144, 48.854037]}}, {"type": "Feature", "properties": {"cell_id": "891fb466e4fffff"}, "geometry": {"type": "Point", "coordinates": [2.414463, 48.85421]}}, {"type": "Feature", "properties": {"cell_id": "891fb466e53ffff"}, "geometry": {"type": "Point", "coordinates": [2.409149, 48.859337]}}, {"type": "Feature", "properties": {"cell_id": "891fb466e57ffff"}, "geometry": {"type": "Point", "coordinates": [2.413468, 48.85951]}}, {"type": "Feature", "properties": {"cell_id": "891fb466e5bffff"}, "geometry": {"type": "Point", "coordinates": [2.407487, 48.856601]}}, {"type": "Feature", "properties": {"cell_id": "891fb466e63ffff"}, "geometry": {"type": "Point", "coordinates": [2.423099, 48.854554]}}, {"type": "Feature", "properties": {"cell_id": "891fb466e67ffff"}, "geometry": {"type": "Point", "coordinates": [2.427417, 48.854727]}}, {"type": "Feature", "properties": {"cell_id": "891fb466e6bffff"}, "geometry": {"type": "Point", "coordinates": [2.421437, 48.851818]}}, {"type": "Feature", "properties": {"cell_id": "891fb466e6fffff"}, "geometry": {"type": "Point", "coordinates": [2.425755, 48.851991]}}, {"type": "Feature", "properties": {"cell_id": "891fb466e73ffff"}, "geometry": {"type": "Point", "coordinates": [2.420443, 48.857118]}}, {"type": "Feature", "properties": {"cell_id": "891fb466e77ffff"}, "geometry": {"type": "Point", "coordinates": [2.424761, 48.85729]}}, {"type": "Feature", "properties": {"cell_id": "891fb466e7bffff"}, "geometry": {"type": "Point", "coordinates": [2.418781, 48.854382]}}, {"type": "Feature", "properties": {"cell_id": "891fb466e83ffff"}, "geometry": {"type": "Point", "coordinates": [2.415798, 48.870281]}}, {"type": "Feature", "properties": {"cell_id": "891fb466e87ffff"}, "geometry": {"type": "Point", "coordinates": [2.420118, 48.870453]}}, {"type": "Feature", "properties": {"cell_id": "891fb466e8bffff"}, "geometry": {"type": "Point", "coordinates": [2.414136, 48.867545]}}, {"type": "Feature", "properties": {"cell_id": "891fb466e8fffff"}, "geometry": {"type": "Point", "coordinates": [2.418455, 48.867718]}}, {"type": "Feature", "properties": {"cell_id": "891fb466e93ffff"}, "geometry": {"type": "Point", "coordinates": [2.413141, 48.872845]}}, {"type": "Feature", "properties": {"cell_id": "891fb466e97ffff"}, "geometry": {"type": "Point", "coordinates": [2.417461, 48.873017]}}, {"type": "Feature", "properties": {"cell_id": "891fb466e9bffff"}, "geometry": {"type": "Point", "coordinates": [2.411479, 48.870109]}}, {"type": "Feature", "properties": {"cell_id": "891fb466ea3ffff"}, "geometry": {"type": "Point", "coordinates": [2.427093, 48.868062]}}, {"type": "Feature", "properties": {"cell_id": "891fb466ea7ffff"}, "geometry": {"type": "Point", "coordinates": [2.431412, 48.868233]}}, {"type": "Feature", "properties": {"cell_id": "891fb466eabffff"}, "geometry": {"type": "Point", "coordinates": [2.42543, 48.865326]}}, {"type": "Feature", "properties": {"cell_id": "891fb466eafffff"}, "geometry": {"type": "Point", "coordinates": [2.429749, 48.865498]}}, {"type": "Feature", "properties": {"cell_id": "891fb466eb3ffff"}, "geometry": {"type": "Point", "coordinates": [2.424437, 48.870625]}}, {"type": "Feature", "properties": {"cell_id": "891fb466eb7ffff"}, "geometry": {"type": "Point", "coordinates": [2.428756, 48.870797]}}, {"type": "Feature", "properties": {"cell_id": "891fb466ebbffff"}, "geometry": {"type": "Point", "coordinates": [2.422774, 48.86789]}}, {"type": "Feature", "properties": {"cell_id": "891fb466ec3ffff"}, "geometry": {"type": "Point", "coordinates": [2.408154, 48.864637]}}, {"type": "Feature", "properties": {"cell_id": "891fb466ec7ffff"}, "geometry": {"type": "Point", "coordinates": [2.412474, 48.864809]}}, {"type": "Feature", "properties": {"cell_id": "891fb466ecbffff"}, "geometry": {"type": "Point", "coordinates": [2.406492, 48.861901]}}, {"type": "Feature", "properties": {"cell_id": "891fb466ecfffff"}, "geometry": {"type": "Point", "coordinates": [2.410811, 48.862073]}}, {"type": "Feature", "properties": {"cell_id": "891fb466ed3ffff"}, "geometry": {"type": "Point", "coordinates": [2.405497, 48.867201]}}, {"type": "Feature", "properties": {"cell_id": "891fb466ed7ffff"}, "geometry": {"type": "Point", "coordinates": [2.409816, 48.867373]}}, {"type": "Feature", "properties": {"cell_id": "891fb466edbffff"}, "geometry": {"type": "Point", "coordinates": [2.403835, 48.864464]}}, {"type": "Feature", "properties": {"cell_id": "891fb467003ffff"}, "geometry": {"type": "Point", "coordinates": [2.317106, 48.839591]}}, {"type": "Feature", "properties": {"cell_id": "891fb467007ffff"}, "geometry": {"type": "Point", "coordinates": [2.321428, 48.839768]}}, {"type": "Feature", "properties": {"cell_id": "891fb46700bffff"}, "geometry": {"type": "Point", "coordinates": [2.315448, 48.836852]}}, {"type": "Feature", "properties": {"cell_id": "891fb46700fffff"}, "geometry": {"type": "Point", "coordinates": [2.319769, 48.837029]}}, {"type": "Feature", "properties": {"cell_id": "891fb467013ffff"}, "geometry": {"type": "Point", "coordinates": [2.314444, 48.842154]}}, {"type": "Feature", "properties": {"cell_id": "891fb467017ffff"}, "geometry": {"type": "Point", "coordinates": [2.318765, 48.842331]}}, {"type": "Feature", "properties": {"cell_id": "891fb46701bffff"}, "geometry": {"type": "Point", "coordinates": [2.312785, 48.839415]}}, {"type": "Feature", "properties": {"cell_id": "891fb467023ffff"}, "geometry": {"type": "Point", "coordinates": [2.32841, 48.837381]}}, {"type": "Feature", "properties": {"cell_id": "891fb467027ffff"}, "geometry": {"type": "Point", "coordinates": [2.332731, 48.837558]}}, {"type": "Feature", "properties": {"cell_id": "891fb46702bffff"}, "geometry": {"type": "Point", "coordinates": [2.326751, 48.834642]}}, {"type": "Feature", "properties": {"cell_id": "891fb46702fffff"}, "geometry": {"type": "Point", "coordinates": [2.331071, 48.834819]}}, {"type": "Feature", "properties": {"cell_id": "891fb467033ffff"}, "geometry": {"type": "Point", "coordinates": [2.325748, 48.839944]}}, {"type": "Feature", "properties": {"cell_id": "891fb467037ffff"}, "geometry": {"type": "Point", "coordinates": [2.330069, 48.840121]}}, {"type": "Feature", "properties": {"cell_id": "891fb46703bffff"}, "geometry": {"type": "Point", "coordinates": [2.324089, 48.837205]}}, {"type": "Feature", "properties": {"cell_id": "891fb467043ffff"}, "geometry": {"type": "Point", "coordinates": [2.309468, 48.833935]}}, {"type": "Feature", "properties": {"cell_id": "891fb467047ffff"}, "geometry": {"type": "Point", "coordinates": [2.313789, 48.834112]}}, {"type": "Feature", "properties": {"cell_id": "891fb46704bffff"}, "geometry": {"type": "Point", "coordinates": [2.30781, 48.831196]}}, {"type": "Feature", "properties": {"cell_id": "891fb46704fffff"}, "geometry": {"type": "Point", "coordinates": [2.312131, 48.831373]}}, {"type": "Feature", "properties": {"cell_id": "891fb467053ffff"}, "geometry": {"type": "Point", "coordinates": [2.306805, 48.836498]}}, {"type": "Feature", "properties": {"cell_id": "891fb467057ffff"}, "geometry": {"type": "Point", "coordinates": [2.311127, 48.836675]}}, {"type": "Feature", "properties": {"cell_id": "891fb46705bffff"}, "geometry": {"type": "Point", "coordinates": [2.305147, 48.833758]}}, {"type": "Feature", "properties": {"cell_id": "891fb467063ffff"}, "geometry": {"type": "Point", "coordinates": [2.320772, 48.831726]}}, {"type": "Feature", "properties": {"cell_id": "891fb467067ffff"}, "geometry": {"type": "Point", "coordinates": [2.325092, 48.831903]}}, {"type": "Feature", "properties": {"cell_id": "891fb46706bffff"}, "geometry": {"type": "Point", "coordinates": [2.319113, 48.828987]}}, {"type": "Feature", "properties": {"cell_id": "891fb46706fffff"}, "geometry": {"type": "Point", "coordinates": [2.323434, 48.829163]}}, {"type": "Feature", "properties": {"cell_id": "891fb467073ffff"}, "geometry": {"type": "Point", "coordinates": [2.31811, 48.834289]}}, {"type": "Feature", "properties": {"cell_id": "891fb467077ffff"}, "geometry": {"type": "Point", "coordinates": [2.322431, 48.834466]}}, {"type": "Feature", "properties": {"cell_id": "891fb46707bffff"}, "geometry": {"type": "Point", "coordinates": [2.316451, 48.83155]}}, {"type": "Feature", "properties": {"cell_id": "891fb467083ffff"}, "geometry": {"type": "Point", "coordinates": [2.31344, 48.847456]}}, {"type": "Feature", "properties": {"cell_id": "891fb467087ffff"}, "geometry": {"type": "Point", "coordinates": [2.317762, 48.847633]}}, {"type": "Feature", "properties": {"cell_id": "891fb46708bffff"}, "geometry": {"type": "Point", "coordinates": [2.311781, 48.844717]}}, {"type": "Feature", "properties": {"cell_id": "891fb46708fffff"}, "geometry": {"type": "Point", "coordinates": [2.316103, 48.844894]}}, {"type": "Feature", "properties": {"cell_id": "891fb467093ffff"}, "geometry": {"type": "Point", "coordinates": [2.310777, 48.850019]}}, {"type": "Feature", "properties": {"cell_id": "891fb467097ffff"}, "geometry": {"type": "Point", "coordinates": [2.315099, 48.850196]}}, {"type": "Feature", "properties": {"cell_id": "891fb46709bffff"}, "geometry": {"type": "Point", "coordinates": [2.309118, 48.84728]}}, {"type": "Feature", "properties": {"cell_id": "891fb4670a3ffff"}, "geometry": {"type": "Point", "coordinates": [2.324746, 48.845246]}}, {"type": "Feature", "properties": {"cell_id": "891fb4670a7ffff"}, "geometry": {"type": "Point", "coordinates": [2.329067, 48.845422]}}, {"type": "Feature", "properties": {"cell_id": "891fb4670abffff"}, "geometry": {"type": "Point", "coordinates": [2.323086, 48.842507]}}, {"type": "Feature", "properties": {"cell_id": "891fb4670afffff"}, "geometry": {"type": "Point", "coordinates": [2.327408, 48.842683]}}, {"type": "Feature", "properties": {"cell_id": "891fb4670b3ffff"}, "geometry": {"type": "Point", "coordinates": [2.322083, 48.847809]}}, {"type": "Feature", "properties": {"cell_id": "891fb4670b7ffff"}, "geometry": {"type": "Point", "coordinates": [2.326405, 48.847985]}}, {"type": "Feature", "properties": {"cell_id": "891fb4670bbffff"}, "geometry": {"type": "Point", "coordinates": [2.320424, 48.84507]}}, {"type": "Feature", "properties": {"cell_id": "891fb4670c3ffff"}, "geometry": {"type": "Point", "coordinates": [2.305801, 48.841801]}}, {"type": "Feature", "properties": {"cell_id": "891fb4670c7ffff"}, "geometry": {"type": "Point", "coordinates": [2.310122, 48.841977]}}, {"type": "Feature", "properties": {"cell_id": "891fb4670cbffff"}, "geometry": {"type": "Point", "coordinates": [2.304142, 48.839061]}}, {"type": "Feature", "properties": {"cell_id": "891fb4670cfffff"}, "geometry": {"type": "Point", "coordinates": [2.308464, 48.839238]}}, {"type": "Feature", "properties": {"cell_id": "891fb4670d3ffff"}, "geometry": {"type": "Point", "coordinates": [2.303137, 48.844363]}}, {"type": "Feature", "properties": {"cell_id": "891fb4670d7ffff"}, "geometry": {"type": "Point", "coordinates": [2.307459, 48.84454]}}, {"type": "Feature", "properties": {"cell_id": "891fb4670dbffff"}, "geometry": {"type": "Point", "coordinates": [2.301479, 48.841623]}}, {"type": "Feature", "properties": {"cell_id": "891fb467103ffff"}, "geometry": {"type": "Point", "coordinates": [2.347351, 48.840824]}}, {"type": "Feature", "properties": {"cell_id": "891fb467107ffff"}, "geometry": {"type": "Point", "coordinates": [2.351671, 48.840999]}}, {"type": "Feature", "properties": {"cell_id": "891fb46710bffff"}, "geometry": {"type": "Point", "coordinates": [2.345691, 48.838085]}}, {"type": "Feature", "properties": {"cell_id": "891fb46710fffff"}, "geometry": {"type": "Point", "coordinates": [2.350011, 48.838261]}}, {"type": "Feature", "properties": {"cell_id": "891fb467113ffff"}, "geometry": {"type": "Point", "coordinates": [2.34469, 48.843387]}}, {"type": "Feature", "properties": {"cell_id": "891fb467117ffff"}, "geometry": {"type": "Point", "coordinates": [2.34901, 48.843562]}}, {"type": "Feature", "properties": {"cell_id": "891fb46711bffff"}, "geometry": {"type": "Point", "coordinates": [2.343031, 48.840648]}}, {"type": "Feature", "properties": {"cell_id": "891fb467123ffff"}, "geometry": {"type": "Point", "coordinates": [2.35865, 48.838611]}}, {"type": "Feature", "properties": {"cell_id": "891fb467127ffff"}, "geometry": {"type": "Point", "coordinates": [2.362969, 48.838786]}}, {"type": "Feature", "properties": {"cell_id": "891fb46712bffff"}, "geometry": {"type": "Point", "coordinates": [2.35699, 48.835873]}}, {"type": "Feature", "properties": {"cell_id": "891fb46712fffff"}, "geometry": {"type": "Point", "coordinates": [2.361309, 48.836048]}}, {"type": "Feature", "properties": {"cell_id": "891fb467133ffff"}, "geometry": {"type": "Point", "coordinates": [2.35599, 48.841174]}}, {"type": "Feature", "properties": {"cell_id": "891fb467137ffff"}, "geometry": {"type": "Point", "coordinates": [2.36031, 48.841349]}}, {"type": "Feature", "properties": {"cell_id": "891fb46713bffff"}, "geometry": {"type": "Point", "coordinates": [2.354331, 48.838436]}}, {"type": "Feature", "properties": {"cell_id": "891fb467143ffff"}, "geometry": {"type": "Point", "coordinates": [2.339712, 48.835171]}}, {"type": "Feature", "properties": {"cell_id": "891fb467147ffff"}, "geometry": {"type": "Point", "coordinates": [2.344032, 48.835346]}}, {"type": "Feature", "properties": {"cell_id": "891fb46714bffff"}, "geometry": {"type": "Point", "coordinates": [2.338052, 48.832432]}}, {"type": "Feature", "properties": {"cell_id": "891fb46714fffff"}, "geometry": {"type": "Point", "coordinates": [2.342372, 48.832608]}}, {"type": "Feature", "properties": {"cell_id": "891fb467153ffff"}, "geometry": {"type": "Point", "coordinates": [2.337051, 48.837734]}}, {"type": "Feature", "properties": {"cell_id": "891fb467157ffff"}, "geometry": {"type": "Point", "coordinates": [2.341371, 48.837909]}}, {"type": "Feature", "properties": {"cell_id": "891fb46715bffff"}, "geometry": {"type": "Point", "coordinates": [2.335392, 48.834995]}}, {"type": "Feature", "properties": {"cell_id": "891fb467163ffff"}, "geometry": {"type": "Point", "coordinates": [2.351011, 48.832959]}}, {"type": "Feature", "properties": {"cell_id": "891fb467167ffff"}, "geometry": {"type": "Point", "coordinates": [2.35533, 48.833134]}}, {"type": "Feature", "properties": {"cell_id": "891fb46716bffff"}, "geometry": {"type": "Point", "coordinates": [2.349352, 48.83022]}}, {"type": "Feature", "properties": {"cell_id": "891fb46716fffff"}, "geometry": {"type": "Point", "coordinates": [2.353671, 48.830396]}}, {"type": "Feature", "properties": {"cell_id": "891fb467173ffff"}, "geometry": {"type": "Point", "coordinates": [2.348351, 48.835522]}}, {"type": "Feature", "properties": {"cell_id": "891fb467177ffff"}, "geometry": {"type": "Point", "coordinates": [2.352671, 48.835697]}}, {"type": "Feature", "properties": {"cell_id": "891fb46717bffff"}, "geometry": {"type": "Point", "coordinates": [2.346692, 48.832783]}}, {"type": "Feature", "properties": {"cell_id": "891fb467183ffff"}, "geometry": {"type": "Point", "coordinates": [2.343689, 48.848688]}}, {"type": "Feature", "properties": {"cell_id": "891fb467187ffff"}, "geometry": {"type": "Point", "coordinates": [2.34801, 48.848864]}}, {"type": "Feature", "properties": {"cell_id": "891fb46718bffff"}, "geometry": {"type": "Point", "coordinates": [2.342029, 48.84595]}}, {"type": "Feature", "properties": {"cell_id": "891fb46718fffff"}, "geometry": {"type": "Point", "coordinates": [2.34635, 48.846125]}}, {"type": "Feature", "properties": {"cell_id": "891fb467193ffff"}, "geometry": {"type": "Point", "coordinates": [2.341028, 48.851251]}}, {"type": "Feature", "properties": {"cell_id": "891fb467197ffff"}, "geometry": {"type": "Point", "coordinates": [2.345349, 48.851427]}}, {"type": "Feature", "properties": {"cell_id": "891fb46719bffff"}, "geometry": {"type": "Point", "coordinates": [2.339368, 48.848513]}}, {"type": "Feature", "properties": {"cell_id": "891fb4671a3ffff"}, "geometry": {"type": "Point", "coordinates": [2.35499, 48.846476]}}, {"type": "Feature", "properties": {"cell_id": "891fb4671a7ffff"}, "geometry": {"type": "Point", "coordinates": [2.359311, 48.846651]}}, {"type": "Feature", "properties": {"cell_id": "891fb4671abffff"}, "geometry": {"type": "Point", "coordinates": [2.35333, 48.843737]}}, {"type": "Feature", "properties": {"cell_id": "891fb4671afffff"}, "geometry": {"type": "Point", "coordinates": [2.35765, 48.843912]}}, {"type": "Feature", "properties": {"cell_id": "891fb4671b3ffff"}, "geometry": {"type": "Point", "coordinates": [2.35233, 48.849039]}}, {"type": "Feature", "properties": {"cell_id": "891fb4671b7ffff"}, "geometry": {"type": "Point", "coordinates": [2.356651, 48.849214]}}, {"type": "Feature", "properties": {"cell_id": "891fb4671bbffff"}, "geometry": {"type": "Point", "coordinates": [2.35067, 48.846301]}}, {"type": "Feature", "properties": {"cell_id": "891fb4671c3ffff"}, "geometry": {"type": "Point", "coordinates": [2.336049, 48.843035]}}, {"type": "Feature", "properties": {"cell_id": "891fb4671c7ffff"}, "geometry": {"type": "Point", "coordinates": [2.34037, 48.843211]}}, {"type": "Feature", "properties": {"cell_id": "891fb4671cbffff"}, "geometry": {"type": "Point", "coordinates": [2.33439, 48.840297]}}, {"type": "Feature", "properties": {"cell_id": "891fb4671cfffff"}, "geometry": {"type": "Point", "coordinates": [2.33871, 48.840472]}}, {"type": "Feature", "properties": {"cell_id": "891fb4671d3ffff"}, "geometry": {"type": "Point", "coordinates": [2.333388, 48.845598]}}, {"type": "Feature", "properties": {"cell_id": "891fb4671d7ffff"}, "geometry": {"type": "Point", "coordinates": [2.337709, 48.845774]}}, {"type": "Feature", "properties": {"cell_id": "891fb4671dbffff"}, "geometry": {"type": "Point", "coordinates": [2.331728, 48.84286]}}, {"type": "Feature", "properties": {"cell_id": "891fb467203ffff"}, "geometry": {"type": "Point", "coordinates": [2.305498, 48.820413]}}, {"type": "Feature", "properties": {"cell_id": "891fb467207ffff"}, "geometry": {"type": "Point", "coordinates": [2.309818, 48.82059]}}, {"type": "Feature", "properties": {"cell_id": "891fb46720bffff"}, "geometry": {"type": "Point", "coordinates": [2.30384, 48.817672]}}, {"type": "Feature", "properties": {"cell_id": "891fb46720fffff"}, "geometry": {"type": "Point", "coordinates": [2.30816, 48.81785]}}, {"type": "Feature", "properties": {"cell_id": "891fb467213ffff"}, "geometry": {"type": "Point", "coordinates": [2.302836, 48.822975]}}, {"type": "Feature", "properties": {"cell_id": "891fb467217ffff"}, "geometry": {"type": "Point", "coordinates": [2.307156, 48.823153]}}, {"type": "Feature", "properties": {"cell_id": "891fb46721bffff"}, "geometry": {"type": "Point", "coordinates": [2.301178, 48.820235]}}, {"type": "Feature", "properties": {"cell_id": "891fb467223ffff"}, "geometry": {"type": "Point", "coordinates": [2.3168, 48.818204]}}, {"type": "Feature", "properties": {"cell_id": "891fb467227ffff"}, "geometry": {"type": "Point", "coordinates": [2.321119, 48.818381]}}, {"type": "Feature", "properties": {"cell_id": "891fb46722bffff"}, "geometry": {"type": "Point", "coordinates": [2.315142, 48.815464]}}, {"type": "Feature", "properties": {"cell_id": "891fb46722fffff"}, "geometry": {"type": "Point", "coordinates": [2.319461, 48.815641]}}, {"type": "Feature", "properties": {"cell_id": "891fb467233ffff"}, "geometry": {"type": "Point", "coordinates": [2.314138, 48.820767]}}, {"type": "Feature", "properties": {"cell_id": "891fb467237ffff"}, "geometry": {"type": "Point", "coordinates": [2.318458, 48.820944]}}, {"type": "Feature", "properties": {"cell_id": "891fb46723bffff"}, "geometry": {"type": "Point", "coordinates": [2.31248, 48.818027]}}, {"type": "Feature", "properties": {"cell_id": "891fb467253ffff"}, "geometry": {"type": "Point", "coordinates": [2.2952, 48.817317]}}, {"type": "Feature", "properties": {"cell_id": "891fb467257ffff"}, "geometry": {"type": "Point", "coordinates": [2.29952, 48.817495]}}, {"type": "Feature", "properties": {"cell_id": "891fb467273ffff"}, "geometry": {"type": "Point", "coordinates": [2.306502, 48.815109]}}, {"type": "Feature", "properties": {"cell_id": "891fb467277ffff"}, "geometry": {"type": "Point", "coordinates": [2.310822, 48.815287]}}, {"type": "Feature", "properties": {"cell_id": "891fb467283ffff"}, "geometry": {"type": "Point", "coordinates": [2.301831, 48.828278]}}, {"type": "Feature", "properties": {"cell_id": "891fb467287ffff"}, "geometry": {"type": "Point", "coordinates": [2.306152, 48.828456]}}, {"type": "Feature", "properties": {"cell_id": "891fb46728bffff"}, "geometry": {"type": "Point", "coordinates": [2.300173, 48.825538]}}, {"type": "Feature", "properties": {"cell_id": "891fb46728fffff"}, "geometry": {"type": "Point", "coordinates": [2.304493, 48.825715]}}, {"type": "Feature", "properties": {"cell_id": "891fb467293ffff"}, "geometry": {"type": "Point", "coordinates": [2.299168, 48.830841]}}, {"type": "Feature", "properties": {"cell_id": "891fb467297ffff"}, "geometry": {"type": "Point", "coordinates": [2.303489, 48.831018]}}, {"type": "Feature", "properties": {"cell_id": "891fb46729bffff"}, "geometry": {"type": "Point", "coordinates": [2.29751, 48.828101]}}, {"type": "Feature", "properties": {"cell_id": "891fb4672a3ffff"}, "geometry": {"type": "Point", "coordinates": [2.313135, 48.82607]}}, {"type": "Feature", "properties": {"cell_id": "891fb4672a7ffff"}, "geometry": {"type": "Point", "coordinates": [2.317455, 48.826247]}}, {"type": "Feature", "properties": {"cell_id": "891fb4672abffff"}, "geometry": {"type": "Point", "coordinates": [2.311476, 48.82333]}}, {"type": "Feature", "properties": {"cell_id": "891fb4672afffff"}, "geometry": {"type": "Point", "coordinates": [2.315796, 48.823507]}}, {"type": "Feature", "properties": {"cell_id": "891fb4672b3ffff"}, "geometry": {"type": "Point", "coordinates": [2.310472, 48.828633]}}, {"type": "Feature", "properties": {"cell_id": "891fb4672b7ffff"}, "geometry": {"type": "Point", "coordinates": [2.314793, 48.82881]}}, {"type": "Feature", "properties": {"cell_id": "891fb4672bbffff"}, "geometry": {"type": "Point", "coordinates": [2.308814, 48.825893]}}, {"type": "Feature", "properties": {"cell_id": "891fb4672c3ffff"}, "geometry": {"type": "Point", "coordinates": [2.294194, 48.82262]}}, {"type": "Feature", "properties": {"cell_id": "891fb4672c7ffff"}, "geometry": {"type": "Point", "coordinates": [2.298515, 48.822798]}}, {"type": "Feature", "properties": {"cell_id": "891fb4672cbffff"}, "geometry": {"type": "Point", "coordinates": [2.292537, 48.819879]}}, {"type": "Feature", "properties": {"cell_id": "891fb4672cfffff"}, "geometry": {"type": "Point", "coordinates": [2.296857, 48.820057]}}, {"type": "Feature", "properties": {"cell_id": "891fb4672d3ffff"}, "geometry": {"type": "Point", "coordinates": [2.291531, 48.825182]}}, {"type": "Feature", "properties": {"cell_id": "891fb4672d7ffff"}, "geometry": {"type": "Point", "coordinates": [2.295852, 48.82536]}}, {"type": "Feature", "properties": {"cell_id": "891fb4672dbffff"}, "geometry": {"type": "Point", "coordinates": [2.289873, 48.822442]}}, {"type": "Feature", "properties": {"cell_id": "891fb467303ffff"}, "geometry": {"type": "Point", "coordinates": [2.335736, 48.821651]}}, {"type": "Feature", "properties": {"cell_id": "891fb467307ffff"}, "geometry": {"type": "Point", "coordinates": [2.340055, 48.821827]}}, {"type": "Feature", "properties": {"cell_id": "891fb46730bffff"}, "geometry": {"type": "Point", "coordinates": [2.334077, 48.818911]}}, {"type": "Feature", "properties": {"cell_id": "891fb46730fffff"}, "geometry": {"type": "Point", "coordinates": [2.338396, 48.819088]}}, {"type": "Feature", "properties": {"cell_id": "891fb467313ffff"}, "geometry": {"type": "Point", "coordinates": [2.333075, 48.824214]}}, {"type": "Feature", "properties": {"cell_id": "891fb467317ffff"}, "geometry": {"type": "Point", "coordinates": [2.337395, 48.82439]}}, {"type": "Feature", "properties": {"cell_id": "891fb46731bffff"}, "geometry": {"type": "Point", "coordinates": [2.331417, 48.821475]}}, {"type": "Feature", "properties": {"cell_id": "891fb467323ffff"}, "geometry": {"type": "Point", "coordinates": [2.347033, 48.81944]}}, {"type": "Feature", "properties": {"cell_id": "891fb467327ffff"}, "geometry": {"type": "Point", "coordinates": [2.351352, 48.819616]}}, {"type": "Feature", "properties": {"cell_id": "891fb46732bffff"}, "geometry": {"type": "Point", "coordinates": [2.345374, 48.816701]}}, {"type": "Feature", "properties": {"cell_id": "891fb46732fffff"}, "geometry": {"type": "Point", "coordinates": [2.349693, 48.816877]}}, {"type": "Feature", "properties": {"cell_id": "891fb467333ffff"}, "geometry": {"type": "Point", "coordinates": [2.344374, 48.822003]}}, {"type": "Feature", "properties": {"cell_id": "891fb467337ffff"}, "geometry": {"type": "Point", "coordinates": [2.348693, 48.822179]}}, {"type": "Feature", "properties": {"cell_id": "891fb46733bffff"}, "geometry": {"type": "Point", "coordinates": [2.342715, 48.819264]}}, {"type": "Feature", "properties": {"cell_id": "891fb467343ffff"}, "geometry": {"type": "Point", "coordinates": [2.3281, 48.815995]}}, {"type": "Feature", "properties": {"cell_id": "891fb467347ffff"}, "geometry": {"type": "Point", "coordinates": [2.332418, 48.816172]}}, {"type": "Feature", "properties": {"cell_id": "891fb467353ffff"}, "geometry": {"type": "Point", "coordinates": [2.325439, 48.818558]}}, {"type": "Feature", "properties": {"cell_id": "891fb467357ffff"}, "geometry": {"type": "Point", "coordinates": [2.329758, 48.818735]}}, {"type": "Feature", "properties": {"cell_id": "891fb46735bffff"}, "geometry": {"type": "Point", "coordinates": [2.32378, 48.815818]}}, {"type": "Feature", "properties": {"cell_id": "891fb467373ffff"}, "geometry": {"type": "Point", "coordinates": [2.336737, 48.816348]}}, {"type": "Feature", "properties": {"cell_id": "891fb467377ffff"}, "geometry": {"type": "Point", "coordinates": [2.341056, 48.816525]}}, {"type": "Feature", "properties": {"cell_id": "891fb467383ffff"}, "geometry": {"type": "Point", "coordinates": [2.332074, 48.829516]}}, {"type": "Feature", "properties": {"cell_id": "891fb467387ffff"}, "geometry": {"type": "Point", "coordinates": [2.336393, 48.829693]}}, {"type": "Feature", "properties": {"cell_id": "891fb46738bffff"}, "geometry": {"type": "Point", "coordinates": [2.330415, 48.826777]}}, {"type": "Feature", "properties": {"cell_id": "891fb46738fffff"}, "geometry": {"type": "Point", "coordinates": [2.334734, 48.826953]}}, {"type": "Feature", "properties": {"cell_id": "891fb467393ffff"}, "geometry": {"type": "Point", "coordinates": [2.329412, 48.832079]}}, {"type": "Feature", "properties": {"cell_id": "891fb467397ffff"}, "geometry": {"type": "Point", "coordinates": [2.333733, 48.832256]}}, {"type": "Feature", "properties": {"cell_id": "891fb46739bffff"}, "geometry": {"type": "Point", "coordinates": [2.327754, 48.82934]}}, {"type": "Feature", "properties": {"cell_id": "891fb4673a3ffff"}, "geometry": {"type": "Point", "coordinates": [2.343373, 48.827305]}}, {"type": "Feature", "properties": {"cell_id": "891fb4673a7ffff"}, "geometry": {"type": "Point", "coordinates": [2.347692, 48.827481]}}, {"type": "Feature", "properties": {"cell_id": "891fb4673abffff"}, "geometry": {"type": "Point", "coordinates": [2.341714, 48.824566]}}, {"type": "Feature", "properties": {"cell_id": "891fb4673afffff"}, "geometry": {"type": "Point", "coordinates": [2.346033, 48.824742]}}, {"type": "Feature", "properties": {"cell_id": "891fb4673b3ffff"}, "geometry": {"type": "Point", "coordinates": [2.340713, 48.829869]}}, {"type": "Feature", "properties": {"cell_id": "891fb4673b7ffff"}, "geometry": {"type": "Point", "coordinates": [2.345032, 48.830044]}}, {"type": "Feature", "properties": {"cell_id": "891fb4673bbffff"}, "geometry": {"type": "Point", "coordinates": [2.339054, 48.827129]}}, {"type": "Feature", "properties": {"cell_id": "891fb4673c3ffff"}, "geometry": {"type": "Point", "coordinates": [2.324436, 48.823861]}}, {"type": "Feature", "properties": {"cell_id": "891fb4673c7ffff"}, "geometry": {"type": "Point", "coordinates": [2.328756, 48.824038]}}, {"type": "Feature", "properties": {"cell_id": "891fb4673cbffff"}, "geometry": {"type": "Point", "coordinates": [2.322778, 48.821121]}}, {"type": "Feature", "properties": {"cell_id": "891fb4673cfffff"}, "geometry": {"type": "Point", "coordinates": [2.327097, 48.821298]}}, {"type": "Feature", "properties": {"cell_id": "891fb4673d3ffff"}, "geometry": {"type": "Point", "coordinates": [2.321775, 48.826424]}}, {"type": "Feature", "properties": {"cell_id": "891fb4673d7ffff"}, "geometry": {"type": "Point", "coordinates": [2.326095, 48.8266]}}, {"type": "Feature", "properties": {"cell_id": "891fb4673dbffff"}, "geometry": {"type": "Point", "coordinates": [2.320116, 48.823684]}}, {"type": "Feature", "properties": {"cell_id": "891fb467403ffff"}, "geometry": {"type": "Point", "coordinates": [2.298462, 48.85753]}}, {"type": "Feature", "properties": {"cell_id": "891fb467407ffff"}, "geometry": {"type": "Point", "coordinates": [2.302786, 48.857707]}}, {"type": "Feature", "properties": {"cell_id": "891fb46740bffff"}, "geometry": {"type": "Point", "coordinates": [2.296804, 48.854791]}}, {"type": "Feature", "properties": {"cell_id": "891fb46740fffff"}, "geometry": {"type": "Point", "coordinates": [2.301127, 48.854968]}}, {"type": "Feature", "properties": {"cell_id": "891fb467413ffff"}, "geometry": {"type": "Point", "coordinates": [2.295798, 48.860093]}}, {"type": "Feature", "properties": {"cell_id": "891fb467417ffff"}, "geometry": {"type": "Point", "coordinates": [2.300121, 48.860269]}}, {"type": "Feature", "properties": {"cell_id": "891fb46741bffff"}, "geometry": {"type": "Point", "coordinates": [2.294139, 48.857353]}}, {"type": "Feature", "properties": {"cell_id": "891fb467423ffff"}, "geometry": {"type": "Point", "coordinates": [2.309772, 48.855321]}}, {"type": "Feature", "properties": {"cell_id": "891fb467427ffff"}, "geometry": {"type": "Point", "coordinates": [2.314095, 48.855497]}}, {"type": "Feature", "properties": {"cell_id": "891fb46742bffff"}, "geometry": {"type": "Point", "coordinates": [2.308113, 48.852582]}}, {"type": "Feature", "properties": {"cell_id": "891fb46742fffff"}, "geometry": {"type": "Point", "coordinates": [2.312436, 48.852758]}}, {"type": "Feature", "properties": {"cell_id": "891fb467433ffff"}, "geometry": {"type": "Point", "coordinates": [2.307109, 48.857884]}}, {"type": "Feature", "properties": {"cell_id": "891fb467437ffff"}, "geometry": {"type": "Point", "coordinates": [2.311431, 48.85806]}}, {"type": "Feature", "properties": {"cell_id": "891fb46743bffff"}, "geometry": {"type": "Point", "coordinates": [2.30545, 48.855144]}}, {"type": "Feature", "properties": {"cell_id": "891fb467443ffff"}, "geometry": {"type": "Point", "coordinates": [2.290822, 48.851874]}}, {"type": "Feature", "properties": {"cell_id": "891fb467447ffff"}, "geometry": {"type": "Point", "coordinates": [2.295145, 48.852051]}}, {"type": "Feature", "properties": {"cell_id": "891fb46744bffff"}, "geometry": {"type": "Point", "coordinates": [2.289164, 48.849134]}}, {"type": "Feature", "properties": {"cell_id": "891fb46744fffff"}, "geometry": {"type": "Point", "coordinates": [2.293487, 48.849311]}}, {"type": "Feature", "properties": {"cell_id": "891fb467453ffff"}, "geometry": {"type": "Point", "coordinates": [2.288157, 48.854436]}}, {"type": "Feature", "properties": {"cell_id": "891fb467457ffff"}, "geometry": {"type": "Point", "coordinates": [2.292481, 48.854613]}}, {"type": "Feature", "properties": {"cell_id": "891fb46745bffff"}, "geometry": {"type": "Point", "coordinates": [2.286499, 48.851696]}}, {"type": "Feature", "properties": {"cell_id": "891fb467463ffff"}, "geometry": {"type": "Point", "coordinates": [2.302132, 48.849665]}}, {"type": "Feature", "properties": {"cell_id": "891fb467467ffff"}, "geometry": {"type": "Point", "coordinates": [2.306455, 48.849842]}}, {"type": "Feature", "properties": {"cell_id": "891fb46746bffff"}, "geometry": {"type": "Point", "coordinates": [2.300474, 48.846926]}}, {"type": "Feature", "properties": {"cell_id": "891fb46746fffff"}, "geometry": {"type": "Point", "coordinates": [2.304796, 48.847103]}}, {"type": "Feature", "properties": {"cell_id": "891fb467473ffff"}, "geometry": {"type": "Point", "coordinates": [2.299468, 48.852228]}}, {"type": "Feature", "properties": {"cell_id": "891fb467477ffff"}, "geometry": {"type": "Point", "coordinates": [2.303791, 48.852405]}}, {"type": "Feature", "properties": {"cell_id": "891fb46747bffff"}, "geometry": {"type": "Point", "coordinates": [2.29781, 48.849488]}}, {"type": "Feature", "properties": {"cell_id": "891fb467483ffff"}, "geometry": {"type": "Point", "coordinates": [2.294792, 48.865394]}}, {"type": "Feature", "properties": {"cell_id": "891fb467487ffff"}, "geometry": {"type": "Point", "coordinates": [2.299116, 48.865571]}}, {"type": "Feature", "properties": {"cell_id": "891fb46748bffff"}, "geometry": {"type": "Point", "coordinates": [2.293133, 48.862655]}}, {"type": "Feature", "properties": {"cell_id": "891fb46748fffff"}, "geometry": {"type": "Point", "coordinates": [2.297457, 48.862832]}}, {"type": "Feature", "properties": {"cell_id": "891fb467493ffff"}, "geometry": {"type": "Point", "coordinates": [2.292127, 48.867957]}}, {"type": "Feature", "properties": {"cell_id": "891fb467497ffff"}, "geometry": {"type": "Point", "coordinates": [2.296451, 48.868134]}}, {"type": "Feature", "properties": {"cell_id": "891fb46749bffff"}, "geometry": {"type": "Point", "coordinates": [2.290468, 48.865217]}}, {"type": "Feature", "properties": {"cell_id": "891fb4674a3ffff"}, "geometry": {"type": "Point", "coordinates": [2.306104, 48.863185]}}, {"type": "Feature", "properties": {"cell_id": "891fb4674a7ffff"}, "geometry": {"type": "Point", "coordinates": [2.310427, 48.863362]}}, {"type": "Feature", "properties": {"cell_id": "891fb4674abffff"}, "geometry": {"type": "Point", "coordinates": [2.304445, 48.860446]}}, {"type": "Feature", "properties": {"cell_id": "891fb4674afffff"}, "geometry": {"type": "Point", "coordinates": [2.308768, 48.860623]}}, {"type": "Feature", "properties": {"cell_id": "891fb4674b3ffff"}, "geometry": {"type": "Point", "coordinates": [2.303439, 48.865748]}}, {"type": "Feature", "properties": {"cell_id": "891fb4674b7ffff"}, "geometry": {"type": "Point", "coordinates": [2.307763, 48.865924]}}, {"type": "Feature", "properties": {"cell_id": "891fb4674bbffff"}, "geometry": {"type": "Point", "coordinates": [2.30178, 48.863009]}}, {"type": "Feature", "properties": {"cell_id": "891fb4674c3ffff"}, "geometry": {"type": "Point", "coordinates": [2.287151, 48.859738]}}, {"type": "Feature", "properties": {"cell_id": "891fb4674c7ffff"}, "geometry": {"type": "Point", "coordinates": [2.291474, 48.859916]}}, {"type": "Feature", "properties": {"cell_id": "891fb4674cbffff"}, "geometry": {"type": "Point", "coordinates": [2.285492, 48.856998]}}, {"type": "Feature", "properties": {"cell_id": "891fb4674cfffff"}, "geometry": {"type": "Point", "coordinates": [2.289816, 48.857176]}}, {"type": "Feature", "properties": {"cell_id": "891fb4674d3ffff"}, "geometry": {"type": "Point", "coordinates": [2.284485, 48.862301]}}, {"type": "Feature", "properties": {"cell_id": "891fb4674d7ffff"}, "geometry": {"type": "Point", "coordinates": [2.288809, 48.862478]}}, {"type": "Feature", "properties": {"cell_id": "891fb4674dbffff"}, "geometry": {"type": "Point", "coordinates": [2.282827, 48.859561]}}, {"type": "Feature", "properties": {"cell_id": "891fb467503ffff"}, "geometry": {"type": "Point", "coordinates": [2.328721, 48.858764]}}, {"type": "Feature", "properties": {"cell_id": "891fb467507ffff"}, "geometry": {"type": "Point", "coordinates": [2.333043, 48.85894]}}, {"type": "Feature", "properties": {"cell_id": "891fb46750bffff"}, "geometry": {"type": "Point", "coordinates": [2.327061, 48.856026]}}, {"type": "Feature", "properties": {"cell_id": "891fb46750fffff"}, "geometry": {"type": "Point", "coordinates": [2.331383, 48.856202]}}, {"type": "Feature", "properties": {"cell_id": "891fb467513ffff"}, "geometry": {"type": "Point", "coordinates": [2.326058, 48.861327]}}, {"type": "Feature", "properties": {"cell_id": "891fb467517ffff"}, "geometry": {"type": "Point", "coordinates": [2.330381, 48.861503]}}, {"type": "Feature", "properties": {"cell_id": "891fb46751bffff"}, "geometry": {"type": "Point", "coordinates": [2.324399, 48.858589]}}, {"type": "Feature", "properties": {"cell_id": "891fb467523ffff"}, "geometry": {"type": "Point", "coordinates": [2.340026, 48.856553]}}, {"type": "Feature", "properties": {"cell_id": "891fb467527ffff"}, "geometry": {"type": "Point", "coordinates": [2.344348, 48.856728]}}, {"type": "Feature", "properties": {"cell_id": "891fb46752bffff"}, "geometry": {"type": "Point", "coordinates": [2.338367, 48.853814]}}, {"type": "Feature", "properties": {"cell_id": "891fb46752fffff"}, "geometry": {"type": "Point", "coordinates": [2.342688, 48.85399]}}, {"type": "Feature", "properties": {"cell_id": "891fb467533ffff"}, "geometry": {"type": "Point", "coordinates": [2.337365, 48.859116]}}, {"type": "Feature", "properties": {"cell_id": "891fb467537ffff"}, "geometry": {"type": "Point", "coordinates": [2.341686, 48.859291]}}, {"type": "Feature", "properties": {"cell_id": "891fb46753bffff"}, "geometry": {"type": "Point", "coordinates": [2.335705, 48.856377]}}, {"type": "Feature", "properties": {"cell_id": "891fb467543ffff"}, "geometry": {"type": "Point", "coordinates": [2.32108, 48.853111]}}, {"type": "Feature", "properties": {"cell_id": "891fb467547ffff"}, "geometry": {"type": "Point", "coordinates": [2.325402, 48.853287]}}, {"type": "Feature", "properties": {"cell_id": "891fb46754bffff"}, "geometry": {"type": "Point", "coordinates": [2.319421, 48.850372]}}, {"type": "Feature", "properties": {"cell_id": "891fb46754fffff"}, "geometry": {"type": "Point", "coordinates": [2.323743, 48.850548]}}, {"type": "Feature", "properties": {"cell_id": "891fb467553ffff"}, "geometry": {"type": "Point", "coordinates": [2.318417, 48.855674]}}, {"type": "Feature", "properties": {"cell_id": "891fb467557ffff"}, "geometry": {"type": "Point", "coordinates": [2.322739, 48.85585]}}, {"type": "Feature", "properties": {"cell_id": "891fb46755bffff"}, "geometry": {"type": "Point", "coordinates": [2.316758, 48.852935]}}, {"type": "Feature", "properties": {"cell_id": "891fb467563ffff"}, "geometry": {"type": "Point", "coordinates": [2.332386, 48.8509]}}, {"type": "Feature", "properties": {"cell_id": "891fb467567ffff"}, "geometry": {"type": "Point", "coordinates": [2.336707, 48.851076]}}, {"type": "Feature", "properties": {"cell_id": "891fb46756bffff"}, "geometry": {"type": "Point", "coordinates": [2.330726, 48.848161]}}, {"type": "Feature", "properties": {"cell_id": "891fb46756fffff"}, "geometry": {"type": "Point", "coordinates": [2.335047, 48.848337]}}, {"type": "Feature", "properties": {"cell_id": "891fb467573ffff"}, "geometry": {"type": "Point", "coordinates": [2.329724, 48.853463]}}, {"type": "Feature", "properties": {"cell_id": "891fb467577ffff"}, "geometry": {"type": "Point", "coordinates": [2.334045, 48.853639]}}, {"type": "Feature", "properties": {"cell_id": "891fb46757bffff"}, "geometry": {"type": "Point", "coordinates": [2.328064, 48.850724]}}, {"type": "Feature", "properties": {"cell_id": "891fb467583ffff"}, "geometry": {"type": "Point", "coordinates": [2.325055, 48.866629]}}, {"type": "Feature", "properties": {"cell_id": "891fb467587ffff"}, "geometry": {"type": "Point", "coordinates": [2.329378, 48.866804]}}, {"type": "Feature", "properties": {"cell_id": "891fb46758bffff"}, "geometry": {"type": "Point", "coordinates": [2.323395, 48.86389]}}, {"type": "Feature", "properties": {"cell_id": "891fb46758fffff"}, "geometry": {"type": "Point", "coordinates": [2.327718, 48.864066]}}, {"type": "Feature", "properties": {"cell_id": "891fb467593ffff"}, "geometry": {"type": "Point", "coordinates": [2.322392, 48.869191]}}, {"type": "Feature", "properties": {"cell_id": "891fb467597ffff"}, "geometry": {"type": "Point", "coordinates": [2.326715, 48.869367]}}, {"type": "Feature", "properties": {"cell_id": "891fb46759bffff"}, "geometry": {"type": "Point", "coordinates": [2.320732, 48.866453]}}, {"type": "Feature", "properties": {"cell_id": "891fb4675a3ffff"}, "geometry": {"type": "Point", "coordinates": [2.336363, 48.864417]}}, {"type": "Feature", "properties": {"cell_id": "891fb4675a7ffff"}, "geometry": {"type": "Point", "coordinates": [2.340685, 48.864592]}}, {"type": "Feature", "properties": {"cell_id": "891fb4675abffff"}, "geometry": {"type": "Point", "coordinates": [2.334703, 48.861679]}}, {"type": "Feature", "properties": {"cell_id": "891fb4675afffff"}, "geometry": {"type": "Point", "coordinates": [2.339025, 48.861854]}}, {"type": "Feature", "properties": {"cell_id": "891fb4675b3ffff"}, "geometry": {"type": "Point", "coordinates": [2.3337, 48.86698]}}, {"type": "Feature", "properties": {"cell_id": "891fb4675b7ffff"}, "geometry": {"type": "Point", "coordinates": [2.338023, 48.867155]}}, {"type": "Feature", "properties": {"cell_id": "891fb4675bbffff"}, "geometry": {"type": "Point", "coordinates": [2.33204, 48.864241]}}, {"type": "Feature", "properties": {"cell_id": "891fb4675c3ffff"}, "geometry": {"type": "Point", "coordinates": [2.317413, 48.860975]}}, {"type": "Feature", "properties": {"cell_id": "891fb4675c7ffff"}, "geometry": {"type": "Point", "coordinates": [2.321736, 48.861151]}}, {"type": "Feature", "properties": {"cell_id": "891fb4675cbffff"}, "geometry": {"type": "Point", "coordinates": [2.315754, 48.858236]}}, {"type": "Feature", "properties": {"cell_id": "891fb4675cfffff"}, "geometry": {"type": "Point", "coordinates": [2.320076, 48.858413]}}, {"type": "Feature", "properties": {"cell_id": "891fb4675d3ffff"}, "geometry": {"type": "Point", "coordinates": [2.31475, 48.863538]}}, {"type": "Feature", "properties": {"cell_id": "891fb4675d7ffff"}, "geometry": {"type": "Point", "coordinates": [2.319073, 48.863714]}}, {"type": "Feature", "properties": {"cell_id": "891fb4675dbffff"}, "geometry": {"type": "Point", "coordinates": [2.313091, 48.860799]}}, {"type": "Feature", "properties": {"cell_id": "891fb467603ffff"}, "geometry": {"type": "Point", "coordinates": [2.286854, 48.838351]}}, {"type": "Feature", "properties": {"cell_id": "891fb467607ffff"}, "geometry": {"type": "Point", "coordinates": [2.291177, 48.838529]}}, {"type": "Feature", "properties": {"cell_id": "891fb46760bffff"}, "geometry": {"type": "Point", "coordinates": [2.285197, 48.835611]}}, {"type": "Feature", "properties": {"cell_id": "891fb46760fffff"}, "geometry": {"type": "Point", "coordinates": [2.289519, 48.835788]}}, {"type": "Feature", "properties": {"cell_id": "891fb467613ffff"}, "geometry": {"type": "Point", "coordinates": [2.28419, 48.840913]}}, {"type": "Feature", "properties": {"cell_id": "891fb467617ffff"}, "geometry": {"type": "Point", "coordinates": [2.288512, 48.841091]}}, {"type": "Feature", "properties": {"cell_id": "891fb46761bffff"}, "geometry": {"type": "Point", "coordinates": [2.282532, 48.838173]}}, {"type": "Feature", "properties": {"cell_id": "891fb467623ffff"}, "geometry": {"type": "Point", "coordinates": [2.298162, 48.836144]}}, {"type": "Feature", "properties": {"cell_id": "891fb467627ffff"}, "geometry": {"type": "Point", "coordinates": [2.302484, 48.836321]}}, {"type": "Feature", "properties": {"cell_id": "891fb46762bffff"}, "geometry": {"type": "Point", "coordinates": [2.296504, 48.833403]}}, {"type": "Feature", "properties": {"cell_id": "891fb46762fffff"}, "geometry": {"type": "Point", "coordinates": [2.300826, 48.833581]}}, {"type": "Feature", "properties": {"cell_id": "891fb467633ffff"}, "geometry": {"type": "Point", "coordinates": [2.295499, 48.838706]}}, {"type": "Feature", "properties": {"cell_id": "891fb467637ffff"}, "geometry": {"type": "Point", "coordinates": [2.299821, 48.838884]}}, {"type": "Feature", "properties": {"cell_id": "891fb46763bffff"}, "geometry": {"type": "Point", "coordinates": [2.293841, 48.835966]}}, {"type": "Feature", "properties": {"cell_id": "891fb467643ffff"}, "geometry": {"type": "Point", "coordinates": [2.279217, 48.832692]}}, {"type": "Feature", "properties": {"cell_id": "891fb467647ffff"}, "geometry": {"type": "Point", "coordinates": [2.283539, 48.83287]}}, {"type": "Feature", "properties": {"cell_id": "891fb46764bffff"}, "geometry": {"type": "Point", "coordinates": [2.277559, 48.829951]}}, {"type": "Feature", "properties": {"cell_id": "891fb46764fffff"}, "geometry": {"type": "Point", "coordinates": [2.281881, 48.830129]}}, {"type": "Feature", "properties": {"cell_id": "891fb467653ffff"}, "geometry": {"type": "Point", "coordinates": [2.276552, 48.835254]}}, {"type": "Feature", "properties": {"cell_id": "891fb467657ffff"}, "geometry": {"type": "Point", "coordinates": [2.280874, 48.835433]}}, {"type": "Feature", "properties": {"cell_id": "891fb46765bffff"}, "geometry": {"type": "Point", "coordinates": [2.274895, 48.832514]}}, {"type": "Feature", "properties": {"cell_id": "891fb467663ffff"}, "geometry": {"type": "Point", "coordinates": [2.290525, 48.830485]}}, {"type": "Feature", "properties": {"cell_id": "891fb467667ffff"}, "geometry": {"type": "Point", "coordinates": [2.294846, 48.830663]}}, {"type": "Feature", "properties": {"cell_id": "891fb46766bffff"}, "geometry": {"type": "Point", "coordinates": [2.288867, 48.827745]}}, {"type": "Feature", "properties": {"cell_id": "891fb46766fffff"}, "geometry": {"type": "Point", "coordinates": [2.293188, 48.827923]}}, {"type": "Feature", "properties": {"cell_id": "891fb467673ffff"}, "geometry": {"type": "Point", "coordinates": [2.287861, 48.833048]}}, {"type": "Feature", "properties": {"cell_id": "891fb467677ffff"}, "geometry": {"type": "Point", "coordinates": [2.292183, 48.833226]}}, {"type": "Feature", "properties": {"cell_id": "891fb46767bffff"}, "geometry": {"type": "Point", "coordinates": [2.286203, 48.830308]}}, {"type": "Feature", "properties": {"cell_id": "891fb467683ffff"}, "geometry": {"type": "Point", "coordinates": [2.283183, 48.846216]}}, {"type": "Feature", "properties": {"cell_id": "891fb467687ffff"}, "geometry": {"type": "Point", "coordinates": [2.287506, 48.846394]}}, {"type": "Feature", "properties": {"cell_id": "891fb46768bffff"}, "geometry": {"type": "Point", "coordinates": [2.281525, 48.843476]}}, {"type": "Feature", "properties": {"cell_id": "891fb46768fffff"}, "geometry": {"type": "Point", "coordinates": [2.285848, 48.843654]}}, {"type": "Feature", "properties": {"cell_id": "891fb467693ffff"}, "geometry": {"type": "Point", "coordinates": [2.280518, 48.848778]}}, {"type": "Feature", "properties": {"cell_id": "891fb467697ffff"}, "geometry": {"type": "Point", "coordinates": [2.284841, 48.848956]}}, {"type": "Feature", "properties": {"cell_id": "891fb46769bffff"}, "geometry": {"type": "Point", "coordinates": [2.27886, 48.846038]}}, {"type": "Feature", "properties": {"cell_id": "891fb4676a3ffff"}, "geometry": {"type": "Point", "coordinates": [2.294493, 48.844009]}}, {"type": "Feature", "properties": {"cell_id": "891fb4676a7ffff"}, "geometry": {"type": "Point", "coordinates": [2.298815, 48.844186]}}, {"type": "Feature", "properties": {"cell_id": "891fb4676abffff"}, "geometry": {"type": "Point", "coordinates": [2.292835, 48.841269]}}, {"type": "Feature", "properties": {"cell_id": "891fb4676afffff"}, "geometry": {"type": "Point", "coordinates": [2.297157, 48.841446]}}, {"type": "Feature", "properties": {"cell_id": "891fb4676b3ffff"}, "geometry": {"type": "Point", "coordinates": [2.291829, 48.846571]}}, {"type": "Feature", "properties": {"cell_id": "891fb4676b7ffff"}, "geometry": {"type": "Point", "coordinates": [2.296151, 48.846749]}}, {"type": "Feature", "properties": {"cell_id": "891fb4676bbffff"}, "geometry": {"type": "Point", "coordinates": [2.29017, 48.843831]}}, {"type": "Feature", "properties": {"cell_id": "891fb4676c3ffff"}, "geometry": {"type": "Point", "coordinates": [2.275544, 48.840557]}}, {"type": "Feature", "properties": {"cell_id": "891fb4676c7ffff"}, "geometry": {"type": "Point", "coordinates": [2.279867, 48.840735]}}, {"type": "Feature", "properties": {"cell_id": "891fb4676cbffff"}, "geometry": {"type": "Point", "coordinates": [2.273887, 48.837817]}}, {"type": "Feature", "properties": {"cell_id": "891fb4676cfffff"}, "geometry": {"type": "Point", "coordinates": [2.27821, 48.837995]}}, {"type": "Feature", "properties": {"cell_id": "891fb4676d3ffff"}, "geometry": {"type": "Point", "coordinates": [2.272879, 48.84312]}}, {"type": "Feature", "properties": {"cell_id": "891fb4676d7ffff"}, "geometry": {"type": "Point", "coordinates": [2.277202, 48.843298]}}, {"type": "Feature", "properties": {"cell_id": "891fb4676dbffff"}, "geometry": {"type": "Point", "coordinates": [2.271221, 48.840379]}}, {"type": "Feature", "properties": {"cell_id": "891fb474a6bffff"}, "geometry": {"type": "Point", "coordinates": [2.335329, 48.904433]}}, {"type": "Feature", "properties": {"cell_id": "891fb474a6fffff"}, "geometry": {"type": "Point", "coordinates": [2.339654, 48.904607]}}, {"type": "Feature", "properties": {"cell_id": "891fb475067ffff"}, "geometry": {"type": "Point", "coordinates": [2.220151, 48.902401]}}, {"type": "Feature", "properties": {"cell_id": "891fb47514bffff"}, "geometry": {"type": "Point", "coordinates": [2.233139, 48.902937]}}, {"type": "Feature", "properties": {"cell_id": "891fb47514fffff"}, "geometry": {"type": "Point", "coordinates": [2.237468, 48.903115]}}, {"type": "Feature", "properties": {"cell_id": "891fb475163ffff"}, "geometry": {"type": "Point", "coordinates": [2.246126, 48.903471]}}, {"type": "Feature", "properties": {"cell_id": "891fb475167ffff"}, "geometry": {"type": "Point", "coordinates": [2.250454, 48.903649]}}, {"type": "Feature", "properties": {"cell_id": "891fb47516bffff"}, "geometry": {"type": "Point", "coordinates": [2.244467, 48.900732]}}, {"type": "Feature", "properties": {"cell_id": "891fb47516fffff"}, "geometry": {"type": "Point", "coordinates": [2.248796, 48.90091]}}, {"type": "Feature", "properties": {"cell_id": "891fb47517bffff"}, "geometry": {"type": "Point", "coordinates": [2.241797, 48.903293]}}, {"type": "Feature", "properties": {"cell_id": "891fb475303ffff"}, "geometry": {"type": "Point", "coordinates": [2.230836, 48.892155]}}, {"type": "Feature", "properties": {"cell_id": "891fb475307ffff"}, "geometry": {"type": "Point", "coordinates": [2.235165, 48.892333]}}, {"type": "Feature", "properties": {"cell_id": "891fb47530bffff"}, "geometry": {"type": "Point", "coordinates": [2.229179, 48.889414]}}, {"type": "Feature", "properties": {"cell_id": "891fb47530fffff"}, "geometry": {"type": "Point", "coordinates": [2.233507, 48.889593]}}, {"type": "Feature", "properties": {"cell_id": "891fb475313ffff"}, "geometry": {"type": "Point", "coordinates": [2.228166, 48.894716]}}, {"type": "Feature", "properties": {"cell_id": "891fb475317ffff"}, "geometry": {"type": "Point", "coordinates": [2.232494, 48.894895]}}, {"type": "Feature", "properties": {"cell_id": "891fb47531bffff"}, "geometry": {"type": "Point", "coordinates": [2.226508, 48.891976]}}, {"type": "Feature", "properties": {"cell_id": "891fb475323ffff"}, "geometry": {"type": "Point", "coordinates": [2.242163, 48.88995]}}, {"type": "Feature", "properties": {"cell_id": "891fb475327ffff"}, "geometry": {"type": "Point", "coordinates": [2.24649, 48.890128]}}, {"type": "Feature", "properties": {"cell_id": "891fb47532bffff"}, "geometry": {"type": "Point", "coordinates": [2.240505, 48.88721]}}, {"type": "Feature", "properties": {"cell_id": "891fb47532fffff"}, "geometry": {"type": "Point", "coordinates": [2.244832, 48.887388]}}, {"type": "Feature", "properties": {"cell_id": "891fb475333ffff"}, "geometry": {"type": "Point", "coordinates": [2.239493, 48.892512]}}, {"type": "Feature", "properties": {"cell_id": "891fb475337ffff"}, "geometry": {"type": "Point", "coordinates": [2.243821, 48.89269]}}, {"type": "Feature", "properties": {"cell_id": "891fb47533bffff"}, "geometry": {"type": "Point", "coordinates": [2.237835, 48.889771]}}, {"type": "Feature", "properties": {"cell_id": "891fb475343ffff"}, "geometry": {"type": "Point", "coordinates": [2.223193, 48.886494]}}, {"type": "Feature", "properties": {"cell_id": "891fb475347ffff"}, "geometry": {"type": "Point", "coordinates": [2.227521, 48.886673]}}, {"type": "Feature", "properties": {"cell_id": "891fb47534bffff"}, "geometry": {"type": "Point", "coordinates": [2.221536, 48.883754]}}, {"type": "Feature", "properties": {"cell_id": "891fb47534fffff"}, "geometry": {"type": "Point", "coordinates": [2.225864, 48.883933]}}, {"type": "Feature", "properties": {"cell_id": "891fb475353ffff"}, "geometry": {"type": "Point", "coordinates": [2.220522, 48.889056]}}, {"type": "Feature", "properties": {"cell_id": "891fb475357ffff"}, "geometry": {"type": "Point", "coordinates": [2.22485, 48.889235]}}, {"type": "Feature", "properties": {"cell_id": "891fb475363ffff"}, "geometry": {"type": "Point", "coordinates": [2.234519, 48.884291]}}, {"type": "Feature", "properties": {"cell_id": "891fb475367ffff"}, "geometry": {"type": "Point", "coordinates": [2.238847, 48.884469]}}, {"type": "Feature", "properties": {"cell_id": "891fb47536bffff"}, "geometry": {"type": "Point", "coordinates": [2.232862, 48.88155]}}, {"type": "Feature", "properties": {"cell_id": "891fb47536fffff"}, "geometry": {"type": "Point", "coordinates": [2.237189, 48.881729]}}, {"type": "Feature", "properties": {"cell_id": "891fb475373ffff"}, "geometry": {"type": "Point", "coordinates": [2.231849, 48.886852]}}, {"type": "Feature", "properties": {"cell_id": "891fb475377ffff"}, "geometry": {"type": "Point", "coordinates": [2.236177, 48.887031]}}, {"type": "Feature", "properties": {"cell_id": "891fb47537bffff"}, "geometry": {"type": "Point", "coordinates": [2.230192, 48.884112]}}, {"type": "Feature", "properties": {"cell_id": "891fb475383ffff"}, "geometry": {"type": "Point", "coordinates": [2.227152, 48.900018]}}, {"type": "Feature", "properties": {"cell_id": "891fb475387ffff"}, "geometry": {"type": "Point", "coordinates": [2.231481, 48.900197]}}, {"type": "Feature", "properties": {"cell_id": "891fb47538bffff"}, "geometry": {"type": "Point", "coordinates": [2.225495, 48.897278]}}, {"type": "Feature", "properties": {"cell_id": "891fb47538fffff"}, "geometry": {"type": "Point", "coordinates": [2.229823, 48.897457]}}, {"type": "Feature", "properties": {"cell_id": "891fb475393ffff"}, "geometry": {"type": "Point", "coordinates": [2.224481, 48.90258]}}, {"type": "Feature", "properties": {"cell_id": "891fb475397ffff"}, "geometry": {"type": "Point", "coordinates": [2.22881, 48.902758]}}, {"type": "Feature", "properties": {"cell_id": "891fb47539bffff"}, "geometry": {"type": "Point", "coordinates": [2.222823, 48.899839]}}, {"type": "Feature", "properties": {"cell_id": "891fb4753a3ffff"}, "geometry": {"type": "Point", "coordinates": [2.238481, 48.897814]}}, {"type": "Feature", "properties": {"cell_id": "891fb4753a7ffff"}, "geometry": {"type": "Point", "coordinates": [2.242809, 48.897992]}}, {"type": "Feature", "properties": {"cell_id": "891fb4753abffff"}, "geometry": {"type": "Point", "coordinates": [2.236823, 48.895073]}}, {"type": "Feature", "properties": {"cell_id": "891fb4753afffff"}, "geometry": {"type": "Point", "coordinates": [2.241151, 48.895252]}}, {"type": "Feature", "properties": {"cell_id": "891fb4753b3ffff"}, "geometry": {"type": "Point", "coordinates": [2.23581, 48.900375]}}, {"type": "Feature", "properties": {"cell_id": "891fb4753b7ffff"}, "geometry": {"type": "Point", "coordinates": [2.240139, 48.900554]}}, {"type": "Feature", "properties": {"cell_id": "891fb4753bbffff"}, "geometry": {"type": "Point", "coordinates": [2.234152, 48.897635]}}, {"type": "Feature", "properties": {"cell_id": "891fb4753c7ffff"}, "geometry": {"type": "Point", "coordinates": [2.223837, 48.894537]}}, {"type": "Feature", "properties": {"cell_id": "891fb4753cfffff"}, "geometry": {"type": "Point", "coordinates": [2.222179, 48.891797]}}, {"type": "Feature", "properties": {"cell_id": "891fb4753d7ffff"}, "geometry": {"type": "Point", "coordinates": [2.221166, 48.897099]}}, {"type": "Feature", "properties": {"cell_id": "891fb475803ffff"}, "geometry": {"type": "Point", "coordinates": [2.291418, 48.89464]}}, {"type": "Feature", "properties": {"cell_id": "891fb475807ffff"}, "geometry": {"type": "Point", "coordinates": [2.295744, 48.894817]}}, {"type": "Feature", "properties": {"cell_id": "891fb47580bffff"}, "geometry": {"type": "Point", "coordinates": [2.289758, 48.891902]}}, {"type": "Feature", "properties": {"cell_id": "891fb47580fffff"}, "geometry": {"type": "Point", "coordinates": [2.294084, 48.892078]}}, {"type": "Feature", "properties": {"cell_id": "891fb475813ffff"}, "geometry": {"type": "Point", "coordinates": [2.288751, 48.897203]}}, {"type": "Feature", "properties": {"cell_id": "891fb475817ffff"}, "geometry": {"type": "Point", "coordinates": [2.293077, 48.897379]}}, {"type": "Feature", "properties": {"cell_id": "891fb47581bffff"}, "geometry": {"type": "Point", "coordinates": [2.287092, 48.894464]}}, {"type": "Feature", "properties": {"cell_id": "891fb475823ffff"}, "geometry": {"type": "Point", "coordinates": [2.302736, 48.89243]}}, {"type": "Feature", "properties": {"cell_id": "891fb475827ffff"}, "geometry": {"type": "Point", "coordinates": [2.307061, 48.892606]}}, {"type": "Feature", "properties": {"cell_id": "891fb47582bffff"}, "geometry": {"type": "Point", "coordinates": [2.301076, 48.889692]}}, {"type": "Feature", "properties": {"cell_id": "891fb47582fffff"}, "geometry": {"type": "Point", "coordinates": [2.305401, 48.889868]}}, {"type": "Feature", "properties": {"cell_id": "891fb475833ffff"}, "geometry": {"type": "Point", "coordinates": [2.30007, 48.894993]}}, {"type": "Feature", "properties": {"cell_id": "891fb475837ffff"}, "geometry": {"type": "Point", "coordinates": [2.304395, 48.895169]}}, {"type": "Feature", "properties": {"cell_id": "891fb47583bffff"}, "geometry": {"type": "Point", "coordinates": [2.29841, 48.892254]}}, {"type": "Feature", "properties": {"cell_id": "891fb475843ffff"}, "geometry": {"type": "Point", "coordinates": [2.283773, 48.888986]}}, {"type": "Feature", "properties": {"cell_id": "891fb475847ffff"}, "geometry": {"type": "Point", "coordinates": [2.288099, 48.889163]}}, {"type": "Feature", "properties": {"cell_id": "891fb47584bffff"}, "geometry": {"type": "Point", "coordinates": [2.282114, 48.886247]}}, {"type": "Feature", "properties": {"cell_id": "891fb47584fffff"}, "geometry": {"type": "Point", "coordinates": [2.28644, 48.886424]}}, {"type": "Feature", "properties": {"cell_id": "891fb475853ffff"}, "geometry": {"type": "Point", "coordinates": [2.281106, 48.891548]}}, {"type": "Feature", "properties": {"cell_id": "891fb475857ffff"}, "geometry": {"type": "Point", "coordinates": [2.285432, 48.891725]}}, {"type": "Feature", "properties": {"cell_id": "891fb47585bffff"}, "geometry": {"type": "Point", "coordinates": [2.279447, 48.888809]}}, {"type": "Feature", "properties": {"cell_id": "891fb475863ffff"}, "geometry": {"type": "Point", "coordinates": [2.295091, 48.886777]}}, {"type": "Feature", "properties": {"cell_id": "891fb475867ffff"}, "geometry": {"type": "Point", "coordinates": [2.299416, 48.886953]}}, {"type": "Feature", "properties": {"cell_id": "891fb47586bffff"}, "geometry": {"type": "Point", "coordinates": [2.293432, 48.884038]}}, {"type": "Feature", "properties": {"cell_id": "891fb47586fffff"}, "geometry": {"type": "Point", "coordinates": [2.297757, 48.884215]}}, {"type": "Feature", "properties": {"cell_id": "891fb475873ffff"}, "geometry": {"type": "Point", "coordinates": [2.292425, 48.889339]}}, {"type": "Feature", "properties": {"cell_id": "891fb475877ffff"}, "geometry": {"type": "Point", "coordinates": [2.29675, 48.889516]}}, {"type": "Feature", "properties": {"cell_id": "891fb47587bffff"}, "geometry": {"type": "Point", "coordinates": [2.290765, 48.886601]}}, {"type": "Feature", "properties": {"cell_id": "891fb475883ffff"}, "geometry": {"type": "Point", "coordinates": [2.287744, 48.902503]}}, {"type": "Feature", "properties": {"cell_id": "891fb475887ffff"}, "geometry": {"type": "Point", "coordinates": [2.29207, 48.90268]}}, {"type": "Feature", "properties": {"cell_id": "891fb47588bffff"}, "geometry": {"type": "Point", "coordinates": [2.286084, 48.899765]}}, {"type": "Feature", "properties": {"cell_id": "891fb47588fffff"}, "geometry": {"type": "Point", "coordinates": [2.290411, 48.899941]}}, {"type": "Feature", "properties": {"cell_id": "891fb47589bffff"}, "geometry": {"type": "Point", "coordinates": [2.283417, 48.902327]}}, {"type": "Feature", "properties": {"cell_id": "891fb4758a3ffff"}, "geometry": {"type": "Point", "coordinates": [2.299063, 48.900293]}}, {"type": "Feature", "properties": {"cell_id": "891fb4758a7ffff"}, "geometry": {"type": "Point", "coordinates": [2.30339, 48.900469]}}, {"type": "Feature", "properties": {"cell_id": "891fb4758abffff"}, "geometry": {"type": "Point", "coordinates": [2.297404, 48.897555]}}, {"type": "Feature", "properties": {"cell_id": "891fb4758afffff"}, "geometry": {"type": "Point", "coordinates": [2.30173, 48.897731]}}, {"type": "Feature", "properties": {"cell_id": "891fb4758b3ffff"}, "geometry": {"type": "Point", "coordinates": [2.296397, 48.902856]}}, {"type": "Feature", "properties": {"cell_id": "891fb4758b7ffff"}, "geometry": {"type": "Point", "coordinates": [2.300723, 48.903032]}}, {"type": "Feature", "properties": {"cell_id": "891fb4758bbffff"}, "geometry": {"type": "Point", "coordinates": [2.294737, 48.900117]}}, {"type": "Feature", "properties": {"cell_id": "891fb4758c3ffff"}, "geometry": {"type": "Point", "coordinates": [2.280098, 48.896849]}}, {"type": "Feature", "properties": {"cell_id": "891fb4758c7ffff"}, "geometry": {"type": "Point", "coordinates": [2.284425, 48.897026]}}, {"type": "Feature", "properties": {"cell_id": "891fb4758cbffff"}, "geometry": {"type": "Point", "coordinates": [2.278439, 48.89411]}}, {"type": "Feature", "properties": {"cell_id": "891fb4758cfffff"}, "geometry": {"type": "Point", "coordinates": [2.282765, 48.894287]}}, {"type": "Feature", "properties": {"cell_id": "891fb4758d3ffff"}, "geometry": {"type": "Point", "coordinates": [2.27743, 48.899412]}}, {"type": "Feature", "properties": {"cell_id": "891fb4758d7ffff"}, "geometry": {"type": "Point", "coordinates": [2.281757, 48.899588]}}, {"type": "Feature", "properties": {"cell_id": "891fb4758dbffff"}, "geometry": {"type": "Point", "coordinates": [2.275771, 48.896673]}}, {"type": "Feature", "properties": {"cell_id": "891fb475903ffff"}, "geometry": {"type": "Point", "coordinates": [2.321697, 48.895871]}}, {"type": "Feature", "properties": {"cell_id": "891fb475907ffff"}, "geometry": {"type": "Point", "coordinates": [2.326022, 48.896046]}}, {"type": "Feature", "properties": {"cell_id": "891fb47590bffff"}, "geometry": {"type": "Point", "coordinates": [2.320036, 48.893133]}}, {"type": "Feature", "properties": {"cell_id": "891fb47590fffff"}, "geometry": {"type": "Point", "coordinates": [2.324361, 48.893308]}}, {"type": "Feature", "properties": {"cell_id": "891fb475913ffff"}, "geometry": {"type": "Point", "coordinates": [2.319032, 48.898433]}}, {"type": "Feature", "properties": {"cell_id": "891fb475917ffff"}, "geometry": {"type": "Point", "coordinates": [2.323357, 48.898609]}}, {"type": "Feature", "properties": {"cell_id": "891fb47591bffff"}, "geometry": {"type": "Point", "coordinates": [2.317372, 48.895696]}}, {"type": "Feature", "properties": {"cell_id": "891fb475923ffff"}, "geometry": {"type": "Point", "coordinates": [2.33301, 48.893658]}}, {"type": "Feature", "properties": {"cell_id": "891fb475927ffff"}, "geometry": {"type": "Point", "coordinates": [2.337335, 48.893833]}}, {"type": "Feature", "properties": {"cell_id": "891fb47592bffff"}, "geometry": {"type": "Point", "coordinates": [2.33135, 48.890921]}}, {"type": "Feature", "properties": {"cell_id": "891fb47592fffff"}, "geometry": {"type": "Point", "coordinates": [2.335674, 48.891095]}}, {"type": "Feature", "properties": {"cell_id": "891fb475933ffff"}, "geometry": {"type": "Point", "coordinates": [2.330347, 48.896221]}}, {"type": "Feature", "properties": {"cell_id": "891fb475937ffff"}, "geometry": {"type": "Point", "coordinates": [2.334671, 48.896396]}}, {"type": "Feature", "properties": {"cell_id": "891fb47593bffff"}, "geometry": {"type": "Point", "coordinates": [2.328686, 48.893483]}}, {"type": "Feature", "properties": {"cell_id": "891fb475943ffff"}, "geometry": {"type": "Point", "coordinates": [2.314051, 48.890219]}}, {"type": "Feature", "properties": {"cell_id": "891fb475947ffff"}, "geometry": {"type": "Point", "coordinates": [2.318376, 48.890395]}}, {"type": "Feature", "properties": {"cell_id": "891fb47594bffff"}, "geometry": {"type": "Point", "coordinates": [2.312391, 48.887481]}}, {"type": "Feature", "properties": {"cell_id": "891fb47594fffff"}, "geometry": {"type": "Point", "coordinates": [2.316716, 48.887657]}}, {"type": "Feature", "properties": {"cell_id": "891fb475953ffff"}, "geometry": {"type": "Point", "coordinates": [2.311386, 48.892782]}}, {"type": "Feature", "properties": {"cell_id": "891fb475957ffff"}, "geometry": {"type": "Point", "coordinates": [2.315711, 48.892958]}}, {"type": "Feature", "properties": {"cell_id": "891fb47595bffff"}, "geometry": {"type": "Point", "coordinates": [2.309726, 48.890044]}}, {"type": "Feature", "properties": {"cell_id": "891fb475963ffff"}, "geometry": {"type": "Point", "coordinates": [2.325365, 48.888008]}}, {"type": "Feature", "properties": {"cell_id": "891fb475967ffff"}, "geometry": {"type": "Point", "coordinates": [2.329689, 48.888183]}}, {"type": "Feature", "properties": {"cell_id": "891fb47596bffff"}, "geometry": {"type": "Point", "coordinates": [2.323705, 48.88527]}}, {"type": "Feature", "properties": {"cell_id": "891fb47596fffff"}, "geometry": {"type": "Point", "coordinates": [2.328029, 48.885445]}}, {"type": "Feature", "properties": {"cell_id": "891fb475973ffff"}, "geometry": {"type": "Point", "coordinates": [2.322701, 48.89057]}}, {"type": "Feature", "properties": {"cell_id": "891fb475977ffff"}, "geometry": {"type": "Point", "coordinates": [2.327025, 48.890746]}}, {"type": "Feature", "properties": {"cell_id": "891fb47597bffff"}, "geometry": {"type": "Point", "coordinates": [2.321041, 48.887832]}}, {"type": "Feature", "properties": {"cell_id": "891fb475983ffff"}, "geometry": {"type": "Point", "coordinates": [2.318028, 48.903734]}}, {"type": "Feature", "properties": {"cell_id": "891fb475987ffff"}, "geometry": {"type": "Point", "coordinates": [2.322353, 48.903909]}}, {"type": "Feature", "properties": {"cell_id": "891fb47598bffff"}, "geometry": {"type": "Point", "coordinates": [2.316367, 48.900996]}}, {"type": "Feature", "properties": {"cell_id": "891fb47598fffff"}, "geometry": {"type": "Point", "coordinates": [2.320693, 48.901171]}}, {"type": "Feature", "properties": {"cell_id": "891fb47599bffff"}, "geometry": {"type": "Point", "coordinates": [2.313702, 48.903558]}}, {"type": "Feature", "properties": {"cell_id": "891fb4759a3ffff"}, "geometry": {"type": "Point", "coordinates": [2.329343, 48.901521]}}, {"type": "Feature", "properties": {"cell_id": "891fb4759a7ffff"}, "geometry": {"type": "Point", "coordinates": [2.333668, 48.901696]}}, {"type": "Feature", "properties": {"cell_id": "891fb4759abffff"}, "geometry": {"type": "Point", "coordinates": [2.327682, 48.898784]}}, {"type": "Feature", "properties": {"cell_id": "891fb4759afffff"}, "geometry": {"type": "Point", "coordinates": [2.332007, 48.898958]}}, {"type": "Feature", "properties": {"cell_id": "891fb4759b3ffff"}, "geometry": {"type": "Point", "coordinates": [2.326679, 48.904084]}}, {"type": "Feature", "properties": {"cell_id": "891fb4759b7ffff"}, "geometry": {"type": "Point", "coordinates": [2.331004, 48.904258]}}, {"type": "Feature", "properties": {"cell_id": "891fb4759bbffff"}, "geometry": {"type": "Point", "coordinates": [2.325018, 48.901346]}}, {"type": "Feature", "properties": {"cell_id": "891fb4759c3ffff"}, "geometry": {"type": "Point", "coordinates": [2.310381, 48.898083]}}, {"type": "Feature", "properties": {"cell_id": "891fb4759c7ffff"}, "geometry": {"type": "Point", "coordinates": [2.314707, 48.898258]}}, {"type": "Feature", "properties": {"cell_id": "891fb4759cbffff"}, "geometry": {"type": "Point", "coordinates": [2.308721, 48.895344]}}, {"type": "Feature", "properties": {"cell_id": "891fb4759cfffff"}, "geometry": {"type": "Point", "coordinates": [2.313046, 48.89552]}}, {"type": "Feature", "properties": {"cell_id": "891fb4759d3ffff"}, "geometry": {"type": "Point", "coordinates": [2.307716, 48.900645]}}, {"type": "Feature", "properties": {"cell_id": "891fb4759d7ffff"}, "geometry": {"type": "Point", "coordinates": [2.312041, 48.900821]}}, {"type": "Feature", "properties": {"cell_id": "891fb4759dbffff"}, "geometry": {"type": "Point", "coordinates": [2.306055, 48.897907]}}, {"type": "Feature", "properties": {"cell_id": "891fb475a03ffff"}, "geometry": {"type": "Point", "coordinates": [2.279804, 48.875467]}}, {"type": "Feature", "properties": {"cell_id": "891fb475a07ffff"}, "geometry": {"type": "Point", "coordinates": [2.284129, 48.875644]}}, {"type": "Feature", "properties": {"cell_id": "891fb475a0bffff"}, "geometry": {"type": "Point", "coordinates": [2.278145, 48.872727]}}, {"type": "Feature", "properties": {"cell_id": "891fb475a0fffff"}, "geometry": {"type": "Point", "coordinates": [2.28247, 48.872905]}}, {"type": "Feature", "properties": {"cell_id": "891fb475a13ffff"}, "geometry": {"type": "Point", "coordinates": [2.277137, 48.878029]}}, {"type": "Feature", "properties": {"cell_id": "891fb475a17ffff"}, "geometry": {"type": "Point", "coordinates": [2.281463, 48.878206]}}, {"type": "Feature", "properties": {"cell_id": "891fb475a1bffff"}, "geometry": {"type": "Point", "coordinates": [2.275479, 48.875289]}}, {"type": "Feature", "properties": {"cell_id": "891fb475a23ffff"}, "geometry": {"type": "Point", "coordinates": [2.29112, 48.873259]}}, {"type": "Feature", "properties": {"cell_id": "891fb475a27ffff"}, "geometry": {"type": "Point", "coordinates": [2.295444, 48.873435]}}, {"type": "Feature", "properties": {"cell_id": "891fb475a2bffff"}, "geometry": {"type": "Point", "coordinates": [2.289461, 48.870519]}}, {"type": "Feature", "properties": {"cell_id": "891fb475a2fffff"}, "geometry": {"type": "Point", "coordinates": [2.293785, 48.870696]}}, {"type": "Feature", "properties": {"cell_id": "891fb475a33ffff"}, "geometry": {"type": "Point", "coordinates": [2.288454, 48.875821]}}, {"type": "Feature", "properties": {"cell_id": "891fb475a37ffff"}, "geometry": {"type": "Point", "coordinates": [2.292779, 48.875998]}}, {"type": "Feature", "properties": {"cell_id": "891fb475a3bffff"}, "geometry": {"type": "Point", "coordinates": [2.286795, 48.873082]}}, {"type": "Feature", "properties": {"cell_id": "891fb475a43ffff"}, "geometry": {"type": "Point", "coordinates": [2.272162, 48.86981]}}, {"type": "Feature", "properties": {"cell_id": "891fb475a47ffff"}, "geometry": {"type": "Point", "coordinates": [2.276487, 48.869988]}}, {"type": "Feature", "properties": {"cell_id": "891fb475a4bffff"}, "geometry": {"type": "Point", "coordinates": [2.270504, 48.86707]}}, {"type": "Feature", "properties": {"cell_id": "891fb475a4fffff"}, "geometry": {"type": "Point", "coordinates": [2.274829, 48.867248]}}, {"type": "Feature", "properties": {"cell_id": "891fb475a53ffff"}, "geometry": {"type": "Point", "coordinates": [2.269495, 48.872372]}}, {"type": "Feature", "properties": {"cell_id": "891fb475a57ffff"}, "geometry": {"type": "Point", "coordinates": [2.27382, 48.87255]}}, {"type": "Feature", "properties": {"cell_id": "891fb475a5bffff"}, "geometry": {"type": "Point", "coordinates": [2.267837, 48.869632]}}, {"type": "Feature", "properties": {"cell_id": "891fb475a63ffff"}, "geometry": {"type": "Point", "coordinates": [2.283478, 48.867603]}}, {"type": "Feature", "properties": {"cell_id": "891fb475a67ffff"}, "geometry": {"type": "Point", "coordinates": [2.287802, 48.86778]}}, {"type": "Feature", "properties": {"cell_id": "891fb475a6bffff"}, "geometry": {"type": "Point", "coordinates": [2.281819, 48.864863]}}, {"type": "Feature", "properties": {"cell_id": "891fb475a6fffff"}, "geometry": {"type": "Point", "coordinates": [2.286144, 48.86504]}}, {"type": "Feature", "properties": {"cell_id": "891fb475a73ffff"}, "geometry": {"type": "Point", "coordinates": [2.280812, 48.870165]}}, {"type": "Feature", "properties": {"cell_id": "891fb475a77ffff"}, "geometry": {"type": "Point", "coordinates": [2.285136, 48.870342]}}, {"type": "Feature", "properties": {"cell_id": "891fb475a7bffff"}, "geometry": {"type": "Point", "coordinates": [2.279153, 48.867425]}}, {"type": "Feature", "properties": {"cell_id": "891fb475a83ffff"}, "geometry": {"type": "Point", "coordinates": [2.276129, 48.883331]}}, {"type": "Feature", "properties": {"cell_id": "891fb475a87ffff"}, "geometry": {"type": "Point", "coordinates": [2.280455, 48.883508]}}, {"type": "Feature", "properties": {"cell_id": "891fb475a8bffff"}, "geometry": {"type": "Point", "coordinates": [2.27447, 48.880591]}}, {"type": "Feature", "properties": {"cell_id": "891fb475a8fffff"}, "geometry": {"type": "Point", "coordinates": [2.278796, 48.880768]}}, {"type": "Feature", "properties": {"cell_id": "891fb475a93ffff"}, "geometry": {"type": "Point", "coordinates": [2.273462, 48.885893]}}, {"type": "Feature", "properties": {"cell_id": "891fb475a97ffff"}, "geometry": {"type": "Point", "coordinates": [2.277788, 48.88607]}}, {"type": "Feature", "properties": {"cell_id": "891fb475a9bffff"}, "geometry": {"type": "Point", "coordinates": [2.271803, 48.883153]}}, {"type": "Feature", "properties": {"cell_id": "891fb475aa3ffff"}, "geometry": {"type": "Point", "coordinates": [2.287447, 48.881122]}}, {"type": "Feature", "properties": {"cell_id": "891fb475aa7ffff"}, "geometry": {"type": "Point", "coordinates": [2.291772, 48.881299]}}, {"type": "Feature", "properties": {"cell_id": "891fb475aabffff"}, "geometry": {"type": "Point", "coordinates": [2.285788, 48.878383]}}, {"type": "Feature", "properties": {"cell_id": "891fb475aafffff"}, "geometry": {"type": "Point", "coordinates": [2.290113, 48.87856]}}, {"type": "Feature", "properties": {"cell_id": "891fb475ab3ffff"}, "geometry": {"type": "Point", "coordinates": [2.284781, 48.883685]}}, {"type": "Feature", "properties": {"cell_id": "891fb475ab7ffff"}, "geometry": {"type": "Point", "coordinates": [2.289106, 48.883862]}}, {"type": "Feature", "properties": {"cell_id": "891fb475abbffff"}, "geometry": {"type": "Point", "coordinates": [2.283122, 48.880946]}}, {"type": "Feature", "properties": {"cell_id": "891fb475ac3ffff"}, "geometry": {"type": "Point", "coordinates": [2.268486, 48.877674]}}, {"type": "Feature", "properties": {"cell_id": "891fb475ac7ffff"}, "geometry": {"type": "Point", "coordinates": [2.272812, 48.877852]}}, {"type": "Feature", "properties": {"cell_id": "891fb475acbffff"}, "geometry": {"type": "Point", "coordinates": [2.266828, 48.874934]}}, {"type": "Feature", "properties": {"cell_id": "891fb475acfffff"}, "geometry": {"type": "Point", "coordinates": [2.271153, 48.875112]}}, {"type": "Feature", "properties": {"cell_id": "891fb475ad3ffff"}, "geometry": {"type": "Point", "coordinates": [2.265818, 48.880236]}}, {"type": "Feature", "properties": {"cell_id": "891fb475ad7ffff"}, "geometry": {"type": "Point", "coordinates": [2.270144, 48.880414]}}, {"type": "Feature", "properties": {"cell_id": "891fb475adbffff"}, "geometry": {"type": "Point", "coordinates": [2.26416, 48.877496]}}, {"type": "Feature", "properties": {"cell_id": "891fb475b03ffff"}, "geometry": {"type": "Point", "coordinates": [2.310077, 48.876703]}}, {"type": "Feature", "properties": {"cell_id": "891fb475b07ffff"}, "geometry": {"type": "Point", "coordinates": [2.314401, 48.876879]}}, {"type": "Feature", "properties": {"cell_id": "891fb475b0bffff"}, "geometry": {"type": "Point", "coordinates": [2.308417, 48.873965]}}, {"type": "Feature", "properties": {"cell_id": "891fb475b0fffff"}, "geometry": {"type": "Point", "coordinates": [2.312741, 48.874141]}}, {"type": "Feature", "properties": {"cell_id": "891fb475b13ffff"}, "geometry": {"type": "Point", "coordinates": [2.307412, 48.879266]}}, {"type": "Feature", "properties": {"cell_id": "891fb475b17ffff"}, "geometry": {"type": "Point", "coordinates": [2.311736, 48.879442]}}, {"type": "Feature", "properties": {"cell_id": "891fb475b1bffff"}, "geometry": {"type": "Point", "coordinates": [2.305752, 48.876527]}}, {"type": "Feature", "properties": {"cell_id": "891fb475b23ffff"}, "geometry": {"type": "Point", "coordinates": [2.321388, 48.874492]}}, {"type": "Feature", "properties": {"cell_id": "891fb475b27ffff"}, "geometry": {"type": "Point", "coordinates": [2.325712, 48.874668]}}, {"type": "Feature", "properties": {"cell_id": "891fb475b2bffff"}, "geometry": {"type": "Point", "coordinates": [2.319728, 48.871754]}}, {"type": "Feature", "properties": {"cell_id": "891fb475b2fffff"}, "geometry": {"type": "Point", "coordinates": [2.324052, 48.87193]}}, {"type": "Feature", "properties": {"cell_id": "891fb475b33ffff"}, "geometry": {"type": "Point", "coordinates": [2.318724, 48.877055]}}, {"type": "Feature", "properties": {"cell_id": "891fb475b37ffff"}, "geometry": {"type": "Point", "coordinates": [2.323048, 48.877231]}}, {"type": "Feature", "properties": {"cell_id": "891fb475b3bffff"}, "geometry": {"type": "Point", "coordinates": [2.317065, 48.874317]}}, {"type": "Feature", "properties": {"cell_id": "891fb475b43ffff"}, "geometry": {"type": "Point", "coordinates": [2.302434, 48.871049]}}, {"type": "Feature", "properties": {"cell_id": "891fb475b47ffff"}, "geometry": {"type": "Point", "coordinates": [2.306758, 48.871226]}}, {"type": "Feature", "properties": {"cell_id": "891fb475b4bffff"}, "geometry": {"type": "Point", "coordinates": [2.300775, 48.86831]}}, {"type": "Feature", "properties": {"cell_id": "891fb475b4fffff"}, "geometry": {"type": "Point", "coordinates": [2.305098, 48.868487]}}, {"type": "Feature", "properties": {"cell_id": "891fb475b53ffff"}, "geometry": {"type": "Point", "coordinates": [2.299769, 48.873612]}}, {"type": "Feature", "properties": {"cell_id": "891fb475b57ffff"}, "geometry": {"type": "Point", "coordinates": [2.304093, 48.873788]}}, {"type": "Feature", "properties": {"cell_id": "891fb475b5bffff"}, "geometry": {"type": "Point", "coordinates": [2.29811, 48.870873]}}, {"type": "Feature", "properties": {"cell_id": "891fb475b63ffff"}, "geometry": {"type": "Point", "coordinates": [2.313745, 48.868839]}}, {"type": "Feature", "properties": {"cell_id": "891fb475b67ffff"}, "geometry": {"type": "Point", "coordinates": [2.318069, 48.869016]}}, {"type": "Feature", "properties": {"cell_id": "891fb475b6bffff"}, "geometry": {"type": "Point", "coordinates": [2.312086, 48.866101]}}, {"type": "Feature", "properties": {"cell_id": "891fb475b6fffff"}, "geometry": {"type": "Point", "coordinates": [2.316409, 48.866277]}}, {"type": "Feature", "properties": {"cell_id": "891fb475b73ffff"}, "geometry": {"type": "Point", "coordinates": [2.311081, 48.871402]}}, {"type": "Feature", "properties": {"cell_id": "891fb475b77ffff"}, "geometry": {"type": "Point", "coordinates": [2.315405, 48.871578]}}, {"type": "Feature", "properties": {"cell_id": "891fb475b7bffff"}, "geometry": {"type": "Point", "coordinates": [2.309422, 48.868663]}}, {"type": "Feature", "properties": {"cell_id": "891fb475b83ffff"}, "geometry": {"type": "Point", "coordinates": [2.306407, 48.884567]}}, {"type": "Feature", "properties": {"cell_id": "891fb475b87ffff"}, "geometry": {"type": "Point", "coordinates": [2.310731, 48.884743]}}, {"type": "Feature", "properties": {"cell_id": "891fb475b8bffff"}, "geometry": {"type": "Point", "coordinates": [2.304747, 48.881828]}}, {"type": "Feature", "properties": {"cell_id": "891fb475b8fffff"}, "geometry": {"type": "Point", "coordinates": [2.309072, 48.882004]}}, {"type": "Feature", "properties": {"cell_id": "891fb475b93ffff"}, "geometry": {"type": "Point", "coordinates": [2.303741, 48.887129]}}, {"type": "Feature", "properties": {"cell_id": "891fb475b97ffff"}, "geometry": {"type": "Point", "coordinates": [2.308066, 48.887305]}}, {"type": "Feature", "properties": {"cell_id": "891fb475b9bffff"}, "geometry": {"type": "Point", "coordinates": [2.302082, 48.884391]}}, {"type": "Feature", "properties": {"cell_id": "891fb475ba3ffff"}, "geometry": {"type": "Point", "coordinates": [2.31772, 48.882356]}}, {"type": "Feature", "properties": {"cell_id": "891fb475ba7ffff"}, "geometry": {"type": "Point", "coordinates": [2.322044, 48.882532]}}, {"type": "Feature", "properties": {"cell_id": "891fb475babffff"}, "geometry": {"type": "Point", "coordinates": [2.31606, 48.879618]}}, {"type": "Feature", "properties": {"cell_id": "891fb475bafffff"}, "geometry": {"type": "Point", "coordinates": [2.320384, 48.879793]}}, {"type": "Feature", "properties": {"cell_id": "891fb475bb3ffff"}, "geometry": {"type": "Point", "coordinates": [2.315056, 48.884919]}}, {"type": "Feature", "properties": {"cell_id": "891fb475bb7ffff"}, "geometry": {"type": "Point", "coordinates": [2.31938, 48.885094]}}, {"type": "Feature", "properties": {"cell_id": "891fb475bbbffff"}, "geometry": {"type": "Point", "coordinates": [2.313396, 48.88218]}}, {"type": "Feature", "properties": {"cell_id": "891fb475bc3ffff"}, "geometry": {"type": "Point", "coordinates": [2.298763, 48.878913]}}, {"type": "Feature", "properties": {"cell_id": "891fb475bc7ffff"}, "geometry": {"type": "Point", "coordinates": [2.303087, 48.87909]}}, {"type": "Feature", "properties": {"cell_id": "891fb475bcbffff"}, "geometry": {"type": "Point", "coordinates": [2.297104, 48.876174]}}, {"type": "Feature", "properties": {"cell_id": "891fb475bcfffff"}, "geometry": {"type": "Point", "coordinates": [2.301428, 48.876351]}}, {"type": "Feature", "properties": {"cell_id": "891fb475bd3ffff"}, "geometry": {"type": "Point", "coordinates": [2.296097, 48.881476]}}, {"type": "Feature", "properties": {"cell_id": "891fb475bd7ffff"}, "geometry": {"type": "Point", "coordinates": [2.300422, 48.881652]}}, {"type": "Feature", "properties": {"cell_id": "891fb475bdbffff"}, "geometry": {"type": "Point", "coordinates": [2.294438, 48.878737]}}, {"type": "Feature", "properties": {"cell_id": "891fb475c4bffff"}, "geometry": {"type": "Point", "coordinates": [2.263439, 48.904182]}}, {"type": "Feature", "properties": {"cell_id": "891fb475c4fffff"}, "geometry": {"type": "Point", "coordinates": [2.267767, 48.904359]}}, {"type": "Feature", "properties": {"cell_id": "891fb475c63ffff"}, "geometry": {"type": "Point", "coordinates": [2.276422, 48.904713]}}, {"type": "Feature", "properties": {"cell_id": "891fb475c67ffff"}, "geometry": {"type": "Point", "coordinates": [2.280749, 48.904889]}}, {"type": "Feature", "properties": {"cell_id": "891fb475c6bffff"}, "geometry": {"type": "Point", "coordinates": [2.274762, 48.901974]}}, {"type": "Feature", "properties": {"cell_id": "891fb475c6fffff"}, "geometry": {"type": "Point", "coordinates": [2.27909, 48.90215]}}, {"type": "Feature", "properties": {"cell_id": "891fb475c7bffff"}, "geometry": {"type": "Point", "coordinates": [2.272094, 48.904536]}}, {"type": "Feature", "properties": {"cell_id": "891fb475d6bffff"}, "geometry": {"type": "Point", "coordinates": [2.30505, 48.903207]}}, {"type": "Feature", "properties": {"cell_id": "891fb475d6fffff"}, "geometry": {"type": "Point", "coordinates": [2.309376, 48.903383]}}, {"type": "Feature", "properties": {"cell_id": "891fb475e03ffff"}, "geometry": {"type": "Point", "coordinates": [2.261131, 48.893402]}}, {"type": "Feature", "properties": {"cell_id": "891fb475e07ffff"}, "geometry": {"type": "Point", "coordinates": [2.265458, 48.893579]}}, {"type": "Feature", "properties": {"cell_id": "891fb475e0bffff"}, "geometry": {"type": "Point", "coordinates": [2.259472, 48.890662]}}, {"type": "Feature", "properties": {"cell_id": "891fb475e0fffff"}, "geometry": {"type": "Point", "coordinates": [2.263799, 48.89084]}}, {"type": "Feature", "properties": {"cell_id": "891fb475e13ffff"}, "geometry": {"type": "Point", "coordinates": [2.258462, 48.895964]}}, {"type": "Feature", "properties": {"cell_id": "891fb475e17ffff"}, "geometry": {"type": "Point", "coordinates": [2.26279, 48.896141]}}, {"type": "Feature", "properties": {"cell_id": "891fb475e1bffff"}, "geometry": {"type": "Point", "coordinates": [2.256804, 48.893224]}}, {"type": "Feature", "properties": {"cell_id": "891fb475e23ffff"}, "geometry": {"type": "Point", "coordinates": [2.272453, 48.891194]}}, {"type": "Feature", "properties": {"cell_id": "891fb475e27ffff"}, "geometry": {"type": "Point", "coordinates": [2.27678, 48.891371]}}, {"type": "Feature", "properties": {"cell_id": "891fb475e2bffff"}, "geometry": {"type": "Point", "coordinates": [2.270794, 48.888455]}}, {"type": "Feature", "properties": {"cell_id": "891fb475e2fffff"}, "geometry": {"type": "Point", "coordinates": [2.275121, 48.888632]}}, {"type": "Feature", "properties": {"cell_id": "891fb475e33ffff"}, "geometry": {"type": "Point", "coordinates": [2.269785, 48.893756]}}, {"type": "Feature", "properties": {"cell_id": "891fb475e37ffff"}, "geometry": {"type": "Point", "coordinates": [2.274112, 48.893934]}}, {"type": "Feature", "properties": {"cell_id": "891fb475e3bffff"}, "geometry": {"type": "Point", "coordinates": [2.268126, 48.891017]}}, {"type": "Feature", "properties": {"cell_id": "891fb475e43ffff"}, "geometry": {"type": "Point", "coordinates": [2.253487, 48.887744]}}, {"type": "Feature", "properties": {"cell_id": "891fb475e47ffff"}, "geometry": {"type": "Point", "coordinates": [2.257814, 48.887922]}}, {"type": "Feature", "properties": {"cell_id": "891fb475e4bffff"}, "geometry": {"type": "Point", "coordinates": [2.251829, 48.885004]}}, {"type": "Feature", "properties": {"cell_id": "891fb475e4fffff"}, "geometry": {"type": "Point", "coordinates": [2.256156, 48.885182]}}, {"type": "Feature", "properties": {"cell_id": "891fb475e53ffff"}, "geometry": {"type": "Point", "coordinates": [2.250818, 48.890306]}}, {"type": "Feature", "properties": {"cell_id": "891fb475e57ffff"}, "geometry": {"type": "Point", "coordinates": [2.255145, 48.890484]}}, {"type": "Feature", "properties": {"cell_id": "891fb475e5bffff"}, "geometry": {"type": "Point", "coordinates": [2.24916, 48.887566]}}, {"type": "Feature", "properties": {"cell_id": "891fb475e63ffff"}, "geometry": {"type": "Point", "coordinates": [2.264809, 48.885538]}}, {"type": "Feature", "properties": {"cell_id": "891fb475e67ffff"}, "geometry": {"type": "Point", "coordinates": [2.269136, 48.885716]}}, {"type": "Feature", "properties": {"cell_id": "891fb475e6bffff"}, "geometry": {"type": "Point", "coordinates": [2.263151, 48.882798]}}, {"type": "Feature", "properties": {"cell_id": "891fb475e6fffff"}, "geometry": {"type": "Point", "coordinates": [2.267477, 48.882976]}}, {"type": "Feature", "properties": {"cell_id": "891fb475e73ffff"}, "geometry": {"type": "Point", "coordinates": [2.262141, 48.8881]}}, {"type": "Feature", "properties": {"cell_id": "891fb475e77ffff"}, "geometry": {"type": "Point", "coordinates": [2.266468, 48.888278]}}, {"type": "Feature", "properties": {"cell_id": "891fb475e7bffff"}, "geometry": {"type": "Point", "coordinates": [2.260482, 48.88536]}}, {"type": "Feature", "properties": {"cell_id": "891fb475e83ffff"}, "geometry": {"type": "Point", "coordinates": [2.257452, 48.901265]}}, {"type": "Feature", "properties": {"cell_id": "891fb475e87ffff"}, "geometry": {"type": "Point", "coordinates": [2.26178, 48.901442]}}, {"type": "Feature", "properties": {"cell_id": "891fb475e8bffff"}, "geometry": {"type": "Point", "coordinates": [2.255793, 48.898526]}}, {"type": "Feature", "properties": {"cell_id": "891fb475e8fffff"}, "geometry": {"type": "Point", "coordinates": [2.260121, 48.898703]}}, {"type": "Feature", "properties": {"cell_id": "891fb475e93ffff"}, "geometry": {"type": "Point", "coordinates": [2.254783, 48.903827]}}, {"type": "Feature", "properties": {"cell_id": "891fb475e97ffff"}, "geometry": {"type": "Point", "coordinates": [2.259111, 48.904004]}}, {"type": "Feature", "properties": {"cell_id": "891fb475e9bffff"}, "geometry": {"type": "Point", "coordinates": [2.253124, 48.901087]}}, {"type": "Feature", "properties": {"cell_id": "891fb475ea3ffff"}, "geometry": {"type": "Point", "coordinates": [2.268776, 48.899058]}}, {"type": "Feature", "properties": {"cell_id": "891fb475ea7ffff"}, "geometry": {"type": "Point", "coordinates": [2.273103, 48.899235]}}, {"type": "Feature", "properties": {"cell_id": "891fb475eabffff"}, "geometry": {"type": "Point", "coordinates": [2.267117, 48.896318]}}, {"type": "Feature", "properties": {"cell_id": "891fb475eafffff"}, "geometry": {"type": "Point", "coordinates": [2.271444, 48.896496]}}, {"type": "Feature", "properties": {"cell_id": "891fb475eb3ffff"}, "geometry": {"type": "Point", "coordinates": [2.266107, 48.90162]}}, {"type": "Feature", "properties": {"cell_id": "891fb475eb7ffff"}, "geometry": {"type": "Point", "coordinates": [2.270435, 48.901797]}}, {"type": "Feature", "properties": {"cell_id": "891fb475ebbffff"}, "geometry": {"type": "Point", "coordinates": [2.264449, 48.89888]}}, {"type": "Feature", "properties": {"cell_id": "891fb475ec3ffff"}, "geometry": {"type": "Point", "coordinates": [2.249807, 48.895608]}}, {"type": "Feature", "properties": {"cell_id": "891fb475ec7ffff"}, "geometry": {"type": "Point", "coordinates": [2.254135, 48.895786]}}, {"type": "Feature", "properties": {"cell_id": "891fb475ecbffff"}, "geometry": {"type": "Point", "coordinates": [2.248149, 48.892868]}}, {"type": "Feature", "properties": {"cell_id": "891fb475ecfffff"}, "geometry": {"type": "Point", "coordinates": [2.252476, 48.893046]}}, {"type": "Feature", "properties": {"cell_id": "891fb475ed3ffff"}, "geometry": {"type": "Point", "coordinates": [2.247137, 48.89817]}}, {"type": "Feature", "properties": {"cell_id": "891fb475ed7ffff"}, "geometry": {"type": "Point", "coordinates": [2.251465, 48.898348]}}, {"type": "Feature", "properties": {"cell_id": "891fb475edbffff"}, "geometry": {"type": "Point", "coordinates": [2.245479, 48.89543]}}], "_version": 4}